query_id,domain,question_type,run,gold_count,tp,fp,fn,predicted_count,precision,recall,f1
SUP_EXT_0001,Superalloys,single,1,7,7,1,0,8,0.88,1.0,0.94
SUP_EXT_0002,Superalloys,single,1,6,6,1,0,7,0.86,1.0,0.92
SUP_EXT_0003,Superalloys,single,1,7,7,1,0,8,0.88,1.0,0.94
SUP_EXT_0004,Superalloys,single,1,7,6,2,1,8,0.75,0.86,0.8
SUP_EXT_0005,Superalloys,multi,1,35,28,10,7,38,0.74,0.8,0.77
SUP_EXT_0006,Superalloys,single,1,9,8,3,1,11,0.73,0.89,0.8
SUP_EXT_0007,Superalloys,single,1,6,6,0,0,6,1.0,1.0,1.0
SUP_EXT_0008,Superalloys,single,1,7,6,1,1,7,0.86,0.86,0.86
SUP_EXT_0009,Superalloys,single,1,6,5,0,1,5,1.0,0.83,0.91
SUP_EXT_0010,Superalloys,multi,1,29,28,2,1,30,0.93,0.97,0.95
SUP_EXT_0011,Superalloys,single,1,6,5,2,1,7,0.71,0.83,0.77
SUP_EXT_0012,Superalloys,single,1,10,8,3,2,11,0.73,0.8,0.76
SUP_EXT_0013,Superalloys,single,1,6,6,0,0,6,1.0,1.0,1.0
SUP_EXT_0014,Superalloys,single,1,10,9,1,1,10,0.9,0.9,0.9
SUP_EXT_0015,Superalloys,single,1,11,9,2,2,11,0.82,0.82,0.82
SUP_EXT_0016,Superalloys,single,1,8,8,1,0,9,0.89,1.0,0.94
SUP_EXT_0017,Superalloys,multi,1,27,24,3,3,27,0.89,0.89,0.89
SUP_EXT_0018,Superalloys,single,1,9,8,1,1,9,0.89,0.89,0.89
SUP_EXT_0019,Superalloys,single,1,11,11,1,0,12,0.92,1.0,0.96
SUP_EXT_0020,Superalloys,single,1,12,11,1,1,12,0.92,0.92,0.92
SUP_EXT_0021,Superalloys,single,1,9,8,1,1,9,0.89,0.89,0.89
SUP_EXT_0022,Superalloys,single,1,9,7,2,2,9,0.78,0.78,0.78
SUP_EXT_0023,Superalloys,single,1,11,10,2,1,12,0.83,0.91,0.87
SUP_EXT_0024,Superalloys,single,1,7,7,0,0,7,1.0,1.0,1.0
SUP_EXT_0025,Superalloys,single,1,6,5,0,1,5,1.0,0.83,0.91
SUP_EXT_0026,Superalloys,multi,1,28,22,7,6,29,0.76,0.79,0.77
SUP_EXT_0027,Superalloys,single,1,7,7,1,0,8,0.88,1.0,0.94
SUP_EXT_0028,Superalloys,multi,1,38,33,6,5,39,0.85,0.87,0.86
SUP_EXT_0029,Superalloys,multi,1,21,19,3,2,22,0.86,0.9,0.88
SUP_EXT_0030,Superalloys,single,1,8,7,0,1,7,1.0,0.88,0.94
SUP_EXT_0031,Superalloys,single,1,8,6,1,2,7,0.86,0.75,0.8
SUP_EXT_0032,Superalloys,single,1,10,7,2,3,9,0.78,0.7,0.74
SUP_EXT_0033,Superalloys,multi,1,21,16,6,5,22,0.73,0.76,0.74
SUP_EXT_0034,Superalloys,single,1,4,4,0,0,4,1.0,1.0,1.0
SUP_EXT_0035,Superalloys,single,1,10,8,2,2,10,0.8,0.8,0.8
SUP_EXT_0036,Superalloys,single,1,7,7,1,0,8,0.88,1.0,0.94
SUP_EXT_0037,Superalloys,single,1,7,6,2,1,8,0.75,0.86,0.8
SUP_EXT_0038,Superalloys,single,1,9,9,1,0,10,0.9,1.0,0.95
SUP_EXT_0039,Superalloys,single,1,6,6,1,0,7,0.86,1.0,0.92
SUP_EXT_0040,Superalloys,single,1,7,6,0,1,6,1.0,0.86,0.92
SUP_EXT_0041,Superalloys,single,1,12,11,1,1,12,0.92,0.92,0.92
SUP_EXT_0042,Superalloys,single,1,10,9,2,1,11,0.82,0.9,0.86
SUP_EXT_0043,Superalloys,single,1,7,6,1,1,7,0.86,0.86,0.86
SUP_EXT_0044,Superalloys,single,1,6,5,0,1,5,1.0,0.83,0.91
SUP_EXT_0045,Superalloys,single,1,6,6,0,0,6,1.0,1.0,1.0
SUP_EXT_0046,Superalloys,single,1,8,7,2,1,9,0.78,0.88,0.83
SUP_EXT_0047,Superalloys,single,1,9,8,1,1,9,0.89,0.89,0.89
SUP_EXT_0048,Superalloys,single,1,6,5,1,1,6,0.83,0.83,0.83
SUP_EXT_0049,Superalloys,single,1,7,6,1,1,7,0.86,0.86,0.86
SUP_EXT_0050,Superalloys,single,1,6,6,0,0,6,1.0,1.0,1.0
SUP_EXT_0051,Superalloys,single,1,7,7,0,0,7,1.0,1.0,1.0
SUP_EXT_0052,Superalloys,single,1,11,9,3,2,12,0.75,0.82,0.78
SUP_EXT_0053,Superalloys,single,1,6,5,1,1,6,0.83,0.83,0.83
SUP_EXT_0054,Superalloys,single,1,11,11,0,0,11,1.0,1.0,1.0
SUP_EXT_0055,Superalloys,single,1,15,14,2,1,16,0.88,0.93,0.9
SUP_EXT_0056,Superalloys,single,1,11,11,1,0,12,0.92,1.0,0.96
SUP_EXT_0057,Superalloys,single,1,9,9,1,0,10,0.9,1.0,0.95
SUP_EXT_0058,Superalloys,single,1,9,8,2,1,10,0.8,0.89,0.84
SUP_EXT_0059,Superalloys,single,1,8,8,1,0,9,0.89,1.0,0.94
SUP_EXT_0060,Superalloys,single,1,12,11,2,1,13,0.85,0.92,0.88
SUP_EXT_0061,Superalloys,single,1,11,11,0,0,11,1.0,1.0,1.0
SUP_EXT_0062,Superalloys,single,1,9,8,1,1,9,0.89,0.89,0.89
SUP_EXT_0063,Superalloys,single,1,7,7,1,0,8,0.88,1.0,0.94
SUP_EXT_0064,Superalloys,single,1,8,7,2,1,9,0.78,0.88,0.83
SUP_EXT_0065,Superalloys,single,1,7,6,1,1,7,0.86,0.86,0.86
SUP_EXT_0066,Superalloys,single,1,6,6,1,0,7,0.86,1.0,0.92
SUP_EXT_0067,Superalloys,single,1,10,10,1,0,11,0.91,1.0,0.95
SUP_EXT_0068,Superalloys,multi,1,27,26,2,1,28,0.93,0.96,0.94
SUP_EXT_0069,Superalloys,single,1,8,8,1,0,9,0.89,1.0,0.94
SUP_EXT_0070,Superalloys,single,1,12,10,2,2,12,0.83,0.83,0.83
SUP_EXT_0071,Superalloys,single,1,10,9,1,1,10,0.9,0.9,0.9
SUP_EXT_0072,Superalloys,single,1,11,11,1,0,12,0.92,1.0,0.96
SUP_EXT_0073,Superalloys,single,1,8,8,0,0,8,1.0,1.0,1.0
SUP_EXT_0074,Superalloys,single,1,13,11,2,2,13,0.85,0.85,0.85
SUP_EXT_0075,Superalloys,single,1,9,9,0,0,9,1.0,1.0,1.0
SUP_EXT_0076,Superalloys,single,1,9,8,1,1,9,0.89,0.89,0.89
SUP_EXT_0077,Superalloys,single,1,12,10,2,2,12,0.83,0.83,0.83
SUP_EXT_0078,Superalloys,single,1,6,6,0,0,6,1.0,1.0,1.0
SUP_EXT_0079,Superalloys,single,1,9,8,1,1,9,0.89,0.89,0.89
SUP_EXT_0080,Superalloys,single,1,8,6,2,2,8,0.75,0.75,0.75
SUP_EXT_0081,Superalloys,single,1,13,10,4,3,14,0.71,0.77,0.74
SUP_EXT_0082,Superalloys,single,1,9,8,1,1,9,0.89,0.89,0.89
SUP_EXT_0083,Superalloys,single,1,10,10,0,0,10,1.0,1.0,1.0
SUP_EXT_0084,Superalloys,single,1,14,14,1,0,15,0.93,1.0,0.96
SUP_EXT_0085,Superalloys,single,1,10,10,0,0,10,1.0,1.0,1.0
SUP_EXT_0086,Superalloys,multi,1,22,18,4,4,22,0.82,0.82,0.82
SUP_EXT_0087,Superalloys,single,1,8,7,2,1,9,0.78,0.88,0.83
SUP_EXT_0088,Superalloys,single,1,10,9,1,1,10,0.9,0.9,0.9
SUP_EXT_0089,Superalloys,single,1,7,6,1,1,7,0.86,0.86,0.86
SUP_EXT_0090,Superalloys,multi,1,31,28,4,3,32,0.88,0.9,0.89
SUP_EXT_0091,Superalloys,single,1,6,6,0,0,6,1.0,1.0,1.0
SUP_EXT_0092,Superalloys,single,1,11,9,2,2,11,0.82,0.82,0.82
SUP_EXT_0093,Superalloys,multi,1,23,18,7,5,25,0.72,0.78,0.75
SUP_EXT_0094,Superalloys,single,1,12,12,1,0,13,0.92,1.0,0.96
SUP_EXT_0095,Superalloys,single,1,11,11,1,0,12,0.92,1.0,0.96
SUP_EXT_0096,Superalloys,single,1,13,11,2,2,13,0.85,0.85,0.85
SUP_EXT_0097,Superalloys,single,1,6,5,1,1,6,0.83,0.83,0.83
SUP_EXT_0098,Superalloys,multi,1,21,19,3,2,22,0.86,0.9,0.88
SUP_EXT_0099,Superalloys,single,1,11,9,2,2,11,0.82,0.82,0.82
SUP_EXT_0100,Superalloys,single,1,12,10,2,2,12,0.83,0.83,0.83
SUP_EXT_0101,Superalloys,single,1,6,6,1,0,7,0.86,1.0,0.92
SUP_EXT_0102,Superalloys,single,1,14,13,1,1,14,0.93,0.93,0.93
SUP_EXT_0103,Superalloys,single,1,9,8,1,1,9,0.89,0.89,0.89
SUP_EXT_0104,Superalloys,single,1,12,11,1,1,12,0.92,0.92,0.92
SUP_EXT_0105,Superalloys,single,1,12,10,4,2,14,0.71,0.83,0.77
SUP_EXT_0106,Superalloys,single,1,11,10,2,1,12,0.83,0.91,0.87
SUP_EXT_0107,Superalloys,single,1,11,9,3,2,12,0.75,0.82,0.78
SUP_EXT_0108,Superalloys,single,1,12,12,0,0,12,1.0,1.0,1.0
SUP_EXT_0109,Superalloys,single,1,12,10,3,2,13,0.77,0.83,0.8
SUP_EXT_0110,Superalloys,single,1,9,9,0,0,9,1.0,1.0,1.0
SUP_EXT_0111,Superalloys,single,1,6,5,0,1,5,1.0,0.83,0.91
SUP_EXT_0112,Superalloys,single,1,6,6,1,0,7,0.86,1.0,0.92
SUP_EXT_0113,Superalloys,multi,1,23,19,5,4,24,0.79,0.83,0.81
SUP_EXT_0114,Superalloys,single,1,11,10,1,1,11,0.91,0.91,0.91
SUP_EXT_0115,Superalloys,single,1,10,9,1,1,10,0.9,0.9,0.9
SUP_EXT_0116,Superalloys,single,1,7,6,2,1,8,0.75,0.86,0.8
SUP_EXT_0117,Superalloys,single,1,11,10,0,1,10,1.0,0.91,0.95
SUP_EXT_0118,Superalloys,single,1,11,10,1,1,11,0.91,0.91,0.91
SUP_EXT_0119,Superalloys,single,1,6,5,2,1,7,0.71,0.83,0.77
SUP_EXT_0120,Superalloys,single,1,11,10,1,1,11,0.91,0.91,0.91
SUP_EXT_0121,Superalloys,multi,1,25,24,2,1,26,0.92,0.96,0.94
SUP_EXT_0122,Superalloys,single,1,11,10,2,1,12,0.83,0.91,0.87
SUP_EXT_0123,Superalloys,single,1,11,10,1,1,11,0.91,0.91,0.91
SUP_EXT_0124,Superalloys,single,1,12,10,4,2,14,0.71,0.83,0.77
SUP_EXT_0125,Superalloys,multi,1,24,24,1,0,25,0.96,1.0,0.98
SUP_EXT_0126,Superalloys,single,1,10,8,3,2,11,0.73,0.8,0.76
SUP_EXT_0127,Superalloys,single,1,9,9,1,0,10,0.9,1.0,0.95
SUP_EXT_0128,Superalloys,single,1,6,6,0,0,6,1.0,1.0,1.0
SUP_EXT_0129,Superalloys,single,1,11,0,3,11,3,0.0,0.0,0.0
SUP_EXT_0130,Superalloys,multi,1,27,27,1,0,28,0.96,1.0,0.98
SUP_EXT_0131,Superalloys,single,1,8,6,1,2,7,0.86,0.75,0.8
SUP_EXT_0132,Superalloys,single,1,11,11,0,0,11,1.0,1.0,1.0
SUP_EXT_0133,Superalloys,single,1,10,9,1,1,10,0.9,0.9,0.9
SUP_EXT_0134,Superalloys,single,1,11,10,1,1,11,0.91,0.91,0.91
SUP_EXT_0135,Superalloys,single,1,8,8,0,0,8,1.0,1.0,1.0
SUP_EXT_0136,Superalloys,single,1,12,11,1,1,12,0.92,0.92,0.92
SUP_EXT_0137,Superalloys,single,1,8,7,1,1,8,0.88,0.88,0.88
SUP_EXT_0138,Superalloys,multi,1,21,16,6,5,22,0.73,0.76,0.74
SUP_EXT_0139,Superalloys,single,1,9,8,2,1,10,0.8,0.89,0.84
SUP_EXT_0140,Superalloys,single,1,6,6,1,0,7,0.86,1.0,0.92
SUP_EXT_0141,Superalloys,single,1,11,9,3,2,12,0.75,0.82,0.78
SUP_EXT_0142,Superalloys,multi,1,24,21,3,3,24,0.88,0.88,0.88
SUP_EXT_0143,Superalloys,single,1,12,10,2,2,12,0.83,0.83,0.83
SUP_EXT_0144,Superalloys,single,1,12,11,1,1,12,0.92,0.92,0.92
SUP_EXT_0145,Superalloys,single,1,6,6,0,0,6,1.0,1.0,1.0
SUP_EXT_0146,Superalloys,multi,1,21,20,1,1,21,0.95,0.95,0.95
SUP_EXT_0147,Superalloys,single,1,8,7,1,1,8,0.88,0.88,0.88
SUP_EXT_0148,Superalloys,multi,1,18,17,0,1,17,1.0,0.94,0.97
SUP_EXT_0149,Superalloys,single,1,9,8,1,1,9,0.89,0.89,0.89
SUP_EXT_0150,Superalloys,single,1,8,7,1,1,8,0.88,0.88,0.88
SUP_EXT_0151,Superalloys,single,1,11,10,2,1,12,0.83,0.91,0.87
SUP_EXT_0152,Superalloys,single,1,10,10,0,0,10,1.0,1.0,1.0
SUP_EXT_0153,Superalloys,single,1,8,7,1,1,8,0.88,0.88,0.88
SUP_EXT_0154,Superalloys,single,1,8,8,0,0,8,1.0,1.0,1.0
SUP_EXT_0155,Superalloys,single,1,10,8,2,2,10,0.8,0.8,0.8
SUP_EXT_0156,Superalloys,single,1,10,9,1,1,10,0.9,0.9,0.9
SUP_EXT_0157,Superalloys,single,1,8,8,1,0,9,0.89,1.0,0.94
SUP_EXT_0158,Superalloys,single,1,10,9,1,1,10,0.9,0.9,0.9
SUP_EXT_0159,Superalloys,single,1,12,10,2,2,12,0.83,0.83,0.83
SUP_EXT_0160,Superalloys,single,1,11,10,1,1,11,0.91,0.91,0.91
SUP_EXT_0161,Superalloys,single,1,7,6,2,1,8,0.75,0.86,0.8
SUP_EXT_0162,Superalloys,single,1,9,9,0,0,9,1.0,1.0,1.0
SUP_EXT_0163,Superalloys,single,1,12,11,1,1,12,0.92,0.92,0.92
SUP_EXT_0164,Superalloys,single,1,7,6,1,1,7,0.86,0.86,0.86
SUP_EXT_0165,Superalloys,single,1,11,11,1,0,12,0.92,1.0,0.96
SUP_EXT_0166,Superalloys,single,1,10,9,2,1,11,0.82,0.9,0.86
SUP_EXT_0167,Superalloys,single,1,11,10,1,1,11,0.91,0.91,0.91
SUP_EXT_0168,Superalloys,single,1,6,4,0,2,4,1.0,0.67,0.8
SUP_EXT_0169,Superalloys,single,1,6,5,0,1,5,1.0,0.83,0.91
SUP_EXT_0170,Superalloys,single,1,6,6,1,0,7,0.86,1.0,0.92
SUP_EXT_0171,Superalloys,single,1,11,10,2,1,12,0.83,0.91,0.87
SUP_EXT_0172,Superalloys,multi,1,24,0,1,24,1,0.0,0.0,0.0
SUP_EXT_0173,Superalloys,single,1,7,6,2,1,8,0.75,0.86,0.8
SUP_EXT_0174,Superalloys,single,1,12,10,2,2,12,0.83,0.83,0.83
SUP_EXT_0175,Superalloys,single,1,10,8,2,2,10,0.8,0.8,0.8
SUP_EXT_0176,Superalloys,single,1,6,6,1,0,7,0.86,1.0,0.92
SUP_EXT_0177,Superalloys,multi,1,20,18,3,2,21,0.86,0.9,0.88
SUP_EXT_0178,Superalloys,single,1,6,5,2,1,7,0.71,0.83,0.77
SUP_EXT_0179,Superalloys,single,1,11,10,2,1,12,0.83,0.91,0.87
SUP_EXT_0180,Superalloys,multi,1,18,17,2,1,19,0.89,0.94,0.91
SUP_EXT_0181,Superalloys,single,1,10,9,2,1,11,0.82,0.9,0.86
SUP_EXT_0182,Superalloys,single,1,11,11,0,0,11,1.0,1.0,1.0
SUP_EXT_0183,Superalloys,single,1,11,10,0,1,10,1.0,0.91,0.95
SUP_EXT_0184,Superalloys,single,1,6,6,1,0,7,0.86,1.0,0.92
SUP_EXT_0185,Superalloys,single,1,8,6,3,2,9,0.67,0.75,0.71
SUP_EXT_0186,Superalloys,single,1,13,10,4,3,14,0.71,0.77,0.74
SUP_EXT_0187,Superalloys,single,1,11,10,2,1,12,0.83,0.91,0.87
SUP_EXT_0188,Superalloys,single,1,9,8,2,1,10,0.8,0.89,0.84
SUP_EXT_0189,Superalloys,single,1,5,5,0,0,5,1.0,1.0,1.0
SUP_EXT_0190,Superalloys,single,1,15,13,3,2,16,0.81,0.87,0.84
SUP_EXT_0191,Superalloys,single,1,7,6,1,1,7,0.86,0.86,0.86
SUP_EXT_0192,Superalloys,single,1,10,8,1,2,9,0.89,0.8,0.84
SUP_EXT_0193,Superalloys,single,1,9,8,1,1,9,0.89,0.89,0.89
SUP_EXT_0194,Superalloys,single,1,12,10,2,2,12,0.83,0.83,0.83
SUP_EXT_0195,Superalloys,single,1,7,6,1,1,7,0.86,0.86,0.86
SUP_EXT_0196,Superalloys,single,1,11,9,2,2,11,0.82,0.82,0.82
SUP_EXT_0197,Superalloys,single,1,10,10,0,0,10,1.0,1.0,1.0
SUP_EXT_0198,Superalloys,single,1,11,10,2,1,12,0.83,0.91,0.87
SUP_EXT_0199,Superalloys,single,1,8,7,1,1,8,0.88,0.88,0.88
SUP_EXT_0200,Superalloys,single,1,8,7,1,1,8,0.88,0.88,0.88
SUP_EXT_0201,Superalloys,multi,1,21,20,0,1,20,1.0,0.95,0.97
SUP_EXT_0202,Superalloys,single,1,9,8,1,1,9,0.89,0.89,0.89
SUP_EXT_0203,Superalloys,single,1,10,8,2,2,10,0.8,0.8,0.8
SUP_EXT_0204,Superalloys,single,1,10,8,3,2,11,0.73,0.8,0.76
SUP_EXT_0205,Superalloys,single,1,8,6,2,2,8,0.75,0.75,0.75
SUP_EXT_0206,Superalloys,single,1,10,9,2,1,11,0.82,0.9,0.86
SUP_EXT_0207,Superalloys,single,1,9,8,1,1,9,0.89,0.89,0.89
SUP_EXT_0208,Superalloys,single,1,12,11,0,1,11,1.0,0.92,0.96
SUP_EXT_0209,Superalloys,single,1,10,9,2,1,11,0.82,0.9,0.86
SUP_EXT_0210,Superalloys,single,1,10,9,1,1,10,0.9,0.9,0.9
SUP_EXT_0211,Superalloys,single,1,10,9,2,1,11,0.82,0.9,0.86
SUP_EXT_0212,Superalloys,single,1,8,7,1,1,8,0.88,0.88,0.88
SUP_EXT_0213,Superalloys,single,1,12,10,2,2,12,0.83,0.83,0.83
SUP_EXT_0214,Superalloys,single,1,4,4,0,0,4,1.0,1.0,1.0
SUP_EXT_0001,Superalloys,single,2,7,6,1,1,7,0.86,0.86,0.86
SUP_EXT_0002,Superalloys,single,2,6,5,0,1,5,1.0,0.83,0.91
SUP_EXT_0003,Superalloys,single,2,7,7,1,0,8,0.88,1.0,0.94
SUP_EXT_0004,Superalloys,single,2,7,6,0,1,6,1.0,0.86,0.92
SUP_EXT_0005,Superalloys,multi,2,35,28,8,7,36,0.78,0.8,0.79
SUP_EXT_0006,Superalloys,single,2,9,7,2,2,9,0.78,0.78,0.78
SUP_EXT_0007,Superalloys,single,2,6,6,0,0,6,1.0,1.0,1.0
SUP_EXT_0008,Superalloys,single,2,7,7,1,0,8,0.88,1.0,0.94
SUP_EXT_0009,Superalloys,single,2,6,6,2,0,8,0.75,1.0,0.86
SUP_EXT_0010,Superalloys,multi,2,29,28,1,1,29,0.97,0.97,0.97
SUP_EXT_0011,Superalloys,single,2,6,6,2,0,8,0.75,1.0,0.86
SUP_EXT_0012,Superalloys,single,2,10,7,2,3,9,0.78,0.7,0.74
SUP_EXT_0013,Superalloys,single,2,6,6,0,0,6,1.0,1.0,1.0
SUP_EXT_0014,Superalloys,single,2,10,9,1,1,10,0.9,0.9,0.9
SUP_EXT_0015,Superalloys,single,2,11,10,3,1,13,0.77,0.91,0.83
SUP_EXT_0016,Superalloys,single,2,8,7,0,1,7,1.0,0.88,0.94
SUP_EXT_0017,Superalloys,multi,2,27,23,5,4,28,0.82,0.85,0.83
SUP_EXT_0018,Superalloys,single,2,9,7,2,2,9,0.78,0.78,0.78
SUP_EXT_0019,Superalloys,single,2,11,10,1,1,11,0.91,0.91,0.91
SUP_EXT_0020,Superalloys,single,2,12,11,1,1,12,0.92,0.92,0.92
SUP_EXT_0021,Superalloys,single,2,9,8,2,1,10,0.8,0.89,0.84
SUP_EXT_0022,Superalloys,single,2,9,7,2,2,9,0.78,0.78,0.78
SUP_EXT_0023,Superalloys,single,2,11,9,2,2,11,0.82,0.82,0.82
SUP_EXT_0024,Superalloys,single,2,7,7,0,0,7,1.0,1.0,1.0
SUP_EXT_0025,Superalloys,single,2,6,6,0,0,6,1.0,1.0,1.0
SUP_EXT_0026,Superalloys,multi,2,28,22,7,6,29,0.76,0.79,0.77
SUP_EXT_0027,Superalloys,single,2,7,7,0,0,7,1.0,1.0,1.0
SUP_EXT_0028,Superalloys,multi,2,38,31,8,7,39,0.79,0.82,0.8
SUP_EXT_0029,Superalloys,multi,2,21,19,2,2,21,0.9,0.9,0.9
SUP_EXT_0030,Superalloys,single,2,8,8,0,0,8,1.0,1.0,1.0
SUP_EXT_0031,Superalloys,single,2,8,7,1,1,8,0.88,0.88,0.88
SUP_EXT_0032,Superalloys,single,2,10,7,3,3,10,0.7,0.7,0.7
SUP_EXT_0033,Superalloys,multi,2,21,16,6,5,22,0.73,0.76,0.74
SUP_EXT_0034,Superalloys,single,2,4,4,0,0,4,1.0,1.0,1.0
SUP_EXT_0035,Superalloys,single,2,10,9,2,1,11,0.82,0.9,0.86
SUP_EXT_0036,Superalloys,single,2,7,6,1,1,7,0.86,0.86,0.86
SUP_EXT_0037,Superalloys,single,2,7,6,2,1,8,0.75,0.86,0.8
SUP_EXT_0038,Superalloys,single,2,9,9,1,0,10,0.9,1.0,0.95
SUP_EXT_0039,Superalloys,single,2,6,6,0,0,6,1.0,1.0,1.0
SUP_EXT_0040,Superalloys,single,2,7,7,0,0,7,1.0,1.0,1.0
SUP_EXT_0041,Superalloys,single,2,12,11,1,1,12,0.92,0.92,0.92
SUP_EXT_0042,Superalloys,single,2,10,9,1,1,10,0.9,0.9,0.9
SUP_EXT_0043,Superalloys,single,2,7,6,1,1,7,0.86,0.86,0.86
SUP_EXT_0044,Superalloys,single,2,6,6,1,0,7,0.86,1.0,0.92
SUP_EXT_0045,Superalloys,single,2,6,6,1,0,7,0.86,1.0,0.92
SUP_EXT_0046,Superalloys,single,2,8,6,2,2,8,0.75,0.75,0.75
SUP_EXT_0047,Superalloys,single,2,9,8,0,1,8,1.0,0.89,0.94
SUP_EXT_0048,Superalloys,single,2,6,5,0,1,5,1.0,0.83,0.91
SUP_EXT_0049,Superalloys,single,2,7,6,1,1,7,0.86,0.86,0.86
SUP_EXT_0050,Superalloys,single,2,6,6,0,0,6,1.0,1.0,1.0
SUP_EXT_0051,Superalloys,single,2,7,7,1,0,8,0.88,1.0,0.94
SUP_EXT_0052,Superalloys,single,2,11,9,3,2,12,0.75,0.82,0.78
SUP_EXT_0053,Superalloys,single,2,6,6,1,0,7,0.86,1.0,0.92
SUP_EXT_0054,Superalloys,single,2,11,11,1,0,12,0.92,1.0,0.96
SUP_EXT_0055,Superalloys,single,2,15,14,2,1,16,0.88,0.93,0.9
SUP_EXT_0056,Superalloys,single,2,11,10,1,1,11,0.91,0.91,0.91
SUP_EXT_0057,Superalloys,single,2,9,8,1,1,9,0.89,0.89,0.89
SUP_EXT_0058,Superalloys,single,2,9,7,1,2,8,0.88,0.78,0.83
SUP_EXT_0059,Superalloys,single,2,8,8,1,0,9,0.89,1.0,0.94
SUP_EXT_0060,Superalloys,single,2,12,11,2,1,13,0.85,0.92,0.88
SUP_EXT_0061,Superalloys,single,2,11,11,1,0,12,0.92,1.0,0.96
SUP_EXT_0062,Superalloys,single,2,9,8,1,1,9,0.89,0.89,0.89
SUP_EXT_0063,Superalloys,single,2,7,6,0,1,6,1.0,0.86,0.92
SUP_EXT_0064,Superalloys,single,2,8,7,1,1,8,0.88,0.88,0.88
SUP_EXT_0065,Superalloys,single,2,7,6,2,1,8,0.75,0.86,0.8
SUP_EXT_0066,Superalloys,single,2,6,6,1,0,7,0.86,1.0,0.92
SUP_EXT_0067,Superalloys,single,2,10,9,0,1,9,1.0,0.9,0.95
SUP_EXT_0068,Superalloys,multi,2,27,25,2,2,27,0.93,0.93,0.93
SUP_EXT_0069,Superalloys,single,2,8,7,1,1,8,0.88,0.88,0.88
SUP_EXT_0070,Superalloys,single,2,12,10,3,2,13,0.77,0.83,0.8
SUP_EXT_0071,Superalloys,single,2,10,10,1,0,11,0.91,1.0,0.95
SUP_EXT_0072,Superalloys,single,2,11,10,1,1,11,0.91,0.91,0.91
SUP_EXT_0073,Superalloys,single,2,8,7,0,1,7,1.0,0.88,0.94
SUP_EXT_0074,Superalloys,single,2,13,12,2,1,14,0.86,0.92,0.89
SUP_EXT_0075,Superalloys,single,2,9,9,0,0,9,1.0,1.0,1.0
SUP_EXT_0076,Superalloys,single,2,9,8,1,1,9,0.89,0.89,0.89
SUP_EXT_0077,Superalloys,single,2,12,10,3,2,13,0.77,0.83,0.8
SUP_EXT_0078,Superalloys,single,2,6,6,0,0,6,1.0,1.0,1.0
SUP_EXT_0079,Superalloys,single,2,9,9,1,0,10,0.9,1.0,0.95
SUP_EXT_0080,Superalloys,single,2,8,6,2,2,8,0.75,0.75,0.75
SUP_EXT_0081,Superalloys,single,2,13,0,0,13,0,0.0,0.0,0.0
SUP_EXT_0082,Superalloys,single,2,9,9,1,0,10,0.9,1.0,0.95
SUP_EXT_0083,Superalloys,single,2,10,10,0,0,10,1.0,1.0,1.0
SUP_EXT_0084,Superalloys,single,2,14,14,0,0,14,1.0,1.0,1.0
SUP_EXT_0085,Superalloys,single,2,10,10,0,0,10,1.0,1.0,1.0
SUP_EXT_0086,Superalloys,multi,2,22,18,5,4,23,0.78,0.82,0.8
SUP_EXT_0087,Superalloys,single,2,8,7,2,1,9,0.78,0.88,0.83
SUP_EXT_0088,Superalloys,single,2,10,9,1,1,10,0.9,0.9,0.9
SUP_EXT_0089,Superalloys,single,2,7,6,0,1,6,1.0,0.86,0.92
SUP_EXT_0090,Superalloys,multi,2,31,28,3,3,31,0.9,0.9,0.9
SUP_EXT_0091,Superalloys,single,2,6,6,0,0,6,1.0,1.0,1.0
SUP_EXT_0092,Superalloys,single,2,11,9,2,2,11,0.82,0.82,0.82
SUP_EXT_0093,Superalloys,multi,2,23,18,6,5,24,0.75,0.78,0.76
SUP_EXT_0094,Superalloys,single,2,12,11,0,1,11,1.0,0.92,0.96
SUP_EXT_0095,Superalloys,single,2,11,10,1,1,11,0.91,0.91,0.91
SUP_EXT_0096,Superalloys,single,2,13,12,2,1,14,0.86,0.92,0.89
SUP_EXT_0097,Superalloys,single,2,6,6,1,0,7,0.86,1.0,0.92
SUP_EXT_0098,Superalloys,multi,2,21,19,2,2,21,0.9,0.9,0.9
SUP_EXT_0099,Superalloys,single,2,11,10,3,1,13,0.77,0.91,0.83
SUP_EXT_0100,Superalloys,single,2,12,10,2,2,12,0.83,0.83,0.83
SUP_EXT_0101,Superalloys,single,2,6,6,0,0,6,1.0,1.0,1.0
SUP_EXT_0102,Superalloys,single,2,14,13,1,1,14,0.93,0.93,0.93
SUP_EXT_0103,Superalloys,single,2,9,8,1,1,9,0.89,0.89,0.89
SUP_EXT_0104,Superalloys,single,2,12,11,1,1,12,0.92,0.92,0.92
SUP_EXT_0105,Superalloys,single,2,12,10,4,2,14,0.71,0.83,0.77
SUP_EXT_0106,Superalloys,single,2,11,10,1,1,11,0.91,0.91,0.91
SUP_EXT_0107,Superalloys,single,2,11,9,3,2,12,0.75,0.82,0.78
SUP_EXT_0108,Superalloys,single,2,12,12,0,0,12,1.0,1.0,1.0
SUP_EXT_0109,Superalloys,single,2,12,10,3,2,13,0.77,0.83,0.8
SUP_EXT_0110,Superalloys,single,2,9,8,0,1,8,1.0,0.89,0.94
SUP_EXT_0111,Superalloys,single,2,6,6,1,0,7,0.86,1.0,0.92
SUP_EXT_0112,Superalloys,single,2,6,6,0,0,6,1.0,1.0,1.0
SUP_EXT_0113,Superalloys,multi,2,23,19,5,4,24,0.79,0.83,0.81
SUP_EXT_0114,Superalloys,single,2,11,10,1,1,11,0.91,0.91,0.91
SUP_EXT_0115,Superalloys,single,2,10,10,1,0,11,0.91,1.0,0.95
SUP_EXT_0116,Superalloys,single,2,7,6,0,1,6,1.0,0.86,0.92
SUP_EXT_0117,Superalloys,single,2,11,11,0,0,11,1.0,1.0,1.0
SUP_EXT_0118,Superalloys,single,2,11,10,1,1,11,0.91,0.91,0.91
SUP_EXT_0119,Superalloys,single,2,6,6,2,0,8,0.75,1.0,0.86
SUP_EXT_0120,Superalloys,single,2,11,9,2,2,11,0.82,0.82,0.82
SUP_EXT_0121,Superalloys,multi,2,25,23,1,2,24,0.96,0.92,0.94
SUP_EXT_0122,Superalloys,single,2,11,9,2,2,11,0.82,0.82,0.82
SUP_EXT_0123,Superalloys,single,2,11,11,1,0,12,0.92,1.0,0.96
SUP_EXT_0124,Superalloys,single,2,12,10,4,2,14,0.71,0.83,0.77
SUP_EXT_0125,Superalloys,multi,2,24,22,2,2,24,0.92,0.92,0.92
SUP_EXT_0126,Superalloys,single,2,10,9,2,1,11,0.82,0.9,0.86
SUP_EXT_0127,Superalloys,single,2,9,9,1,0,10,0.9,1.0,0.95
SUP_EXT_0128,Superalloys,single,2,6,6,0,0,6,1.0,1.0,1.0
SUP_EXT_0129,Superalloys,single,2,11,8,4,3,12,0.67,0.73,0.7
SUP_EXT_0130,Superalloys,multi,2,27,27,0,0,27,1.0,1.0,1.0
SUP_EXT_0131,Superalloys,single,2,8,7,1,1,8,0.88,0.88,0.88
SUP_EXT_0132,Superalloys,single,2,11,11,0,0,11,1.0,1.0,1.0
SUP_EXT_0133,Superalloys,single,2,10,9,1,1,10,0.9,0.9,0.9
SUP_EXT_0134,Superalloys,single,2,11,9,1,2,10,0.9,0.82,0.86
SUP_EXT_0135,Superalloys,single,2,8,7,1,1,8,0.88,0.88,0.88
SUP_EXT_0136,Superalloys,single,2,12,11,1,1,12,0.92,0.92,0.92
SUP_EXT_0137,Superalloys,single,2,8,7,1,1,8,0.88,0.88,0.88
SUP_EXT_0138,Superalloys,multi,2,21,16,6,5,22,0.73,0.76,0.74
SUP_EXT_0139,Superalloys,single,2,9,8,2,1,10,0.8,0.89,0.84
SUP_EXT_0140,Superalloys,single,2,6,5,0,1,5,1.0,0.83,0.91
SUP_EXT_0141,Superalloys,single,2,11,8,2,3,10,0.8,0.73,0.76
SUP_EXT_0142,Superalloys,multi,2,24,20,4,4,24,0.83,0.83,0.83
SUP_EXT_0143,Superalloys,single,2,12,10,2,2,12,0.83,0.83,0.83
SUP_EXT_0144,Superalloys,single,2,12,10,1,2,11,0.91,0.83,0.87
SUP_EXT_0145,Superalloys,single,2,6,6,0,0,6,1.0,1.0,1.0
SUP_EXT_0146,Superalloys,multi,2,21,20,2,1,22,0.91,0.95,0.93
SUP_EXT_0147,Superalloys,single,2,8,7,2,1,9,0.78,0.88,0.83
SUP_EXT_0148,Superalloys,multi,2,18,17,0,1,17,1.0,0.94,0.97
SUP_EXT_0149,Superalloys,single,2,9,8,2,1,10,0.8,0.89,0.84
SUP_EXT_0150,Superalloys,single,2,8,7,1,1,8,0.88,0.88,0.88
SUP_EXT_0151,Superalloys,single,2,11,10,3,1,13,0.77,0.91,0.83
SUP_EXT_0152,Superalloys,single,2,10,9,0,1,9,1.0,0.9,0.95
SUP_EXT_0153,Superalloys,single,2,8,7,1,1,8,0.88,0.88,0.88
SUP_EXT_0154,Superalloys,single,2,8,7,1,1,8,0.88,0.88,0.88
SUP_EXT_0155,Superalloys,single,2,10,8,2,2,10,0.8,0.8,0.8
SUP_EXT_0156,Superalloys,single,2,10,10,1,0,11,0.91,1.0,0.95
SUP_EXT_0157,Superalloys,single,2,8,8,1,0,9,0.89,1.0,0.94
SUP_EXT_0158,Superalloys,single,2,10,10,1,0,11,0.91,1.0,0.95
SUP_EXT_0159,Superalloys,single,2,12,10,3,2,13,0.77,0.83,0.8
SUP_EXT_0160,Superalloys,single,2,11,10,1,1,11,0.91,0.91,0.91
SUP_EXT_0161,Superalloys,single,2,7,6,0,1,6,1.0,0.86,0.92
SUP_EXT_0162,Superalloys,single,2,9,9,1,0,10,0.9,1.0,0.95
SUP_EXT_0163,Superalloys,single,2,12,12,0,0,12,1.0,1.0,1.0
SUP_EXT_0164,Superalloys,single,2,7,6,2,1,8,0.75,0.86,0.8
SUP_EXT_0165,Superalloys,single,2,11,10,1,1,11,0.91,0.91,0.91
SUP_EXT_0166,Superalloys,single,2,10,9,2,1,11,0.82,0.9,0.86
SUP_EXT_0167,Superalloys,single,2,11,10,1,1,11,0.91,0.91,0.91
SUP_EXT_0168,Superalloys,single,2,6,6,2,0,8,0.75,1.0,0.86
SUP_EXT_0169,Superalloys,single,2,6,6,1,0,7,0.86,1.0,0.92
SUP_EXT_0170,Superalloys,single,2,6,6,1,0,7,0.86,1.0,0.92
SUP_EXT_0171,Superalloys,single,2,11,10,1,1,11,0.91,0.91,0.91
SUP_EXT_0172,Superalloys,multi,2,24,0,1,24,1,0.0,0.0,0.0
SUP_EXT_0173,Superalloys,single,2,7,6,2,1,8,0.75,0.86,0.8
SUP_EXT_0174,Superalloys,single,2,12,11,1,1,12,0.92,0.92,0.92
SUP_EXT_0175,Superalloys,single,2,10,8,3,2,11,0.73,0.8,0.76
SUP_EXT_0176,Superalloys,single,2,6,6,1,0,7,0.86,1.0,0.92
SUP_EXT_0177,Superalloys,multi,2,20,19,2,1,21,0.9,0.95,0.92
SUP_EXT_0178,Superalloys,single,2,6,5,0,1,5,1.0,0.83,0.91
SUP_EXT_0179,Superalloys,single,2,11,10,1,1,11,0.91,0.91,0.91
SUP_EXT_0180,Superalloys,multi,2,18,17,1,1,18,0.94,0.94,0.94
SUP_EXT_0181,Superalloys,single,2,10,8,2,2,10,0.8,0.8,0.8
SUP_EXT_0182,Superalloys,single,2,11,11,0,0,11,1.0,1.0,1.0
SUP_EXT_0183,Superalloys,single,2,11,11,1,0,12,0.92,1.0,0.96
SUP_EXT_0184,Superalloys,single,2,6,6,1,0,7,0.86,1.0,0.92
SUP_EXT_0185,Superalloys,single,2,8,6,2,2,8,0.75,0.75,0.75
SUP_EXT_0186,Superalloys,single,2,13,10,3,3,13,0.77,0.77,0.77
SUP_EXT_0187,Superalloys,single,2,11,10,1,1,11,0.91,0.91,0.91
SUP_EXT_0188,Superalloys,single,2,9,8,2,1,10,0.8,0.89,0.84
SUP_EXT_0189,Superalloys,single,2,5,5,0,0,5,1.0,1.0,1.0
SUP_EXT_0190,Superalloys,single,2,15,13,3,2,16,0.81,0.87,0.84
SUP_EXT_0191,Superalloys,single,2,7,6,0,1,6,1.0,0.86,0.92
SUP_EXT_0192,Superalloys,single,2,10,10,1,0,11,0.91,1.0,0.95
SUP_EXT_0193,Superalloys,single,2,9,8,2,1,10,0.8,0.89,0.84
SUP_EXT_0194,Superalloys,single,2,12,11,2,1,13,0.85,0.92,0.88
SUP_EXT_0195,Superalloys,single,2,7,6,0,1,6,1.0,0.86,0.92
SUP_EXT_0196,Superalloys,single,2,11,9,2,2,11,0.82,0.82,0.82
SUP_EXT_0197,Superalloys,single,2,10,10,0,0,10,1.0,1.0,1.0
SUP_EXT_0198,Superalloys,single,2,11,10,3,1,13,0.77,0.91,0.83
SUP_EXT_0199,Superalloys,single,2,8,7,2,1,9,0.78,0.88,0.83
SUP_EXT_0200,Superalloys,single,2,8,7,2,1,9,0.78,0.88,0.83
SUP_EXT_0201,Superalloys,multi,2,21,21,0,0,21,1.0,1.0,1.0
SUP_EXT_0202,Superalloys,single,2,9,8,0,1,8,1.0,0.89,0.94
SUP_EXT_0203,Superalloys,single,2,10,9,2,1,11,0.82,0.9,0.86
SUP_EXT_0204,Superalloys,single,2,10,8,3,2,11,0.73,0.8,0.76
SUP_EXT_0205,Superalloys,single,2,8,7,2,1,9,0.78,0.88,0.83
SUP_EXT_0206,Superalloys,single,2,10,9,2,1,11,0.82,0.9,0.86
SUP_EXT_0207,Superalloys,single,2,9,8,1,1,9,0.89,0.89,0.89
SUP_EXT_0208,Superalloys,single,2,12,12,1,0,13,0.92,1.0,0.96
SUP_EXT_0209,Superalloys,single,2,10,8,2,2,10,0.8,0.8,0.8
SUP_EXT_0210,Superalloys,single,2,10,9,1,1,10,0.9,0.9,0.9
SUP_EXT_0211,Superalloys,single,2,10,9,1,1,10,0.9,0.9,0.9
SUP_EXT_0212,Superalloys,single,2,8,8,1,0,9,0.89,1.0,0.94
SUP_EXT_0213,Superalloys,single,2,12,10,2,2,12,0.83,0.83,0.83
SUP_EXT_0214,Superalloys,single,2,4,4,0,0,4,1.0,1.0,1.0
SUP_EXT_0001,Superalloys,single,3,7,6,1,1,7,0.86,0.86,0.86
SUP_EXT_0002,Superalloys,single,3,6,6,1,0,7,0.86,1.0,0.92
SUP_EXT_0003,Superalloys,single,3,7,6,0,1,6,1.0,0.86,0.92
SUP_EXT_0004,Superalloys,single,3,7,6,1,1,7,0.86,0.86,0.86
SUP_EXT_0005,Superalloys,multi,3,35,26,9,9,35,0.74,0.74,0.74
SUP_EXT_0006,Superalloys,single,3,9,7,2,2,9,0.78,0.78,0.78
SUP_EXT_0007,Superalloys,single,3,6,6,1,0,7,0.86,1.0,0.92
SUP_EXT_0008,Superalloys,single,3,7,6,1,1,7,0.86,0.86,0.86
SUP_EXT_0009,Superalloys,single,3,6,6,0,0,6,1.0,1.0,1.0
SUP_EXT_0010,Superalloys,multi,3,29,27,2,2,29,0.93,0.93,0.93
SUP_EXT_0011,Superalloys,single,3,6,0,2,6,2,0.0,0.0,0.0
SUP_EXT_0012,Superalloys,single,3,10,8,3,2,11,0.73,0.8,0.76
SUP_EXT_0013,Superalloys,single,3,6,6,0,0,6,1.0,1.0,1.0
SUP_EXT_0014,Superalloys,single,3,10,9,2,1,11,0.82,0.9,0.86
SUP_EXT_0015,Superalloys,single,3,11,9,2,2,11,0.82,0.82,0.82
SUP_EXT_0016,Superalloys,single,3,8,7,1,1,8,0.88,0.88,0.88
SUP_EXT_0017,Superalloys,multi,3,27,24,4,3,28,0.86,0.89,0.87
SUP_EXT_0018,Superalloys,single,3,9,8,1,1,9,0.89,0.89,0.89
SUP_EXT_0019,Superalloys,single,3,11,11,0,0,11,1.0,1.0,1.0
SUP_EXT_0020,Superalloys,single,3,12,12,1,0,13,0.92,1.0,0.96
SUP_EXT_0021,Superalloys,single,3,9,8,2,1,10,0.8,0.89,0.84
SUP_EXT_0022,Superalloys,single,3,9,7,1,2,8,0.88,0.78,0.83
SUP_EXT_0023,Superalloys,single,3,11,9,1,2,10,0.9,0.82,0.86
SUP_EXT_0024,Superalloys,single,3,7,7,0,0,7,1.0,1.0,1.0
SUP_EXT_0025,Superalloys,single,3,6,6,1,0,7,0.86,1.0,0.92
SUP_EXT_0026,Superalloys,multi,3,28,23,6,5,29,0.79,0.82,0.8
SUP_EXT_0027,Superalloys,single,3,7,7,1,0,8,0.88,1.0,0.94
SUP_EXT_0028,Superalloys,multi,3,38,32,8,6,40,0.8,0.84,0.82
SUP_EXT_0029,Superalloys,multi,3,21,18,4,3,22,0.82,0.86,0.84
SUP_EXT_0030,Superalloys,single,3,8,8,0,0,8,1.0,1.0,1.0
SUP_EXT_0031,Superalloys,single,3,8,7,1,1,8,0.88,0.88,0.88
SUP_EXT_0032,Superalloys,single,3,10,8,3,2,11,0.73,0.8,0.76
SUP_EXT_0033,Superalloys,multi,3,21,15,7,6,22,0.68,0.71,0.69
SUP_EXT_0034,Superalloys,single,3,4,4,0,0,4,1.0,1.0,1.0
SUP_EXT_0035,Superalloys,single,3,10,8,2,2,10,0.8,0.8,0.8
SUP_EXT_0036,Superalloys,single,3,7,7,0,0,7,1.0,1.0,1.0
SUP_EXT_0037,Superalloys,single,3,7,6,1,1,7,0.86,0.86,0.86
SUP_EXT_0038,Superalloys,single,3,9,9,0,0,9,1.0,1.0,1.0
SUP_EXT_0039,Superalloys,single,3,6,6,0,0,6,1.0,1.0,1.0
SUP_EXT_0040,Superalloys,single,3,7,6,0,1,6,1.0,0.86,0.92
SUP_EXT_0041,Superalloys,single,3,12,11,1,1,12,0.92,0.92,0.92
SUP_EXT_0042,Superalloys,single,3,10,9,2,1,11,0.82,0.9,0.86
SUP_EXT_0043,Superalloys,single,3,7,7,1,0,8,0.88,1.0,0.94
SUP_EXT_0044,Superalloys,single,3,6,6,0,0,6,1.0,1.0,1.0
SUP_EXT_0045,Superalloys,single,3,6,6,0,0,6,1.0,1.0,1.0
SUP_EXT_0046,Superalloys,single,3,8,7,3,1,10,0.7,0.88,0.78
SUP_EXT_0047,Superalloys,single,3,9,8,1,1,9,0.89,0.89,0.89
SUP_EXT_0048,Superalloys,single,3,6,6,1,0,7,0.86,1.0,0.92
SUP_EXT_0049,Superalloys,single,3,7,6,1,1,7,0.86,0.86,0.86
SUP_EXT_0050,Superalloys,single,3,6,6,0,0,6,1.0,1.0,1.0
SUP_EXT_0051,Superalloys,single,3,7,7,1,0,8,0.88,1.0,0.94
SUP_EXT_0052,Superalloys,single,3,11,9,2,2,11,0.82,0.82,0.82
SUP_EXT_0053,Superalloys,single,3,6,5,0,1,5,1.0,0.83,0.91
SUP_EXT_0054,Superalloys,single,3,11,10,0,1,10,1.0,0.91,0.95
SUP_EXT_0055,Superalloys,single,3,15,13,2,2,15,0.87,0.87,0.87
SUP_EXT_0056,Superalloys,single,3,11,11,1,0,12,0.92,1.0,0.96
SUP_EXT_0057,Superalloys,single,3,9,8,1,1,9,0.89,0.89,0.89
SUP_EXT_0058,Superalloys,single,3,9,8,1,1,9,0.89,0.89,0.89
SUP_EXT_0059,Superalloys,single,3,8,8,1,0,9,0.89,1.0,0.94
SUP_EXT_0060,Superalloys,single,3,12,11,1,1,12,0.92,0.92,0.92
SUP_EXT_0061,Superalloys,single,3,11,10,0,1,10,1.0,0.91,0.95
SUP_EXT_0062,Superalloys,single,3,9,8,1,1,9,0.89,0.89,0.89
SUP_EXT_0063,Superalloys,single,3,7,6,0,1,6,1.0,0.86,0.92
SUP_EXT_0064,Superalloys,single,3,8,7,1,1,8,0.88,0.88,0.88
SUP_EXT_0065,Superalloys,single,3,7,6,2,1,8,0.75,0.86,0.8
SUP_EXT_0066,Superalloys,single,3,6,6,1,0,7,0.86,1.0,0.92
SUP_EXT_0067,Superalloys,single,3,10,10,1,0,11,0.91,1.0,0.95
SUP_EXT_0068,Superalloys,multi,3,27,25,2,2,27,0.93,0.93,0.93
SUP_EXT_0069,Superalloys,single,3,8,8,1,0,9,0.89,1.0,0.94
SUP_EXT_0070,Superalloys,single,3,12,10,2,2,12,0.83,0.83,0.83
SUP_EXT_0071,Superalloys,single,3,10,10,1,0,11,0.91,1.0,0.95
SUP_EXT_0072,Superalloys,single,3,11,11,0,0,11,1.0,1.0,1.0
SUP_EXT_0073,Superalloys,single,3,8,8,0,0,8,1.0,1.0,1.0
SUP_EXT_0074,Superalloys,single,3,13,11,2,2,13,0.85,0.85,0.85
SUP_EXT_0075,Superalloys,single,3,9,9,0,0,9,1.0,1.0,1.0
SUP_EXT_0076,Superalloys,single,3,9,8,0,1,8,1.0,0.89,0.94
SUP_EXT_0077,Superalloys,single,3,12,11,2,1,13,0.85,0.92,0.88
SUP_EXT_0078,Superalloys,single,3,6,6,1,0,7,0.86,1.0,0.92
SUP_EXT_0079,Superalloys,single,3,9,8,1,1,9,0.89,0.89,0.89
SUP_EXT_0080,Superalloys,single,3,8,6,2,2,8,0.75,0.75,0.75
SUP_EXT_0081,Superalloys,single,3,13,0,0,13,0,0.0,0.0,0.0
SUP_EXT_0082,Superalloys,single,3,9,8,1,1,9,0.89,0.89,0.89
SUP_EXT_0083,Superalloys,single,3,10,10,0,0,10,1.0,1.0,1.0
SUP_EXT_0084,Superalloys,single,3,14,14,0,0,14,1.0,1.0,1.0
SUP_EXT_0085,Superalloys,single,3,10,10,0,0,10,1.0,1.0,1.0
SUP_EXT_0086,Superalloys,multi,3,22,17,5,5,22,0.77,0.77,0.77
SUP_EXT_0087,Superalloys,single,3,8,7,2,1,9,0.78,0.88,0.83
SUP_EXT_0088,Superalloys,single,3,10,9,1,1,10,0.9,0.9,0.9
SUP_EXT_0089,Superalloys,single,3,7,6,1,1,7,0.86,0.86,0.86
SUP_EXT_0090,Superalloys,multi,3,31,29,3,2,32,0.91,0.94,0.92
SUP_EXT_0091,Superalloys,single,3,6,6,0,0,6,1.0,1.0,1.0
SUP_EXT_0092,Superalloys,single,3,11,9,2,2,11,0.82,0.82,0.82
SUP_EXT_0093,Superalloys,multi,3,23,18,7,5,25,0.72,0.78,0.75
SUP_EXT_0094,Superalloys,single,3,12,12,0,0,12,1.0,1.0,1.0
SUP_EXT_0095,Superalloys,single,3,11,11,1,0,12,0.92,1.0,0.96
SUP_EXT_0096,Superalloys,single,3,13,11,3,2,14,0.79,0.85,0.82
SUP_EXT_0097,Superalloys,single,3,6,6,1,0,7,0.86,1.0,0.92
SUP_EXT_0098,Superalloys,multi,3,21,20,2,1,22,0.91,0.95,0.93
SUP_EXT_0099,Superalloys,single,3,11,9,2,2,11,0.82,0.82,0.82
SUP_EXT_0100,Superalloys,single,3,12,10,2,2,12,0.83,0.83,0.83
SUP_EXT_0101,Superalloys,single,3,6,5,0,1,5,1.0,0.83,0.91
SUP_EXT_0102,Superalloys,single,3,14,13,1,1,14,0.93,0.93,0.93
SUP_EXT_0103,Superalloys,single,3,9,7,1,2,8,0.88,0.78,0.83
SUP_EXT_0104,Superalloys,single,3,12,12,1,0,13,0.92,1.0,0.96
SUP_EXT_0105,Superalloys,single,3,12,9,3,3,12,0.75,0.75,0.75
SUP_EXT_0106,Superalloys,single,3,11,10,2,1,12,0.83,0.91,0.87
SUP_EXT_0107,Superalloys,single,3,11,9,3,2,12,0.75,0.82,0.78
SUP_EXT_0108,Superalloys,single,3,12,12,0,0,12,1.0,1.0,1.0
SUP_EXT_0109,Superalloys,single,3,12,10,3,2,13,0.77,0.83,0.8
SUP_EXT_0110,Superalloys,single,3,9,9,1,0,10,0.9,1.0,0.95
SUP_EXT_0111,Superalloys,single,3,6,6,1,0,7,0.86,1.0,0.92
SUP_EXT_0112,Superalloys,single,3,6,6,0,0,6,1.0,1.0,1.0
SUP_EXT_0113,Superalloys,multi,3,23,18,6,5,24,0.75,0.78,0.76
SUP_EXT_0114,Superalloys,single,3,11,10,1,1,11,0.91,0.91,0.91
SUP_EXT_0115,Superalloys,single,3,10,10,1,0,11,0.91,1.0,0.95
SUP_EXT_0116,Superalloys,single,3,7,7,1,0,8,0.88,1.0,0.94
SUP_EXT_0117,Superalloys,single,3,11,11,0,0,11,1.0,1.0,1.0
SUP_EXT_0118,Superalloys,single,3,11,10,1,1,11,0.91,0.91,0.91
SUP_EXT_0119,Superalloys,single,3,6,6,1,0,7,0.86,1.0,0.92
SUP_EXT_0120,Superalloys,single,3,11,10,2,1,12,0.83,0.91,0.87
SUP_EXT_0121,Superalloys,multi,3,25,25,0,0,25,1.0,1.0,1.0
SUP_EXT_0122,Superalloys,single,3,11,9,2,2,11,0.82,0.82,0.82
SUP_EXT_0123,Superalloys,single,3,11,10,1,1,11,0.91,0.91,0.91
SUP_EXT_0124,Superalloys,single,3,12,9,3,3,12,0.75,0.75,0.75
SUP_EXT_0125,Superalloys,multi,3,24,23,1,1,24,0.96,0.96,0.96
SUP_EXT_0126,Superalloys,single,3,10,8,1,2,9,0.89,0.8,0.84
SUP_EXT_0127,Superalloys,single,3,9,9,1,0,10,0.9,1.0,0.95
SUP_EXT_0128,Superalloys,single,3,6,6,0,0,6,1.0,1.0,1.0
SUP_EXT_0129,Superalloys,single,3,11,9,3,2,12,0.75,0.82,0.78
SUP_EXT_0130,Superalloys,multi,3,27,27,0,0,27,1.0,1.0,1.0
SUP_EXT_0131,Superalloys,single,3,8,7,2,1,9,0.78,0.88,0.83
SUP_EXT_0132,Superalloys,single,3,11,11,0,0,11,1.0,1.0,1.0
SUP_EXT_0133,Superalloys,single,3,10,9,1,1,10,0.9,0.9,0.9
SUP_EXT_0134,Superalloys,single,3,11,10,1,1,11,0.91,0.91,0.91
SUP_EXT_0135,Superalloys,single,3,8,7,0,1,7,1.0,0.88,0.94
SUP_EXT_0136,Superalloys,single,3,12,12,0,0,12,1.0,1.0,1.0
SUP_EXT_0137,Superalloys,single,3,8,7,1,1,8,0.88,0.88,0.88
SUP_EXT_0138,Superalloys,multi,3,21,17,6,4,23,0.74,0.81,0.77
SUP_EXT_0139,Superalloys,single,3,9,8,1,1,9,0.89,0.89,0.89
SUP_EXT_0140,Superalloys,single,3,6,6,1,0,7,0.86,1.0,0.92
SUP_EXT_0141,Superalloys,single,3,11,9,3,2,12,0.75,0.82,0.78
SUP_EXT_0142,Superalloys,multi,3,24,21,4,3,25,0.84,0.88,0.86
SUP_EXT_0143,Superalloys,single,3,12,10,2,2,12,0.83,0.83,0.83
SUP_EXT_0144,Superalloys,single,3,12,11,2,1,13,0.85,0.92,0.88
SUP_EXT_0145,Superalloys,single,3,6,6,0,0,6,1.0,1.0,1.0
SUP_EXT_0146,Superalloys,multi,3,21,19,2,2,21,0.9,0.9,0.9
SUP_EXT_0147,Superalloys,single,3,8,7,1,1,8,0.88,0.88,0.88
SUP_EXT_0148,Superalloys,multi,3,18,17,1,1,18,0.94,0.94,0.94
SUP_EXT_0149,Superalloys,single,3,9,7,2,2,9,0.78,0.78,0.78
SUP_EXT_0150,Superalloys,single,3,8,7,0,1,7,1.0,0.88,0.94
SUP_EXT_0151,Superalloys,single,3,11,9,2,2,11,0.82,0.82,0.82
SUP_EXT_0152,Superalloys,single,3,10,9,1,1,10,0.9,0.9,0.9
SUP_EXT_0153,Superalloys,single,3,8,7,2,1,9,0.78,0.88,0.83
SUP_EXT_0154,Superalloys,single,3,8,7,1,1,8,0.88,0.88,0.88
SUP_EXT_0155,Superalloys,single,3,10,9,1,1,10,0.9,0.9,0.9
SUP_EXT_0156,Superalloys,single,3,10,9,1,1,10,0.9,0.9,0.9
SUP_EXT_0157,Superalloys,single,3,8,8,0,0,8,1.0,1.0,1.0
SUP_EXT_0158,Superalloys,single,3,10,10,1,0,11,0.91,1.0,0.95
SUP_EXT_0159,Superalloys,single,3,12,10,3,2,13,0.77,0.83,0.8
SUP_EXT_0160,Superalloys,single,3,11,10,1,1,11,0.91,0.91,0.91
SUP_EXT_0161,Superalloys,single,3,7,6,2,1,8,0.75,0.86,0.8
SUP_EXT_0162,Superalloys,single,3,9,9,1,0,10,0.9,1.0,0.95
SUP_EXT_0163,Superalloys,single,3,12,11,2,1,13,0.85,0.92,0.88
SUP_EXT_0164,Superalloys,single,3,7,6,1,1,7,0.86,0.86,0.86
SUP_EXT_0165,Superalloys,single,3,11,10,0,1,10,1.0,0.91,0.95
SUP_EXT_0166,Superalloys,single,3,10,9,2,1,11,0.82,0.9,0.86
SUP_EXT_0167,Superalloys,single,3,11,10,2,1,12,0.83,0.91,0.87
SUP_EXT_0168,Superalloys,single,3,6,6,3,0,9,0.67,1.0,0.8
SUP_EXT_0169,Superalloys,single,3,6,6,2,0,8,0.75,1.0,0.86
SUP_EXT_0170,Superalloys,single,3,6,6,0,0,6,1.0,1.0,1.0
SUP_EXT_0171,Superalloys,single,3,11,10,2,1,12,0.83,0.91,0.87
SUP_EXT_0172,Superalloys,multi,3,24,18,8,6,26,0.69,0.75,0.72
SUP_EXT_0173,Superalloys,single,3,7,6,1,1,7,0.86,0.86,0.86
SUP_EXT_0174,Superalloys,single,3,12,11,1,1,12,0.92,0.92,0.92
SUP_EXT_0175,Superalloys,single,3,10,8,2,2,10,0.8,0.8,0.8
SUP_EXT_0176,Superalloys,single,3,6,6,1,0,7,0.86,1.0,0.92
SUP_EXT_0177,Superalloys,multi,3,20,18,2,2,20,0.9,0.9,0.9
SUP_EXT_0178,Superalloys,single,3,6,6,2,0,8,0.75,1.0,0.86
SUP_EXT_0179,Superalloys,single,3,11,10,2,1,12,0.83,0.91,0.87
SUP_EXT_0180,Superalloys,multi,3,18,18,0,0,18,1.0,1.0,1.0
SUP_EXT_0181,Superalloys,single,3,10,8,1,2,9,0.89,0.8,0.84
SUP_EXT_0182,Superalloys,single,3,11,11,0,0,11,1.0,1.0,1.0
SUP_EXT_0183,Superalloys,single,3,11,11,0,0,11,1.0,1.0,1.0
SUP_EXT_0184,Superalloys,single,3,6,6,1,0,7,0.86,1.0,0.92
SUP_EXT_0185,Superalloys,single,3,8,6,3,2,9,0.67,0.75,0.71
SUP_EXT_0186,Superalloys,single,3,13,11,3,2,14,0.79,0.85,0.82
SUP_EXT_0187,Superalloys,single,3,11,10,2,1,12,0.83,0.91,0.87
SUP_EXT_0188,Superalloys,single,3,9,8,2,1,10,0.8,0.89,0.84
SUP_EXT_0189,Superalloys,single,3,5,5,0,0,5,1.0,1.0,1.0
SUP_EXT_0190,Superalloys,single,3,15,14,2,1,16,0.88,0.93,0.9
SUP_EXT_0191,Superalloys,single,3,7,5,0,2,5,1.0,0.71,0.83
SUP_EXT_0192,Superalloys,single,3,10,9,2,1,11,0.82,0.9,0.86
SUP_EXT_0193,Superalloys,single,3,9,8,1,1,9,0.89,0.89,0.89
SUP_EXT_0194,Superalloys,single,3,12,11,1,1,12,0.92,0.92,0.92
SUP_EXT_0195,Superalloys,single,3,7,6,0,1,6,1.0,0.86,0.92
SUP_EXT_0196,Superalloys,single,3,11,9,3,2,12,0.75,0.82,0.78
SUP_EXT_0197,Superalloys,single,3,10,10,0,0,10,1.0,1.0,1.0
SUP_EXT_0198,Superalloys,single,3,11,10,2,1,12,0.83,0.91,0.87
SUP_EXT_0199,Superalloys,single,3,8,7,2,1,9,0.78,0.88,0.83
SUP_EXT_0200,Superalloys,single,3,8,7,1,1,8,0.88,0.88,0.88
SUP_EXT_0201,Superalloys,multi,3,21,21,0,0,21,1.0,1.0,1.0
SUP_EXT_0202,Superalloys,single,3,9,8,1,1,9,0.89,0.89,0.89
SUP_EXT_0203,Superalloys,single,3,10,9,1,1,10,0.9,0.9,0.9
SUP_EXT_0204,Superalloys,single,3,10,8,3,2,11,0.73,0.8,0.76
SUP_EXT_0205,Superalloys,single,3,8,6,2,2,8,0.75,0.75,0.75
SUP_EXT_0206,Superalloys,single,3,10,9,1,1,10,0.9,0.9,0.9
SUP_EXT_0207,Superalloys,single,3,9,8,1,1,9,0.89,0.89,0.89
SUP_EXT_0208,Superalloys,single,3,12,11,1,1,12,0.92,0.92,0.92
SUP_EXT_0209,Superalloys,single,3,10,8,2,2,10,0.8,0.8,0.8
SUP_EXT_0210,Superalloys,single,3,10,9,1,1,10,0.9,0.9,0.9
SUP_EXT_0211,Superalloys,single,3,10,10,1,0,11,0.91,1.0,0.95
SUP_EXT_0212,Superalloys,single,3,8,7,0,1,7,1.0,0.88,0.94
SUP_EXT_0213,Superalloys,single,3,12,10,2,2,12,0.83,0.83,0.83
SUP_EXT_0214,Superalloys,single,3,4,4,0,0,4,1.0,1.0,1.0
SEM_EXT_0001,Semiconductors,single,1,6,6,0,0,6,1.0,1.0,1.0
SEM_EXT_0002,Semiconductors,single,1,8,6,2,2,8,0.75,0.75,0.75
SEM_EXT_0003,Semiconductors,single,1,9,9,1,0,10,0.9,1.0,0.95
SEM_EXT_0004,Semiconductors,single,1,11,10,1,1,11,0.91,0.91,0.91
SEM_EXT_0005,Semiconductors,single,1,10,10,0,0,10,1.0,1.0,1.0
SEM_EXT_0006,Semiconductors,single,1,8,6,2,2,8,0.75,0.75,0.75
SEM_EXT_0007,Semiconductors,single,1,12,9,4,3,13,0.69,0.75,0.72
SEM_EXT_0008,Semiconductors,single,1,9,8,1,1,9,0.89,0.89,0.89
SEM_EXT_0009,Semiconductors,single,1,10,8,2,2,10,0.8,0.8,0.8
SEM_EXT_0010,Semiconductors,single,1,9,8,1,1,9,0.89,0.89,0.89
SEM_EXT_0011,Semiconductors,single,1,12,12,0,0,12,1.0,1.0,1.0
SEM_EXT_0012,Semiconductors,single,1,7,6,0,1,6,1.0,0.86,0.92
SEM_EXT_0013,Semiconductors,single,1,12,12,0,0,12,1.0,1.0,1.0
SEM_EXT_0014,Semiconductors,single,1,11,10,1,1,11,0.91,0.91,0.91
SEM_EXT_0015,Semiconductors,single,1,12,11,2,1,13,0.85,0.92,0.88
SEM_EXT_0016,Semiconductors,multi,1,29,28,1,1,29,0.97,0.97,0.97
SEM_EXT_0017,Semiconductors,single,1,8,6,2,2,8,0.75,0.75,0.75
SEM_EXT_0018,Semiconductors,single,1,11,9,2,2,11,0.82,0.82,0.82
SEM_EXT_0019,Semiconductors,single,1,15,14,0,1,14,1.0,0.93,0.96
SEM_EXT_0020,Semiconductors,single,1,12,9,3,3,12,0.75,0.75,0.75
SEM_EXT_0021,Semiconductors,single,1,8,8,1,0,9,0.89,1.0,0.94
SEM_EXT_0022,Semiconductors,multi,1,22,18,4,4,22,0.82,0.82,0.82
SEM_EXT_0023,Semiconductors,single,1,13,13,0,0,13,1.0,1.0,1.0
SEM_EXT_0024,Semiconductors,single,1,6,6,0,0,6,1.0,1.0,1.0
SEM_EXT_0025,Semiconductors,single,1,6,6,1,0,7,0.86,1.0,0.92
SEM_EXT_0026,Semiconductors,single,1,6,6,0,0,6,1.0,1.0,1.0
SEM_EXT_0027,Semiconductors,single,1,10,8,2,2,10,0.8,0.8,0.8
SEM_EXT_0028,Semiconductors,single,1,10,9,2,1,11,0.82,0.9,0.86
SEM_EXT_0029,Semiconductors,single,1,15,12,3,3,15,0.8,0.8,0.8
SEM_EXT_0030,Semiconductors,multi,1,33,29,3,4,32,0.91,0.88,0.89
SEM_EXT_0031,Semiconductors,single,1,7,7,1,0,8,0.88,1.0,0.94
SEM_EXT_0032,Semiconductors,single,1,9,9,0,0,9,1.0,1.0,1.0
SEM_EXT_0033,Semiconductors,single,1,9,8,2,1,10,0.8,0.89,0.84
SEM_EXT_0034,Semiconductors,single,1,12,10,1,2,11,0.91,0.83,0.87
SEM_EXT_0035,Semiconductors,single,1,12,9,3,3,12,0.75,0.75,0.75
SEM_EXT_0036,Semiconductors,single,1,8,7,2,1,9,0.78,0.88,0.83
SEM_EXT_0037,Semiconductors,single,1,12,11,1,1,12,0.92,0.92,0.92
SEM_EXT_0038,Semiconductors,single,1,12,11,0,1,11,1.0,0.92,0.96
SEM_EXT_0039,Semiconductors,single,1,9,8,2,1,10,0.8,0.89,0.84
SEM_EXT_0040,Semiconductors,single,1,12,11,1,1,12,0.92,0.92,0.92
SEM_EXT_0041,Semiconductors,multi,1,36,28,8,8,36,0.78,0.78,0.78
SEM_EXT_0042,Semiconductors,single,1,6,6,1,0,7,0.86,1.0,0.92
SEM_EXT_0043,Semiconductors,single,1,11,10,1,1,11,0.91,0.91,0.91
SEM_EXT_0044,Semiconductors,single,1,12,10,2,2,12,0.83,0.83,0.83
SEM_EXT_0045,Semiconductors,single,1,8,7,1,1,8,0.88,0.88,0.88
SEM_EXT_0046,Semiconductors,multi,1,24,24,0,0,24,1.0,1.0,1.0
SEM_EXT_0047,Semiconductors,single,1,7,7,1,0,8,0.88,1.0,0.94
SEM_EXT_0048,Semiconductors,single,1,8,8,0,0,8,1.0,1.0,1.0
SEM_EXT_0049,Semiconductors,single,1,12,10,2,2,12,0.83,0.83,0.83
SEM_EXT_0050,Semiconductors,single,1,6,6,0,0,6,1.0,1.0,1.0
SEM_EXT_0051,Semiconductors,single,1,11,10,1,1,11,0.91,0.91,0.91
SEM_EXT_0052,Semiconductors,single,1,8,7,1,1,8,0.88,0.88,0.88
SEM_EXT_0053,Semiconductors,single,1,9,8,1,1,9,0.89,0.89,0.89
SEM_EXT_0054,Semiconductors,multi,1,30,26,4,4,30,0.87,0.87,0.87
SEM_EXT_0055,Semiconductors,multi,1,31,26,6,5,32,0.81,0.84,0.82
SEM_EXT_0056,Semiconductors,single,1,6,6,1,0,7,0.86,1.0,0.92
SEM_EXT_0057,Semiconductors,single,1,10,9,1,1,10,0.9,0.9,0.9
SEM_EXT_0058,Semiconductors,single,1,9,9,0,0,9,1.0,1.0,1.0
SEM_EXT_0059,Semiconductors,single,1,9,9,0,0,9,1.0,1.0,1.0
SEM_EXT_0060,Semiconductors,single,1,11,9,2,2,11,0.82,0.82,0.82
SEM_EXT_0061,Semiconductors,single,1,12,11,1,1,12,0.92,0.92,0.92
SEM_EXT_0062,Semiconductors,single,1,6,6,0,0,6,1.0,1.0,1.0
SEM_EXT_0063,Semiconductors,single,1,8,7,0,1,7,1.0,0.88,0.94
SEM_EXT_0064,Semiconductors,single,1,7,7,0,0,7,1.0,1.0,1.0
SEM_EXT_0065,Semiconductors,single,1,9,8,1,1,9,0.89,0.89,0.89
SEM_EXT_0066,Semiconductors,single,1,11,10,1,1,11,0.91,0.91,0.91
SEM_EXT_0067,Semiconductors,single,1,10,9,1,1,10,0.9,0.9,0.9
SEM_EXT_0068,Semiconductors,single,1,7,6,2,1,8,0.75,0.86,0.8
SEM_EXT_0069,Semiconductors,single,1,8,7,0,1,7,1.0,0.88,0.94
SEM_EXT_0070,Semiconductors,single,1,6,5,0,1,5,1.0,0.83,0.91
SEM_EXT_0071,Semiconductors,single,1,12,12,0,0,12,1.0,1.0,1.0
SEM_EXT_0072,Semiconductors,single,1,10,9,1,1,10,0.9,0.9,0.9
SEM_EXT_0073,Semiconductors,single,1,8,7,1,1,8,0.88,0.88,0.88
SEM_EXT_0074,Semiconductors,single,1,6,6,0,0,6,1.0,1.0,1.0
SEM_EXT_0075,Semiconductors,single,1,8,7,1,1,8,0.88,0.88,0.88
SEM_EXT_0076,Semiconductors,single,1,10,10,0,0,10,1.0,1.0,1.0
SEM_EXT_0077,Semiconductors,multi,1,25,21,4,4,25,0.84,0.84,0.84
SEM_EXT_0078,Semiconductors,single,1,9,9,1,0,10,0.9,1.0,0.95
SEM_EXT_0079,Semiconductors,single,1,10,9,1,1,10,0.9,0.9,0.9
SEM_EXT_0080,Semiconductors,single,1,9,8,2,1,10,0.8,0.89,0.84
SEM_EXT_0081,Semiconductors,single,1,14,14,1,0,15,0.93,1.0,0.96
SEM_EXT_0082,Semiconductors,multi,1,28,26,2,2,28,0.93,0.93,0.93
SEM_EXT_0083,Semiconductors,single,1,9,7,2,2,9,0.78,0.78,0.78
SEM_EXT_0084,Semiconductors,single,1,6,6,1,0,7,0.86,1.0,0.92
SEM_EXT_0085,Semiconductors,single,1,11,10,1,1,11,0.91,0.91,0.91
SEM_EXT_0086,Semiconductors,single,1,9,8,2,1,10,0.8,0.89,0.84
SEM_EXT_0087,Semiconductors,single,1,8,8,0,0,8,1.0,1.0,1.0
SEM_EXT_0088,Semiconductors,single,1,11,10,1,1,11,0.91,0.91,0.91
SEM_EXT_0089,Semiconductors,single,1,8,7,1,1,8,0.88,0.88,0.88
SEM_EXT_0090,Semiconductors,single,1,9,7,2,2,9,0.78,0.78,0.78
SEM_EXT_0091,Semiconductors,single,1,12,10,2,2,12,0.83,0.83,0.83
SEM_EXT_0092,Semiconductors,single,1,9,8,0,1,8,1.0,0.89,0.94
SEM_EXT_0093,Semiconductors,single,1,8,8,0,0,8,1.0,1.0,1.0
SEM_EXT_0094,Semiconductors,multi,1,19,16,3,3,19,0.84,0.84,0.84
SEM_EXT_0095,Semiconductors,single,1,10,8,3,2,11,0.73,0.8,0.76
SEM_EXT_0096,Semiconductors,single,1,11,10,1,1,11,0.91,0.91,0.91
SEM_EXT_0097,Semiconductors,multi,1,25,22,3,3,25,0.88,0.88,0.88
SEM_EXT_0098,Semiconductors,single,1,10,8,2,2,10,0.8,0.8,0.8
SEM_EXT_0099,Semiconductors,single,1,11,9,2,2,11,0.82,0.82,0.82
SEM_EXT_0100,Semiconductors,single,1,13,11,2,2,13,0.85,0.85,0.85
SEM_EXT_0101,Semiconductors,single,1,7,7,1,0,8,0.88,1.0,0.94
SEM_EXT_0102,Semiconductors,single,1,8,7,1,1,8,0.88,0.88,0.88
SEM_EXT_0103,Semiconductors,single,1,8,8,1,0,9,0.89,1.0,0.94
SEM_EXT_0104,Semiconductors,single,1,7,7,0,0,7,1.0,1.0,1.0
SEM_EXT_0105,Semiconductors,single,1,10,10,1,0,11,0.91,1.0,0.95
SEM_EXT_0106,Semiconductors,single,1,9,8,1,1,9,0.89,0.89,0.89
SEM_EXT_0107,Semiconductors,single,1,6,6,2,0,8,0.75,1.0,0.86
SEM_EXT_0108,Semiconductors,single,1,12,11,0,1,11,1.0,0.92,0.96
SEM_EXT_0109,Semiconductors,single,1,10,10,0,0,10,1.0,1.0,1.0
SEM_EXT_0110,Semiconductors,single,1,11,10,0,1,10,1.0,0.91,0.95
SEM_EXT_0111,Semiconductors,single,1,12,11,0,1,11,1.0,0.92,0.96
SEM_EXT_0112,Semiconductors,multi,1,28,24,4,4,28,0.86,0.86,0.86
SEM_EXT_0113,Semiconductors,single,1,9,8,0,1,8,1.0,0.89,0.94
SEM_EXT_0114,Semiconductors,single,1,12,11,1,1,12,0.92,0.92,0.92
SEM_EXT_0115,Semiconductors,multi,1,28,25,2,3,27,0.93,0.89,0.91
SEM_EXT_0116,Semiconductors,single,1,11,11,0,0,11,1.0,1.0,1.0
SEM_EXT_0117,Semiconductors,single,1,10,9,2,1,11,0.82,0.9,0.86
SEM_EXT_0118,Semiconductors,single,1,12,10,3,2,13,0.77,0.83,0.8
SEM_EXT_0119,Semiconductors,single,1,12,11,1,1,12,0.92,0.92,0.92
SEM_EXT_0120,Semiconductors,single,1,11,11,0,0,11,1.0,1.0,1.0
SEM_EXT_0121,Semiconductors,single,1,11,9,1,2,10,0.9,0.82,0.86
SEM_EXT_0122,Semiconductors,single,1,10,9,1,1,10,0.9,0.9,0.9
SEM_EXT_0123,Semiconductors,single,1,6,6,0,0,6,1.0,1.0,1.0
SEM_EXT_0124,Semiconductors,multi,1,26,26,0,0,26,1.0,1.0,1.0
SEM_EXT_0125,Semiconductors,single,1,12,10,3,2,13,0.77,0.83,0.8
SEM_EXT_0126,Semiconductors,single,1,8,7,1,1,8,0.88,0.88,0.88
SEM_EXT_0127,Semiconductors,single,1,4,4,0,0,4,1.0,1.0,1.0
SEM_EXT_0128,Semiconductors,single,1,8,7,1,1,8,0.88,0.88,0.88
SEM_EXT_0129,Semiconductors,single,1,13,11,1,2,12,0.92,0.85,0.88
SEM_EXT_0130,Semiconductors,single,1,12,11,0,1,11,1.0,0.92,0.96
SEM_EXT_0131,Semiconductors,single,1,10,9,1,1,10,0.9,0.9,0.9
SEM_EXT_0132,Semiconductors,single,1,14,13,1,1,14,0.93,0.93,0.93
SEM_EXT_0133,Semiconductors,single,1,8,7,1,1,8,0.88,0.88,0.88
SEM_EXT_0134,Semiconductors,single,1,9,8,2,1,10,0.8,0.89,0.84
SEM_EXT_0135,Semiconductors,single,1,12,11,0,1,11,1.0,0.92,0.96
SEM_EXT_0136,Semiconductors,multi,1,38,34,5,4,39,0.87,0.89,0.88
SEM_EXT_0137,Semiconductors,single,1,9,8,1,1,9,0.89,0.89,0.89
SEM_EXT_0138,Semiconductors,single,1,7,7,1,0,8,0.88,1.0,0.94
SEM_EXT_0139,Semiconductors,single,1,8,7,2,1,9,0.78,0.88,0.83
SEM_EXT_0140,Semiconductors,single,1,10,10,0,0,10,1.0,1.0,1.0
SEM_EXT_0141,Semiconductors,multi,1,28,24,5,4,29,0.83,0.86,0.84
SEM_EXT_0142,Semiconductors,single,1,6,6,1,0,7,0.86,1.0,0.92
SEM_EXT_0143,Semiconductors,single,1,9,8,1,1,9,0.89,0.89,0.89
SEM_EXT_0144,Semiconductors,single,1,8,7,1,1,8,0.88,0.88,0.88
SEM_EXT_0145,Semiconductors,single,1,10,10,0,0,10,1.0,1.0,1.0
SEM_EXT_0146,Semiconductors,single,1,11,10,1,1,11,0.91,0.91,0.91
SEM_EXT_0147,Semiconductors,single,1,12,10,3,2,13,0.77,0.83,0.8
SEM_EXT_0148,Semiconductors,single,1,10,8,1,2,9,0.89,0.8,0.84
SEM_EXT_0149,Semiconductors,single,1,6,6,0,0,6,1.0,1.0,1.0
SEM_EXT_0150,Semiconductors,single,1,11,8,2,3,10,0.8,0.73,0.76
SEM_EXT_0151,Semiconductors,single,1,7,6,0,1,6,1.0,0.86,0.92
SEM_EXT_0152,Semiconductors,single,1,9,7,1,2,8,0.88,0.78,0.83
SEM_EXT_0153,Semiconductors,single,1,11,11,0,0,11,1.0,1.0,1.0
SEM_EXT_0154,Semiconductors,multi,1,23,22,1,1,23,0.96,0.96,0.96
SEM_EXT_0155,Semiconductors,single,1,11,0,0,11,0,0.0,0.0,0.0
SEM_EXT_0156,Semiconductors,single,1,11,10,1,1,11,0.91,0.91,0.91
SEM_EXT_0157,Semiconductors,single,1,9,9,0,0,9,1.0,1.0,1.0
SEM_EXT_0158,Semiconductors,single,1,6,6,1,0,7,0.86,1.0,0.92
SEM_EXT_0159,Semiconductors,single,1,12,10,2,2,12,0.83,0.83,0.83
SEM_EXT_0160,Semiconductors,single,1,9,8,2,1,10,0.8,0.89,0.84
SEM_EXT_0161,Semiconductors,single,1,12,11,1,1,12,0.92,0.92,0.92
SEM_EXT_0162,Semiconductors,multi,1,32,28,4,4,32,0.88,0.88,0.88
SEM_EXT_0163,Semiconductors,single,1,7,7,0,0,7,1.0,1.0,1.0
SEM_EXT_0164,Semiconductors,single,1,7,7,0,0,7,1.0,1.0,1.0
SEM_EXT_0165,Semiconductors,single,1,6,6,0,0,6,1.0,1.0,1.0
SEM_EXT_0166,Semiconductors,single,1,10,0,2,10,2,0.0,0.0,0.0
SEM_EXT_0167,Semiconductors,single,1,7,6,0,1,6,1.0,0.86,0.92
SEM_EXT_0168,Semiconductors,single,1,12,10,2,2,12,0.83,0.83,0.83
SEM_EXT_0169,Semiconductors,single,1,11,10,2,1,12,0.83,0.91,0.87
SEM_EXT_0170,Semiconductors,single,1,6,6,0,0,6,1.0,1.0,1.0
SEM_EXT_0171,Semiconductors,single,1,8,8,0,0,8,1.0,1.0,1.0
SEM_EXT_0172,Semiconductors,single,1,12,11,2,1,13,0.85,0.92,0.88
SEM_EXT_0173,Semiconductors,single,1,6,6,1,0,7,0.86,1.0,0.92
SEM_EXT_0174,Semiconductors,multi,1,24,22,2,2,24,0.92,0.92,0.92
SEM_EXT_0175,Semiconductors,single,1,8,7,1,1,8,0.88,0.88,0.88
SEM_EXT_0176,Semiconductors,single,1,8,6,0,2,6,1.0,0.75,0.86
SEM_EXT_0177,Semiconductors,multi,1,36,30,6,6,36,0.83,0.83,0.83
SEM_EXT_0178,Semiconductors,single,1,12,10,2,2,12,0.83,0.83,0.83
SEM_EXT_0179,Semiconductors,single,1,9,7,1,2,8,0.88,0.78,0.83
SEM_EXT_0180,Semiconductors,single,1,11,10,1,1,11,0.91,0.91,0.91
SEM_EXT_0181,Semiconductors,single,1,10,9,1,1,10,0.9,0.9,0.9
SEM_EXT_0182,Semiconductors,multi,1,25,21,3,4,24,0.88,0.84,0.86
SEM_EXT_0183,Semiconductors,single,1,15,12,4,3,16,0.75,0.8,0.77
SEM_EXT_0184,Semiconductors,multi,1,20,15,5,5,20,0.75,0.75,0.75
SEM_EXT_0185,Semiconductors,single,1,6,6,1,0,7,0.86,1.0,0.92
SEM_EXT_0186,Semiconductors,single,1,8,8,0,0,8,1.0,1.0,1.0
SEM_EXT_0187,Semiconductors,single,1,7,6,1,1,7,0.86,0.86,0.86
SEM_EXT_0188,Semiconductors,single,1,7,6,0,1,6,1.0,0.86,0.92
SEM_EXT_0189,Semiconductors,single,1,6,6,1,0,7,0.86,1.0,0.92
SEM_EXT_0190,Semiconductors,single,1,7,7,0,0,7,1.0,1.0,1.0
SEM_EXT_0191,Semiconductors,single,1,6,6,1,0,7,0.86,1.0,0.92
SEM_EXT_0192,Semiconductors,single,1,15,15,1,0,16,0.94,1.0,0.97
SEM_EXT_0193,Semiconductors,single,1,10,9,0,1,9,1.0,0.9,0.95
SEM_EXT_0194,Semiconductors,single,1,6,6,0,0,6,1.0,1.0,1.0
SEM_EXT_0195,Semiconductors,single,1,10,9,0,1,9,1.0,0.9,0.95
SEM_EXT_0196,Semiconductors,single,1,11,9,2,2,11,0.82,0.82,0.82
SEM_EXT_0197,Semiconductors,single,1,8,7,0,1,7,1.0,0.88,0.94
SEM_EXT_0198,Semiconductors,single,1,6,6,2,0,8,0.75,1.0,0.86
SEM_EXT_0001,Semiconductors,single,2,6,6,0,0,6,1.0,1.0,1.0
SEM_EXT_0002,Semiconductors,single,2,8,7,1,1,8,0.88,0.88,0.88
SEM_EXT_0003,Semiconductors,single,2,9,9,1,0,10,0.9,1.0,0.95
SEM_EXT_0004,Semiconductors,single,2,11,11,1,0,12,0.92,1.0,0.96
SEM_EXT_0005,Semiconductors,single,2,10,9,0,1,9,1.0,0.9,0.95
SEM_EXT_0006,Semiconductors,single,2,8,7,2,1,9,0.78,0.88,0.83
SEM_EXT_0007,Semiconductors,single,2,12,0,2,12,2,0.0,0.0,0.0
SEM_EXT_0008,Semiconductors,single,2,9,9,1,0,10,0.9,1.0,0.95
SEM_EXT_0009,Semiconductors,single,2,10,9,2,1,11,0.82,0.9,0.86
SEM_EXT_0010,Semiconductors,single,2,9,8,1,1,9,0.89,0.89,0.89
SEM_EXT_0011,Semiconductors,single,2,12,12,0,0,12,1.0,1.0,1.0
SEM_EXT_0012,Semiconductors,single,2,7,7,0,0,7,1.0,1.0,1.0
SEM_EXT_0013,Semiconductors,single,2,12,12,0,0,12,1.0,1.0,1.0
SEM_EXT_0014,Semiconductors,single,2,11,9,1,2,10,0.9,0.82,0.86
SEM_EXT_0015,Semiconductors,single,2,12,11,0,1,11,1.0,0.92,0.96
SEM_EXT_0016,Semiconductors,multi,2,29,28,1,1,29,0.97,0.97,0.97
SEM_EXT_0017,Semiconductors,single,2,8,6,0,2,6,1.0,0.75,0.86
SEM_EXT_0018,Semiconductors,single,2,11,9,3,2,12,0.75,0.82,0.78
SEM_EXT_0019,Semiconductors,single,2,15,15,1,0,16,0.94,1.0,0.97
SEM_EXT_0020,Semiconductors,single,2,12,9,3,3,12,0.75,0.75,0.75
SEM_EXT_0021,Semiconductors,single,2,8,8,0,0,8,1.0,1.0,1.0
SEM_EXT_0022,Semiconductors,multi,2,22,18,3,4,21,0.86,0.82,0.84
SEM_EXT_0023,Semiconductors,single,2,13,12,1,1,13,0.92,0.92,0.92
SEM_EXT_0024,Semiconductors,single,2,6,6,0,0,6,1.0,1.0,1.0
SEM_EXT_0025,Semiconductors,single,2,6,6,1,0,7,0.86,1.0,0.92
SEM_EXT_0026,Semiconductors,single,2,6,6,0,0,6,1.0,1.0,1.0
SEM_EXT_0027,Semiconductors,single,2,10,8,2,2,10,0.8,0.8,0.8
SEM_EXT_0028,Semiconductors,single,2,10,9,1,1,10,0.9,0.9,0.9
SEM_EXT_0029,Semiconductors,single,2,15,13,3,2,16,0.81,0.87,0.84
SEM_EXT_0030,Semiconductors,multi,2,33,29,4,4,33,0.88,0.88,0.88
SEM_EXT_0031,Semiconductors,single,2,7,7,0,0,7,1.0,1.0,1.0
SEM_EXT_0032,Semiconductors,single,2,9,9,0,0,9,1.0,1.0,1.0
SEM_EXT_0033,Semiconductors,single,2,9,8,2,1,10,0.8,0.89,0.84
SEM_EXT_0034,Semiconductors,single,2,12,10,2,2,12,0.83,0.83,0.83
SEM_EXT_0035,Semiconductors,single,2,12,10,2,2,12,0.83,0.83,0.83
SEM_EXT_0036,Semiconductors,single,2,8,6,1,2,7,0.86,0.75,0.8
SEM_EXT_0037,Semiconductors,single,2,12,11,1,1,12,0.92,0.92,0.92
SEM_EXT_0038,Semiconductors,single,2,12,12,0,0,12,1.0,1.0,1.0
SEM_EXT_0039,Semiconductors,single,2,9,8,1,1,9,0.89,0.89,0.89
SEM_EXT_0040,Semiconductors,single,2,12,11,1,1,12,0.92,0.92,0.92
SEM_EXT_0041,Semiconductors,multi,2,36,28,9,8,37,0.76,0.78,0.77
SEM_EXT_0042,Semiconductors,single,2,6,6,0,0,6,1.0,1.0,1.0
SEM_EXT_0043,Semiconductors,single,2,11,10,1,1,11,0.91,0.91,0.91
SEM_EXT_0044,Semiconductors,single,2,12,11,1,1,12,0.92,0.92,0.92
SEM_EXT_0045,Semiconductors,single,2,8,7,2,1,9,0.78,0.88,0.83
SEM_EXT_0046,Semiconductors,multi,2,24,24,0,0,24,1.0,1.0,1.0
SEM_EXT_0047,Semiconductors,single,2,7,7,1,0,8,0.88,1.0,0.94
SEM_EXT_0048,Semiconductors,single,2,8,8,0,0,8,1.0,1.0,1.0
SEM_EXT_0049,Semiconductors,single,2,12,10,2,2,12,0.83,0.83,0.83
SEM_EXT_0050,Semiconductors,single,2,6,6,0,0,6,1.0,1.0,1.0
SEM_EXT_0051,Semiconductors,single,2,11,9,1,2,10,0.9,0.82,0.86
SEM_EXT_0052,Semiconductors,single,2,8,7,1,1,8,0.88,0.88,0.88
SEM_EXT_0053,Semiconductors,single,2,9,8,1,1,9,0.89,0.89,0.89
SEM_EXT_0054,Semiconductors,multi,2,30,26,5,4,31,0.84,0.87,0.85
SEM_EXT_0055,Semiconductors,multi,2,31,26,5,5,31,0.84,0.84,0.84
SEM_EXT_0056,Semiconductors,single,2,6,6,0,0,6,1.0,1.0,1.0
SEM_EXT_0057,Semiconductors,single,2,10,9,0,1,9,1.0,0.9,0.95
SEM_EXT_0058,Semiconductors,single,2,9,9,0,0,9,1.0,1.0,1.0
SEM_EXT_0059,Semiconductors,single,2,9,9,1,0,10,0.9,1.0,0.95
SEM_EXT_0060,Semiconductors,single,2,11,10,1,1,11,0.91,0.91,0.91
SEM_EXT_0061,Semiconductors,single,2,12,11,1,1,12,0.92,0.92,0.92
SEM_EXT_0062,Semiconductors,single,2,6,6,0,0,6,1.0,1.0,1.0
SEM_EXT_0063,Semiconductors,single,2,8,8,1,0,9,0.89,1.0,0.94
SEM_EXT_0064,Semiconductors,single,2,7,6,0,1,6,1.0,0.86,0.92
SEM_EXT_0065,Semiconductors,single,2,9,8,1,1,9,0.89,0.89,0.89
SEM_EXT_0066,Semiconductors,single,2,11,10,1,1,11,0.91,0.91,0.91
SEM_EXT_0067,Semiconductors,single,2,10,9,1,1,10,0.9,0.9,0.9
SEM_EXT_0068,Semiconductors,single,2,7,7,1,0,8,0.88,1.0,0.94
SEM_EXT_0069,Semiconductors,single,2,8,7,1,1,8,0.88,0.88,0.88
SEM_EXT_0070,Semiconductors,single,2,6,6,0,0,6,1.0,1.0,1.0
SEM_EXT_0071,Semiconductors,single,2,12,12,0,0,12,1.0,1.0,1.0
SEM_EXT_0072,Semiconductors,single,2,10,9,1,1,10,0.9,0.9,0.9
SEM_EXT_0073,Semiconductors,single,2,8,7,0,1,7,1.0,0.88,0.94
SEM_EXT_0074,Semiconductors,single,2,6,6,1,0,7,0.86,1.0,0.92
SEM_EXT_0075,Semiconductors,single,2,8,8,1,0,9,0.89,1.0,0.94
SEM_EXT_0076,Semiconductors,single,2,10,10,0,0,10,1.0,1.0,1.0
SEM_EXT_0077,Semiconductors,multi,2,25,21,4,4,25,0.84,0.84,0.84
SEM_EXT_0078,Semiconductors,single,2,9,8,1,1,9,0.89,0.89,0.89
SEM_EXT_0079,Semiconductors,single,2,10,10,0,0,10,1.0,1.0,1.0
SEM_EXT_0080,Semiconductors,single,2,9,8,1,1,9,0.89,0.89,0.89
SEM_EXT_0081,Semiconductors,single,2,14,12,1,2,13,0.92,0.86,0.89
SEM_EXT_0082,Semiconductors,multi,2,28,26,2,2,28,0.93,0.93,0.93
SEM_EXT_0083,Semiconductors,single,2,9,7,2,2,9,0.78,0.78,0.78
SEM_EXT_0084,Semiconductors,single,2,6,6,2,0,8,0.75,1.0,0.86
SEM_EXT_0085,Semiconductors,single,2,11,10,1,1,11,0.91,0.91,0.91
SEM_EXT_0086,Semiconductors,single,2,9,7,1,2,8,0.88,0.78,0.83
SEM_EXT_0087,Semiconductors,single,2,8,8,0,0,8,1.0,1.0,1.0
SEM_EXT_0088,Semiconductors,single,2,11,9,2,2,11,0.82,0.82,0.82
SEM_EXT_0089,Semiconductors,single,2,8,7,1,1,8,0.88,0.88,0.88
SEM_EXT_0090,Semiconductors,single,2,9,7,2,2,9,0.78,0.78,0.78
SEM_EXT_0091,Semiconductors,single,2,12,10,2,2,12,0.83,0.83,0.83
SEM_EXT_0092,Semiconductors,single,2,9,8,1,1,9,0.89,0.89,0.89
SEM_EXT_0093,Semiconductors,single,2,8,8,1,0,9,0.89,1.0,0.94
SEM_EXT_0094,Semiconductors,multi,2,19,17,3,2,20,0.85,0.89,0.87
SEM_EXT_0095,Semiconductors,single,2,10,7,2,3,9,0.78,0.7,0.74
SEM_EXT_0096,Semiconductors,single,2,11,10,1,1,11,0.91,0.91,0.91
SEM_EXT_0097,Semiconductors,multi,2,25,23,3,2,26,0.88,0.92,0.9
SEM_EXT_0098,Semiconductors,single,2,10,8,2,2,10,0.8,0.8,0.8
SEM_EXT_0099,Semiconductors,single,2,11,10,1,1,11,0.91,0.91,0.91
SEM_EXT_0100,Semiconductors,single,2,13,11,1,2,12,0.92,0.85,0.88
SEM_EXT_0101,Semiconductors,single,2,7,7,0,0,7,1.0,1.0,1.0
SEM_EXT_0102,Semiconductors,single,2,8,6,1,2,7,0.86,0.75,0.8
SEM_EXT_0103,Semiconductors,single,2,8,7,1,1,8,0.88,0.88,0.88
SEM_EXT_0104,Semiconductors,single,2,7,7,0,0,7,1.0,1.0,1.0
SEM_EXT_0105,Semiconductors,single,2,10,10,0,0,10,1.0,1.0,1.0
SEM_EXT_0106,Semiconductors,single,2,9,8,2,1,10,0.8,0.89,0.84
SEM_EXT_0107,Semiconductors,single,2,6,6,1,0,7,0.86,1.0,0.92
SEM_EXT_0108,Semiconductors,single,2,12,11,0,1,11,1.0,0.92,0.96
SEM_EXT_0109,Semiconductors,single,2,10,10,0,0,10,1.0,1.0,1.0
SEM_EXT_0110,Semiconductors,single,2,11,10,0,1,10,1.0,0.91,0.95
SEM_EXT_0111,Semiconductors,single,2,12,11,0,1,11,1.0,0.92,0.96
SEM_EXT_0112,Semiconductors,multi,2,28,22,6,6,28,0.79,0.79,0.79
SEM_EXT_0113,Semiconductors,single,2,9,9,0,0,9,1.0,1.0,1.0
SEM_EXT_0114,Semiconductors,single,2,12,10,2,2,12,0.83,0.83,0.83
SEM_EXT_0115,Semiconductors,multi,2,28,26,3,2,29,0.9,0.93,0.91
SEM_EXT_0116,Semiconductors,single,2,11,10,1,1,11,0.91,0.91,0.91
SEM_EXT_0117,Semiconductors,single,2,10,8,1,2,9,0.89,0.8,0.84
SEM_EXT_0118,Semiconductors,single,2,12,10,2,2,12,0.83,0.83,0.83
SEM_EXT_0119,Semiconductors,single,2,12,11,0,1,11,1.0,0.92,0.96
SEM_EXT_0120,Semiconductors,single,2,11,9,1,2,10,0.9,0.82,0.86
SEM_EXT_0121,Semiconductors,single,2,11,10,1,1,11,0.91,0.91,0.91
SEM_EXT_0122,Semiconductors,single,2,10,9,0,1,9,1.0,0.9,0.95
SEM_EXT_0123,Semiconductors,single,2,6,6,1,0,7,0.86,1.0,0.92
SEM_EXT_0124,Semiconductors,multi,2,26,26,0,0,26,1.0,1.0,1.0
SEM_EXT_0125,Semiconductors,single,2,12,9,3,3,12,0.75,0.75,0.75
SEM_EXT_0126,Semiconductors,single,2,8,7,1,1,8,0.88,0.88,0.88
SEM_EXT_0127,Semiconductors,single,2,4,4,0,0,4,1.0,1.0,1.0
SEM_EXT_0128,Semiconductors,single,2,8,7,1,1,8,0.88,0.88,0.88
SEM_EXT_0129,Semiconductors,single,2,13,12,1,1,13,0.92,0.92,0.92
SEM_EXT_0130,Semiconductors,single,2,12,12,0,0,12,1.0,1.0,1.0
SEM_EXT_0131,Semiconductors,single,2,10,8,1,2,9,0.89,0.8,0.84
SEM_EXT_0132,Semiconductors,single,2,14,13,2,1,15,0.87,0.93,0.9
SEM_EXT_0133,Semiconductors,single,2,8,7,1,1,8,0.88,0.88,0.88
SEM_EXT_0134,Semiconductors,single,2,9,8,1,1,9,0.89,0.89,0.89
SEM_EXT_0135,Semiconductors,single,2,12,12,0,0,12,1.0,1.0,1.0
SEM_EXT_0136,Semiconductors,multi,2,38,34,4,4,38,0.89,0.89,0.89
SEM_EXT_0137,Semiconductors,single,2,9,8,1,1,9,0.89,0.89,0.89
SEM_EXT_0138,Semiconductors,single,2,7,6,1,1,7,0.86,0.86,0.86
SEM_EXT_0139,Semiconductors,single,2,8,7,2,1,9,0.78,0.88,0.83
SEM_EXT_0140,Semiconductors,single,2,10,10,0,0,10,1.0,1.0,1.0
SEM_EXT_0141,Semiconductors,multi,2,28,24,5,4,29,0.83,0.86,0.84
SEM_EXT_0142,Semiconductors,single,2,6,6,1,0,7,0.86,1.0,0.92
SEM_EXT_0143,Semiconductors,single,2,9,7,1,2,8,0.88,0.78,0.83
SEM_EXT_0144,Semiconductors,single,2,8,6,1,2,7,0.86,0.75,0.8
SEM_EXT_0145,Semiconductors,single,2,10,10,0,0,10,1.0,1.0,1.0
SEM_EXT_0146,Semiconductors,single,2,11,9,2,2,11,0.82,0.82,0.82
SEM_EXT_0147,Semiconductors,single,2,12,10,2,2,12,0.83,0.83,0.83
SEM_EXT_0148,Semiconductors,single,2,10,9,2,1,11,0.82,0.9,0.86
SEM_EXT_0149,Semiconductors,single,2,6,6,0,0,6,1.0,1.0,1.0
SEM_EXT_0150,Semiconductors,single,2,11,8,3,3,11,0.73,0.73,0.73
SEM_EXT_0151,Semiconductors,single,2,7,7,0,0,7,1.0,1.0,1.0
SEM_EXT_0152,Semiconductors,single,2,9,8,1,1,9,0.89,0.89,0.89
SEM_EXT_0153,Semiconductors,single,2,11,11,1,0,12,0.92,1.0,0.96
SEM_EXT_0154,Semiconductors,multi,2,23,21,2,2,23,0.91,0.91,0.91
SEM_EXT_0155,Semiconductors,single,2,11,0,1,11,1,0.0,0.0,0.0
SEM_EXT_0156,Semiconductors,single,2,11,11,0,0,11,1.0,1.0,1.0
SEM_EXT_0157,Semiconductors,single,2,9,8,0,1,8,1.0,0.89,0.94
SEM_EXT_0158,Semiconductors,single,2,6,6,1,0,7,0.86,1.0,0.92
SEM_EXT_0159,Semiconductors,single,2,12,10,2,2,12,0.83,0.83,0.83
SEM_EXT_0160,Semiconductors,single,2,9,7,1,2,8,0.88,0.78,0.83
SEM_EXT_0161,Semiconductors,single,2,12,12,1,0,13,0.92,1.0,0.96
SEM_EXT_0162,Semiconductors,multi,2,32,28,5,4,33,0.85,0.88,0.86
SEM_EXT_0163,Semiconductors,single,2,7,7,0,0,7,1.0,1.0,1.0
SEM_EXT_0164,Semiconductors,single,2,7,7,0,0,7,1.0,1.0,1.0
SEM_EXT_0165,Semiconductors,single,2,6,6,0,0,6,1.0,1.0,1.0
SEM_EXT_0166,Semiconductors,single,2,10,7,3,3,10,0.7,0.7,0.7
SEM_EXT_0167,Semiconductors,single,2,7,7,1,0,8,0.88,1.0,0.94
SEM_EXT_0168,Semiconductors,single,2,12,10,3,2,13,0.77,0.83,0.8
SEM_EXT_0169,Semiconductors,single,2,11,10,1,1,11,0.91,0.91,0.91
SEM_EXT_0170,Semiconductors,single,2,6,6,0,0,6,1.0,1.0,1.0
SEM_EXT_0171,Semiconductors,single,2,8,8,0,0,8,1.0,1.0,1.0
SEM_EXT_0172,Semiconductors,single,2,12,10,2,2,12,0.83,0.83,0.83
SEM_EXT_0173,Semiconductors,single,2,6,6,0,0,6,1.0,1.0,1.0
SEM_EXT_0174,Semiconductors,multi,2,24,22,2,2,24,0.92,0.92,0.92
SEM_EXT_0175,Semiconductors,single,2,8,7,1,1,8,0.88,0.88,0.88
SEM_EXT_0176,Semiconductors,single,2,8,7,1,1,8,0.88,0.88,0.88
SEM_EXT_0177,Semiconductors,multi,2,36,32,5,4,37,0.86,0.89,0.87
SEM_EXT_0178,Semiconductors,single,2,12,10,2,2,12,0.83,0.83,0.83
SEM_EXT_0179,Semiconductors,single,2,9,8,2,1,10,0.8,0.89,0.84
SEM_EXT_0180,Semiconductors,single,2,11,10,0,1,10,1.0,0.91,0.95
SEM_EXT_0181,Semiconductors,single,2,10,9,1,1,10,0.9,0.9,0.9
SEM_EXT_0182,Semiconductors,multi,2,25,21,4,4,25,0.84,0.84,0.84
SEM_EXT_0183,Semiconductors,single,2,15,12,3,3,15,0.8,0.8,0.8
SEM_EXT_0184,Semiconductors,multi,2,20,15,5,5,20,0.75,0.75,0.75
SEM_EXT_0185,Semiconductors,single,2,6,6,0,0,6,1.0,1.0,1.0
SEM_EXT_0186,Semiconductors,single,2,8,8,0,0,8,1.0,1.0,1.0
SEM_EXT_0187,Semiconductors,single,2,7,7,1,0,8,0.88,1.0,0.94
SEM_EXT_0188,Semiconductors,single,2,7,7,1,0,8,0.88,1.0,0.94
SEM_EXT_0189,Semiconductors,single,2,6,6,1,0,7,0.86,1.0,0.92
SEM_EXT_0190,Semiconductors,single,2,7,7,0,0,7,1.0,1.0,1.0
SEM_EXT_0191,Semiconductors,single,2,6,6,0,0,6,1.0,1.0,1.0
SEM_EXT_0192,Semiconductors,single,2,15,15,0,0,15,1.0,1.0,1.0
SEM_EXT_0193,Semiconductors,single,2,10,9,1,1,10,0.9,0.9,0.9
SEM_EXT_0194,Semiconductors,single,2,6,6,1,0,7,0.86,1.0,0.92
SEM_EXT_0195,Semiconductors,single,2,10,9,0,1,9,1.0,0.9,0.95
SEM_EXT_0196,Semiconductors,single,2,11,9,2,2,11,0.82,0.82,0.82
SEM_EXT_0197,Semiconductors,single,2,8,8,0,0,8,1.0,1.0,1.0
SEM_EXT_0198,Semiconductors,single,2,6,6,1,0,7,0.86,1.0,0.92
SEM_EXT_0001,Semiconductors,single,3,6,6,1,0,7,0.86,1.0,0.92
SEM_EXT_0002,Semiconductors,single,3,8,7,2,1,9,0.78,0.88,0.83
SEM_EXT_0003,Semiconductors,single,3,9,9,0,0,9,1.0,1.0,1.0
SEM_EXT_0004,Semiconductors,single,3,11,10,1,1,11,0.91,0.91,0.91
SEM_EXT_0005,Semiconductors,single,3,10,10,0,0,10,1.0,1.0,1.0
SEM_EXT_0006,Semiconductors,single,3,8,7,1,1,8,0.88,0.88,0.88
SEM_EXT_0007,Semiconductors,single,3,12,9,3,3,12,0.75,0.75,0.75
SEM_EXT_0008,Semiconductors,single,3,9,8,2,1,10,0.8,0.89,0.84
SEM_EXT_0009,Semiconductors,single,3,10,8,2,2,10,0.8,0.8,0.8
SEM_EXT_0010,Semiconductors,single,3,9,8,1,1,9,0.89,0.89,0.89
SEM_EXT_0011,Semiconductors,single,3,12,12,0,0,12,1.0,1.0,1.0
SEM_EXT_0012,Semiconductors,single,3,7,7,0,0,7,1.0,1.0,1.0
SEM_EXT_0013,Semiconductors,single,3,12,12,1,0,13,0.92,1.0,0.96
SEM_EXT_0014,Semiconductors,single,3,11,10,2,1,12,0.83,0.91,0.87
SEM_EXT_0015,Semiconductors,single,3,12,11,1,1,12,0.92,0.92,0.92
SEM_EXT_0016,Semiconductors,multi,3,29,28,0,1,28,1.0,0.97,0.98
SEM_EXT_0017,Semiconductors,single,3,8,7,2,1,9,0.78,0.88,0.83
SEM_EXT_0018,Semiconductors,single,3,11,9,2,2,11,0.82,0.82,0.82
SEM_EXT_0019,Semiconductors,single,3,15,14,1,1,15,0.93,0.93,0.93
SEM_EXT_0020,Semiconductors,single,3,12,10,3,2,13,0.77,0.83,0.8
SEM_EXT_0021,Semiconductors,single,3,8,8,1,0,9,0.89,1.0,0.94
SEM_EXT_0022,Semiconductors,multi,3,22,18,4,4,22,0.82,0.82,0.82
SEM_EXT_0023,Semiconductors,single,3,13,13,1,0,14,0.93,1.0,0.96
SEM_EXT_0024,Semiconductors,single,3,6,5,0,1,5,1.0,0.83,0.91
SEM_EXT_0025,Semiconductors,single,3,6,6,1,0,7,0.86,1.0,0.92
SEM_EXT_0026,Semiconductors,single,3,6,6,0,0,6,1.0,1.0,1.0
SEM_EXT_0027,Semiconductors,single,3,10,9,1,1,10,0.9,0.9,0.9
SEM_EXT_0028,Semiconductors,single,3,10,9,1,1,10,0.9,0.9,0.9
SEM_EXT_0029,Semiconductors,single,3,15,11,3,4,14,0.79,0.73,0.76
SEM_EXT_0030,Semiconductors,multi,3,33,28,5,5,33,0.85,0.85,0.85
SEM_EXT_0031,Semiconductors,single,3,7,6,0,1,6,1.0,0.86,0.92
SEM_EXT_0032,Semiconductors,single,3,9,9,0,0,9,1.0,1.0,1.0
SEM_EXT_0033,Semiconductors,single,3,9,8,1,1,9,0.89,0.89,0.89
SEM_EXT_0034,Semiconductors,single,3,12,11,1,1,12,0.92,0.92,0.92
SEM_EXT_0035,Semiconductors,single,3,12,10,3,2,13,0.77,0.83,0.8
SEM_EXT_0036,Semiconductors,single,3,8,7,1,1,8,0.88,0.88,0.88
SEM_EXT_0037,Semiconductors,single,3,12,11,1,1,12,0.92,0.92,0.92
SEM_EXT_0038,Semiconductors,single,3,12,11,0,1,11,1.0,0.92,0.96
SEM_EXT_0039,Semiconductors,single,3,9,8,0,1,8,1.0,0.89,0.94
SEM_EXT_0040,Semiconductors,single,3,12,11,1,1,12,0.92,0.92,0.92
SEM_EXT_0041,Semiconductors,multi,3,36,29,8,7,37,0.78,0.81,0.79
SEM_EXT_0042,Semiconductors,single,3,6,6,0,0,6,1.0,1.0,1.0
SEM_EXT_0043,Semiconductors,single,3,11,10,0,1,10,1.0,0.91,0.95
SEM_EXT_0044,Semiconductors,single,3,12,11,2,1,13,0.85,0.92,0.88
SEM_EXT_0045,Semiconductors,single,3,8,7,1,1,8,0.88,0.88,0.88
SEM_EXT_0046,Semiconductors,multi,3,24,23,0,1,23,1.0,0.96,0.98
SEM_EXT_0047,Semiconductors,single,3,7,6,1,1,7,0.86,0.86,0.86
SEM_EXT_0048,Semiconductors,single,3,8,8,1,0,9,0.89,1.0,0.94
SEM_EXT_0049,Semiconductors,single,3,12,11,2,1,13,0.85,0.92,0.88
SEM_EXT_0050,Semiconductors,single,3,6,5,0,1,5,1.0,0.83,0.91
SEM_EXT_0051,Semiconductors,single,3,11,10,2,1,12,0.83,0.91,0.87
SEM_EXT_0052,Semiconductors,single,3,8,7,0,1,7,1.0,0.88,0.94
SEM_EXT_0053,Semiconductors,single,3,9,8,1,1,9,0.89,0.89,0.89
SEM_EXT_0054,Semiconductors,multi,3,30,26,4,4,30,0.87,0.87,0.87
SEM_EXT_0055,Semiconductors,multi,3,31,27,4,4,31,0.87,0.87,0.87
SEM_EXT_0056,Semiconductors,single,3,6,6,0,0,6,1.0,1.0,1.0
SEM_EXT_0057,Semiconductors,single,3,10,10,1,0,11,0.91,1.0,0.95
SEM_EXT_0058,Semiconductors,single,3,9,9,0,0,9,1.0,1.0,1.0
SEM_EXT_0059,Semiconductors,single,3,9,9,1,0,10,0.9,1.0,0.95
SEM_EXT_0060,Semiconductors,single,3,11,10,2,1,12,0.83,0.91,0.87
SEM_EXT_0061,Semiconductors,single,3,12,11,1,1,12,0.92,0.92,0.92
SEM_EXT_0062,Semiconductors,single,3,6,6,1,0,7,0.86,1.0,0.92
SEM_EXT_0063,Semiconductors,single,3,8,7,0,1,7,1.0,0.88,0.94
SEM_EXT_0064,Semiconductors,single,3,7,7,0,0,7,1.0,1.0,1.0
SEM_EXT_0065,Semiconductors,single,3,9,8,1,1,9,0.89,0.89,0.89
SEM_EXT_0066,Semiconductors,single,3,11,11,0,0,11,1.0,1.0,1.0
SEM_EXT_0067,Semiconductors,single,3,10,10,1,0,11,0.91,1.0,0.95
SEM_EXT_0068,Semiconductors,single,3,7,6,1,1,7,0.86,0.86,0.86
SEM_EXT_0069,Semiconductors,single,3,8,7,1,1,8,0.88,0.88,0.88
SEM_EXT_0070,Semiconductors,single,3,6,5,0,1,5,1.0,0.83,0.91
SEM_EXT_0071,Semiconductors,single,3,12,12,0,0,12,1.0,1.0,1.0
SEM_EXT_0072,Semiconductors,single,3,10,9,1,1,10,0.9,0.9,0.9
SEM_EXT_0073,Semiconductors,single,3,8,8,0,0,8,1.0,1.0,1.0
SEM_EXT_0074,Semiconductors,single,3,6,5,0,1,5,1.0,0.83,0.91
SEM_EXT_0075,Semiconductors,single,3,8,8,1,0,9,0.89,1.0,0.94
SEM_EXT_0076,Semiconductors,single,3,10,9,1,1,10,0.9,0.9,0.9
SEM_EXT_0077,Semiconductors,multi,3,25,22,4,3,26,0.85,0.88,0.86
SEM_EXT_0078,Semiconductors,single,3,9,9,1,0,10,0.9,1.0,0.95
SEM_EXT_0079,Semiconductors,single,3,10,10,0,0,10,1.0,1.0,1.0
SEM_EXT_0080,Semiconductors,single,3,9,9,1,0,10,0.9,1.0,0.95
SEM_EXT_0081,Semiconductors,single,3,14,14,1,0,15,0.93,1.0,0.96
SEM_EXT_0082,Semiconductors,multi,3,28,27,1,1,28,0.96,0.96,0.96
SEM_EXT_0083,Semiconductors,single,3,9,8,2,1,10,0.8,0.89,0.84
SEM_EXT_0084,Semiconductors,single,3,6,6,0,0,6,1.0,1.0,1.0
SEM_EXT_0085,Semiconductors,single,3,11,10,1,1,11,0.91,0.91,0.91
SEM_EXT_0086,Semiconductors,single,3,9,8,1,1,9,0.89,0.89,0.89
SEM_EXT_0087,Semiconductors,single,3,8,8,1,0,9,0.89,1.0,0.94
SEM_EXT_0088,Semiconductors,single,3,11,10,1,1,11,0.91,0.91,0.91
SEM_EXT_0089,Semiconductors,single,3,8,7,1,1,8,0.88,0.88,0.88
SEM_EXT_0090,Semiconductors,single,3,9,7,2,2,9,0.78,0.78,0.78
SEM_EXT_0091,Semiconductors,single,3,12,10,2,2,12,0.83,0.83,0.83
SEM_EXT_0092,Semiconductors,single,3,9,9,1,0,10,0.9,1.0,0.95
SEM_EXT_0093,Semiconductors,single,3,8,8,0,0,8,1.0,1.0,1.0
SEM_EXT_0094,Semiconductors,multi,3,19,16,3,3,19,0.84,0.84,0.84
SEM_EXT_0095,Semiconductors,single,3,10,0,0,10,0,0.0,0.0,0.0
SEM_EXT_0096,Semiconductors,single,3,11,10,0,1,10,1.0,0.91,0.95
SEM_EXT_0097,Semiconductors,multi,3,25,22,3,3,25,0.88,0.88,0.88
SEM_EXT_0098,Semiconductors,single,3,10,8,2,2,10,0.8,0.8,0.8
SEM_EXT_0099,Semiconductors,single,3,11,9,1,2,10,0.9,0.82,0.86
SEM_EXT_0100,Semiconductors,single,3,13,11,3,2,14,0.79,0.85,0.82
SEM_EXT_0101,Semiconductors,single,3,7,6,1,1,7,0.86,0.86,0.86
SEM_EXT_0102,Semiconductors,single,3,8,7,2,1,9,0.78,0.88,0.83
SEM_EXT_0103,Semiconductors,single,3,8,7,1,1,8,0.88,0.88,0.88
SEM_EXT_0104,Semiconductors,single,3,7,7,0,0,7,1.0,1.0,1.0
SEM_EXT_0105,Semiconductors,single,3,10,10,0,0,10,1.0,1.0,1.0
SEM_EXT_0106,Semiconductors,single,3,9,8,2,1,10,0.8,0.89,0.84
SEM_EXT_0107,Semiconductors,single,3,6,5,2,1,7,0.71,0.83,0.77
SEM_EXT_0108,Semiconductors,single,3,12,12,1,0,13,0.92,1.0,0.96
SEM_EXT_0109,Semiconductors,single,3,10,10,0,0,10,1.0,1.0,1.0
SEM_EXT_0110,Semiconductors,single,3,11,11,0,0,11,1.0,1.0,1.0
SEM_EXT_0111,Semiconductors,single,3,12,12,1,0,13,0.92,1.0,0.96
SEM_EXT_0112,Semiconductors,multi,3,28,23,4,5,27,0.85,0.82,0.83
SEM_EXT_0113,Semiconductors,single,3,9,9,0,0,9,1.0,1.0,1.0
SEM_EXT_0114,Semiconductors,single,3,12,11,2,1,13,0.85,0.92,0.88
SEM_EXT_0115,Semiconductors,multi,3,28,26,2,2,28,0.93,0.93,0.93
SEM_EXT_0116,Semiconductors,single,3,11,11,0,0,11,1.0,1.0,1.0
SEM_EXT_0117,Semiconductors,single,3,10,9,1,1,10,0.9,0.9,0.9
SEM_EXT_0118,Semiconductors,single,3,12,9,2,3,11,0.82,0.75,0.78
SEM_EXT_0119,Semiconductors,single,3,12,11,2,1,13,0.85,0.92,0.88
SEM_EXT_0120,Semiconductors,single,3,11,10,1,1,11,0.91,0.91,0.91
SEM_EXT_0121,Semiconductors,single,3,11,9,1,2,10,0.9,0.82,0.86
SEM_EXT_0122,Semiconductors,single,3,10,9,0,1,9,1.0,0.9,0.95
SEM_EXT_0123,Semiconductors,single,3,6,5,0,1,5,1.0,0.83,0.91
SEM_EXT_0124,Semiconductors,multi,3,26,25,1,1,26,0.96,0.96,0.96
SEM_EXT_0125,Semiconductors,single,3,12,9,3,3,12,0.75,0.75,0.75
SEM_EXT_0126,Semiconductors,single,3,8,7,0,1,7,1.0,0.88,0.94
SEM_EXT_0127,Semiconductors,single,3,4,4,0,0,4,1.0,1.0,1.0
SEM_EXT_0128,Semiconductors,single,3,8,7,1,1,8,0.88,0.88,0.88
SEM_EXT_0129,Semiconductors,single,3,13,12,1,1,13,0.92,0.92,0.92
SEM_EXT_0130,Semiconductors,single,3,12,12,0,0,12,1.0,1.0,1.0
SEM_EXT_0131,Semiconductors,single,3,10,9,1,1,10,0.9,0.9,0.9
SEM_EXT_0132,Semiconductors,single,3,14,13,2,1,15,0.87,0.93,0.9
SEM_EXT_0133,Semiconductors,single,3,8,7,1,1,8,0.88,0.88,0.88
SEM_EXT_0134,Semiconductors,single,3,9,7,2,2,9,0.78,0.78,0.78
SEM_EXT_0135,Semiconductors,single,3,12,11,0,1,11,1.0,0.92,0.96
SEM_EXT_0136,Semiconductors,multi,3,38,35,3,3,38,0.92,0.92,0.92
SEM_EXT_0137,Semiconductors,single,3,9,8,1,1,9,0.89,0.89,0.89
SEM_EXT_0138,Semiconductors,single,3,7,6,0,1,6,1.0,0.86,0.92
SEM_EXT_0139,Semiconductors,single,3,8,7,2,1,9,0.78,0.88,0.83
SEM_EXT_0140,Semiconductors,single,3,10,10,0,0,10,1.0,1.0,1.0
SEM_EXT_0141,Semiconductors,multi,3,28,24,5,4,29,0.83,0.86,0.84
SEM_EXT_0142,Semiconductors,single,3,6,6,0,0,6,1.0,1.0,1.0
SEM_EXT_0143,Semiconductors,single,3,9,7,1,2,8,0.88,0.78,0.83
SEM_EXT_0144,Semiconductors,single,3,8,7,1,1,8,0.88,0.88,0.88
SEM_EXT_0145,Semiconductors,single,3,10,10,1,0,11,0.91,1.0,0.95
SEM_EXT_0146,Semiconductors,single,3,11,10,1,1,11,0.91,0.91,0.91
SEM_EXT_0147,Semiconductors,single,3,12,10,1,2,11,0.91,0.83,0.87
SEM_EXT_0148,Semiconductors,single,3,10,9,1,1,10,0.9,0.9,0.9
SEM_EXT_0149,Semiconductors,single,3,6,6,0,0,6,1.0,1.0,1.0
SEM_EXT_0150,Semiconductors,single,3,11,9,3,2,12,0.75,0.82,0.78
SEM_EXT_0151,Semiconductors,single,3,7,6,0,1,6,1.0,0.86,0.92
SEM_EXT_0152,Semiconductors,single,3,9,9,1,0,10,0.9,1.0,0.95
SEM_EXT_0153,Semiconductors,single,3,11,11,1,0,12,0.92,1.0,0.96
SEM_EXT_0154,Semiconductors,multi,3,23,22,0,1,22,1.0,0.96,0.98
SEM_EXT_0155,Semiconductors,single,3,11,8,3,3,11,0.73,0.73,0.73
SEM_EXT_0156,Semiconductors,single,3,11,10,1,1,11,0.91,0.91,0.91
SEM_EXT_0157,Semiconductors,single,3,9,9,0,0,9,1.0,1.0,1.0
SEM_EXT_0158,Semiconductors,single,3,6,6,0,0,6,1.0,1.0,1.0
SEM_EXT_0159,Semiconductors,single,3,12,10,2,2,12,0.83,0.83,0.83
SEM_EXT_0160,Semiconductors,single,3,9,8,2,1,10,0.8,0.89,0.84
SEM_EXT_0161,Semiconductors,single,3,12,11,1,1,12,0.92,0.92,0.92
SEM_EXT_0162,Semiconductors,multi,3,32,28,4,4,32,0.88,0.88,0.88
SEM_EXT_0163,Semiconductors,single,3,7,7,0,0,7,1.0,1.0,1.0
SEM_EXT_0164,Semiconductors,single,3,7,7,0,0,7,1.0,1.0,1.0
SEM_EXT_0165,Semiconductors,single,3,6,6,0,0,6,1.0,1.0,1.0
SEM_EXT_0166,Semiconductors,single,3,10,8,3,2,11,0.73,0.8,0.76
SEM_EXT_0167,Semiconductors,single,3,7,6,1,1,7,0.86,0.86,0.86
SEM_EXT_0168,Semiconductors,single,3,12,10,3,2,13,0.77,0.83,0.8
SEM_EXT_0169,Semiconductors,single,3,11,9,2,2,11,0.82,0.82,0.82
SEM_EXT_0170,Semiconductors,single,3,6,6,0,0,6,1.0,1.0,1.0
SEM_EXT_0171,Semiconductors,single,3,8,7,0,1,7,1.0,0.88,0.94
SEM_EXT_0172,Semiconductors,single,3,12,10,2,2,12,0.83,0.83,0.83
SEM_EXT_0173,Semiconductors,single,3,6,6,0,0,6,1.0,1.0,1.0
SEM_EXT_0174,Semiconductors,multi,3,24,23,2,1,25,0.92,0.96,0.94
SEM_EXT_0175,Semiconductors,single,3,8,7,1,1,8,0.88,0.88,0.88
SEM_EXT_0176,Semiconductors,single,3,8,7,1,1,8,0.88,0.88,0.88
SEM_EXT_0177,Semiconductors,multi,3,36,31,5,5,36,0.86,0.86,0.86
SEM_EXT_0178,Semiconductors,single,3,12,11,1,1,12,0.92,0.92,0.92
SEM_EXT_0179,Semiconductors,single,3,9,7,2,2,9,0.78,0.78,0.78
SEM_EXT_0180,Semiconductors,single,3,11,10,1,1,11,0.91,0.91,0.91
SEM_EXT_0181,Semiconductors,single,3,10,9,2,1,11,0.82,0.9,0.86
SEM_EXT_0182,Semiconductors,multi,3,25,21,4,4,25,0.84,0.84,0.84
SEM_EXT_0183,Semiconductors,single,3,15,12,3,3,15,0.8,0.8,0.8
SEM_EXT_0184,Semiconductors,multi,3,20,0,2,20,2,0.0,0.0,0.0
SEM_EXT_0185,Semiconductors,single,3,6,6,0,0,6,1.0,1.0,1.0
SEM_EXT_0186,Semiconductors,single,3,8,8,0,0,8,1.0,1.0,1.0
SEM_EXT_0187,Semiconductors,single,3,7,6,2,1,8,0.75,0.86,0.8
SEM_EXT_0188,Semiconductors,single,3,7,7,0,0,7,1.0,1.0,1.0
SEM_EXT_0189,Semiconductors,single,3,6,6,0,0,6,1.0,1.0,1.0
SEM_EXT_0190,Semiconductors,single,3,7,7,0,0,7,1.0,1.0,1.0
SEM_EXT_0191,Semiconductors,single,3,6,6,0,0,6,1.0,1.0,1.0
SEM_EXT_0192,Semiconductors,single,3,15,15,0,0,15,1.0,1.0,1.0
SEM_EXT_0193,Semiconductors,single,3,10,9,1,1,10,0.9,0.9,0.9
SEM_EXT_0194,Semiconductors,single,3,6,6,0,0,6,1.0,1.0,1.0
SEM_EXT_0195,Semiconductors,single,3,10,9,0,1,9,1.0,0.9,0.95
SEM_EXT_0196,Semiconductors,single,3,11,9,3,2,12,0.75,0.82,0.78
SEM_EXT_0197,Semiconductors,single,3,8,8,0,0,8,1.0,1.0,1.0
SEM_EXT_0198,Semiconductors,single,3,6,6,0,0,6,1.0,1.0,1.0
BAT_EXT_0001,Batteries,single,1,8,6,2,2,8,0.75,0.75,0.75
BAT_EXT_0002,Batteries,single,1,11,11,1,0,12,0.92,1.0,0.96
BAT_EXT_0003,Batteries,single,1,12,11,3,1,14,0.79,0.92,0.85
BAT_EXT_0004,Batteries,single,1,10,8,2,2,10,0.8,0.8,0.8
BAT_EXT_0005,Batteries,single,1,6,6,1,0,7,0.86,1.0,0.92
BAT_EXT_0006,Batteries,single,1,6,6,0,0,6,1.0,1.0,1.0
BAT_EXT_0007,Batteries,single,1,12,11,1,1,12,0.92,0.92,0.92
BAT_EXT_0008,Batteries,single,1,12,10,3,2,13,0.77,0.83,0.8
BAT_EXT_0009,Batteries,single,1,7,7,0,0,7,1.0,1.0,1.0
BAT_EXT_0010,Batteries,single,1,9,8,1,1,9,0.89,0.89,0.89
BAT_EXT_0011,Batteries,single,1,10,9,1,1,10,0.9,0.9,0.9
BAT_EXT_0012,Batteries,single,1,6,6,2,0,8,0.75,1.0,0.86
BAT_EXT_0013,Batteries,single,1,8,8,0,0,8,1.0,1.0,1.0
BAT_EXT_0014,Batteries,single,1,9,8,1,1,9,0.89,0.89,0.89
BAT_EXT_0015,Batteries,single,1,6,6,0,0,6,1.0,1.0,1.0
BAT_EXT_0016,Batteries,multi,1,18,15,3,3,18,0.83,0.83,0.83
BAT_EXT_0017,Batteries,single,1,9,9,1,0,10,0.9,1.0,0.95
BAT_EXT_0018,Batteries,single,1,11,9,2,2,11,0.82,0.82,0.82
BAT_EXT_0019,Batteries,multi,1,22,18,5,4,23,0.78,0.82,0.8
BAT_EXT_0020,Batteries,single,1,12,11,1,1,12,0.92,0.92,0.92
BAT_EXT_0021,Batteries,single,1,8,7,1,1,8,0.88,0.88,0.88
BAT_EXT_0022,Batteries,single,1,12,12,0,0,12,1.0,1.0,1.0
BAT_EXT_0023,Batteries,single,1,9,8,1,1,9,0.89,0.89,0.89
BAT_EXT_0024,Batteries,single,1,6,6,0,0,6,1.0,1.0,1.0
BAT_EXT_0025,Batteries,single,1,13,12,2,1,14,0.86,0.92,0.89
BAT_EXT_0026,Batteries,single,1,11,10,2,1,12,0.83,0.91,0.87
BAT_EXT_0027,Batteries,single,1,11,10,2,1,12,0.83,0.91,0.87
BAT_EXT_0028,Batteries,single,1,11,11,0,0,11,1.0,1.0,1.0
BAT_EXT_0029,Batteries,single,1,9,8,2,1,10,0.8,0.89,0.84
BAT_EXT_0030,Batteries,single,1,7,7,1,0,8,0.88,1.0,0.94
BAT_EXT_0031,Batteries,single,1,7,7,0,0,7,1.0,1.0,1.0
BAT_EXT_0032,Batteries,single,1,12,12,0,0,12,1.0,1.0,1.0
BAT_EXT_0033,Batteries,single,1,6,6,0,0,6,1.0,1.0,1.0
BAT_EXT_0034,Batteries,single,1,6,6,1,0,7,0.86,1.0,0.92
BAT_EXT_0035,Batteries,single,1,12,10,2,2,12,0.83,0.83,0.83
BAT_EXT_0036,Batteries,single,1,7,5,2,2,7,0.71,0.71,0.71
BAT_EXT_0037,Batteries,single,1,8,7,1,1,8,0.88,0.88,0.88
BAT_EXT_0038,Batteries,single,1,12,12,0,0,12,1.0,1.0,1.0
BAT_EXT_0039,Batteries,single,1,12,11,1,1,12,0.92,0.92,0.92
BAT_EXT_0040,Batteries,single,1,6,6,1,0,7,0.86,1.0,0.92
BAT_EXT_0041,Batteries,single,1,6,6,0,0,6,1.0,1.0,1.0
BAT_EXT_0042,Batteries,single,1,11,10,1,1,11,0.91,0.91,0.91
BAT_EXT_0043,Batteries,single,1,10,10,0,0,10,1.0,1.0,1.0
BAT_EXT_0044,Batteries,single,1,10,9,0,1,9,1.0,0.9,0.95
BAT_EXT_0045,Batteries,single,1,8,8,0,0,8,1.0,1.0,1.0
BAT_EXT_0046,Batteries,single,1,11,10,1,1,11,0.91,0.91,0.91
BAT_EXT_0047,Batteries,single,1,10,9,1,1,10,0.9,0.9,0.9
BAT_EXT_0048,Batteries,multi,1,21,18,4,3,22,0.82,0.86,0.84
BAT_EXT_0049,Batteries,single,1,12,11,2,1,13,0.85,0.92,0.88
BAT_EXT_0050,Batteries,multi,1,33,33,0,0,33,1.0,1.0,1.0
BAT_EXT_0051,Batteries,single,1,13,11,3,2,14,0.79,0.85,0.82
BAT_EXT_0052,Batteries,single,1,11,11,0,0,11,1.0,1.0,1.0
BAT_EXT_0053,Batteries,single,1,4,4,0,0,4,1.0,1.0,1.0
BAT_EXT_0054,Batteries,multi,1,25,21,4,4,25,0.84,0.84,0.84
BAT_EXT_0055,Batteries,single,1,8,6,1,2,7,0.86,0.75,0.8
BAT_EXT_0056,Batteries,single,1,9,8,1,1,9,0.89,0.89,0.89
BAT_EXT_0057,Batteries,multi,1,22,20,4,2,24,0.83,0.91,0.87
BAT_EXT_0058,Batteries,single,1,9,8,1,1,9,0.89,0.89,0.89
BAT_EXT_0059,Batteries,single,1,11,10,2,1,12,0.83,0.91,0.87
BAT_EXT_0060,Batteries,single,1,6,6,0,0,6,1.0,1.0,1.0
BAT_EXT_0061,Batteries,single,1,12,12,0,0,12,1.0,1.0,1.0
BAT_EXT_0062,Batteries,multi,1,27,20,8,7,28,0.71,0.74,0.72
BAT_EXT_0063,Batteries,single,1,8,6,2,2,8,0.75,0.75,0.75
BAT_EXT_0064,Batteries,single,1,6,6,0,0,6,1.0,1.0,1.0
BAT_EXT_0065,Batteries,single,1,10,9,3,1,12,0.75,0.9,0.82
BAT_EXT_0066,Batteries,single,1,8,8,0,0,8,1.0,1.0,1.0
BAT_EXT_0067,Batteries,single,1,10,10,0,0,10,1.0,1.0,1.0
BAT_EXT_0068,Batteries,single,1,9,8,1,1,9,0.89,0.89,0.89
BAT_EXT_0069,Batteries,single,1,10,10,1,0,11,0.91,1.0,0.95
BAT_EXT_0070,Batteries,single,1,10,10,1,0,11,0.91,1.0,0.95
BAT_EXT_0071,Batteries,single,1,12,12,0,0,12,1.0,1.0,1.0
BAT_EXT_0072,Batteries,single,1,12,10,2,2,12,0.83,0.83,0.83
BAT_EXT_0073,Batteries,single,1,7,6,1,1,7,0.86,0.86,0.86
BAT_EXT_0074,Batteries,single,1,13,11,2,2,13,0.85,0.85,0.85
BAT_EXT_0075,Batteries,single,1,6,6,0,0,6,1.0,1.0,1.0
BAT_EXT_0076,Batteries,single,1,8,7,2,1,9,0.78,0.88,0.83
BAT_EXT_0077,Batteries,single,1,11,10,1,1,11,0.91,0.91,0.91
BAT_EXT_0078,Batteries,single,1,8,7,2,1,9,0.78,0.88,0.83
BAT_EXT_0079,Batteries,single,1,9,8,1,1,9,0.89,0.89,0.89
BAT_EXT_0080,Batteries,single,1,8,7,1,1,8,0.88,0.88,0.88
BAT_EXT_0081,Batteries,single,1,6,6,0,0,6,1.0,1.0,1.0
BAT_EXT_0082,Batteries,single,1,6,6,1,0,7,0.86,1.0,0.92
BAT_EXT_0083,Batteries,single,1,9,8,1,1,9,0.89,0.89,0.89
BAT_EXT_0084,Batteries,single,1,8,8,1,0,9,0.89,1.0,0.94
BAT_EXT_0085,Batteries,single,1,8,8,1,0,9,0.89,1.0,0.94
BAT_EXT_0086,Batteries,multi,1,18,15,4,3,19,0.79,0.83,0.81
BAT_EXT_0087,Batteries,single,1,9,8,2,1,10,0.8,0.89,0.84
BAT_EXT_0088,Batteries,single,1,7,0,0,7,0,0.0,0.0,0.0
BAT_EXT_0089,Batteries,single,1,10,9,2,1,11,0.82,0.9,0.86
BAT_EXT_0090,Batteries,single,1,12,12,2,0,14,0.86,1.0,0.92
BAT_EXT_0091,Batteries,single,1,7,6,1,1,7,0.86,0.86,0.86
BAT_EXT_0092,Batteries,single,1,9,8,1,1,9,0.89,0.89,0.89
BAT_EXT_0093,Batteries,single,1,12,12,0,0,12,1.0,1.0,1.0
BAT_EXT_0094,Batteries,single,1,7,7,1,0,8,0.88,1.0,0.94
BAT_EXT_0095,Batteries,single,1,9,0,3,9,3,0.0,0.0,0.0
BAT_EXT_0096,Batteries,single,1,8,8,1,0,9,0.89,1.0,0.94
BAT_EXT_0097,Batteries,multi,1,21,19,3,2,22,0.86,0.9,0.88
BAT_EXT_0098,Batteries,single,1,7,6,2,1,8,0.75,0.86,0.8
BAT_EXT_0099,Batteries,single,1,9,9,0,0,9,1.0,1.0,1.0
BAT_EXT_0100,Batteries,multi,1,24,23,2,1,25,0.92,0.96,0.94
BAT_EXT_0101,Batteries,single,1,12,11,2,1,13,0.85,0.92,0.88
BAT_EXT_0102,Batteries,single,1,9,7,1,2,8,0.88,0.78,0.83
BAT_EXT_0103,Batteries,single,1,7,7,1,0,8,0.88,1.0,0.94
BAT_EXT_0104,Batteries,single,1,7,6,1,1,7,0.86,0.86,0.86
BAT_EXT_0105,Batteries,single,1,6,6,1,0,7,0.86,1.0,0.92
BAT_EXT_0106,Batteries,single,1,10,10,1,0,11,0.91,1.0,0.95
BAT_EXT_0107,Batteries,multi,1,20,18,3,2,21,0.86,0.9,0.88
BAT_EXT_0108,Batteries,single,1,12,11,3,1,14,0.79,0.92,0.85
BAT_EXT_0109,Batteries,single,1,8,7,1,1,8,0.88,0.88,0.88
BAT_EXT_0110,Batteries,multi,1,25,21,5,4,26,0.81,0.84,0.82
BAT_EXT_0111,Batteries,single,1,10,9,2,1,11,0.82,0.9,0.86
BAT_EXT_0112,Batteries,single,1,9,9,1,0,10,0.9,1.0,0.95
BAT_EXT_0113,Batteries,single,1,8,8,1,0,9,0.89,1.0,0.94
BAT_EXT_0114,Batteries,single,1,9,8,1,1,9,0.89,0.89,0.89
BAT_EXT_0115,Batteries,single,1,10,10,0,0,10,1.0,1.0,1.0
BAT_EXT_0116,Batteries,single,1,10,8,1,2,9,0.89,0.8,0.84
BAT_EXT_0117,Batteries,multi,1,24,21,4,3,25,0.84,0.88,0.86
BAT_EXT_0118,Batteries,single,1,11,10,0,1,10,1.0,0.91,0.95
BAT_EXT_0119,Batteries,single,1,12,12,0,0,12,1.0,1.0,1.0
BAT_EXT_0120,Batteries,multi,1,22,21,0,1,21,1.0,0.95,0.97
BAT_EXT_0121,Batteries,single,1,8,8,0,0,8,1.0,1.0,1.0
BAT_EXT_0122,Batteries,single,1,9,8,1,1,9,0.89,0.89,0.89
BAT_EXT_0123,Batteries,single,1,6,6,1,0,7,0.86,1.0,0.92
BAT_EXT_0124,Batteries,single,1,11,9,2,2,11,0.82,0.82,0.82
BAT_EXT_0125,Batteries,single,1,9,8,1,1,9,0.89,0.89,0.89
BAT_EXT_0126,Batteries,single,1,6,6,0,0,6,1.0,1.0,1.0
BAT_EXT_0127,Batteries,single,1,9,7,2,2,9,0.78,0.78,0.78
BAT_EXT_0128,Batteries,multi,1,32,27,7,5,34,0.79,0.84,0.81
BAT_EXT_0129,Batteries,multi,1,28,25,4,3,29,0.86,0.89,0.87
BAT_EXT_0130,Batteries,single,1,12,11,2,1,13,0.85,0.92,0.88
BAT_EXT_0131,Batteries,single,1,9,8,2,1,10,0.8,0.89,0.84
BAT_EXT_0132,Batteries,single,1,9,8,2,1,10,0.8,0.89,0.84
BAT_EXT_0133,Batteries,single,1,4,4,0,0,4,1.0,1.0,1.0
BAT_EXT_0134,Batteries,single,1,7,6,0,1,6,1.0,0.86,0.92
BAT_EXT_0135,Batteries,single,1,8,7,3,1,10,0.7,0.88,0.78
BAT_EXT_0136,Batteries,single,1,7,7,1,0,8,0.88,1.0,0.94
BAT_EXT_0137,Batteries,single,1,6,6,2,0,8,0.75,1.0,0.86
BAT_EXT_0138,Batteries,multi,1,24,21,5,3,26,0.81,0.88,0.84
BAT_EXT_0139,Batteries,single,1,9,9,2,0,11,0.82,1.0,0.9
BAT_EXT_0140,Batteries,single,1,9,8,1,1,9,0.89,0.89,0.89
BAT_EXT_0141,Batteries,single,1,14,12,4,2,16,0.75,0.86,0.8
BAT_EXT_0142,Batteries,single,1,8,7,1,1,8,0.88,0.88,0.88
BAT_EXT_0143,Batteries,single,1,9,7,3,2,10,0.7,0.78,0.74
BAT_EXT_0144,Batteries,single,1,6,6,1,0,7,0.86,1.0,0.92
BAT_EXT_0145,Batteries,single,1,6,6,0,0,6,1.0,1.0,1.0
BAT_EXT_0146,Batteries,single,1,11,9,2,2,11,0.82,0.82,0.82
BAT_EXT_0147,Batteries,single,1,6,6,0,0,6,1.0,1.0,1.0
BAT_EXT_0148,Batteries,single,1,7,5,2,2,7,0.71,0.71,0.71
BAT_EXT_0149,Batteries,single,1,7,7,0,0,7,1.0,1.0,1.0
BAT_EXT_0150,Batteries,single,1,12,10,1,2,11,0.91,0.83,0.87
BAT_EXT_0151,Batteries,single,1,4,4,0,0,4,1.0,1.0,1.0
BAT_EXT_0152,Batteries,single,1,12,10,2,2,12,0.83,0.83,0.83
BAT_EXT_0153,Batteries,single,1,6,6,1,0,7,0.86,1.0,0.92
BAT_EXT_0154,Batteries,single,1,6,6,1,0,7,0.86,1.0,0.92
BAT_EXT_0155,Batteries,single,1,11,11,0,0,11,1.0,1.0,1.0
BAT_EXT_0156,Batteries,single,1,6,6,2,0,8,0.75,1.0,0.86
BAT_EXT_0157,Batteries,multi,1,24,20,5,4,25,0.8,0.83,0.81
BAT_EXT_0158,Batteries,single,1,7,7,0,0,7,1.0,1.0,1.0
BAT_EXT_0159,Batteries,single,1,11,10,2,1,12,0.83,0.91,0.87
BAT_EXT_0160,Batteries,single,1,8,7,2,1,9,0.78,0.88,0.83
BAT_EXT_0161,Batteries,single,1,10,8,3,2,11,0.73,0.8,0.76
BAT_EXT_0162,Batteries,single,1,8,8,1,0,9,0.89,1.0,0.94
BAT_EXT_0163,Batteries,multi,1,23,19,5,4,24,0.79,0.83,0.81
BAT_EXT_0164,Batteries,single,1,11,10,1,1,11,0.91,0.91,0.91
BAT_EXT_0165,Batteries,single,1,8,7,1,1,8,0.88,0.88,0.88
BAT_EXT_0166,Batteries,single,1,12,11,1,1,12,0.92,0.92,0.92
BAT_EXT_0167,Batteries,single,1,9,8,1,1,9,0.89,0.89,0.89
BAT_EXT_0168,Batteries,single,1,6,6,1,0,7,0.86,1.0,0.92
BAT_EXT_0169,Batteries,multi,1,25,23,3,2,26,0.88,0.92,0.9
BAT_EXT_0170,Batteries,single,1,6,6,0,0,6,1.0,1.0,1.0
BAT_EXT_0171,Batteries,single,1,10,8,2,2,10,0.8,0.8,0.8
BAT_EXT_0172,Batteries,multi,1,26,24,3,2,27,0.89,0.92,0.9
BAT_EXT_0173,Batteries,single,1,9,9,0,0,9,1.0,1.0,1.0
BAT_EXT_0174,Batteries,single,1,11,10,2,1,12,0.83,0.91,0.87
BAT_EXT_0175,Batteries,single,1,8,8,0,0,8,1.0,1.0,1.0
BAT_EXT_0176,Batteries,single,1,12,10,3,2,13,0.77,0.83,0.8
BAT_EXT_0177,Batteries,single,1,12,10,2,2,12,0.83,0.83,0.83
BAT_EXT_0178,Batteries,single,1,6,6,1,0,7,0.86,1.0,0.92
BAT_EXT_0179,Batteries,single,1,11,11,1,0,12,0.92,1.0,0.96
BAT_EXT_0180,Batteries,single,1,12,10,3,2,13,0.77,0.83,0.8
BAT_EXT_0181,Batteries,multi,1,22,17,6,5,23,0.74,0.77,0.75
BAT_EXT_0182,Batteries,single,1,10,9,2,1,11,0.82,0.9,0.86
BAT_EXT_0183,Batteries,single,1,9,8,0,1,8,1.0,0.89,0.94
BAT_EXT_0184,Batteries,single,1,7,6,2,1,8,0.75,0.86,0.8
BAT_EXT_0185,Batteries,single,1,10,9,1,1,10,0.9,0.9,0.9
BAT_EXT_0186,Batteries,single,1,11,11,1,0,12,0.92,1.0,0.96
BAT_EXT_0187,Batteries,single,1,12,12,0,0,12,1.0,1.0,1.0
BAT_EXT_0188,Batteries,single,1,7,7,1,0,8,0.88,1.0,0.94
BAT_EXT_0189,Batteries,single,1,8,8,0,0,8,1.0,1.0,1.0
BAT_EXT_0190,Batteries,single,1,8,6,3,2,9,0.67,0.75,0.71
BAT_EXT_0191,Batteries,single,1,12,11,1,1,12,0.92,0.92,0.92
BAT_EXT_0192,Batteries,single,1,12,12,0,0,12,1.0,1.0,1.0
BAT_EXT_0193,Batteries,single,1,11,10,2,1,12,0.83,0.91,0.87
BAT_EXT_0194,Batteries,single,1,6,6,1,0,7,0.86,1.0,0.92
BAT_EXT_0195,Batteries,single,1,10,9,1,1,10,0.9,0.9,0.9
BAT_EXT_0196,Batteries,single,1,11,10,3,1,13,0.77,0.91,0.83
BAT_EXT_0197,Batteries,single,1,9,8,1,1,9,0.89,0.89,0.89
BAT_EXT_0198,Batteries,multi,1,19,16,5,3,21,0.76,0.84,0.8
BAT_EXT_0199,Batteries,single,1,11,9,2,2,11,0.82,0.82,0.82
BAT_EXT_0200,Batteries,single,1,7,5,3,2,8,0.62,0.71,0.66
BAT_EXT_0201,Batteries,single,1,10,10,0,0,10,1.0,1.0,1.0
BAT_EXT_0202,Batteries,single,1,8,8,1,0,9,0.89,1.0,0.94
BAT_EXT_0203,Batteries,single,1,12,10,3,2,13,0.77,0.83,0.8
BAT_EXT_0204,Batteries,single,1,12,11,2,1,13,0.85,0.92,0.88
BAT_EXT_0205,Batteries,single,1,6,6,0,0,6,1.0,1.0,1.0
BAT_EXT_0206,Batteries,single,1,8,7,2,1,9,0.78,0.88,0.83
BAT_EXT_0001,Batteries,single,2,8,6,2,2,8,0.75,0.75,0.75
BAT_EXT_0002,Batteries,single,2,11,11,1,0,12,0.92,1.0,0.96
BAT_EXT_0003,Batteries,single,2,12,11,2,1,13,0.85,0.92,0.88
BAT_EXT_0004,Batteries,single,2,10,9,3,1,12,0.75,0.9,0.82
BAT_EXT_0005,Batteries,single,2,6,6,0,0,6,1.0,1.0,1.0
BAT_EXT_0006,Batteries,single,2,6,6,0,0,6,1.0,1.0,1.0
BAT_EXT_0007,Batteries,single,2,12,12,1,0,13,0.92,1.0,0.96
BAT_EXT_0008,Batteries,single,2,12,11,3,1,14,0.79,0.92,0.85
BAT_EXT_0009,Batteries,single,2,7,7,0,0,7,1.0,1.0,1.0
BAT_EXT_0010,Batteries,single,2,9,8,0,1,8,1.0,0.89,0.94
BAT_EXT_0011,Batteries,single,2,10,9,1,1,10,0.9,0.9,0.9
BAT_EXT_0012,Batteries,single,2,6,6,1,0,7,0.86,1.0,0.92
BAT_EXT_0013,Batteries,single,2,8,8,0,0,8,1.0,1.0,1.0
BAT_EXT_0014,Batteries,single,2,9,8,1,1,9,0.89,0.89,0.89
BAT_EXT_0015,Batteries,single,2,6,6,0,0,6,1.0,1.0,1.0
BAT_EXT_0016,Batteries,multi,2,18,16,3,2,19,0.84,0.89,0.86
BAT_EXT_0017,Batteries,single,2,9,9,1,0,10,0.9,1.0,0.95
BAT_EXT_0018,Batteries,single,2,11,9,3,2,12,0.75,0.82,0.78
BAT_EXT_0019,Batteries,multi,2,22,18,6,4,24,0.75,0.82,0.78
BAT_EXT_0020,Batteries,single,2,12,11,1,1,12,0.92,0.92,0.92
BAT_EXT_0021,Batteries,single,2,8,6,1,2,7,0.86,0.75,0.8
BAT_EXT_0022,Batteries,single,2,12,12,0,0,12,1.0,1.0,1.0
BAT_EXT_0023,Batteries,single,2,9,8,2,1,10,0.8,0.89,0.84
BAT_EXT_0024,Batteries,single,2,6,6,1,0,7,0.86,1.0,0.92
BAT_EXT_0025,Batteries,single,2,13,12,2,1,14,0.86,0.92,0.89
BAT_EXT_0026,Batteries,single,2,11,10,1,1,11,0.91,0.91,0.91
BAT_EXT_0027,Batteries,single,2,11,10,2,1,12,0.83,0.91,0.87
BAT_EXT_0028,Batteries,single,2,11,11,0,0,11,1.0,1.0,1.0
BAT_EXT_0029,Batteries,single,2,9,8,2,1,10,0.8,0.89,0.84
BAT_EXT_0030,Batteries,single,2,7,7,1,0,8,0.88,1.0,0.94
BAT_EXT_0031,Batteries,single,2,7,6,1,1,7,0.86,0.86,0.86
BAT_EXT_0032,Batteries,single,2,12,12,0,0,12,1.0,1.0,1.0
BAT_EXT_0033,Batteries,single,2,6,6,0,0,6,1.0,1.0,1.0
BAT_EXT_0034,Batteries,single,2,6,6,1,0,7,0.86,1.0,0.92
BAT_EXT_0035,Batteries,single,2,12,11,2,1,13,0.85,0.92,0.88
BAT_EXT_0036,Batteries,single,2,7,5,2,2,7,0.71,0.71,0.71
BAT_EXT_0037,Batteries,single,2,8,7,1,1,8,0.88,0.88,0.88
BAT_EXT_0038,Batteries,single,2,12,12,0,0,12,1.0,1.0,1.0
BAT_EXT_0039,Batteries,single,2,12,11,1,1,12,0.92,0.92,0.92
BAT_EXT_0040,Batteries,single,2,6,6,1,0,7,0.86,1.0,0.92
BAT_EXT_0041,Batteries,single,2,6,6,0,0,6,1.0,1.0,1.0
BAT_EXT_0042,Batteries,single,2,11,11,1,0,12,0.92,1.0,0.96
BAT_EXT_0043,Batteries,single,2,10,10,1,0,11,0.91,1.0,0.95
BAT_EXT_0044,Batteries,single,2,10,10,1,0,11,0.91,1.0,0.95
BAT_EXT_0045,Batteries,single,2,8,8,1,0,9,0.89,1.0,0.94
BAT_EXT_0046,Batteries,single,2,11,10,2,1,12,0.83,0.91,0.87
BAT_EXT_0047,Batteries,single,2,10,10,0,0,10,1.0,1.0,1.0
BAT_EXT_0048,Batteries,multi,2,21,18,4,3,22,0.82,0.86,0.84
BAT_EXT_0049,Batteries,single,2,12,11,2,1,13,0.85,0.92,0.88
BAT_EXT_0050,Batteries,multi,2,33,33,1,0,34,0.97,1.0,0.98
BAT_EXT_0051,Batteries,single,2,13,11,3,2,14,0.79,0.85,0.82
BAT_EXT_0052,Batteries,single,2,11,11,0,0,11,1.0,1.0,1.0
BAT_EXT_0053,Batteries,single,2,4,4,0,0,4,1.0,1.0,1.0
BAT_EXT_0054,Batteries,multi,2,25,23,4,2,27,0.85,0.92,0.88
BAT_EXT_0055,Batteries,single,2,8,7,1,1,8,0.88,0.88,0.88
BAT_EXT_0056,Batteries,single,2,9,9,1,0,10,0.9,1.0,0.95
BAT_EXT_0057,Batteries,multi,2,22,20,5,2,25,0.8,0.91,0.85
BAT_EXT_0058,Batteries,single,2,9,8,1,1,9,0.89,0.89,0.89
BAT_EXT_0059,Batteries,single,2,11,10,1,1,11,0.91,0.91,0.91
BAT_EXT_0060,Batteries,single,2,6,6,1,0,7,0.86,1.0,0.92
BAT_EXT_0061,Batteries,single,2,12,12,0,0,12,1.0,1.0,1.0
BAT_EXT_0062,Batteries,multi,2,27,21,8,6,29,0.72,0.78,0.75
BAT_EXT_0063,Batteries,single,2,8,7,2,1,9,0.78,0.88,0.83
BAT_EXT_0064,Batteries,single,2,6,6,1,0,7,0.86,1.0,0.92
BAT_EXT_0065,Batteries,single,2,10,8,2,2,10,0.8,0.8,0.8
BAT_EXT_0066,Batteries,single,2,8,8,1,0,9,0.89,1.0,0.94
BAT_EXT_0067,Batteries,single,2,10,10,0,0,10,1.0,1.0,1.0
BAT_EXT_0068,Batteries,single,2,9,8,1,1,9,0.89,0.89,0.89
BAT_EXT_0069,Batteries,single,2,10,9,0,1,9,1.0,0.9,0.95
BAT_EXT_0070,Batteries,single,2,10,9,1,1,10,0.9,0.9,0.9
BAT_EXT_0071,Batteries,single,2,12,12,0,0,12,1.0,1.0,1.0
BAT_EXT_0072,Batteries,single,2,12,10,2,2,12,0.83,0.83,0.83
BAT_EXT_0073,Batteries,single,2,7,6,1,1,7,0.86,0.86,0.86
BAT_EXT_0074,Batteries,single,2,13,11,3,2,14,0.79,0.85,0.82
BAT_EXT_0075,Batteries,single,2,6,6,1,0,7,0.86,1.0,0.92
BAT_EXT_0076,Batteries,single,2,8,7,2,1,9,0.78,0.88,0.83
BAT_EXT_0077,Batteries,single,2,11,10,2,1,12,0.83,0.91,0.87
BAT_EXT_0078,Batteries,single,2,8,7,2,1,9,0.78,0.88,0.83
BAT_EXT_0079,Batteries,single,2,9,8,2,1,10,0.8,0.89,0.84
BAT_EXT_0080,Batteries,single,2,8,7,1,1,8,0.88,0.88,0.88
BAT_EXT_0081,Batteries,single,2,6,6,0,0,6,1.0,1.0,1.0
BAT_EXT_0082,Batteries,single,2,6,6,0,0,6,1.0,1.0,1.0
BAT_EXT_0083,Batteries,single,2,9,9,1,0,10,0.9,1.0,0.95
BAT_EXT_0084,Batteries,single,2,8,7,1,1,8,0.88,0.88,0.88
BAT_EXT_0085,Batteries,single,2,8,7,0,1,7,1.0,0.88,0.94
BAT_EXT_0086,Batteries,multi,2,18,15,3,3,18,0.83,0.83,0.83
BAT_EXT_0087,Batteries,single,2,9,8,1,1,9,0.89,0.89,0.89
BAT_EXT_0088,Batteries,single,2,7,0,0,7,0,0.0,0.0,0.0
BAT_EXT_0089,Batteries,single,2,10,9,2,1,11,0.82,0.9,0.86
BAT_EXT_0090,Batteries,single,2,12,11,1,1,12,0.92,0.92,0.92
BAT_EXT_0091,Batteries,single,2,7,7,1,0,8,0.88,1.0,0.94
BAT_EXT_0092,Batteries,single,2,9,8,2,1,10,0.8,0.89,0.84
BAT_EXT_0093,Batteries,single,2,12,12,0,0,12,1.0,1.0,1.0
BAT_EXT_0094,Batteries,single,2,7,7,0,0,7,1.0,1.0,1.0
BAT_EXT_0095,Batteries,single,2,9,7,3,2,10,0.7,0.78,0.74
BAT_EXT_0096,Batteries,single,2,8,7,1,1,8,0.88,0.88,0.88
BAT_EXT_0097,Batteries,multi,2,21,19,2,2,21,0.9,0.9,0.9
BAT_EXT_0098,Batteries,single,2,7,6,2,1,8,0.75,0.86,0.8
BAT_EXT_0099,Batteries,single,2,9,9,0,0,9,1.0,1.0,1.0
BAT_EXT_0100,Batteries,multi,2,24,23,2,1,25,0.92,0.96,0.94
BAT_EXT_0101,Batteries,single,2,12,12,1,0,13,0.92,1.0,0.96
BAT_EXT_0102,Batteries,single,2,9,8,1,1,9,0.89,0.89,0.89
BAT_EXT_0103,Batteries,single,2,7,6,1,1,7,0.86,0.86,0.86
BAT_EXT_0104,Batteries,single,2,7,7,1,0,8,0.88,1.0,0.94
BAT_EXT_0105,Batteries,single,2,6,6,1,0,7,0.86,1.0,0.92
BAT_EXT_0106,Batteries,single,2,10,9,1,1,10,0.9,0.9,0.9
BAT_EXT_0107,Batteries,multi,2,20,19,2,1,21,0.9,0.95,0.92
BAT_EXT_0108,Batteries,single,2,12,11,2,1,13,0.85,0.92,0.88
BAT_EXT_0109,Batteries,single,2,8,8,0,0,8,1.0,1.0,1.0
BAT_EXT_0110,Batteries,multi,2,25,22,3,3,25,0.88,0.88,0.88
BAT_EXT_0111,Batteries,single,2,10,9,2,1,11,0.82,0.9,0.86
BAT_EXT_0112,Batteries,single,2,9,9,0,0,9,1.0,1.0,1.0
BAT_EXT_0113,Batteries,single,2,8,7,0,1,7,1.0,0.88,0.94
BAT_EXT_0114,Batteries,single,2,9,8,1,1,9,0.89,0.89,0.89
BAT_EXT_0115,Batteries,single,2,10,9,1,1,10,0.9,0.9,0.9
BAT_EXT_0116,Batteries,single,2,10,9,1,1,10,0.9,0.9,0.9
BAT_EXT_0117,Batteries,multi,2,24,22,3,2,25,0.88,0.92,0.9
BAT_EXT_0118,Batteries,single,2,11,11,0,0,11,1.0,1.0,1.0
BAT_EXT_0119,Batteries,single,2,12,12,1,0,13,0.92,1.0,0.96
BAT_EXT_0120,Batteries,multi,2,22,22,1,0,23,0.96,1.0,0.98
BAT_EXT_0121,Batteries,single,2,8,7,0,1,7,1.0,0.88,0.94
BAT_EXT_0122,Batteries,single,2,9,8,1,1,9,0.89,0.89,0.89
BAT_EXT_0123,Batteries,single,2,6,6,0,0,6,1.0,1.0,1.0
BAT_EXT_0124,Batteries,single,2,11,10,1,1,11,0.91,0.91,0.91
BAT_EXT_0125,Batteries,single,2,9,8,1,1,9,0.89,0.89,0.89
BAT_EXT_0126,Batteries,single,2,6,6,1,0,7,0.86,1.0,0.92
BAT_EXT_0127,Batteries,single,2,9,7,3,2,10,0.7,0.78,0.74
BAT_EXT_0128,Batteries,multi,2,32,27,7,5,34,0.79,0.84,0.81
BAT_EXT_0129,Batteries,multi,2,28,26,4,2,30,0.87,0.93,0.9
BAT_EXT_0130,Batteries,single,2,12,11,2,1,13,0.85,0.92,0.88
BAT_EXT_0131,Batteries,single,2,9,8,2,1,10,0.8,0.89,0.84
BAT_EXT_0132,Batteries,single,2,9,8,2,1,10,0.8,0.89,0.84
BAT_EXT_0133,Batteries,single,2,4,4,0,0,4,1.0,1.0,1.0
BAT_EXT_0134,Batteries,single,2,7,7,1,0,8,0.88,1.0,0.94
BAT_EXT_0135,Batteries,single,2,8,7,2,1,9,0.78,0.88,0.83
BAT_EXT_0136,Batteries,single,2,7,7,1,0,8,0.88,1.0,0.94
BAT_EXT_0137,Batteries,single,2,6,6,1,0,7,0.86,1.0,0.92
BAT_EXT_0138,Batteries,multi,2,24,20,6,4,26,0.77,0.83,0.8
BAT_EXT_0139,Batteries,single,2,9,9,1,0,10,0.9,1.0,0.95
BAT_EXT_0140,Batteries,single,2,9,8,1,1,9,0.89,0.89,0.89
BAT_EXT_0141,Batteries,single,2,14,11,3,3,14,0.79,0.79,0.79
BAT_EXT_0142,Batteries,single,2,8,7,0,1,7,1.0,0.88,0.94
BAT_EXT_0143,Batteries,single,2,9,7,3,2,10,0.7,0.78,0.74
BAT_EXT_0144,Batteries,single,2,6,6,0,0,6,1.0,1.0,1.0
BAT_EXT_0145,Batteries,single,2,6,6,0,0,6,1.0,1.0,1.0
BAT_EXT_0146,Batteries,single,2,11,10,2,1,12,0.83,0.91,0.87
BAT_EXT_0147,Batteries,single,2,6,6,0,0,6,1.0,1.0,1.0
BAT_EXT_0148,Batteries,single,2,7,7,2,0,9,0.78,1.0,0.88
BAT_EXT_0149,Batteries,single,2,7,7,0,0,7,1.0,1.0,1.0
BAT_EXT_0150,Batteries,single,2,12,10,2,2,12,0.83,0.83,0.83
BAT_EXT_0151,Batteries,single,2,4,4,0,0,4,1.0,1.0,1.0
BAT_EXT_0152,Batteries,single,2,12,11,2,1,13,0.85,0.92,0.88
BAT_EXT_0153,Batteries,single,2,6,6,1,0,7,0.86,1.0,0.92
BAT_EXT_0154,Batteries,single,2,6,6,0,0,6,1.0,1.0,1.0
BAT_EXT_0155,Batteries,single,2,11,11,1,0,12,0.92,1.0,0.96
BAT_EXT_0156,Batteries,single,2,6,6,2,0,8,0.75,1.0,0.86
BAT_EXT_0157,Batteries,multi,2,24,20,6,4,26,0.77,0.83,0.8
BAT_EXT_0158,Batteries,single,2,7,7,1,0,8,0.88,1.0,0.94
BAT_EXT_0159,Batteries,single,2,11,9,2,2,11,0.82,0.82,0.82
BAT_EXT_0160,Batteries,single,2,8,7,2,1,9,0.78,0.88,0.83
BAT_EXT_0161,Batteries,single,2,10,8,2,2,10,0.8,0.8,0.8
BAT_EXT_0162,Batteries,single,2,8,7,1,1,8,0.88,0.88,0.88
BAT_EXT_0163,Batteries,multi,2,23,20,4,3,24,0.83,0.87,0.85
BAT_EXT_0164,Batteries,single,2,11,10,2,1,12,0.83,0.91,0.87
BAT_EXT_0165,Batteries,single,2,8,7,0,1,7,1.0,0.88,0.94
BAT_EXT_0166,Batteries,single,2,12,11,1,1,12,0.92,0.92,0.92
BAT_EXT_0167,Batteries,single,2,9,8,1,1,9,0.89,0.89,0.89
BAT_EXT_0168,Batteries,single,2,6,6,0,0,6,1.0,1.0,1.0
BAT_EXT_0169,Batteries,multi,2,25,24,2,1,26,0.92,0.96,0.94
BAT_EXT_0170,Batteries,single,2,6,0,2,6,2,0.0,0.0,0.0
BAT_EXT_0171,Batteries,single,2,10,8,3,2,11,0.73,0.8,0.76
BAT_EXT_0172,Batteries,multi,2,26,22,5,4,27,0.81,0.85,0.83
BAT_EXT_0173,Batteries,single,2,9,9,0,0,9,1.0,1.0,1.0
BAT_EXT_0174,Batteries,single,2,11,11,2,0,13,0.85,1.0,0.92
BAT_EXT_0175,Batteries,single,2,8,8,0,0,8,1.0,1.0,1.0
BAT_EXT_0176,Batteries,single,2,12,10,3,2,13,0.77,0.83,0.8
BAT_EXT_0177,Batteries,single,2,12,11,1,1,12,0.92,0.92,0.92
BAT_EXT_0178,Batteries,single,2,6,6,0,0,6,1.0,1.0,1.0
BAT_EXT_0179,Batteries,single,2,11,10,1,1,11,0.91,0.91,0.91
BAT_EXT_0180,Batteries,single,2,12,10,2,2,12,0.83,0.83,0.83
BAT_EXT_0181,Batteries,multi,2,22,18,5,4,23,0.78,0.82,0.8
BAT_EXT_0182,Batteries,single,2,10,8,2,2,10,0.8,0.8,0.8
BAT_EXT_0183,Batteries,single,2,9,9,0,0,9,1.0,1.0,1.0
BAT_EXT_0184,Batteries,single,2,7,5,2,2,7,0.71,0.71,0.71
BAT_EXT_0185,Batteries,single,2,10,10,1,0,11,0.91,1.0,0.95
BAT_EXT_0186,Batteries,single,2,11,11,0,0,11,1.0,1.0,1.0
BAT_EXT_0187,Batteries,single,2,12,12,1,0,13,0.92,1.0,0.96
BAT_EXT_0188,Batteries,single,2,7,7,1,0,8,0.88,1.0,0.94
BAT_EXT_0189,Batteries,single,2,8,8,1,0,9,0.89,1.0,0.94
BAT_EXT_0190,Batteries,single,2,8,6,3,2,9,0.67,0.75,0.71
BAT_EXT_0191,Batteries,single,2,12,12,1,0,13,0.92,1.0,0.96
BAT_EXT_0192,Batteries,single,2,12,11,1,1,12,0.92,0.92,0.92
BAT_EXT_0193,Batteries,single,2,11,10,1,1,11,0.91,0.91,0.91
BAT_EXT_0194,Batteries,single,2,6,6,1,0,7,0.86,1.0,0.92
BAT_EXT_0195,Batteries,single,2,10,9,0,1,9,1.0,0.9,0.95
BAT_EXT_0196,Batteries,single,2,11,9,3,2,12,0.75,0.82,0.78
BAT_EXT_0197,Batteries,single,2,9,8,1,1,9,0.89,0.89,0.89
BAT_EXT_0198,Batteries,multi,2,19,15,5,4,20,0.75,0.79,0.77
BAT_EXT_0199,Batteries,single,2,11,9,2,2,11,0.82,0.82,0.82
BAT_EXT_0200,Batteries,single,2,7,7,2,0,9,0.78,1.0,0.88
BAT_EXT_0201,Batteries,single,2,10,10,0,0,10,1.0,1.0,1.0
BAT_EXT_0202,Batteries,single,2,8,7,1,1,8,0.88,0.88,0.88
BAT_EXT_0203,Batteries,single,2,12,11,2,1,13,0.85,0.92,0.88
BAT_EXT_0204,Batteries,single,2,12,11,1,1,12,0.92,0.92,0.92
BAT_EXT_0205,Batteries,single,2,6,6,0,0,6,1.0,1.0,1.0
BAT_EXT_0206,Batteries,single,2,8,6,2,2,8,0.75,0.75,0.75
BAT_EXT_0001,Batteries,single,3,8,7,1,1,8,0.88,0.88,0.88
BAT_EXT_0002,Batteries,single,3,11,11,1,0,12,0.92,1.0,0.96
BAT_EXT_0003,Batteries,single,3,12,10,2,2,12,0.83,0.83,0.83
BAT_EXT_0004,Batteries,single,3,10,9,2,1,11,0.82,0.9,0.86
BAT_EXT_0005,Batteries,single,3,6,6,0,0,6,1.0,1.0,1.0
BAT_EXT_0006,Batteries,single,3,6,6,0,0,6,1.0,1.0,1.0
BAT_EXT_0007,Batteries,single,3,12,11,1,1,12,0.92,0.92,0.92
BAT_EXT_0008,Batteries,single,3,12,10,2,2,12,0.83,0.83,0.83
BAT_EXT_0009,Batteries,single,3,7,6,0,1,6,1.0,0.86,0.92
BAT_EXT_0010,Batteries,single,3,9,8,0,1,8,1.0,0.89,0.94
BAT_EXT_0011,Batteries,single,3,10,9,1,1,10,0.9,0.9,0.9
BAT_EXT_0012,Batteries,single,3,6,6,1,0,7,0.86,1.0,0.92
BAT_EXT_0013,Batteries,single,3,8,8,0,0,8,1.0,1.0,1.0
BAT_EXT_0014,Batteries,single,3,9,7,2,2,9,0.78,0.78,0.78
BAT_EXT_0015,Batteries,single,3,6,6,1,0,7,0.86,1.0,0.92
BAT_EXT_0016,Batteries,multi,3,18,15,4,3,19,0.79,0.83,0.81
BAT_EXT_0017,Batteries,single,3,9,9,1,0,10,0.9,1.0,0.95
BAT_EXT_0018,Batteries,single,3,11,9,3,2,12,0.75,0.82,0.78
BAT_EXT_0019,Batteries,multi,3,22,17,6,5,23,0.74,0.77,0.75
BAT_EXT_0020,Batteries,single,3,12,12,1,0,13,0.92,1.0,0.96
BAT_EXT_0021,Batteries,single,3,8,7,1,1,8,0.88,0.88,0.88
BAT_EXT_0022,Batteries,single,3,12,12,0,0,12,1.0,1.0,1.0
BAT_EXT_0023,Batteries,single,3,9,8,1,1,9,0.89,0.89,0.89
BAT_EXT_0024,Batteries,single,3,6,6,2,0,8,0.75,1.0,0.86
BAT_EXT_0025,Batteries,single,3,13,12,2,1,14,0.86,0.92,0.89
BAT_EXT_0026,Batteries,single,3,11,11,1,0,12,0.92,1.0,0.96
BAT_EXT_0027,Batteries,single,3,11,10,2,1,12,0.83,0.91,0.87
BAT_EXT_0028,Batteries,single,3,11,11,0,0,11,1.0,1.0,1.0
BAT_EXT_0029,Batteries,single,3,9,8,2,1,10,0.8,0.89,0.84
BAT_EXT_0030,Batteries,single,3,7,6,0,1,6,1.0,0.86,0.92
BAT_EXT_0031,Batteries,single,3,7,7,1,0,8,0.88,1.0,0.94
BAT_EXT_0032,Batteries,single,3,12,12,0,0,12,1.0,1.0,1.0
BAT_EXT_0033,Batteries,single,3,6,6,0,0,6,1.0,1.0,1.0
BAT_EXT_0034,Batteries,single,3,6,6,0,0,6,1.0,1.0,1.0
BAT_EXT_0035,Batteries,single,3,12,11,2,1,13,0.85,0.92,0.88
BAT_EXT_0036,Batteries,single,3,7,5,0,2,5,1.0,0.71,0.83
BAT_EXT_0037,Batteries,single,3,8,7,1,1,8,0.88,0.88,0.88
BAT_EXT_0038,Batteries,single,3,12,12,1,0,13,0.92,1.0,0.96
BAT_EXT_0039,Batteries,single,3,12,11,2,1,13,0.85,0.92,0.88
BAT_EXT_0040,Batteries,single,3,6,6,1,0,7,0.86,1.0,0.92
BAT_EXT_0041,Batteries,single,3,6,6,0,0,6,1.0,1.0,1.0
BAT_EXT_0042,Batteries,single,3,11,11,0,0,11,1.0,1.0,1.0
BAT_EXT_0043,Batteries,single,3,10,10,0,0,10,1.0,1.0,1.0
BAT_EXT_0044,Batteries,single,3,10,9,1,1,10,0.9,0.9,0.9
BAT_EXT_0045,Batteries,single,3,8,8,1,0,9,0.89,1.0,0.94
BAT_EXT_0046,Batteries,single,3,11,9,2,2,11,0.82,0.82,0.82
BAT_EXT_0047,Batteries,single,3,10,10,1,0,11,0.91,1.0,0.95
BAT_EXT_0048,Batteries,multi,3,21,18,5,3,23,0.78,0.86,0.82
BAT_EXT_0049,Batteries,single,3,12,11,2,1,13,0.85,0.92,0.88
BAT_EXT_0050,Batteries,multi,3,33,33,0,0,33,1.0,1.0,1.0
BAT_EXT_0051,Batteries,single,3,13,11,2,2,13,0.85,0.85,0.85
BAT_EXT_0052,Batteries,single,3,11,11,1,0,12,0.92,1.0,0.96
BAT_EXT_0053,Batteries,single,3,4,4,0,0,4,1.0,1.0,1.0
BAT_EXT_0054,Batteries,multi,3,25,21,5,4,26,0.81,0.84,0.82
BAT_EXT_0055,Batteries,single,3,8,7,1,1,8,0.88,0.88,0.88
BAT_EXT_0056,Batteries,single,3,9,9,0,0,9,1.0,1.0,1.0
BAT_EXT_0057,Batteries,multi,3,22,19,4,3,23,0.83,0.86,0.84
BAT_EXT_0058,Batteries,single,3,9,9,2,0,11,0.82,1.0,0.9
BAT_EXT_0059,Batteries,single,3,11,9,2,2,11,0.82,0.82,0.82
BAT_EXT_0060,Batteries,single,3,6,6,1,0,7,0.86,1.0,0.92
BAT_EXT_0061,Batteries,single,3,12,12,0,0,12,1.0,1.0,1.0
BAT_EXT_0062,Batteries,multi,3,27,20,8,7,28,0.71,0.74,0.72
BAT_EXT_0063,Batteries,single,3,8,7,2,1,9,0.78,0.88,0.83
BAT_EXT_0064,Batteries,single,3,6,6,0,0,6,1.0,1.0,1.0
BAT_EXT_0065,Batteries,single,3,10,8,1,2,9,0.89,0.8,0.84
BAT_EXT_0066,Batteries,single,3,8,8,0,0,8,1.0,1.0,1.0
BAT_EXT_0067,Batteries,single,3,10,10,0,0,10,1.0,1.0,1.0
BAT_EXT_0068,Batteries,single,3,9,8,1,1,9,0.89,0.89,0.89
BAT_EXT_0069,Batteries,single,3,10,10,0,0,10,1.0,1.0,1.0
BAT_EXT_0070,Batteries,single,3,10,10,1,0,11,0.91,1.0,0.95
BAT_EXT_0071,Batteries,single,3,12,12,0,0,12,1.0,1.0,1.0
BAT_EXT_0072,Batteries,single,3,12,10,2,2,12,0.83,0.83,0.83
BAT_EXT_0073,Batteries,single,3,7,6,1,1,7,0.86,0.86,0.86
BAT_EXT_0074,Batteries,single,3,13,12,2,1,14,0.86,0.92,0.89
BAT_EXT_0075,Batteries,single,3,6,6,0,0,6,1.0,1.0,1.0
BAT_EXT_0076,Batteries,single,3,8,7,2,1,9,0.78,0.88,0.83
BAT_EXT_0077,Batteries,single,3,11,10,1,1,11,0.91,0.91,0.91
BAT_EXT_0078,Batteries,single,3,8,7,2,1,9,0.78,0.88,0.83
BAT_EXT_0079,Batteries,single,3,9,8,1,1,9,0.89,0.89,0.89
BAT_EXT_0080,Batteries,single,3,8,8,1,0,9,0.89,1.0,0.94
BAT_EXT_0081,Batteries,single,3,6,6,1,0,7,0.86,1.0,0.92
BAT_EXT_0082,Batteries,single,3,6,6,0,0,6,1.0,1.0,1.0
BAT_EXT_0083,Batteries,single,3,9,8,0,1,8,1.0,0.89,0.94
BAT_EXT_0084,Batteries,single,3,8,8,1,0,9,0.89,1.0,0.94
BAT_EXT_0085,Batteries,single,3,8,7,0,1,7,1.0,0.88,0.94
BAT_EXT_0086,Batteries,multi,3,18,16,4,2,20,0.8,0.89,0.84
BAT_EXT_0087,Batteries,single,3,9,8,0,1,8,1.0,0.89,0.94
BAT_EXT_0088,Batteries,single,3,7,0,1,7,1,0.0,0.0,0.0
BAT_EXT_0089,Batteries,single,3,10,9,2,1,11,0.82,0.9,0.86
BAT_EXT_0090,Batteries,single,3,12,11,2,1,13,0.85,0.92,0.88
BAT_EXT_0091,Batteries,single,3,7,6,1,1,7,0.86,0.86,0.86
BAT_EXT_0092,Batteries,single,3,9,8,2,1,10,0.8,0.89,0.84
BAT_EXT_0093,Batteries,single,3,12,12,0,0,12,1.0,1.0,1.0
BAT_EXT_0094,Batteries,single,3,7,6,0,1,6,1.0,0.86,0.92
BAT_EXT_0095,Batteries,single,3,9,7,3,2,10,0.7,0.78,0.74
BAT_EXT_0096,Batteries,single,3,8,8,2,0,10,0.8,1.0,0.89
BAT_EXT_0097,Batteries,multi,3,21,19,3,2,22,0.86,0.9,0.88
BAT_EXT_0098,Batteries,single,3,7,6,2,1,8,0.75,0.86,0.8
BAT_EXT_0099,Batteries,single,3,9,9,0,0,9,1.0,1.0,1.0
BAT_EXT_0100,Batteries,multi,3,24,23,2,1,25,0.92,0.96,0.94
BAT_EXT_0101,Batteries,single,3,12,12,1,0,13,0.92,1.0,0.96
BAT_EXT_0102,Batteries,single,3,9,8,2,1,10,0.8,0.89,0.84
BAT_EXT_0103,Batteries,single,3,7,6,1,1,7,0.86,0.86,0.86
BAT_EXT_0104,Batteries,single,3,7,6,0,1,6,1.0,0.86,0.92
BAT_EXT_0105,Batteries,single,3,6,6,0,0,6,1.0,1.0,1.0
BAT_EXT_0106,Batteries,single,3,10,9,1,1,10,0.9,0.9,0.9
BAT_EXT_0107,Batteries,multi,3,20,18,2,2,20,0.9,0.9,0.9
BAT_EXT_0108,Batteries,single,3,12,11,2,1,13,0.85,0.92,0.88
BAT_EXT_0109,Batteries,single,3,8,7,1,1,8,0.88,0.88,0.88
BAT_EXT_0110,Batteries,multi,3,25,22,4,3,26,0.85,0.88,0.86
BAT_EXT_0111,Batteries,single,3,10,9,2,1,11,0.82,0.9,0.86
BAT_EXT_0112,Batteries,single,3,9,8,1,1,9,0.89,0.89,0.89
BAT_EXT_0113,Batteries,single,3,8,8,0,0,8,1.0,1.0,1.0
BAT_EXT_0114,Batteries,single,3,9,9,1,0,10,0.9,1.0,0.95
BAT_EXT_0115,Batteries,single,3,10,9,1,1,10,0.9,0.9,0.9
BAT_EXT_0116,Batteries,single,3,10,9,2,1,11,0.82,0.9,0.86
BAT_EXT_0117,Batteries,multi,3,24,21,3,3,24,0.88,0.88,0.88
BAT_EXT_0118,Batteries,single,3,11,11,0,0,11,1.0,1.0,1.0
BAT_EXT_0119,Batteries,single,3,12,12,0,0,12,1.0,1.0,1.0
BAT_EXT_0120,Batteries,multi,3,22,22,0,0,22,1.0,1.0,1.0
BAT_EXT_0121,Batteries,single,3,8,8,1,0,9,0.89,1.0,0.94
BAT_EXT_0122,Batteries,single,3,9,9,1,0,10,0.9,1.0,0.95
BAT_EXT_0123,Batteries,single,3,6,6,0,0,6,1.0,1.0,1.0
BAT_EXT_0124,Batteries,single,3,11,10,2,1,12,0.83,0.91,0.87
BAT_EXT_0125,Batteries,single,3,9,8,1,1,9,0.89,0.89,0.89
BAT_EXT_0126,Batteries,single,3,6,6,1,0,7,0.86,1.0,0.92
BAT_EXT_0127,Batteries,single,3,9,7,3,2,10,0.7,0.78,0.74
BAT_EXT_0128,Batteries,multi,3,32,27,7,5,34,0.79,0.84,0.81
BAT_EXT_0129,Batteries,multi,3,28,25,6,3,31,0.81,0.89,0.85
BAT_EXT_0130,Batteries,single,3,12,11,2,1,13,0.85,0.92,0.88
BAT_EXT_0131,Batteries,single,3,9,8,2,1,10,0.8,0.89,0.84
BAT_EXT_0132,Batteries,single,3,9,8,1,1,9,0.89,0.89,0.89
BAT_EXT_0133,Batteries,single,3,4,4,0,0,4,1.0,1.0,1.0
BAT_EXT_0134,Batteries,single,3,7,7,0,0,7,1.0,1.0,1.0
BAT_EXT_0135,Batteries,single,3,8,7,2,1,9,0.78,0.88,0.83
BAT_EXT_0136,Batteries,single,3,7,7,0,0,7,1.0,1.0,1.0
BAT_EXT_0137,Batteries,single,3,6,6,1,0,7,0.86,1.0,0.92
BAT_EXT_0138,Batteries,multi,3,24,22,4,2,26,0.85,0.92,0.88
BAT_EXT_0139,Batteries,single,3,9,8,1,1,9,0.89,0.89,0.89
BAT_EXT_0140,Batteries,single,3,9,8,2,1,10,0.8,0.89,0.84
BAT_EXT_0141,Batteries,single,3,14,12,3,2,15,0.8,0.86,0.83
BAT_EXT_0142,Batteries,single,3,8,8,0,0,8,1.0,1.0,1.0
BAT_EXT_0143,Batteries,single,3,9,7,3,2,10,0.7,0.78,0.74
BAT_EXT_0144,Batteries,single,3,6,6,0,0,6,1.0,1.0,1.0
BAT_EXT_0145,Batteries,single,3,6,6,0,0,6,1.0,1.0,1.0
BAT_EXT_0146,Batteries,single,3,11,9,3,2,12,0.75,0.82,0.78
BAT_EXT_0147,Batteries,single,3,6,6,1,0,7,0.86,1.0,0.92
BAT_EXT_0148,Batteries,single,3,7,6,2,1,8,0.75,0.86,0.8
BAT_EXT_0149,Batteries,single,3,7,7,0,0,7,1.0,1.0,1.0
BAT_EXT_0150,Batteries,single,3,12,11,2,1,13,0.85,0.92,0.88
BAT_EXT_0151,Batteries,single,3,4,4,0,0,4,1.0,1.0,1.0
BAT_EXT_0152,Batteries,single,3,12,10,2,2,12,0.83,0.83,0.83
BAT_EXT_0153,Batteries,single,3,6,6,0,0,6,1.0,1.0,1.0
BAT_EXT_0154,Batteries,single,3,6,6,1,0,7,0.86,1.0,0.92
BAT_EXT_0155,Batteries,single,3,11,11,1,0,12,0.92,1.0,0.96
BAT_EXT_0156,Batteries,single,3,6,6,1,0,7,0.86,1.0,0.92
BAT_EXT_0157,Batteries,multi,3,24,20,5,4,25,0.8,0.83,0.81
BAT_EXT_0158,Batteries,single,3,7,7,0,0,7,1.0,1.0,1.0
BAT_EXT_0159,Batteries,single,3,11,10,2,1,12,0.83,0.91,0.87
BAT_EXT_0160,Batteries,single,3,8,7,1,1,8,0.88,0.88,0.88
BAT_EXT_0161,Batteries,single,3,10,8,3,2,11,0.73,0.8,0.76
BAT_EXT_0162,Batteries,single,3,8,7,2,1,9,0.78,0.88,0.83
BAT_EXT_0163,Batteries,multi,3,23,19,5,4,24,0.79,0.83,0.81
BAT_EXT_0164,Batteries,single,3,11,10,2,1,12,0.83,0.91,0.87
BAT_EXT_0165,Batteries,single,3,8,8,0,0,8,1.0,1.0,1.0
BAT_EXT_0166,Batteries,single,3,12,11,1,1,12,0.92,0.92,0.92
BAT_EXT_0167,Batteries,single,3,9,8,2,1,10,0.8,0.89,0.84
BAT_EXT_0168,Batteries,single,3,6,6,1,0,7,0.86,1.0,0.92
BAT_EXT_0169,Batteries,multi,3,25,24,3,1,27,0.89,0.96,0.92
BAT_EXT_0170,Batteries,single,3,6,0,1,6,1,0.0,0.0,0.0
BAT_EXT_0171,Batteries,single,3,10,8,1,2,9,0.89,0.8,0.84
BAT_EXT_0172,Batteries,multi,3,26,22,5,4,27,0.81,0.85,0.83
BAT_EXT_0173,Batteries,single,3,9,9,0,0,9,1.0,1.0,1.0
BAT_EXT_0174,Batteries,single,3,11,11,1,0,12,0.92,1.0,0.96
BAT_EXT_0175,Batteries,single,3,8,8,0,0,8,1.0,1.0,1.0
BAT_EXT_0176,Batteries,single,3,12,11,2,1,13,0.85,0.92,0.88
BAT_EXT_0177,Batteries,single,3,12,10,3,2,13,0.77,0.83,0.8
BAT_EXT_0178,Batteries,single,3,6,6,0,0,6,1.0,1.0,1.0
BAT_EXT_0179,Batteries,single,3,11,11,1,0,12,0.92,1.0,0.96
BAT_EXT_0180,Batteries,single,3,12,11,3,1,14,0.79,0.92,0.85
BAT_EXT_0181,Batteries,multi,3,22,19,5,3,24,0.79,0.86,0.82
BAT_EXT_0182,Batteries,single,3,10,9,2,1,11,0.82,0.9,0.86
BAT_EXT_0183,Batteries,single,3,9,9,1,0,10,0.9,1.0,0.95
BAT_EXT_0184,Batteries,single,3,7,6,2,1,8,0.75,0.86,0.8
BAT_EXT_0185,Batteries,single,3,10,9,2,1,11,0.82,0.9,0.86
BAT_EXT_0186,Batteries,single,3,11,11,0,0,11,1.0,1.0,1.0
BAT_EXT_0187,Batteries,single,3,12,11,1,1,12,0.92,0.92,0.92
BAT_EXT_0188,Batteries,single,3,7,6,1,1,7,0.86,0.86,0.86
BAT_EXT_0189,Batteries,single,3,8,8,0,0,8,1.0,1.0,1.0
BAT_EXT_0190,Batteries,single,3,8,7,3,1,10,0.7,0.88,0.78
BAT_EXT_0191,Batteries,single,3,12,10,2,2,12,0.83,0.83,0.83
BAT_EXT_0192,Batteries,single,3,12,11,1,1,12,0.92,0.92,0.92
BAT_EXT_0193,Batteries,single,3,11,10,2,1,12,0.83,0.91,0.87
BAT_EXT_0194,Batteries,single,3,6,6,1,0,7,0.86,1.0,0.92
BAT_EXT_0195,Batteries,single,3,10,10,0,0,10,1.0,1.0,1.0
BAT_EXT_0196,Batteries,single,3,11,10,2,1,12,0.83,0.91,0.87
BAT_EXT_0197,Batteries,single,3,9,9,0,0,9,1.0,1.0,1.0
BAT_EXT_0198,Batteries,multi,3,19,16,5,3,21,0.76,0.84,0.8
BAT_EXT_0199,Batteries,single,3,11,9,3,2,12,0.75,0.82,0.78
BAT_EXT_0200,Batteries,single,3,7,6,2,1,8,0.75,0.86,0.8
BAT_EXT_0201,Batteries,single,3,10,10,1,0,11,0.91,1.0,0.95
BAT_EXT_0202,Batteries,single,3,8,8,1,0,9,0.89,1.0,0.94
BAT_EXT_0203,Batteries,single,3,12,11,2,1,13,0.85,0.92,0.88
BAT_EXT_0204,Batteries,single,3,12,11,1,1,12,0.92,0.92,0.92
BAT_EXT_0205,Batteries,single,3,6,6,1,0,7,0.86,1.0,0.92
BAT_EXT_0206,Batteries,single,3,8,7,2,1,9,0.78,0.88,0.83
