query_id,domain,question_type,run,method,gold_count,tp,fp,fn,predicted_count,precision,recall,f1
SUP_EXT_0001,Superalloys,single,1,w/o Structure,7,6,1,1,7,0.86,0.86,0.86
SUP_EXT_0002,Superalloys,single,1,w/o Structure,6,6,1,0,7,0.86,1.0,0.92
SUP_EXT_0003,Superalloys,single,1,w/o Structure,7,7,2,0,9,0.78,1.0,0.88
SUP_EXT_0004,Superalloys,single,1,w/o Structure,7,6,2,1,8,0.75,0.86,0.8
SUP_EXT_0005,Superalloys,multi,1,w/o Structure,35,23,11,12,34,0.68,0.66,0.67
SUP_EXT_0006,Superalloys,single,1,w/o Structure,9,8,3,1,11,0.73,0.89,0.8
SUP_EXT_0007,Superalloys,single,1,w/o Structure,6,6,0,0,6,1.0,1.0,1.0
SUP_EXT_0008,Superalloys,single,1,w/o Structure,7,6,2,1,8,0.75,0.86,0.8
SUP_EXT_0009,Superalloys,single,1,w/o Structure,6,4,1,2,5,0.8,0.67,0.73
SUP_EXT_0010,Superalloys,multi,1,w/o Structure,29,26,3,3,29,0.9,0.9,0.9
SUP_EXT_0011,Superalloys,single,1,w/o Structure,6,4,3,2,7,0.57,0.67,0.62
SUP_EXT_0012,Superalloys,single,1,w/o Structure,10,8,3,2,11,0.73,0.8,0.76
SUP_EXT_0013,Superalloys,single,1,w/o Structure,6,6,1,0,7,0.86,1.0,0.92
SUP_EXT_0014,Superalloys,single,1,w/o Structure,10,9,1,1,10,0.9,0.9,0.9
SUP_EXT_0015,Superalloys,single,1,w/o Structure,11,9,2,2,11,0.82,0.82,0.82
SUP_EXT_0016,Superalloys,single,1,w/o Structure,8,7,1,1,8,0.88,0.88,0.88
SUP_EXT_0017,Superalloys,multi,1,w/o Structure,27,21,4,6,25,0.84,0.78,0.81
SUP_EXT_0018,Superalloys,single,1,w/o Structure,9,8,1,1,9,0.89,0.89,0.89
SUP_EXT_0019,Superalloys,single,1,w/o Structure,11,10,1,1,11,0.91,0.91,0.91
SUP_EXT_0020,Superalloys,single,1,w/o Structure,12,10,1,2,11,0.91,0.83,0.87
SUP_EXT_0021,Superalloys,single,1,w/o Structure,9,8,1,1,9,0.89,0.89,0.89
SUP_EXT_0022,Superalloys,single,1,w/o Structure,9,7,2,2,9,0.78,0.78,0.78
SUP_EXT_0023,Superalloys,single,1,w/o Structure,11,10,3,1,13,0.77,0.91,0.83
SUP_EXT_0024,Superalloys,single,1,w/o Structure,7,7,0,0,7,1.0,1.0,1.0
SUP_EXT_0025,Superalloys,single,1,w/o Structure,6,5,1,1,6,0.83,0.83,0.83
SUP_EXT_0026,Superalloys,multi,1,w/o Structure,28,18,7,10,25,0.72,0.64,0.68
SUP_EXT_0027,Superalloys,single,1,w/o Structure,7,6,1,1,7,0.86,0.86,0.86
SUP_EXT_0028,Superalloys,multi,1,w/o Structure,38,27,7,11,34,0.79,0.71,0.75
SUP_EXT_0029,Superalloys,multi,1,w/o Structure,21,16,4,5,20,0.8,0.76,0.78
SUP_EXT_0030,Superalloys,single,1,w/o Structure,8,7,1,1,8,0.88,0.88,0.88
SUP_EXT_0031,Superalloys,single,1,w/o Structure,8,6,1,2,7,0.86,0.75,0.8
SUP_EXT_0032,Superalloys,single,1,w/o Structure,10,7,2,3,9,0.78,0.7,0.74
SUP_EXT_0033,Superalloys,multi,1,w/o Structure,21,14,6,7,20,0.7,0.67,0.68
SUP_EXT_0034,Superalloys,single,1,w/o Structure,4,0,0,4,0,0.0,0.0,0.0
SUP_EXT_0035,Superalloys,single,1,w/o Structure,10,7,2,3,9,0.78,0.7,0.74
SUP_EXT_0036,Superalloys,single,1,w/o Structure,7,7,1,0,8,0.88,1.0,0.94
SUP_EXT_0037,Superalloys,single,1,w/o Structure,7,6,3,1,9,0.67,0.86,0.75
SUP_EXT_0038,Superalloys,single,1,w/o Structure,9,9,2,0,11,0.82,1.0,0.9
SUP_EXT_0039,Superalloys,single,1,w/o Structure,6,6,1,0,7,0.86,1.0,0.92
SUP_EXT_0040,Superalloys,single,1,w/o Structure,7,5,1,2,6,0.83,0.71,0.77
SUP_EXT_0041,Superalloys,single,1,w/o Structure,12,10,1,2,11,0.91,0.83,0.87
SUP_EXT_0042,Superalloys,single,1,w/o Structure,10,9,2,1,11,0.82,0.9,0.86
SUP_EXT_0043,Superalloys,single,1,w/o Structure,7,6,2,1,8,0.75,0.86,0.8
SUP_EXT_0044,Superalloys,single,1,w/o Structure,6,5,1,1,6,0.83,0.83,0.83
SUP_EXT_0045,Superalloys,single,1,w/o Structure,6,6,1,0,7,0.86,1.0,0.92
SUP_EXT_0046,Superalloys,single,1,w/o Structure,8,6,2,2,8,0.75,0.75,0.75
SUP_EXT_0047,Superalloys,single,1,w/o Structure,9,7,1,2,8,0.88,0.78,0.83
SUP_EXT_0048,Superalloys,single,1,w/o Structure,6,6,1,0,7,0.86,1.0,0.92
SUP_EXT_0049,Superalloys,single,1,w/o Structure,7,6,2,1,8,0.75,0.86,0.8
SUP_EXT_0050,Superalloys,single,1,w/o Structure,6,6,2,0,8,0.75,1.0,0.86
SUP_EXT_0051,Superalloys,single,1,w/o Structure,7,7,1,0,8,0.88,1.0,0.94
SUP_EXT_0052,Superalloys,single,1,w/o Structure,11,8,3,3,11,0.73,0.73,0.73
SUP_EXT_0053,Superalloys,single,1,w/o Structure,6,5,1,1,6,0.83,0.83,0.83
SUP_EXT_0054,Superalloys,single,1,w/o Structure,11,10,0,1,10,1.0,0.91,0.95
SUP_EXT_0055,Superalloys,single,1,w/o Structure,15,12,2,3,14,0.86,0.8,0.83
SUP_EXT_0056,Superalloys,single,1,w/o Structure,11,11,1,0,12,0.92,1.0,0.96
SUP_EXT_0057,Superalloys,single,1,w/o Structure,9,9,2,0,11,0.82,1.0,0.9
SUP_EXT_0058,Superalloys,single,1,w/o Structure,9,8,2,1,10,0.8,0.89,0.84
SUP_EXT_0059,Superalloys,single,1,w/o Structure,8,7,1,1,8,0.88,0.88,0.88
SUP_EXT_0060,Superalloys,single,1,w/o Structure,12,9,2,3,11,0.82,0.75,0.78
SUP_EXT_0061,Superalloys,single,1,w/o Structure,11,11,0,0,11,1.0,1.0,1.0
SUP_EXT_0062,Superalloys,single,1,w/o Structure,9,8,1,1,9,0.89,0.89,0.89
SUP_EXT_0063,Superalloys,single,1,w/o Structure,7,6,1,1,7,0.86,0.86,0.86
SUP_EXT_0064,Superalloys,single,1,w/o Structure,8,7,2,1,9,0.78,0.88,0.83
SUP_EXT_0065,Superalloys,single,1,w/o Structure,7,6,1,1,7,0.86,0.86,0.86
SUP_EXT_0066,Superalloys,single,1,w/o Structure,6,5,2,1,7,0.71,0.83,0.77
SUP_EXT_0067,Superalloys,single,1,w/o Structure,10,9,3,1,12,0.75,0.9,0.82
SUP_EXT_0068,Superalloys,multi,1,w/o Structure,27,27,1,0,28,0.96,1.0,0.98
SUP_EXT_0069,Superalloys,single,1,w/o Structure,8,8,1,0,9,0.89,1.0,0.94
SUP_EXT_0070,Superalloys,single,1,w/o Structure,12,10,2,2,12,0.83,0.83,0.83
SUP_EXT_0071,Superalloys,single,1,w/o Structure,10,9,1,1,10,0.9,0.9,0.9
SUP_EXT_0072,Superalloys,single,1,w/o Structure,11,11,1,0,12,0.92,1.0,0.96
SUP_EXT_0073,Superalloys,single,1,w/o Structure,8,6,1,2,7,0.86,0.75,0.8
SUP_EXT_0074,Superalloys,single,1,w/o Structure,13,11,2,2,13,0.85,0.85,0.85
SUP_EXT_0075,Superalloys,single,1,w/o Structure,9,9,1,0,10,0.9,1.0,0.95
SUP_EXT_0076,Superalloys,single,1,w/o Structure,9,8,1,1,9,0.89,0.89,0.89
SUP_EXT_0077,Superalloys,single,1,w/o Structure,12,10,2,2,12,0.83,0.83,0.83
SUP_EXT_0078,Superalloys,single,1,w/o Structure,6,6,1,0,7,0.86,1.0,0.92
SUP_EXT_0079,Superalloys,single,1,w/o Structure,9,7,1,2,8,0.88,0.78,0.83
SUP_EXT_0080,Superalloys,single,1,w/o Structure,8,6,3,2,9,0.67,0.75,0.71
SUP_EXT_0081,Superalloys,single,1,w/o Structure,13,10,4,3,14,0.71,0.77,0.74
SUP_EXT_0082,Superalloys,single,1,w/o Structure,9,7,2,2,9,0.78,0.78,0.78
SUP_EXT_0083,Superalloys,single,1,w/o Structure,10,10,0,0,10,1.0,1.0,1.0
SUP_EXT_0084,Superalloys,single,1,w/o Structure,14,14,3,0,17,0.82,1.0,0.9
SUP_EXT_0085,Superalloys,single,1,w/o Structure,10,10,0,0,10,1.0,1.0,1.0
SUP_EXT_0086,Superalloys,multi,1,w/o Structure,22,16,4,6,20,0.8,0.73,0.76
SUP_EXT_0087,Superalloys,single,1,w/o Structure,8,8,2,0,10,0.8,1.0,0.89
SUP_EXT_0088,Superalloys,single,1,w/o Structure,10,9,1,1,10,0.9,0.9,0.9
SUP_EXT_0089,Superalloys,single,1,w/o Structure,7,6,1,1,7,0.86,0.86,0.86
SUP_EXT_0090,Superalloys,multi,1,w/o Structure,31,25,6,6,31,0.81,0.81,0.81
SUP_EXT_0091,Superalloys,single,1,w/o Structure,6,6,1,0,7,0.86,1.0,0.92
SUP_EXT_0092,Superalloys,single,1,w/o Structure,11,9,2,2,11,0.82,0.82,0.82
SUP_EXT_0093,Superalloys,multi,1,w/o Structure,23,16,8,7,24,0.67,0.7,0.68
SUP_EXT_0094,Superalloys,single,1,w/o Structure,12,10,1,2,11,0.91,0.83,0.87
SUP_EXT_0095,Superalloys,single,1,w/o Structure,11,10,1,1,11,0.91,0.91,0.91
SUP_EXT_0096,Superalloys,single,1,w/o Structure,13,9,3,4,12,0.75,0.69,0.72
SUP_EXT_0097,Superalloys,single,1,w/o Structure,6,5,3,1,8,0.62,0.83,0.71
SUP_EXT_0098,Superalloys,multi,1,w/o Structure,21,17,4,4,21,0.81,0.81,0.81
SUP_EXT_0099,Superalloys,single,1,w/o Structure,11,9,1,2,10,0.9,0.82,0.86
SUP_EXT_0100,Superalloys,single,1,w/o Structure,12,10,2,2,12,0.83,0.83,0.83
SUP_EXT_0101,Superalloys,single,1,w/o Structure,6,6,1,0,7,0.86,1.0,0.92
SUP_EXT_0102,Superalloys,single,1,w/o Structure,14,12,1,2,13,0.92,0.86,0.89
SUP_EXT_0103,Superalloys,single,1,w/o Structure,9,8,1,1,9,0.89,0.89,0.89
SUP_EXT_0104,Superalloys,single,1,w/o Structure,12,10,2,2,12,0.83,0.83,0.83
SUP_EXT_0105,Superalloys,single,1,w/o Structure,12,9,4,3,13,0.69,0.75,0.72
SUP_EXT_0106,Superalloys,single,1,w/o Structure,11,9,2,2,11,0.82,0.82,0.82
SUP_EXT_0107,Superalloys,single,1,w/o Structure,11,9,3,2,12,0.75,0.82,0.78
SUP_EXT_0108,Superalloys,single,1,w/o Structure,12,11,0,1,11,1.0,0.92,0.96
SUP_EXT_0109,Superalloys,single,1,w/o Structure,12,10,3,2,13,0.77,0.83,0.8
SUP_EXT_0110,Superalloys,single,1,w/o Structure,9,9,0,0,9,1.0,1.0,1.0
SUP_EXT_0111,Superalloys,single,1,w/o Structure,6,4,1,2,5,0.8,0.67,0.73
SUP_EXT_0112,Superalloys,single,1,w/o Structure,6,6,1,0,7,0.86,1.0,0.92
SUP_EXT_0113,Superalloys,multi,1,w/o Structure,23,16,6,7,22,0.73,0.7,0.71
SUP_EXT_0114,Superalloys,single,1,w/o Structure,11,10,1,1,11,0.91,0.91,0.91
SUP_EXT_0115,Superalloys,single,1,w/o Structure,10,8,1,2,9,0.89,0.8,0.84
SUP_EXT_0116,Superalloys,single,1,w/o Structure,7,5,2,2,7,0.71,0.71,0.71
SUP_EXT_0117,Superalloys,single,1,w/o Structure,11,8,0,3,8,1.0,0.73,0.84
SUP_EXT_0118,Superalloys,single,1,w/o Structure,11,10,1,1,11,0.91,0.91,0.91
SUP_EXT_0119,Superalloys,single,1,w/o Structure,6,5,4,1,9,0.56,0.83,0.67
SUP_EXT_0120,Superalloys,single,1,w/o Structure,11,9,1,2,10,0.9,0.82,0.86
SUP_EXT_0121,Superalloys,multi,1,w/o Structure,25,23,3,2,26,0.88,0.92,0.9
SUP_EXT_0122,Superalloys,single,1,w/o Structure,11,9,3,2,12,0.75,0.82,0.78
SUP_EXT_0123,Superalloys,single,1,w/o Structure,11,8,1,3,9,0.89,0.73,0.8
SUP_EXT_0124,Superalloys,single,1,w/o Structure,12,10,5,2,15,0.67,0.83,0.74
SUP_EXT_0125,Superalloys,multi,1,w/o Structure,24,20,1,4,21,0.95,0.83,0.89
SUP_EXT_0126,Superalloys,single,1,w/o Structure,10,7,3,3,10,0.7,0.7,0.7
SUP_EXT_0127,Superalloys,single,1,w/o Structure,9,9,1,0,10,0.9,1.0,0.95
SUP_EXT_0128,Superalloys,single,1,w/o Structure,6,6,1,0,7,0.86,1.0,0.92
SUP_EXT_0129,Superalloys,single,1,w/o Structure,11,0,0,11,0,0.0,0.0,0.0
SUP_EXT_0130,Superalloys,multi,1,w/o Structure,27,26,2,1,28,0.93,0.96,0.94
SUP_EXT_0131,Superalloys,single,1,w/o Structure,8,5,2,3,7,0.71,0.62,0.66
SUP_EXT_0132,Superalloys,single,1,w/o Structure,11,10,0,1,10,1.0,0.91,0.95
SUP_EXT_0133,Superalloys,single,1,w/o Structure,10,9,1,1,10,0.9,0.9,0.9
SUP_EXT_0134,Superalloys,single,1,w/o Structure,11,10,1,1,11,0.91,0.91,0.91
SUP_EXT_0135,Superalloys,single,1,w/o Structure,8,8,0,0,8,1.0,1.0,1.0
SUP_EXT_0136,Superalloys,single,1,w/o Structure,12,11,0,1,11,1.0,0.92,0.96
SUP_EXT_0137,Superalloys,single,1,w/o Structure,8,6,1,2,7,0.86,0.75,0.8
SUP_EXT_0138,Superalloys,multi,1,w/o Structure,21,15,6,6,21,0.71,0.71,0.71
SUP_EXT_0139,Superalloys,single,1,w/o Structure,9,8,2,1,10,0.8,0.89,0.84
SUP_EXT_0140,Superalloys,single,1,w/o Structure,6,6,1,0,7,0.86,1.0,0.92
SUP_EXT_0141,Superalloys,single,1,w/o Structure,11,9,4,2,13,0.69,0.82,0.75
SUP_EXT_0142,Superalloys,multi,1,w/o Structure,24,18,3,6,21,0.86,0.75,0.8
SUP_EXT_0143,Superalloys,single,1,w/o Structure,12,10,2,2,12,0.83,0.83,0.83
SUP_EXT_0144,Superalloys,single,1,w/o Structure,12,11,2,1,13,0.85,0.92,0.88
SUP_EXT_0145,Superalloys,single,1,w/o Structure,6,6,0,0,6,1.0,1.0,1.0
SUP_EXT_0146,Superalloys,multi,1,w/o Structure,21,18,2,3,20,0.9,0.86,0.88
SUP_EXT_0147,Superalloys,single,1,w/o Structure,8,6,1,2,7,0.86,0.75,0.8
SUP_EXT_0148,Superalloys,multi,1,w/o Structure,18,12,1,6,13,0.92,0.67,0.78
SUP_EXT_0149,Superalloys,single,1,w/o Structure,9,8,1,1,9,0.89,0.89,0.89
SUP_EXT_0150,Superalloys,single,1,w/o Structure,8,6,1,2,7,0.86,0.75,0.8
SUP_EXT_0151,Superalloys,single,1,w/o Structure,11,10,2,1,12,0.83,0.91,0.87
SUP_EXT_0152,Superalloys,single,1,w/o Structure,10,10,0,0,10,1.0,1.0,1.0
SUP_EXT_0153,Superalloys,single,1,w/o Structure,8,5,1,3,6,0.83,0.62,0.71
SUP_EXT_0154,Superalloys,single,1,w/o Structure,8,8,0,0,8,1.0,1.0,1.0
SUP_EXT_0155,Superalloys,single,1,w/o Structure,10,8,2,2,10,0.8,0.8,0.8
SUP_EXT_0156,Superalloys,single,1,w/o Structure,10,9,2,1,11,0.82,0.9,0.86
SUP_EXT_0157,Superalloys,single,1,w/o Structure,8,7,2,1,9,0.78,0.88,0.83
SUP_EXT_0158,Superalloys,single,1,w/o Structure,10,8,1,2,9,0.89,0.8,0.84
SUP_EXT_0159,Superalloys,single,1,w/o Structure,12,11,3,1,14,0.79,0.92,0.85
SUP_EXT_0160,Superalloys,single,1,w/o Structure,11,9,1,2,10,0.9,0.82,0.86
SUP_EXT_0161,Superalloys,single,1,w/o Structure,7,6,2,1,8,0.75,0.86,0.8
SUP_EXT_0162,Superalloys,single,1,w/o Structure,9,9,0,0,9,1.0,1.0,1.0
SUP_EXT_0163,Superalloys,single,1,w/o Structure,12,11,1,1,12,0.92,0.92,0.92
SUP_EXT_0164,Superalloys,single,1,w/o Structure,7,6,1,1,7,0.86,0.86,0.86
SUP_EXT_0165,Superalloys,single,1,w/o Structure,11,11,1,0,12,0.92,1.0,0.96
SUP_EXT_0166,Superalloys,single,1,w/o Structure,10,8,3,2,11,0.73,0.8,0.76
SUP_EXT_0167,Superalloys,single,1,w/o Structure,11,9,1,2,10,0.9,0.82,0.86
SUP_EXT_0168,Superalloys,single,1,w/o Structure,6,4,1,2,5,0.8,0.67,0.73
SUP_EXT_0169,Superalloys,single,1,w/o Structure,6,5,1,1,6,0.83,0.83,0.83
SUP_EXT_0170,Superalloys,single,1,w/o Structure,6,6,1,0,7,0.86,1.0,0.92
SUP_EXT_0171,Superalloys,single,1,w/o Structure,11,11,2,0,13,0.85,1.0,0.92
SUP_EXT_0172,Superalloys,multi,1,w/o Structure,24,0,0,24,0,0.0,0.0,0.0
SUP_EXT_0173,Superalloys,single,1,w/o Structure,7,0,0,7,0,0.0,0.0,0.0
SUP_EXT_0174,Superalloys,single,1,w/o Structure,12,10,2,2,12,0.83,0.83,0.83
SUP_EXT_0175,Superalloys,single,1,w/o Structure,10,9,2,1,11,0.82,0.9,0.86
SUP_EXT_0176,Superalloys,single,1,w/o Structure,6,5,1,1,6,0.83,0.83,0.83
SUP_EXT_0177,Superalloys,multi,1,w/o Structure,20,16,4,4,20,0.8,0.8,0.8
SUP_EXT_0178,Superalloys,single,1,w/o Structure,6,5,2,1,7,0.71,0.83,0.77
SUP_EXT_0179,Superalloys,single,1,w/o Structure,11,8,3,3,11,0.73,0.73,0.73
SUP_EXT_0180,Superalloys,multi,1,w/o Structure,18,14,2,4,16,0.88,0.78,0.83
SUP_EXT_0181,Superalloys,single,1,w/o Structure,10,8,2,2,10,0.8,0.8,0.8
SUP_EXT_0182,Superalloys,single,1,w/o Structure,11,10,0,1,10,1.0,0.91,0.95
SUP_EXT_0183,Superalloys,single,1,w/o Structure,11,9,0,2,9,1.0,0.82,0.9
SUP_EXT_0184,Superalloys,single,1,w/o Structure,6,4,1,2,5,0.8,0.67,0.73
SUP_EXT_0185,Superalloys,single,1,w/o Structure,8,7,3,1,10,0.7,0.88,0.78
SUP_EXT_0186,Superalloys,single,1,w/o Structure,13,10,4,3,14,0.71,0.77,0.74
SUP_EXT_0187,Superalloys,single,1,w/o Structure,11,9,3,2,12,0.75,0.82,0.78
SUP_EXT_0188,Superalloys,single,1,w/o Structure,9,9,3,0,12,0.75,1.0,0.86
SUP_EXT_0189,Superalloys,single,1,w/o Structure,5,0,0,5,0,0.0,0.0,0.0
SUP_EXT_0190,Superalloys,single,1,w/o Structure,15,12,3,3,15,0.8,0.8,0.8
SUP_EXT_0191,Superalloys,single,1,w/o Structure,7,6,1,1,7,0.86,0.86,0.86
SUP_EXT_0192,Superalloys,single,1,w/o Structure,10,8,1,2,9,0.89,0.8,0.84
SUP_EXT_0193,Superalloys,single,1,w/o Structure,9,8,1,1,9,0.89,0.89,0.89
SUP_EXT_0194,Superalloys,single,1,w/o Structure,12,9,2,3,11,0.82,0.75,0.78
SUP_EXT_0195,Superalloys,single,1,w/o Structure,7,6,2,1,8,0.75,0.86,0.8
SUP_EXT_0196,Superalloys,single,1,w/o Structure,11,9,3,2,12,0.75,0.82,0.78
SUP_EXT_0197,Superalloys,single,1,w/o Structure,10,10,0,0,10,1.0,1.0,1.0
SUP_EXT_0198,Superalloys,single,1,w/o Structure,11,8,2,3,10,0.8,0.73,0.76
SUP_EXT_0199,Superalloys,single,1,w/o Structure,8,7,2,1,9,0.78,0.88,0.83
SUP_EXT_0200,Superalloys,single,1,w/o Structure,8,7,1,1,8,0.88,0.88,0.88
SUP_EXT_0201,Superalloys,multi,1,w/o Structure,21,19,0,2,19,1.0,0.9,0.95
SUP_EXT_0202,Superalloys,single,1,w/o Structure,9,8,1,1,9,0.89,0.89,0.89
SUP_EXT_0203,Superalloys,single,1,w/o Structure,10,9,2,1,11,0.82,0.9,0.86
SUP_EXT_0204,Superalloys,single,1,w/o Structure,10,7,3,3,10,0.7,0.7,0.7
SUP_EXT_0205,Superalloys,single,1,w/o Structure,8,5,2,3,7,0.71,0.62,0.66
SUP_EXT_0206,Superalloys,single,1,w/o Structure,10,8,2,2,10,0.8,0.8,0.8
SUP_EXT_0207,Superalloys,single,1,w/o Structure,9,6,1,3,7,0.86,0.67,0.75
SUP_EXT_0208,Superalloys,single,1,w/o Structure,12,10,0,2,10,1.0,0.83,0.91
SUP_EXT_0209,Superalloys,single,1,w/o Structure,10,9,2,1,11,0.82,0.9,0.86
SUP_EXT_0210,Superalloys,single,1,w/o Structure,10,9,1,1,10,0.9,0.9,0.9
SUP_EXT_0211,Superalloys,single,1,w/o Structure,10,9,2,1,11,0.82,0.9,0.86
SUP_EXT_0212,Superalloys,single,1,w/o Structure,8,7,2,1,9,0.78,0.88,0.83
SUP_EXT_0213,Superalloys,single,1,w/o Structure,12,9,2,3,11,0.82,0.75,0.78
SUP_EXT_0214,Superalloys,single,1,w/o Structure,4,0,0,4,0,0.0,0.0,0.0
SEM_EXT_0001,Semiconductors,single,1,w/o Structure,6,6,1,0,7,0.86,1.0,0.92
SEM_EXT_0002,Semiconductors,single,1,w/o Structure,8,6,2,2,8,0.75,0.75,0.75
SEM_EXT_0003,Semiconductors,single,1,w/o Structure,9,9,2,0,11,0.82,1.0,0.9
SEM_EXT_0004,Semiconductors,single,1,w/o Structure,11,10,1,1,11,0.91,0.91,0.91
SEM_EXT_0005,Semiconductors,single,1,w/o Structure,10,9,0,1,9,1.0,0.9,0.95
SEM_EXT_0006,Semiconductors,single,1,w/o Structure,8,6,2,2,8,0.75,0.75,0.75
SEM_EXT_0007,Semiconductors,single,1,w/o Structure,12,8,5,4,13,0.62,0.67,0.64
SEM_EXT_0008,Semiconductors,single,1,w/o Structure,9,8,3,1,11,0.73,0.89,0.8
SEM_EXT_0009,Semiconductors,single,1,w/o Structure,10,8,2,2,10,0.8,0.8,0.8
SEM_EXT_0010,Semiconductors,single,1,w/o Structure,9,8,1,1,9,0.89,0.89,0.89
SEM_EXT_0011,Semiconductors,single,1,w/o Structure,12,12,0,0,12,1.0,1.0,1.0
SEM_EXT_0012,Semiconductors,single,1,w/o Structure,7,6,0,1,6,1.0,0.86,0.92
SEM_EXT_0013,Semiconductors,single,1,w/o Structure,12,10,0,2,10,1.0,0.83,0.91
SEM_EXT_0014,Semiconductors,single,1,w/o Structure,11,9,1,2,10,0.9,0.82,0.86
SEM_EXT_0015,Semiconductors,single,1,w/o Structure,12,11,3,1,14,0.79,0.92,0.85
SEM_EXT_0016,Semiconductors,multi,1,w/o Structure,29,27,2,2,29,0.93,0.93,0.93
SEM_EXT_0017,Semiconductors,single,1,w/o Structure,8,6,2,2,8,0.75,0.75,0.75
SEM_EXT_0018,Semiconductors,single,1,w/o Structure,11,7,2,4,9,0.78,0.64,0.7
SEM_EXT_0019,Semiconductors,single,1,w/o Structure,15,14,0,1,14,1.0,0.93,0.96
SEM_EXT_0020,Semiconductors,single,1,w/o Structure,12,8,3,4,11,0.73,0.67,0.7
SEM_EXT_0021,Semiconductors,single,1,w/o Structure,8,7,3,1,10,0.7,0.88,0.78
SEM_EXT_0022,Semiconductors,multi,1,w/o Structure,22,16,4,6,20,0.8,0.73,0.76
SEM_EXT_0023,Semiconductors,single,1,w/o Structure,13,13,0,0,13,1.0,1.0,1.0
SEM_EXT_0024,Semiconductors,single,1,w/o Structure,6,5,1,1,6,0.83,0.83,0.83
SEM_EXT_0025,Semiconductors,single,1,w/o Structure,6,5,2,1,7,0.71,0.83,0.77
SEM_EXT_0026,Semiconductors,single,1,w/o Structure,6,5,1,1,6,0.83,0.83,0.83
SEM_EXT_0027,Semiconductors,single,1,w/o Structure,10,7,2,3,9,0.78,0.7,0.74
SEM_EXT_0028,Semiconductors,single,1,w/o Structure,10,7,2,3,9,0.78,0.7,0.74
SEM_EXT_0029,Semiconductors,single,1,w/o Structure,15,12,4,3,16,0.75,0.8,0.77
SEM_EXT_0030,Semiconductors,multi,1,w/o Structure,33,28,3,5,31,0.9,0.85,0.87
SEM_EXT_0031,Semiconductors,single,1,w/o Structure,7,6,1,1,7,0.86,0.86,0.86
SEM_EXT_0032,Semiconductors,single,1,w/o Structure,9,8,0,1,8,1.0,0.89,0.94
SEM_EXT_0033,Semiconductors,single,1,w/o Structure,9,8,2,1,10,0.8,0.89,0.84
SEM_EXT_0034,Semiconductors,single,1,w/o Structure,12,9,1,3,10,0.9,0.75,0.82
SEM_EXT_0035,Semiconductors,single,1,w/o Structure,12,9,3,3,12,0.75,0.75,0.75
SEM_EXT_0036,Semiconductors,single,1,w/o Structure,8,7,2,1,9,0.78,0.88,0.83
SEM_EXT_0037,Semiconductors,single,1,w/o Structure,12,12,1,0,13,0.92,1.0,0.96
SEM_EXT_0038,Semiconductors,single,1,w/o Structure,12,11,1,1,12,0.92,0.92,0.92
SEM_EXT_0039,Semiconductors,single,1,w/o Structure,9,8,3,1,11,0.73,0.89,0.8
SEM_EXT_0040,Semiconductors,single,1,w/o Structure,12,11,1,1,12,0.92,0.92,0.92
SEM_EXT_0041,Semiconductors,multi,1,w/o Structure,36,23,8,13,31,0.74,0.64,0.69
SEM_EXT_0042,Semiconductors,single,1,w/o Structure,6,6,1,0,7,0.86,1.0,0.92
SEM_EXT_0043,Semiconductors,single,1,w/o Structure,11,9,1,2,10,0.9,0.82,0.86
SEM_EXT_0044,Semiconductors,single,1,w/o Structure,12,10,2,2,12,0.83,0.83,0.83
SEM_EXT_0045,Semiconductors,single,1,w/o Structure,8,6,1,2,7,0.86,0.75,0.8
SEM_EXT_0046,Semiconductors,multi,1,w/o Structure,24,21,1,3,22,0.95,0.88,0.91
SEM_EXT_0047,Semiconductors,single,1,w/o Structure,7,7,0,0,7,1.0,1.0,1.0
SEM_EXT_0048,Semiconductors,single,1,w/o Structure,8,8,0,0,8,1.0,1.0,1.0
SEM_EXT_0049,Semiconductors,single,1,w/o Structure,12,10,2,2,12,0.83,0.83,0.83
SEM_EXT_0050,Semiconductors,single,1,w/o Structure,6,6,1,0,7,0.86,1.0,0.92
SEM_EXT_0051,Semiconductors,single,1,w/o Structure,11,10,2,1,12,0.83,0.91,0.87
SEM_EXT_0052,Semiconductors,single,1,w/o Structure,8,6,1,2,7,0.86,0.75,0.8
SEM_EXT_0053,Semiconductors,single,1,w/o Structure,9,7,1,2,8,0.88,0.78,0.83
SEM_EXT_0054,Semiconductors,multi,1,w/o Structure,30,25,5,5,30,0.83,0.83,0.83
SEM_EXT_0055,Semiconductors,multi,1,w/o Structure,31,27,6,4,33,0.82,0.87,0.84
SEM_EXT_0056,Semiconductors,single,1,w/o Structure,6,6,1,0,7,0.86,1.0,0.92
SEM_EXT_0057,Semiconductors,single,1,w/o Structure,10,9,2,1,11,0.82,0.9,0.86
SEM_EXT_0058,Semiconductors,single,1,w/o Structure,9,9,0,0,9,1.0,1.0,1.0
SEM_EXT_0059,Semiconductors,single,1,w/o Structure,9,9,0,0,9,1.0,1.0,1.0
SEM_EXT_0060,Semiconductors,single,1,w/o Structure,11,8,2,3,10,0.8,0.73,0.76
SEM_EXT_0061,Semiconductors,single,1,w/o Structure,12,11,1,1,12,0.92,0.92,0.92
SEM_EXT_0062,Semiconductors,single,1,w/o Structure,6,6,1,0,7,0.86,1.0,0.92
SEM_EXT_0063,Semiconductors,single,1,w/o Structure,8,6,0,2,6,1.0,0.75,0.86
SEM_EXT_0064,Semiconductors,single,1,w/o Structure,7,6,1,1,7,0.86,0.86,0.86
SEM_EXT_0065,Semiconductors,single,1,w/o Structure,9,8,1,1,9,0.89,0.89,0.89
SEM_EXT_0066,Semiconductors,single,1,w/o Structure,11,10,2,1,12,0.83,0.91,0.87
SEM_EXT_0067,Semiconductors,single,1,w/o Structure,10,9,1,1,10,0.9,0.9,0.9
SEM_EXT_0068,Semiconductors,single,1,w/o Structure,7,6,2,1,8,0.75,0.86,0.8
SEM_EXT_0069,Semiconductors,single,1,w/o Structure,8,7,0,1,7,1.0,0.88,0.94
SEM_EXT_0070,Semiconductors,single,1,w/o Structure,6,5,2,1,7,0.71,0.83,0.77
SEM_EXT_0071,Semiconductors,single,1,w/o Structure,12,11,0,1,11,1.0,0.92,0.96
SEM_EXT_0072,Semiconductors,single,1,w/o Structure,10,9,1,1,10,0.9,0.9,0.9
SEM_EXT_0073,Semiconductors,single,1,w/o Structure,8,7,1,1,8,0.88,0.88,0.88
SEM_EXT_0074,Semiconductors,single,1,w/o Structure,6,5,1,1,6,0.83,0.83,0.83
SEM_EXT_0075,Semiconductors,single,1,w/o Structure,8,6,2,2,8,0.75,0.75,0.75
SEM_EXT_0076,Semiconductors,single,1,w/o Structure,10,10,1,0,11,0.91,1.0,0.95
SEM_EXT_0077,Semiconductors,multi,1,w/o Structure,25,21,5,4,26,0.81,0.84,0.82
SEM_EXT_0078,Semiconductors,single,1,w/o Structure,9,9,3,0,12,0.75,1.0,0.86
SEM_EXT_0079,Semiconductors,single,1,w/o Structure,10,9,1,1,10,0.9,0.9,0.9
SEM_EXT_0080,Semiconductors,single,1,w/o Structure,9,8,2,1,10,0.8,0.89,0.84
SEM_EXT_0081,Semiconductors,single,1,w/o Structure,14,14,1,0,15,0.93,1.0,0.96
SEM_EXT_0082,Semiconductors,multi,1,w/o Structure,28,24,3,4,27,0.89,0.86,0.87
SEM_EXT_0083,Semiconductors,single,1,w/o Structure,9,7,2,2,9,0.78,0.78,0.78
SEM_EXT_0084,Semiconductors,single,1,w/o Structure,6,6,2,0,8,0.75,1.0,0.86
SEM_EXT_0085,Semiconductors,single,1,w/o Structure,11,10,1,1,11,0.91,0.91,0.91
SEM_EXT_0086,Semiconductors,single,1,w/o Structure,9,6,3,3,9,0.67,0.67,0.67
SEM_EXT_0087,Semiconductors,single,1,w/o Structure,8,8,1,0,9,0.89,1.0,0.94
SEM_EXT_0088,Semiconductors,single,1,w/o Structure,11,10,2,1,12,0.83,0.91,0.87
SEM_EXT_0089,Semiconductors,single,1,w/o Structure,8,7,1,1,8,0.88,0.88,0.88
SEM_EXT_0090,Semiconductors,single,1,w/o Structure,9,7,2,2,9,0.78,0.78,0.78
SEM_EXT_0091,Semiconductors,single,1,w/o Structure,12,10,3,2,13,0.77,0.83,0.8
SEM_EXT_0092,Semiconductors,single,1,w/o Structure,9,8,0,1,8,1.0,0.89,0.94
SEM_EXT_0093,Semiconductors,single,1,w/o Structure,8,8,0,0,8,1.0,1.0,1.0
SEM_EXT_0094,Semiconductors,multi,1,w/o Structure,19,14,4,5,18,0.78,0.74,0.76
SEM_EXT_0095,Semiconductors,single,1,w/o Structure,10,7,3,3,10,0.7,0.7,0.7
SEM_EXT_0096,Semiconductors,single,1,w/o Structure,11,10,1,1,11,0.91,0.91,0.91
SEM_EXT_0097,Semiconductors,multi,1,w/o Structure,25,19,3,6,22,0.86,0.76,0.81
SEM_EXT_0098,Semiconductors,single,1,w/o Structure,10,9,1,1,10,0.9,0.9,0.9
SEM_EXT_0099,Semiconductors,single,1,w/o Structure,11,9,3,2,12,0.75,0.82,0.78
SEM_EXT_0100,Semiconductors,single,1,w/o Structure,13,9,2,4,11,0.82,0.69,0.75
SEM_EXT_0101,Semiconductors,single,1,w/o Structure,7,7,1,0,8,0.88,1.0,0.94
SEM_EXT_0102,Semiconductors,single,1,w/o Structure,8,7,1,1,8,0.88,0.88,0.88
SEM_EXT_0103,Semiconductors,single,1,w/o Structure,8,8,1,0,9,0.89,1.0,0.94
SEM_EXT_0104,Semiconductors,single,1,w/o Structure,7,6,1,1,7,0.86,0.86,0.86
SEM_EXT_0105,Semiconductors,single,1,w/o Structure,10,9,1,1,10,0.9,0.9,0.9
SEM_EXT_0106,Semiconductors,single,1,w/o Structure,9,8,2,1,10,0.8,0.89,0.84
SEM_EXT_0107,Semiconductors,single,1,w/o Structure,6,6,2,0,8,0.75,1.0,0.86
SEM_EXT_0108,Semiconductors,single,1,w/o Structure,12,12,1,0,13,0.92,1.0,0.96
SEM_EXT_0109,Semiconductors,single,1,w/o Structure,10,9,0,1,9,1.0,0.9,0.95
SEM_EXT_0110,Semiconductors,single,1,w/o Structure,11,10,1,1,11,0.91,0.91,0.91
SEM_EXT_0111,Semiconductors,single,1,w/o Structure,12,10,1,2,11,0.91,0.83,0.87
SEM_EXT_0112,Semiconductors,multi,1,w/o Structure,28,22,6,6,28,0.79,0.79,0.79
SEM_EXT_0113,Semiconductors,single,1,w/o Structure,9,8,1,1,9,0.89,0.89,0.89
SEM_EXT_0114,Semiconductors,single,1,w/o Structure,12,11,2,1,13,0.85,0.92,0.88
SEM_EXT_0115,Semiconductors,multi,1,w/o Structure,28,23,2,5,25,0.92,0.82,0.87
SEM_EXT_0116,Semiconductors,single,1,w/o Structure,11,8,1,3,9,0.89,0.73,0.8
SEM_EXT_0117,Semiconductors,single,1,w/o Structure,10,9,3,1,12,0.75,0.9,0.82
SEM_EXT_0118,Semiconductors,single,1,w/o Structure,12,9,3,3,12,0.75,0.75,0.75
SEM_EXT_0119,Semiconductors,single,1,w/o Structure,12,10,2,2,12,0.83,0.83,0.83
SEM_EXT_0120,Semiconductors,single,1,w/o Structure,11,11,0,0,11,1.0,1.0,1.0
SEM_EXT_0121,Semiconductors,single,1,w/o Structure,11,9,2,2,11,0.82,0.82,0.82
SEM_EXT_0122,Semiconductors,single,1,w/o Structure,10,8,1,2,9,0.89,0.8,0.84
SEM_EXT_0123,Semiconductors,single,1,w/o Structure,6,6,1,0,7,0.86,1.0,0.92
SEM_EXT_0124,Semiconductors,multi,1,w/o Structure,26,23,0,3,23,1.0,0.88,0.94
SEM_EXT_0125,Semiconductors,single,1,w/o Structure,12,10,3,2,13,0.77,0.83,0.8
SEM_EXT_0126,Semiconductors,single,1,w/o Structure,8,7,1,1,8,0.88,0.88,0.88
SEM_EXT_0127,Semiconductors,single,1,w/o Structure,4,0,0,4,0,0.0,0.0,0.0
SEM_EXT_0128,Semiconductors,single,1,w/o Structure,8,5,1,3,6,0.83,0.62,0.71
SEM_EXT_0129,Semiconductors,single,1,w/o Structure,13,11,1,2,12,0.92,0.85,0.88
SEM_EXT_0130,Semiconductors,single,1,w/o Structure,12,9,0,3,9,1.0,0.75,0.86
SEM_EXT_0131,Semiconductors,single,1,w/o Structure,10,9,1,1,10,0.9,0.9,0.9
SEM_EXT_0132,Semiconductors,single,1,w/o Structure,14,12,1,2,13,0.92,0.86,0.89
SEM_EXT_0133,Semiconductors,single,1,w/o Structure,8,7,1,1,8,0.88,0.88,0.88
SEM_EXT_0134,Semiconductors,single,1,w/o Structure,9,7,2,2,9,0.78,0.78,0.78
SEM_EXT_0135,Semiconductors,single,1,w/o Structure,12,11,0,1,11,1.0,0.92,0.96
SEM_EXT_0136,Semiconductors,multi,1,w/o Structure,38,27,5,11,32,0.84,0.71,0.77
SEM_EXT_0137,Semiconductors,single,1,w/o Structure,9,6,2,3,8,0.75,0.67,0.71
SEM_EXT_0138,Semiconductors,single,1,w/o Structure,7,7,1,0,8,0.88,1.0,0.94
SEM_EXT_0139,Semiconductors,single,1,w/o Structure,8,6,2,2,8,0.75,0.75,0.75
SEM_EXT_0140,Semiconductors,single,1,w/o Structure,10,8,0,2,8,1.0,0.8,0.89
SEM_EXT_0141,Semiconductors,multi,1,w/o Structure,28,19,5,9,24,0.79,0.68,0.73
SEM_EXT_0142,Semiconductors,single,1,w/o Structure,6,5,1,1,6,0.83,0.83,0.83
SEM_EXT_0143,Semiconductors,single,1,w/o Structure,9,8,2,1,10,0.8,0.89,0.84
SEM_EXT_0144,Semiconductors,single,1,w/o Structure,8,6,1,2,7,0.86,0.75,0.8
SEM_EXT_0145,Semiconductors,single,1,w/o Structure,10,10,0,0,10,1.0,1.0,1.0
SEM_EXT_0146,Semiconductors,single,1,w/o Structure,11,10,1,1,11,0.91,0.91,0.91
SEM_EXT_0147,Semiconductors,single,1,w/o Structure,12,10,3,2,13,0.77,0.83,0.8
SEM_EXT_0148,Semiconductors,single,1,w/o Structure,10,8,1,2,9,0.89,0.8,0.84
SEM_EXT_0149,Semiconductors,single,1,w/o Structure,6,5,1,1,6,0.83,0.83,0.83
SEM_EXT_0150,Semiconductors,single,1,w/o Structure,11,7,2,4,9,0.78,0.64,0.7
SEM_EXT_0151,Semiconductors,single,1,w/o Structure,7,7,0,0,7,1.0,1.0,1.0
SEM_EXT_0152,Semiconductors,single,1,w/o Structure,9,7,1,2,8,0.88,0.78,0.83
SEM_EXT_0153,Semiconductors,single,1,w/o Structure,11,11,0,0,11,1.0,1.0,1.0
SEM_EXT_0154,Semiconductors,multi,1,w/o Structure,23,21,2,2,23,0.91,0.91,0.91
SEM_EXT_0155,Semiconductors,single,1,w/o Structure,11,0,0,11,0,0.0,0.0,0.0
SEM_EXT_0156,Semiconductors,single,1,w/o Structure,11,10,2,1,12,0.83,0.91,0.87
SEM_EXT_0157,Semiconductors,single,1,w/o Structure,9,8,1,1,9,0.89,0.89,0.89
SEM_EXT_0158,Semiconductors,single,1,w/o Structure,6,6,1,0,7,0.86,1.0,0.92
SEM_EXT_0159,Semiconductors,single,1,w/o Structure,12,10,2,2,12,0.83,0.83,0.83
SEM_EXT_0160,Semiconductors,single,1,w/o Structure,9,8,2,1,10,0.8,0.89,0.84
SEM_EXT_0161,Semiconductors,single,1,w/o Structure,12,11,1,1,12,0.92,0.92,0.92
SEM_EXT_0162,Semiconductors,multi,1,w/o Structure,32,27,4,5,31,0.87,0.84,0.85
SEM_EXT_0163,Semiconductors,single,1,w/o Structure,7,7,0,0,7,1.0,1.0,1.0
SEM_EXT_0164,Semiconductors,single,1,w/o Structure,7,7,0,0,7,1.0,1.0,1.0
SEM_EXT_0165,Semiconductors,single,1,w/o Structure,6,6,1,0,7,0.86,1.0,0.92
SEM_EXT_0166,Semiconductors,single,1,w/o Structure,10,0,1,10,1,0.0,0.0,0.0
SEM_EXT_0167,Semiconductors,single,1,w/o Structure,7,5,1,2,6,0.83,0.71,0.77
SEM_EXT_0168,Semiconductors,single,1,w/o Structure,12,8,3,4,11,0.73,0.67,0.7
SEM_EXT_0169,Semiconductors,single,1,w/o Structure,11,9,2,2,11,0.82,0.82,0.82
SEM_EXT_0170,Semiconductors,single,1,w/o Structure,6,6,1,0,7,0.86,1.0,0.92
SEM_EXT_0171,Semiconductors,single,1,w/o Structure,8,8,1,0,9,0.89,1.0,0.94
SEM_EXT_0172,Semiconductors,single,1,w/o Structure,12,10,4,2,14,0.71,0.83,0.77
SEM_EXT_0173,Semiconductors,single,1,w/o Structure,6,6,2,0,8,0.75,1.0,0.86
SEM_EXT_0174,Semiconductors,multi,1,w/o Structure,24,20,2,4,22,0.91,0.83,0.87
SEM_EXT_0175,Semiconductors,single,1,w/o Structure,8,8,1,0,9,0.89,1.0,0.94
SEM_EXT_0176,Semiconductors,single,1,w/o Structure,8,5,3,3,8,0.62,0.62,0.62
SEM_EXT_0177,Semiconductors,multi,1,w/o Structure,36,26,6,10,32,0.81,0.72,0.76
SEM_EXT_0178,Semiconductors,single,1,w/o Structure,12,11,2,1,13,0.85,0.92,0.88
SEM_EXT_0179,Semiconductors,single,1,w/o Structure,9,7,1,2,8,0.88,0.78,0.83
SEM_EXT_0180,Semiconductors,single,1,w/o Structure,11,9,1,2,10,0.9,0.82,0.86
SEM_EXT_0181,Semiconductors,single,1,w/o Structure,10,9,2,1,11,0.82,0.9,0.86
SEM_EXT_0182,Semiconductors,multi,1,w/o Structure,25,22,4,3,26,0.85,0.88,0.86
SEM_EXT_0183,Semiconductors,single,1,w/o Structure,15,12,5,3,17,0.71,0.8,0.75
SEM_EXT_0184,Semiconductors,multi,1,w/o Structure,20,15,5,5,20,0.75,0.75,0.75
SEM_EXT_0185,Semiconductors,single,1,w/o Structure,6,6,1,0,7,0.86,1.0,0.92
SEM_EXT_0186,Semiconductors,single,1,w/o Structure,8,8,1,0,9,0.89,1.0,0.94
SEM_EXT_0187,Semiconductors,single,1,w/o Structure,7,7,1,0,8,0.88,1.0,0.94
SEM_EXT_0188,Semiconductors,single,1,w/o Structure,7,7,0,0,7,1.0,1.0,1.0
SEM_EXT_0189,Semiconductors,single,1,w/o Structure,6,5,1,1,6,0.83,0.83,0.83
SEM_EXT_0190,Semiconductors,single,1,w/o Structure,7,7,0,0,7,1.0,1.0,1.0
SEM_EXT_0191,Semiconductors,single,1,w/o Structure,6,5,1,1,6,0.83,0.83,0.83
SEM_EXT_0192,Semiconductors,single,1,w/o Structure,15,15,2,0,17,0.88,1.0,0.94
SEM_EXT_0193,Semiconductors,single,1,w/o Structure,10,8,0,2,8,1.0,0.8,0.89
SEM_EXT_0194,Semiconductors,single,1,w/o Structure,6,6,1,0,7,0.86,1.0,0.92
SEM_EXT_0195,Semiconductors,single,1,w/o Structure,10,9,0,1,9,1.0,0.9,0.95
SEM_EXT_0196,Semiconductors,single,1,w/o Structure,11,8,3,3,11,0.73,0.73,0.73
SEM_EXT_0197,Semiconductors,single,1,w/o Structure,8,6,1,2,7,0.86,0.75,0.8
SEM_EXT_0198,Semiconductors,single,1,w/o Structure,6,6,4,0,10,0.6,1.0,0.75
BAT_EXT_0001,Batteries,single,1,w/o Structure,8,5,2,3,7,0.71,0.62,0.66
BAT_EXT_0002,Batteries,single,1,w/o Structure,11,11,1,0,12,0.92,1.0,0.96
BAT_EXT_0003,Batteries,single,1,w/o Structure,12,10,3,2,13,0.77,0.83,0.8
BAT_EXT_0004,Batteries,single,1,w/o Structure,10,7,2,3,9,0.78,0.7,0.74
BAT_EXT_0005,Batteries,single,1,w/o Structure,6,5,1,1,6,0.83,0.83,0.83
BAT_EXT_0006,Batteries,single,1,w/o Structure,6,5,1,1,6,0.83,0.83,0.83
BAT_EXT_0007,Batteries,single,1,w/o Structure,12,10,1,2,11,0.91,0.83,0.87
BAT_EXT_0008,Batteries,single,1,w/o Structure,12,10,3,2,13,0.77,0.83,0.8
BAT_EXT_0009,Batteries,single,1,w/o Structure,7,7,0,0,7,1.0,1.0,1.0
BAT_EXT_0010,Batteries,single,1,w/o Structure,9,7,2,2,9,0.78,0.78,0.78
BAT_EXT_0011,Batteries,single,1,w/o Structure,10,8,2,2,10,0.8,0.8,0.8
BAT_EXT_0012,Batteries,single,1,w/o Structure,6,5,4,1,9,0.56,0.83,0.67
BAT_EXT_0013,Batteries,single,1,w/o Structure,8,8,0,0,8,1.0,1.0,1.0
BAT_EXT_0014,Batteries,single,1,w/o Structure,9,8,2,1,10,0.8,0.89,0.84
BAT_EXT_0015,Batteries,single,1,w/o Structure,6,5,1,1,6,0.83,0.83,0.83
BAT_EXT_0016,Batteries,multi,1,w/o Structure,18,11,4,7,15,0.73,0.61,0.66
BAT_EXT_0017,Batteries,single,1,w/o Structure,9,9,2,0,11,0.82,1.0,0.9
BAT_EXT_0018,Batteries,single,1,w/o Structure,11,9,3,2,12,0.75,0.82,0.78
BAT_EXT_0019,Batteries,multi,1,w/o Structure,22,17,7,5,24,0.71,0.77,0.74
BAT_EXT_0020,Batteries,single,1,w/o Structure,12,11,1,1,12,0.92,0.92,0.92
BAT_EXT_0021,Batteries,single,1,w/o Structure,8,6,1,2,7,0.86,0.75,0.8
BAT_EXT_0022,Batteries,single,1,w/o Structure,12,11,0,1,11,1.0,0.92,0.96
BAT_EXT_0023,Batteries,single,1,w/o Structure,9,8,2,1,10,0.8,0.89,0.84
BAT_EXT_0024,Batteries,single,1,w/o Structure,6,6,1,0,7,0.86,1.0,0.92
BAT_EXT_0025,Batteries,single,1,w/o Structure,13,12,2,1,14,0.86,0.92,0.89
BAT_EXT_0026,Batteries,single,1,w/o Structure,11,9,2,2,11,0.82,0.82,0.82
BAT_EXT_0027,Batteries,single,1,w/o Structure,11,7,2,4,9,0.78,0.64,0.7
BAT_EXT_0028,Batteries,single,1,w/o Structure,11,10,0,1,10,1.0,0.91,0.95
BAT_EXT_0029,Batteries,single,1,w/o Structure,9,8,4,1,12,0.67,0.89,0.76
BAT_EXT_0030,Batteries,single,1,w/o Structure,7,5,1,2,6,0.83,0.71,0.77
BAT_EXT_0031,Batteries,single,1,w/o Structure,7,7,0,0,7,1.0,1.0,1.0
BAT_EXT_0032,Batteries,single,1,w/o Structure,12,12,0,0,12,1.0,1.0,1.0
BAT_EXT_0033,Batteries,single,1,w/o Structure,6,6,0,0,6,1.0,1.0,1.0
BAT_EXT_0034,Batteries,single,1,w/o Structure,6,6,1,0,7,0.86,1.0,0.92
BAT_EXT_0035,Batteries,single,1,w/o Structure,12,9,2,3,11,0.82,0.75,0.78
BAT_EXT_0036,Batteries,single,1,w/o Structure,7,5,2,2,7,0.71,0.71,0.71
BAT_EXT_0037,Batteries,single,1,w/o Structure,8,7,2,1,9,0.78,0.88,0.83
BAT_EXT_0038,Batteries,single,1,w/o Structure,12,11,0,1,11,1.0,0.92,0.96
BAT_EXT_0039,Batteries,single,1,w/o Structure,12,11,1,1,12,0.92,0.92,0.92
BAT_EXT_0040,Batteries,single,1,w/o Structure,6,6,2,0,8,0.75,1.0,0.86
BAT_EXT_0041,Batteries,single,1,w/o Structure,6,5,1,1,6,0.83,0.83,0.83
BAT_EXT_0042,Batteries,single,1,w/o Structure,11,10,2,1,12,0.83,0.91,0.87
BAT_EXT_0043,Batteries,single,1,w/o Structure,10,9,0,1,9,1.0,0.9,0.95
BAT_EXT_0044,Batteries,single,1,w/o Structure,10,9,0,1,9,1.0,0.9,0.95
BAT_EXT_0045,Batteries,single,1,w/o Structure,8,8,0,0,8,1.0,1.0,1.0
BAT_EXT_0046,Batteries,single,1,w/o Structure,11,10,1,1,11,0.91,0.91,0.91
BAT_EXT_0047,Batteries,single,1,w/o Structure,10,8,2,2,10,0.8,0.8,0.8
BAT_EXT_0048,Batteries,multi,1,w/o Structure,21,17,7,4,24,0.71,0.81,0.76
BAT_EXT_0049,Batteries,single,1,w/o Structure,12,12,2,0,14,0.86,1.0,0.92
BAT_EXT_0050,Batteries,multi,1,w/o Structure,33,28,2,5,30,0.93,0.85,0.89
BAT_EXT_0051,Batteries,single,1,w/o Structure,13,11,3,2,14,0.79,0.85,0.82
BAT_EXT_0052,Batteries,single,1,w/o Structure,11,11,1,0,12,0.92,1.0,0.96
BAT_EXT_0053,Batteries,single,1,w/o Structure,4,0,0,4,0,0.0,0.0,0.0
BAT_EXT_0054,Batteries,multi,1,w/o Structure,25,20,5,5,25,0.8,0.8,0.8
BAT_EXT_0055,Batteries,single,1,w/o Structure,8,6,1,2,7,0.86,0.75,0.8
BAT_EXT_0056,Batteries,single,1,w/o Structure,9,8,1,1,9,0.89,0.89,0.89
BAT_EXT_0057,Batteries,multi,1,w/o Structure,22,20,3,2,23,0.87,0.91,0.89
BAT_EXT_0058,Batteries,single,1,w/o Structure,9,7,1,2,8,0.88,0.78,0.83
BAT_EXT_0059,Batteries,single,1,w/o Structure,11,9,2,2,11,0.82,0.82,0.82
BAT_EXT_0060,Batteries,single,1,w/o Structure,6,5,1,1,6,0.83,0.83,0.83
BAT_EXT_0061,Batteries,single,1,w/o Structure,12,12,0,0,12,1.0,1.0,1.0
BAT_EXT_0062,Batteries,multi,1,w/o Structure,27,17,9,10,26,0.65,0.63,0.64
BAT_EXT_0063,Batteries,single,1,w/o Structure,8,6,2,2,8,0.75,0.75,0.75
BAT_EXT_0064,Batteries,single,1,w/o Structure,6,4,1,2,5,0.8,0.67,0.73
BAT_EXT_0065,Batteries,single,1,w/o Structure,10,9,4,1,13,0.69,0.9,0.78
BAT_EXT_0066,Batteries,single,1,w/o Structure,8,8,0,0,8,1.0,1.0,1.0
BAT_EXT_0067,Batteries,single,1,w/o Structure,10,8,0,2,8,1.0,0.8,0.89
BAT_EXT_0068,Batteries,single,1,w/o Structure,9,7,1,2,8,0.88,0.78,0.83
BAT_EXT_0069,Batteries,single,1,w/o Structure,10,9,1,1,10,0.9,0.9,0.9
BAT_EXT_0070,Batteries,single,1,w/o Structure,10,10,1,0,11,0.91,1.0,0.95
BAT_EXT_0071,Batteries,single,1,w/o Structure,12,12,1,0,13,0.92,1.0,0.96
BAT_EXT_0072,Batteries,single,1,w/o Structure,12,10,2,2,12,0.83,0.83,0.83
BAT_EXT_0073,Batteries,single,1,w/o Structure,7,5,1,2,6,0.83,0.71,0.77
BAT_EXT_0074,Batteries,single,1,w/o Structure,13,11,3,2,14,0.79,0.85,0.82
BAT_EXT_0075,Batteries,single,1,w/o Structure,6,6,0,0,6,1.0,1.0,1.0
BAT_EXT_0076,Batteries,single,1,w/o Structure,8,7,2,1,9,0.78,0.88,0.83
BAT_EXT_0077,Batteries,single,1,w/o Structure,11,9,1,2,10,0.9,0.82,0.86
BAT_EXT_0078,Batteries,single,1,w/o Structure,8,6,3,2,9,0.67,0.75,0.71
BAT_EXT_0079,Batteries,single,1,w/o Structure,9,8,1,1,9,0.89,0.89,0.89
BAT_EXT_0080,Batteries,single,1,w/o Structure,8,6,1,2,7,0.86,0.75,0.8
BAT_EXT_0081,Batteries,single,1,w/o Structure,6,6,0,0,6,1.0,1.0,1.0
BAT_EXT_0082,Batteries,single,1,w/o Structure,6,6,1,0,7,0.86,1.0,0.92
BAT_EXT_0083,Batteries,single,1,w/o Structure,9,8,1,1,9,0.89,0.89,0.89
BAT_EXT_0084,Batteries,single,1,w/o Structure,8,7,2,1,9,0.78,0.88,0.83
BAT_EXT_0085,Batteries,single,1,w/o Structure,8,7,2,1,9,0.78,0.88,0.83
BAT_EXT_0086,Batteries,multi,1,w/o Structure,18,13,5,5,18,0.72,0.72,0.72
BAT_EXT_0087,Batteries,single,1,w/o Structure,9,8,2,1,10,0.8,0.89,0.84
BAT_EXT_0088,Batteries,single,1,w/o Structure,7,0,3,7,3,0.0,0.0,0.0
BAT_EXT_0089,Batteries,single,1,w/o Structure,10,9,2,1,11,0.82,0.9,0.86
BAT_EXT_0090,Batteries,single,1,w/o Structure,12,12,2,0,14,0.86,1.0,0.92
BAT_EXT_0091,Batteries,single,1,w/o Structure,7,6,1,1,7,0.86,0.86,0.86
BAT_EXT_0092,Batteries,single,1,w/o Structure,9,8,2,1,10,0.8,0.89,0.84
BAT_EXT_0093,Batteries,single,1,w/o Structure,12,12,0,0,12,1.0,1.0,1.0
BAT_EXT_0094,Batteries,single,1,w/o Structure,7,7,1,0,8,0.88,1.0,0.94
BAT_EXT_0095,Batteries,single,1,w/o Structure,9,0,1,9,1,0.0,0.0,0.0
BAT_EXT_0096,Batteries,single,1,w/o Structure,8,6,2,2,8,0.75,0.75,0.75
BAT_EXT_0097,Batteries,multi,1,w/o Structure,21,19,2,2,21,0.9,0.9,0.9
BAT_EXT_0098,Batteries,single,1,w/o Structure,7,6,2,1,8,0.75,0.86,0.8
BAT_EXT_0099,Batteries,single,1,w/o Structure,9,9,0,0,9,1.0,1.0,1.0
BAT_EXT_0100,Batteries,multi,1,w/o Structure,24,23,2,1,25,0.92,0.96,0.94
BAT_EXT_0101,Batteries,single,1,w/o Structure,12,9,2,3,11,0.82,0.75,0.78
BAT_EXT_0102,Batteries,single,1,w/o Structure,9,7,3,2,10,0.7,0.78,0.74
BAT_EXT_0103,Batteries,single,1,w/o Structure,7,6,3,1,9,0.67,0.86,0.75
BAT_EXT_0104,Batteries,single,1,w/o Structure,7,6,1,1,7,0.86,0.86,0.86
BAT_EXT_0105,Batteries,single,1,w/o Structure,6,6,3,0,9,0.67,1.0,0.8
BAT_EXT_0106,Batteries,single,1,w/o Structure,10,10,1,0,11,0.91,1.0,0.95
BAT_EXT_0107,Batteries,multi,1,w/o Structure,20,16,3,4,19,0.84,0.8,0.82
BAT_EXT_0108,Batteries,single,1,w/o Structure,12,11,4,1,15,0.73,0.92,0.81
BAT_EXT_0109,Batteries,single,1,w/o Structure,8,0,0,8,0,0.0,0.0,0.0
BAT_EXT_0110,Batteries,multi,1,w/o Structure,25,20,5,5,25,0.8,0.8,0.8
BAT_EXT_0111,Batteries,single,1,w/o Structure,10,8,2,2,10,0.8,0.8,0.8
BAT_EXT_0112,Batteries,single,1,w/o Structure,9,9,1,0,10,0.9,1.0,0.95
BAT_EXT_0113,Batteries,single,1,w/o Structure,8,7,2,1,9,0.78,0.88,0.83
BAT_EXT_0114,Batteries,single,1,w/o Structure,9,7,2,2,9,0.78,0.78,0.78
BAT_EXT_0115,Batteries,single,1,w/o Structure,10,10,0,0,10,1.0,1.0,1.0
BAT_EXT_0116,Batteries,single,1,w/o Structure,10,8,1,2,9,0.89,0.8,0.84
BAT_EXT_0117,Batteries,multi,1,w/o Structure,24,21,4,3,25,0.84,0.88,0.86
BAT_EXT_0118,Batteries,single,1,w/o Structure,11,10,0,1,10,1.0,0.91,0.95
BAT_EXT_0119,Batteries,single,1,w/o Structure,12,11,1,1,12,0.92,0.92,0.92
BAT_EXT_0120,Batteries,multi,1,w/o Structure,22,19,2,3,21,0.9,0.86,0.88
BAT_EXT_0121,Batteries,single,1,w/o Structure,8,7,0,1,7,1.0,0.88,0.94
BAT_EXT_0122,Batteries,single,1,w/o Structure,9,8,1,1,9,0.89,0.89,0.89
BAT_EXT_0123,Batteries,single,1,w/o Structure,6,6,1,0,7,0.86,1.0,0.92
BAT_EXT_0124,Batteries,single,1,w/o Structure,11,9,3,2,12,0.75,0.82,0.78
BAT_EXT_0125,Batteries,single,1,w/o Structure,9,8,3,1,11,0.73,0.89,0.8
BAT_EXT_0126,Batteries,single,1,w/o Structure,6,6,1,0,7,0.86,1.0,0.92
BAT_EXT_0127,Batteries,single,1,w/o Structure,9,7,2,2,9,0.78,0.78,0.78
BAT_EXT_0128,Batteries,multi,1,w/o Structure,32,25,8,7,33,0.76,0.78,0.77
BAT_EXT_0129,Batteries,multi,1,w/o Structure,28,20,4,8,24,0.83,0.71,0.77
BAT_EXT_0130,Batteries,single,1,w/o Structure,12,11,4,1,15,0.73,0.92,0.81
BAT_EXT_0131,Batteries,single,1,w/o Structure,9,8,2,1,10,0.8,0.89,0.84
BAT_EXT_0132,Batteries,single,1,w/o Structure,9,8,2,1,10,0.8,0.89,0.84
BAT_EXT_0133,Batteries,single,1,w/o Structure,4,0,1,4,1,0.0,0.0,0.0
BAT_EXT_0134,Batteries,single,1,w/o Structure,7,6,1,1,7,0.86,0.86,0.86
BAT_EXT_0135,Batteries,single,1,w/o Structure,8,7,4,1,11,0.64,0.88,0.74
BAT_EXT_0136,Batteries,single,1,w/o Structure,7,6,2,1,8,0.75,0.86,0.8
BAT_EXT_0137,Batteries,single,1,w/o Structure,6,6,2,0,8,0.75,1.0,0.86
BAT_EXT_0138,Batteries,multi,1,w/o Structure,24,19,8,5,27,0.7,0.79,0.74
BAT_EXT_0139,Batteries,single,1,w/o Structure,9,9,2,0,11,0.82,1.0,0.9
BAT_EXT_0140,Batteries,single,1,w/o Structure,9,8,2,1,10,0.8,0.89,0.84
BAT_EXT_0141,Batteries,single,1,w/o Structure,14,11,4,3,15,0.73,0.79,0.76
BAT_EXT_0142,Batteries,single,1,w/o Structure,8,7,2,1,9,0.78,0.88,0.83
BAT_EXT_0143,Batteries,single,1,w/o Structure,9,7,3,2,10,0.7,0.78,0.74
BAT_EXT_0144,Batteries,single,1,w/o Structure,6,6,1,0,7,0.86,1.0,0.92
BAT_EXT_0145,Batteries,single,1,w/o Structure,6,6,0,0,6,1.0,1.0,1.0
BAT_EXT_0146,Batteries,single,1,w/o Structure,11,9,1,2,10,0.9,0.82,0.86
BAT_EXT_0147,Batteries,single,1,w/o Structure,6,6,1,0,7,0.86,1.0,0.92
BAT_EXT_0148,Batteries,single,1,w/o Structure,7,0,1,7,1,0.0,0.0,0.0
BAT_EXT_0149,Batteries,single,1,w/o Structure,7,7,0,0,7,1.0,1.0,1.0
BAT_EXT_0150,Batteries,single,1,w/o Structure,12,10,1,2,11,0.91,0.83,0.87
BAT_EXT_0151,Batteries,single,1,w/o Structure,4,0,0,4,0,0.0,0.0,0.0
BAT_EXT_0152,Batteries,single,1,w/o Structure,12,10,2,2,12,0.83,0.83,0.83
BAT_EXT_0153,Batteries,single,1,w/o Structure,6,6,2,0,8,0.75,1.0,0.86
BAT_EXT_0154,Batteries,single,1,w/o Structure,6,6,1,0,7,0.86,1.0,0.92
BAT_EXT_0155,Batteries,single,1,w/o Structure,11,10,1,1,11,0.91,0.91,0.91
BAT_EXT_0156,Batteries,single,1,w/o Structure,6,6,2,0,8,0.75,1.0,0.86
BAT_EXT_0157,Batteries,multi,1,w/o Structure,24,16,5,8,21,0.76,0.67,0.71
BAT_EXT_0158,Batteries,single,1,w/o Structure,7,7,0,0,7,1.0,1.0,1.0
BAT_EXT_0159,Batteries,single,1,w/o Structure,11,10,3,1,13,0.77,0.91,0.83
BAT_EXT_0160,Batteries,single,1,w/o Structure,8,5,2,3,7,0.71,0.62,0.66
BAT_EXT_0161,Batteries,single,1,w/o Structure,10,7,3,3,10,0.7,0.7,0.7
BAT_EXT_0162,Batteries,single,1,w/o Structure,8,8,2,0,10,0.8,1.0,0.89
BAT_EXT_0163,Batteries,multi,1,w/o Structure,23,17,7,6,24,0.71,0.74,0.72
BAT_EXT_0164,Batteries,single,1,w/o Structure,11,8,1,3,9,0.89,0.73,0.8
BAT_EXT_0165,Batteries,single,1,w/o Structure,8,6,1,2,7,0.86,0.75,0.8
BAT_EXT_0166,Batteries,single,1,w/o Structure,12,11,2,1,13,0.85,0.92,0.88
BAT_EXT_0167,Batteries,single,1,w/o Structure,9,8,1,1,9,0.89,0.89,0.89
BAT_EXT_0168,Batteries,single,1,w/o Structure,6,6,1,0,7,0.86,1.0,0.92
BAT_EXT_0169,Batteries,multi,1,w/o Structure,25,20,3,5,23,0.87,0.8,0.83
BAT_EXT_0170,Batteries,single,1,w/o Structure,6,6,1,0,7,0.86,1.0,0.92
BAT_EXT_0171,Batteries,single,1,w/o Structure,10,8,2,2,10,0.8,0.8,0.8
BAT_EXT_0172,Batteries,multi,1,w/o Structure,26,22,3,4,25,0.88,0.85,0.86
BAT_EXT_0173,Batteries,single,1,w/o Structure,9,5,1,4,6,0.83,0.56,0.67
BAT_EXT_0174,Batteries,single,1,w/o Structure,11,10,4,1,14,0.71,0.91,0.8
BAT_EXT_0175,Batteries,single,1,w/o Structure,8,8,0,0,8,1.0,1.0,1.0
BAT_EXT_0176,Batteries,single,1,w/o Structure,12,10,4,2,14,0.71,0.83,0.77
BAT_EXT_0177,Batteries,single,1,w/o Structure,12,10,2,2,12,0.83,0.83,0.83
BAT_EXT_0178,Batteries,single,1,w/o Structure,6,6,1,0,7,0.86,1.0,0.92
BAT_EXT_0179,Batteries,single,1,w/o Structure,11,9,1,2,10,0.9,0.82,0.86
BAT_EXT_0180,Batteries,single,1,w/o Structure,12,9,4,3,13,0.69,0.75,0.72
BAT_EXT_0181,Batteries,multi,1,w/o Structure,22,16,7,6,23,0.7,0.73,0.71
BAT_EXT_0182,Batteries,single,1,w/o Structure,10,8,2,2,10,0.8,0.8,0.8
BAT_EXT_0183,Batteries,single,1,w/o Structure,9,8,1,1,9,0.89,0.89,0.89
BAT_EXT_0184,Batteries,single,1,w/o Structure,7,7,1,0,8,0.88,1.0,0.94
BAT_EXT_0185,Batteries,single,1,w/o Structure,10,9,0,1,9,1.0,0.9,0.95
BAT_EXT_0186,Batteries,single,1,w/o Structure,11,10,1,1,11,0.91,0.91,0.91
BAT_EXT_0187,Batteries,single,1,w/o Structure,12,11,0,1,11,1.0,0.92,0.96
BAT_EXT_0188,Batteries,single,1,w/o Structure,7,7,2,0,9,0.78,1.0,0.88
BAT_EXT_0189,Batteries,single,1,w/o Structure,8,7,0,1,7,1.0,0.88,0.94
BAT_EXT_0190,Batteries,single,1,w/o Structure,8,6,3,2,9,0.67,0.75,0.71
BAT_EXT_0191,Batteries,single,1,w/o Structure,12,11,1,1,12,0.92,0.92,0.92
BAT_EXT_0192,Batteries,single,1,w/o Structure,12,12,0,0,12,1.0,1.0,1.0
BAT_EXT_0193,Batteries,single,1,w/o Structure,11,10,3,1,13,0.77,0.91,0.83
BAT_EXT_0194,Batteries,single,1,w/o Structure,6,6,1,0,7,0.86,1.0,0.92
BAT_EXT_0195,Batteries,single,1,w/o Structure,10,9,1,1,10,0.9,0.9,0.9
BAT_EXT_0196,Batteries,single,1,w/o Structure,11,9,3,2,12,0.75,0.82,0.78
BAT_EXT_0197,Batteries,single,1,w/o Structure,9,6,1,3,7,0.86,0.67,0.75
BAT_EXT_0198,Batteries,multi,1,w/o Structure,19,15,7,4,22,0.68,0.79,0.73
BAT_EXT_0199,Batteries,single,1,w/o Structure,11,7,3,4,10,0.7,0.64,0.67
BAT_EXT_0200,Batteries,single,1,w/o Structure,7,5,3,2,8,0.62,0.71,0.66
BAT_EXT_0201,Batteries,single,1,w/o Structure,10,10,1,0,11,0.91,1.0,0.95
BAT_EXT_0202,Batteries,single,1,w/o Structure,8,8,1,0,9,0.89,1.0,0.94
BAT_EXT_0203,Batteries,single,1,w/o Structure,12,10,5,2,15,0.67,0.83,0.74
BAT_EXT_0204,Batteries,single,1,w/o Structure,12,10,3,2,13,0.77,0.83,0.8
BAT_EXT_0205,Batteries,single,1,w/o Structure,6,6,1,0,7,0.86,1.0,0.92
BAT_EXT_0206,Batteries,single,1,w/o Structure,8,7,2,1,9,0.78,0.88,0.83
SUP_EXT_0001,Superalloys,single,2,w/o Structure,7,5,2,2,7,0.71,0.71,0.71
SUP_EXT_0002,Superalloys,single,2,w/o Structure,6,5,1,1,6,0.83,0.83,0.83
SUP_EXT_0003,Superalloys,single,2,w/o Structure,7,6,1,1,7,0.86,0.86,0.86
SUP_EXT_0004,Superalloys,single,2,w/o Structure,7,6,0,1,6,1.0,0.86,0.92
SUP_EXT_0005,Superalloys,multi,2,w/o Structure,35,25,8,10,33,0.76,0.71,0.73
SUP_EXT_0006,Superalloys,single,2,w/o Structure,9,6,2,3,8,0.75,0.67,0.71
SUP_EXT_0007,Superalloys,single,2,w/o Structure,6,6,0,0,6,1.0,1.0,1.0
SUP_EXT_0008,Superalloys,single,2,w/o Structure,7,6,2,1,8,0.75,0.86,0.8
SUP_EXT_0009,Superalloys,single,2,w/o Structure,6,6,3,0,9,0.67,1.0,0.8
SUP_EXT_0010,Superalloys,multi,2,w/o Structure,29,24,1,5,25,0.96,0.83,0.89
SUP_EXT_0011,Superalloys,single,2,w/o Structure,6,6,2,0,8,0.75,1.0,0.86
SUP_EXT_0012,Superalloys,single,2,w/o Structure,10,0,2,10,2,0.0,0.0,0.0
SUP_EXT_0013,Superalloys,single,2,w/o Structure,6,6,1,0,7,0.86,1.0,0.92
SUP_EXT_0014,Superalloys,single,2,w/o Structure,10,9,1,1,10,0.9,0.9,0.9
SUP_EXT_0015,Superalloys,single,2,w/o Structure,11,9,4,2,13,0.69,0.82,0.75
SUP_EXT_0016,Superalloys,single,2,w/o Structure,8,7,1,1,8,0.88,0.88,0.88
SUP_EXT_0017,Superalloys,multi,2,w/o Structure,27,20,6,7,26,0.77,0.74,0.75
SUP_EXT_0018,Superalloys,single,2,w/o Structure,9,7,3,2,10,0.7,0.78,0.74
SUP_EXT_0019,Superalloys,single,2,w/o Structure,11,9,1,2,10,0.9,0.82,0.86
SUP_EXT_0020,Superalloys,single,2,w/o Structure,12,11,1,1,12,0.92,0.92,0.92
SUP_EXT_0021,Superalloys,single,2,w/o Structure,9,8,4,1,12,0.67,0.89,0.76
SUP_EXT_0022,Superalloys,single,2,w/o Structure,9,7,2,2,9,0.78,0.78,0.78
SUP_EXT_0023,Superalloys,single,2,w/o Structure,11,9,2,2,11,0.82,0.82,0.82
SUP_EXT_0024,Superalloys,single,2,w/o Structure,7,6,0,1,6,1.0,0.86,0.92
SUP_EXT_0025,Superalloys,single,2,w/o Structure,6,5,1,1,6,0.83,0.83,0.83
SUP_EXT_0026,Superalloys,multi,2,w/o Structure,28,19,9,9,28,0.68,0.68,0.68
SUP_EXT_0027,Superalloys,single,2,w/o Structure,7,6,1,1,7,0.86,0.86,0.86
SUP_EXT_0028,Superalloys,multi,2,w/o Structure,38,31,7,7,38,0.82,0.82,0.82
SUP_EXT_0029,Superalloys,multi,2,w/o Structure,21,17,3,4,20,0.85,0.81,0.83
SUP_EXT_0030,Superalloys,single,2,w/o Structure,8,7,1,1,8,0.88,0.88,0.88
SUP_EXT_0031,Superalloys,single,2,w/o Structure,8,7,1,1,8,0.88,0.88,0.88
SUP_EXT_0032,Superalloys,single,2,w/o Structure,10,8,3,2,11,0.73,0.8,0.76
SUP_EXT_0033,Superalloys,multi,2,w/o Structure,21,15,6,6,21,0.71,0.71,0.71
SUP_EXT_0034,Superalloys,single,2,w/o Structure,4,3,2,1,5,0.6,0.75,0.67
SUP_EXT_0035,Superalloys,single,2,w/o Structure,10,9,2,1,11,0.82,0.9,0.86
SUP_EXT_0036,Superalloys,single,2,w/o Structure,7,6,2,1,8,0.75,0.86,0.8
SUP_EXT_0037,Superalloys,single,2,w/o Structure,7,6,2,1,8,0.75,0.86,0.8
SUP_EXT_0038,Superalloys,single,2,w/o Structure,9,8,1,1,9,0.89,0.89,0.89
SUP_EXT_0039,Superalloys,single,2,w/o Structure,6,6,0,0,6,1.0,1.0,1.0
SUP_EXT_0040,Superalloys,single,2,w/o Structure,7,5,1,2,6,0.83,0.71,0.77
SUP_EXT_0041,Superalloys,single,2,w/o Structure,12,9,2,3,11,0.82,0.75,0.78
SUP_EXT_0042,Superalloys,single,2,w/o Structure,10,9,1,1,10,0.9,0.9,0.9
SUP_EXT_0043,Superalloys,single,2,w/o Structure,7,5,1,2,6,0.83,0.71,0.77
SUP_EXT_0044,Superalloys,single,2,w/o Structure,6,6,1,0,7,0.86,1.0,0.92
SUP_EXT_0045,Superalloys,single,2,w/o Structure,6,6,1,0,7,0.86,1.0,0.92
SUP_EXT_0046,Superalloys,single,2,w/o Structure,8,6,4,2,10,0.6,0.75,0.67
SUP_EXT_0047,Superalloys,single,2,w/o Structure,9,8,2,1,10,0.8,0.89,0.84
SUP_EXT_0048,Superalloys,single,2,w/o Structure,6,5,1,1,6,0.83,0.83,0.83
SUP_EXT_0049,Superalloys,single,2,w/o Structure,7,6,1,1,7,0.86,0.86,0.86
SUP_EXT_0050,Superalloys,single,2,w/o Structure,6,5,1,1,6,0.83,0.83,0.83
SUP_EXT_0051,Superalloys,single,2,w/o Structure,7,7,1,0,8,0.88,1.0,0.94
SUP_EXT_0052,Superalloys,single,2,w/o Structure,11,7,3,4,10,0.7,0.64,0.67
SUP_EXT_0053,Superalloys,single,2,w/o Structure,6,6,2,0,8,0.75,1.0,0.86
SUP_EXT_0054,Superalloys,single,2,w/o Structure,11,11,1,0,12,0.92,1.0,0.96
SUP_EXT_0055,Superalloys,single,2,w/o Structure,15,13,2,2,15,0.87,0.87,0.87
SUP_EXT_0056,Superalloys,single,2,w/o Structure,11,9,2,2,11,0.82,0.82,0.82
SUP_EXT_0057,Superalloys,single,2,w/o Structure,9,7,1,2,8,0.88,0.78,0.83
SUP_EXT_0058,Superalloys,single,2,w/o Structure,9,5,1,4,6,0.83,0.56,0.67
SUP_EXT_0059,Superalloys,single,2,w/o Structure,8,7,1,1,8,0.88,0.88,0.88
SUP_EXT_0060,Superalloys,single,2,w/o Structure,12,11,3,1,14,0.79,0.92,0.85
SUP_EXT_0061,Superalloys,single,2,w/o Structure,11,11,2,0,13,0.85,1.0,0.92
SUP_EXT_0062,Superalloys,single,2,w/o Structure,9,7,1,2,8,0.88,0.78,0.83
SUP_EXT_0063,Superalloys,single,2,w/o Structure,7,6,1,1,7,0.86,0.86,0.86
SUP_EXT_0064,Superalloys,single,2,w/o Structure,8,7,0,1,7,1.0,0.88,0.94
SUP_EXT_0065,Superalloys,single,2,w/o Structure,7,6,2,1,8,0.75,0.86,0.8
SUP_EXT_0066,Superalloys,single,2,w/o Structure,6,6,2,0,8,0.75,1.0,0.86
SUP_EXT_0067,Superalloys,single,2,w/o Structure,10,9,1,1,10,0.9,0.9,0.9
SUP_EXT_0068,Superalloys,multi,2,w/o Structure,27,22,3,5,25,0.88,0.81,0.84
SUP_EXT_0069,Superalloys,single,2,w/o Structure,8,6,1,2,7,0.86,0.75,0.8
SUP_EXT_0070,Superalloys,single,2,w/o Structure,12,10,3,2,13,0.77,0.83,0.8
SUP_EXT_0071,Superalloys,single,2,w/o Structure,10,8,1,2,9,0.89,0.8,0.84
SUP_EXT_0072,Superalloys,single,2,w/o Structure,11,9,1,2,10,0.9,0.82,0.86
SUP_EXT_0073,Superalloys,single,2,w/o Structure,8,6,1,2,7,0.86,0.75,0.8
SUP_EXT_0074,Superalloys,single,2,w/o Structure,13,11,2,2,13,0.85,0.85,0.85
SUP_EXT_0075,Superalloys,single,2,w/o Structure,9,8,1,1,9,0.89,0.89,0.89
SUP_EXT_0076,Superalloys,single,2,w/o Structure,9,7,2,2,9,0.78,0.78,0.78
SUP_EXT_0077,Superalloys,single,2,w/o Structure,12,9,3,3,12,0.75,0.75,0.75
SUP_EXT_0078,Superalloys,single,2,w/o Structure,6,5,1,1,6,0.83,0.83,0.83
SUP_EXT_0079,Superalloys,single,2,w/o Structure,9,9,2,0,11,0.82,1.0,0.9
SUP_EXT_0080,Superalloys,single,2,w/o Structure,8,6,3,2,9,0.67,0.75,0.71
SUP_EXT_0081,Superalloys,single,2,w/o Structure,13,0,1,13,1,0.0,0.0,0.0
SUP_EXT_0082,Superalloys,single,2,w/o Structure,9,8,1,1,9,0.89,0.89,0.89
SUP_EXT_0083,Superalloys,single,2,w/o Structure,10,9,0,1,9,1.0,0.9,0.95
SUP_EXT_0084,Superalloys,single,2,w/o Structure,14,14,1,0,15,0.93,1.0,0.96
SUP_EXT_0085,Superalloys,single,2,w/o Structure,10,10,0,0,10,1.0,1.0,1.0
SUP_EXT_0086,Superalloys,multi,2,w/o Structure,22,16,5,6,21,0.76,0.73,0.74
SUP_EXT_0087,Superalloys,single,2,w/o Structure,8,6,2,2,8,0.75,0.75,0.75
SUP_EXT_0088,Superalloys,single,2,w/o Structure,10,8,2,2,10,0.8,0.8,0.8
SUP_EXT_0089,Superalloys,single,2,w/o Structure,7,6,1,1,7,0.86,0.86,0.86
SUP_EXT_0090,Superalloys,multi,2,w/o Structure,31,24,3,7,27,0.89,0.77,0.83
SUP_EXT_0091,Superalloys,single,2,w/o Structure,6,6,1,0,7,0.86,1.0,0.92
SUP_EXT_0092,Superalloys,single,2,w/o Structure,11,8,2,3,10,0.8,0.73,0.76
SUP_EXT_0093,Superalloys,multi,2,w/o Structure,23,16,6,7,22,0.73,0.7,0.71
SUP_EXT_0094,Superalloys,single,2,w/o Structure,12,9,1,3,10,0.9,0.75,0.82
SUP_EXT_0095,Superalloys,single,2,w/o Structure,11,9,1,2,10,0.9,0.82,0.86
SUP_EXT_0096,Superalloys,single,2,w/o Structure,13,11,2,2,13,0.85,0.85,0.85
SUP_EXT_0097,Superalloys,single,2,w/o Structure,6,5,1,1,6,0.83,0.83,0.83
SUP_EXT_0098,Superalloys,multi,2,w/o Structure,21,18,3,3,21,0.86,0.86,0.86
SUP_EXT_0099,Superalloys,single,2,w/o Structure,11,10,4,1,14,0.71,0.91,0.8
SUP_EXT_0100,Superalloys,single,2,w/o Structure,12,9,2,3,11,0.82,0.75,0.78
SUP_EXT_0101,Superalloys,single,2,w/o Structure,6,5,1,1,6,0.83,0.83,0.83
SUP_EXT_0102,Superalloys,single,2,w/o Structure,14,13,1,1,14,0.93,0.93,0.93
SUP_EXT_0103,Superalloys,single,2,w/o Structure,9,7,2,2,9,0.78,0.78,0.78
SUP_EXT_0104,Superalloys,single,2,w/o Structure,12,10,2,2,12,0.83,0.83,0.83
SUP_EXT_0105,Superalloys,single,2,w/o Structure,12,8,5,4,13,0.62,0.67,0.64
SUP_EXT_0106,Superalloys,single,2,w/o Structure,11,8,1,3,9,0.89,0.73,0.8
SUP_EXT_0107,Superalloys,single,2,w/o Structure,11,8,3,3,11,0.73,0.73,0.73
SUP_EXT_0108,Superalloys,single,2,w/o Structure,12,8,0,4,8,1.0,0.67,0.8
SUP_EXT_0109,Superalloys,single,2,w/o Structure,12,11,3,1,14,0.79,0.92,0.85
SUP_EXT_0110,Superalloys,single,2,w/o Structure,9,7,0,2,7,1.0,0.78,0.88
SUP_EXT_0111,Superalloys,single,2,w/o Structure,6,6,1,0,7,0.86,1.0,0.92
SUP_EXT_0112,Superalloys,single,2,w/o Structure,6,6,0,0,6,1.0,1.0,1.0
SUP_EXT_0113,Superalloys,multi,2,w/o Structure,23,19,5,4,24,0.79,0.83,0.81
SUP_EXT_0114,Superalloys,single,2,w/o Structure,11,10,1,1,11,0.91,0.91,0.91
SUP_EXT_0115,Superalloys,single,2,w/o Structure,10,10,1,0,11,0.91,1.0,0.95
SUP_EXT_0116,Superalloys,single,2,w/o Structure,7,5,1,2,6,0.83,0.71,0.77
SUP_EXT_0117,Superalloys,single,2,w/o Structure,11,10,0,1,10,1.0,0.91,0.95
SUP_EXT_0118,Superalloys,single,2,w/o Structure,11,9,1,2,10,0.9,0.82,0.86
SUP_EXT_0119,Superalloys,single,2,w/o Structure,6,6,2,0,8,0.75,1.0,0.86
SUP_EXT_0120,Superalloys,single,2,w/o Structure,11,9,2,2,11,0.82,0.82,0.82
SUP_EXT_0121,Superalloys,multi,2,w/o Structure,25,24,0,1,24,1.0,0.96,0.98
SUP_EXT_0122,Superalloys,single,2,w/o Structure,11,8,2,3,10,0.8,0.73,0.76
SUP_EXT_0123,Superalloys,single,2,w/o Structure,11,11,1,0,12,0.92,1.0,0.96
SUP_EXT_0124,Superalloys,single,2,w/o Structure,12,10,4,2,14,0.71,0.83,0.77
SUP_EXT_0125,Superalloys,multi,2,w/o Structure,24,20,2,4,22,0.91,0.83,0.87
SUP_EXT_0126,Superalloys,single,2,w/o Structure,10,9,3,1,12,0.75,0.9,0.82
SUP_EXT_0127,Superalloys,single,2,w/o Structure,9,9,1,0,10,0.9,1.0,0.95
SUP_EXT_0128,Superalloys,single,2,w/o Structure,6,5,1,1,6,0.83,0.83,0.83
SUP_EXT_0129,Superalloys,single,2,w/o Structure,11,8,5,3,13,0.62,0.73,0.67
SUP_EXT_0130,Superalloys,multi,2,w/o Structure,27,24,0,3,24,1.0,0.89,0.94
SUP_EXT_0131,Superalloys,single,2,w/o Structure,8,7,1,1,8,0.88,0.88,0.88
SUP_EXT_0132,Superalloys,single,2,w/o Structure,11,10,1,1,11,0.91,0.91,0.91
SUP_EXT_0133,Superalloys,single,2,w/o Structure,10,9,1,1,10,0.9,0.9,0.9
SUP_EXT_0134,Superalloys,single,2,w/o Structure,11,8,2,3,10,0.8,0.73,0.76
SUP_EXT_0135,Superalloys,single,2,w/o Structure,8,7,1,1,8,0.88,0.88,0.88
SUP_EXT_0136,Superalloys,single,2,w/o Structure,12,11,1,1,12,0.92,0.92,0.92
SUP_EXT_0137,Superalloys,single,2,w/o Structure,8,7,1,1,8,0.88,0.88,0.88
SUP_EXT_0138,Superalloys,multi,2,w/o Structure,21,15,7,6,22,0.68,0.71,0.69
SUP_EXT_0139,Superalloys,single,2,w/o Structure,9,0,2,9,2,0.0,0.0,0.0
SUP_EXT_0140,Superalloys,single,2,w/o Structure,6,3,2,3,5,0.6,0.5,0.55
SUP_EXT_0141,Superalloys,single,2,w/o Structure,11,6,2,5,8,0.75,0.55,0.63
SUP_EXT_0142,Superalloys,multi,2,w/o Structure,24,21,5,3,26,0.81,0.88,0.84
SUP_EXT_0143,Superalloys,single,2,w/o Structure,12,10,2,2,12,0.83,0.83,0.83
SUP_EXT_0144,Superalloys,single,2,w/o Structure,12,10,2,2,12,0.83,0.83,0.83
SUP_EXT_0145,Superalloys,single,2,w/o Structure,6,4,1,2,5,0.8,0.67,0.73
SUP_EXT_0146,Superalloys,multi,2,w/o Structure,21,21,1,0,22,0.95,1.0,0.97
SUP_EXT_0147,Superalloys,single,2,w/o Structure,8,6,2,2,8,0.75,0.75,0.75
SUP_EXT_0148,Superalloys,multi,2,w/o Structure,18,14,0,4,14,1.0,0.78,0.88
SUP_EXT_0149,Superalloys,single,2,w/o Structure,9,8,2,1,10,0.8,0.89,0.84
SUP_EXT_0150,Superalloys,single,2,w/o Structure,8,6,1,2,7,0.86,0.75,0.8
SUP_EXT_0151,Superalloys,single,2,w/o Structure,11,10,4,1,14,0.71,0.91,0.8
SUP_EXT_0152,Superalloys,single,2,w/o Structure,10,9,0,1,9,1.0,0.9,0.95
SUP_EXT_0153,Superalloys,single,2,w/o Structure,8,6,2,2,8,0.75,0.75,0.75
SUP_EXT_0154,Superalloys,single,2,w/o Structure,8,7,2,1,9,0.78,0.88,0.83
SUP_EXT_0155,Superalloys,single,2,w/o Structure,10,7,2,3,9,0.78,0.7,0.74
SUP_EXT_0156,Superalloys,single,2,w/o Structure,10,10,2,0,12,0.83,1.0,0.91
SUP_EXT_0157,Superalloys,single,2,w/o Structure,8,8,1,0,9,0.89,1.0,0.94
SUP_EXT_0158,Superalloys,single,2,w/o Structure,10,10,1,0,11,0.91,1.0,0.95
SUP_EXT_0159,Superalloys,single,2,w/o Structure,12,10,3,2,13,0.77,0.83,0.8
SUP_EXT_0160,Superalloys,single,2,w/o Structure,11,8,1,3,9,0.89,0.73,0.8
SUP_EXT_0161,Superalloys,single,2,w/o Structure,7,6,1,1,7,0.86,0.86,0.86
SUP_EXT_0162,Superalloys,single,2,w/o Structure,9,9,1,0,10,0.9,1.0,0.95
SUP_EXT_0163,Superalloys,single,2,w/o Structure,12,11,0,1,11,1.0,0.92,0.96
SUP_EXT_0164,Superalloys,single,2,w/o Structure,7,6,2,1,8,0.75,0.86,0.8
SUP_EXT_0165,Superalloys,single,2,w/o Structure,11,10,1,1,11,0.91,0.91,0.91
SUP_EXT_0166,Superalloys,single,2,w/o Structure,10,7,2,3,9,0.78,0.7,0.74
SUP_EXT_0167,Superalloys,single,2,w/o Structure,11,8,1,3,9,0.89,0.73,0.8
SUP_EXT_0168,Superalloys,single,2,w/o Structure,6,6,2,0,8,0.75,1.0,0.86
SUP_EXT_0169,Superalloys,single,2,w/o Structure,6,5,1,1,6,0.83,0.83,0.83
SUP_EXT_0170,Superalloys,single,2,w/o Structure,6,6,1,0,7,0.86,1.0,0.92
SUP_EXT_0171,Superalloys,single,2,w/o Structure,11,9,1,2,10,0.9,0.82,0.86
SUP_EXT_0172,Superalloys,multi,2,w/o Structure,24,0,2,24,2,0.0,0.0,0.0
SUP_EXT_0173,Superalloys,single,2,w/o Structure,7,6,2,1,8,0.75,0.86,0.8
SUP_EXT_0174,Superalloys,single,2,w/o Structure,12,8,2,4,10,0.8,0.67,0.73
SUP_EXT_0175,Superalloys,single,2,w/o Structure,10,8,3,2,11,0.73,0.8,0.76
SUP_EXT_0176,Superalloys,single,2,w/o Structure,6,5,2,1,7,0.71,0.83,0.77
SUP_EXT_0177,Superalloys,multi,2,w/o Structure,20,14,3,6,17,0.82,0.7,0.76
SUP_EXT_0178,Superalloys,single,2,w/o Structure,6,4,1,2,5,0.8,0.67,0.73
SUP_EXT_0179,Superalloys,single,2,w/o Structure,11,10,1,1,11,0.91,0.91,0.91
SUP_EXT_0180,Superalloys,multi,2,w/o Structure,18,14,3,4,17,0.82,0.78,0.8
SUP_EXT_0181,Superalloys,single,2,w/o Structure,10,8,2,2,10,0.8,0.8,0.8
SUP_EXT_0182,Superalloys,single,2,w/o Structure,11,9,1,2,10,0.9,0.82,0.86
SUP_EXT_0183,Superalloys,single,2,w/o Structure,11,11,1,0,12,0.92,1.0,0.96
SUP_EXT_0184,Superalloys,single,2,w/o Structure,6,5,2,1,7,0.71,0.83,0.77
SUP_EXT_0185,Superalloys,single,2,w/o Structure,8,6,3,2,9,0.67,0.75,0.71
SUP_EXT_0186,Superalloys,single,2,w/o Structure,13,9,3,4,12,0.75,0.69,0.72
SUP_EXT_0187,Superalloys,single,2,w/o Structure,11,10,2,1,12,0.83,0.91,0.87
SUP_EXT_0188,Superalloys,single,2,w/o Structure,9,8,2,1,10,0.8,0.89,0.84
SUP_EXT_0189,Superalloys,single,2,w/o Structure,5,4,2,1,6,0.67,0.8,0.73
SUP_EXT_0190,Superalloys,single,2,w/o Structure,15,13,3,2,16,0.81,0.87,0.84
SUP_EXT_0191,Superalloys,single,2,w/o Structure,7,6,0,1,6,1.0,0.86,0.92
SUP_EXT_0192,Superalloys,single,2,w/o Structure,10,9,1,1,10,0.9,0.9,0.9
SUP_EXT_0193,Superalloys,single,2,w/o Structure,9,7,2,2,9,0.78,0.78,0.78
SUP_EXT_0194,Superalloys,single,2,w/o Structure,12,11,2,1,13,0.85,0.92,0.88
SUP_EXT_0195,Superalloys,single,2,w/o Structure,7,5,1,2,6,0.83,0.71,0.77
SUP_EXT_0196,Superalloys,single,2,w/o Structure,11,8,2,3,10,0.8,0.73,0.76
SUP_EXT_0197,Superalloys,single,2,w/o Structure,10,10,0,0,10,1.0,1.0,1.0
SUP_EXT_0198,Superalloys,single,2,w/o Structure,11,10,3,1,13,0.77,0.91,0.83
SUP_EXT_0199,Superalloys,single,2,w/o Structure,8,7,3,1,10,0.7,0.88,0.78
SUP_EXT_0200,Superalloys,single,2,w/o Structure,8,0,0,8,0,0.0,0.0,0.0
SUP_EXT_0201,Superalloys,multi,2,w/o Structure,21,18,1,3,19,0.95,0.86,0.9
SUP_EXT_0202,Superalloys,single,2,w/o Structure,9,8,0,1,8,1.0,0.89,0.94
SUP_EXT_0203,Superalloys,single,2,w/o Structure,10,9,2,1,11,0.82,0.9,0.86
SUP_EXT_0204,Superalloys,single,2,w/o Structure,10,8,3,2,11,0.73,0.8,0.76
SUP_EXT_0205,Superalloys,single,2,w/o Structure,8,7,3,1,10,0.7,0.88,0.78
SUP_EXT_0206,Superalloys,single,2,w/o Structure,10,8,2,2,10,0.8,0.8,0.8
SUP_EXT_0207,Superalloys,single,2,w/o Structure,9,7,1,2,8,0.88,0.78,0.83
SUP_EXT_0208,Superalloys,single,2,w/o Structure,12,12,1,0,13,0.92,1.0,0.96
SUP_EXT_0209,Superalloys,single,2,w/o Structure,10,8,3,2,11,0.73,0.8,0.76
SUP_EXT_0210,Superalloys,single,2,w/o Structure,10,9,1,1,10,0.9,0.9,0.9
SUP_EXT_0211,Superalloys,single,2,w/o Structure,10,8,1,2,9,0.89,0.8,0.84
SUP_EXT_0212,Superalloys,single,2,w/o Structure,8,8,1,0,9,0.89,1.0,0.94
SUP_EXT_0213,Superalloys,single,2,w/o Structure,12,8,3,4,11,0.73,0.67,0.7
SUP_EXT_0214,Superalloys,single,2,w/o Structure,4,4,1,0,5,0.8,1.0,0.89
SEM_EXT_0001,Semiconductors,single,2,w/o Structure,6,6,0,0,6,1.0,1.0,1.0
SEM_EXT_0002,Semiconductors,single,2,w/o Structure,8,7,1,1,8,0.88,0.88,0.88
SEM_EXT_0003,Semiconductors,single,2,w/o Structure,9,8,1,1,9,0.89,0.89,0.89
SEM_EXT_0004,Semiconductors,single,2,w/o Structure,11,11,1,0,12,0.92,1.0,0.96
SEM_EXT_0005,Semiconductors,single,2,w/o Structure,10,9,0,1,9,1.0,0.9,0.95
SEM_EXT_0006,Semiconductors,single,2,w/o Structure,8,7,2,1,9,0.78,0.88,0.83
SEM_EXT_0007,Semiconductors,single,2,w/o Structure,12,0,2,12,2,0.0,0.0,0.0
SEM_EXT_0008,Semiconductors,single,2,w/o Structure,9,9,3,0,12,0.75,1.0,0.86
SEM_EXT_0009,Semiconductors,single,2,w/o Structure,10,9,2,1,11,0.82,0.9,0.86
SEM_EXT_0010,Semiconductors,single,2,w/o Structure,9,6,1,3,7,0.86,0.67,0.75
SEM_EXT_0011,Semiconductors,single,2,w/o Structure,12,12,0,0,12,1.0,1.0,1.0
SEM_EXT_0012,Semiconductors,single,2,w/o Structure,7,7,1,0,8,0.88,1.0,0.94
SEM_EXT_0013,Semiconductors,single,2,w/o Structure,12,11,1,1,12,0.92,0.92,0.92
SEM_EXT_0014,Semiconductors,single,2,w/o Structure,11,9,1,2,10,0.9,0.82,0.86
SEM_EXT_0015,Semiconductors,single,2,w/o Structure,12,10,1,2,11,0.91,0.83,0.87
SEM_EXT_0016,Semiconductors,multi,2,w/o Structure,29,23,2,6,25,0.92,0.79,0.85
SEM_EXT_0017,Semiconductors,single,2,w/o Structure,8,6,0,2,6,1.0,0.75,0.86
SEM_EXT_0018,Semiconductors,single,2,w/o Structure,11,8,3,3,11,0.73,0.73,0.73
SEM_EXT_0019,Semiconductors,single,2,w/o Structure,15,14,1,1,15,0.93,0.93,0.93
SEM_EXT_0020,Semiconductors,single,2,w/o Structure,12,7,4,5,11,0.64,0.58,0.61
SEM_EXT_0021,Semiconductors,single,2,w/o Structure,8,8,2,0,10,0.8,1.0,0.89
SEM_EXT_0022,Semiconductors,multi,2,w/o Structure,22,16,3,6,19,0.84,0.73,0.78
SEM_EXT_0023,Semiconductors,single,2,w/o Structure,13,11,1,2,12,0.92,0.85,0.88
SEM_EXT_0024,Semiconductors,single,2,w/o Structure,6,5,1,1,6,0.83,0.83,0.83
SEM_EXT_0025,Semiconductors,single,2,w/o Structure,6,6,1,0,7,0.86,1.0,0.92
SEM_EXT_0026,Semiconductors,single,2,w/o Structure,6,6,1,0,7,0.86,1.0,0.92
SEM_EXT_0027,Semiconductors,single,2,w/o Structure,10,8,2,2,10,0.8,0.8,0.8
SEM_EXT_0028,Semiconductors,single,2,w/o Structure,10,9,2,1,11,0.82,0.9,0.86
SEM_EXT_0029,Semiconductors,single,2,w/o Structure,15,13,4,2,17,0.76,0.87,0.81
SEM_EXT_0030,Semiconductors,multi,2,w/o Structure,33,27,7,6,34,0.79,0.82,0.8
SEM_EXT_0031,Semiconductors,single,2,w/o Structure,7,7,0,0,7,1.0,1.0,1.0
SEM_EXT_0032,Semiconductors,single,2,w/o Structure,9,9,1,0,10,0.9,1.0,0.95
SEM_EXT_0033,Semiconductors,single,2,w/o Structure,9,8,2,1,10,0.8,0.89,0.84
SEM_EXT_0034,Semiconductors,single,2,w/o Structure,12,10,2,2,12,0.83,0.83,0.83
SEM_EXT_0035,Semiconductors,single,2,w/o Structure,12,10,1,2,11,0.91,0.83,0.87
SEM_EXT_0036,Semiconductors,single,2,w/o Structure,8,4,1,4,5,0.8,0.5,0.62
SEM_EXT_0037,Semiconductors,single,2,w/o Structure,12,11,2,1,13,0.85,0.92,0.88
SEM_EXT_0038,Semiconductors,single,2,w/o Structure,12,12,0,0,12,1.0,1.0,1.0
SEM_EXT_0039,Semiconductors,single,2,w/o Structure,9,8,1,1,9,0.89,0.89,0.89
SEM_EXT_0040,Semiconductors,single,2,w/o Structure,12,11,1,1,12,0.92,0.92,0.92
SEM_EXT_0041,Semiconductors,multi,2,w/o Structure,36,23,11,13,34,0.68,0.64,0.66
SEM_EXT_0042,Semiconductors,single,2,w/o Structure,6,5,1,1,6,0.83,0.83,0.83
SEM_EXT_0043,Semiconductors,single,2,w/o Structure,11,7,1,4,8,0.88,0.64,0.74
SEM_EXT_0044,Semiconductors,single,2,w/o Structure,12,11,1,1,12,0.92,0.92,0.92
SEM_EXT_0045,Semiconductors,single,2,w/o Structure,8,7,2,1,9,0.78,0.88,0.83
SEM_EXT_0046,Semiconductors,multi,2,w/o Structure,24,20,0,4,20,1.0,0.83,0.91
SEM_EXT_0047,Semiconductors,single,2,w/o Structure,7,7,1,0,8,0.88,1.0,0.94
SEM_EXT_0048,Semiconductors,single,2,w/o Structure,8,8,1,0,9,0.89,1.0,0.94
SEM_EXT_0049,Semiconductors,single,2,w/o Structure,12,10,2,2,12,0.83,0.83,0.83
SEM_EXT_0050,Semiconductors,single,2,w/o Structure,6,5,1,1,6,0.83,0.83,0.83
SEM_EXT_0051,Semiconductors,single,2,w/o Structure,11,6,1,5,7,0.86,0.55,0.67
SEM_EXT_0052,Semiconductors,single,2,w/o Structure,8,6,1,2,7,0.86,0.75,0.8
SEM_EXT_0053,Semiconductors,single,2,w/o Structure,9,8,1,1,9,0.89,0.89,0.89
SEM_EXT_0054,Semiconductors,multi,2,w/o Structure,30,22,5,8,27,0.81,0.73,0.77
SEM_EXT_0055,Semiconductors,multi,2,w/o Structure,31,22,5,9,27,0.81,0.71,0.76
SEM_EXT_0056,Semiconductors,single,2,w/o Structure,6,5,1,1,6,0.83,0.83,0.83
SEM_EXT_0057,Semiconductors,single,2,w/o Structure,10,9,2,1,11,0.82,0.9,0.86
SEM_EXT_0058,Semiconductors,single,2,w/o Structure,9,9,0,0,9,1.0,1.0,1.0
SEM_EXT_0059,Semiconductors,single,2,w/o Structure,9,8,2,1,10,0.8,0.89,0.84
SEM_EXT_0060,Semiconductors,single,2,w/o Structure,11,10,1,1,11,0.91,0.91,0.91
SEM_EXT_0061,Semiconductors,single,2,w/o Structure,12,8,1,4,9,0.89,0.67,0.76
SEM_EXT_0062,Semiconductors,single,2,w/o Structure,6,6,1,0,7,0.86,1.0,0.92
SEM_EXT_0063,Semiconductors,single,2,w/o Structure,8,8,1,0,9,0.89,1.0,0.94
SEM_EXT_0064,Semiconductors,single,2,w/o Structure,7,6,1,1,7,0.86,0.86,0.86
SEM_EXT_0065,Semiconductors,single,2,w/o Structure,9,8,1,1,9,0.89,0.89,0.89
SEM_EXT_0066,Semiconductors,single,2,w/o Structure,11,9,1,2,10,0.9,0.82,0.86
SEM_EXT_0067,Semiconductors,single,2,w/o Structure,10,8,3,2,11,0.73,0.8,0.76
SEM_EXT_0068,Semiconductors,single,2,w/o Structure,7,7,1,0,8,0.88,1.0,0.94
SEM_EXT_0069,Semiconductors,single,2,w/o Structure,8,6,1,2,7,0.86,0.75,0.8
SEM_EXT_0070,Semiconductors,single,2,w/o Structure,6,6,0,0,6,1.0,1.0,1.0
SEM_EXT_0071,Semiconductors,single,2,w/o Structure,12,11,0,1,11,1.0,0.92,0.96
SEM_EXT_0072,Semiconductors,single,2,w/o Structure,10,9,1,1,10,0.9,0.9,0.9
SEM_EXT_0073,Semiconductors,single,2,w/o Structure,8,6,1,2,7,0.86,0.75,0.8
SEM_EXT_0074,Semiconductors,single,2,w/o Structure,6,6,1,0,7,0.86,1.0,0.92
SEM_EXT_0075,Semiconductors,single,2,w/o Structure,8,8,1,0,9,0.89,1.0,0.94
SEM_EXT_0076,Semiconductors,single,2,w/o Structure,10,9,1,1,10,0.9,0.9,0.9
SEM_EXT_0077,Semiconductors,multi,2,w/o Structure,25,20,5,5,25,0.8,0.8,0.8
SEM_EXT_0078,Semiconductors,single,2,w/o Structure,9,7,1,2,8,0.88,0.78,0.83
SEM_EXT_0079,Semiconductors,single,2,w/o Structure,10,10,0,0,10,1.0,1.0,1.0
SEM_EXT_0080,Semiconductors,single,2,w/o Structure,9,8,1,1,9,0.89,0.89,0.89
SEM_EXT_0081,Semiconductors,single,2,w/o Structure,14,11,2,3,13,0.85,0.79,0.82
SEM_EXT_0082,Semiconductors,multi,2,w/o Structure,28,24,2,4,26,0.92,0.86,0.89
SEM_EXT_0083,Semiconductors,single,2,w/o Structure,9,7,2,2,9,0.78,0.78,0.78
SEM_EXT_0084,Semiconductors,single,2,w/o Structure,6,6,2,0,8,0.75,1.0,0.86
SEM_EXT_0085,Semiconductors,single,2,w/o Structure,11,8,2,3,10,0.8,0.73,0.76
SEM_EXT_0086,Semiconductors,single,2,w/o Structure,9,6,1,3,7,0.86,0.67,0.75
SEM_EXT_0087,Semiconductors,single,2,w/o Structure,8,8,0,0,8,1.0,1.0,1.0
SEM_EXT_0088,Semiconductors,single,2,w/o Structure,11,9,2,2,11,0.82,0.82,0.82
SEM_EXT_0089,Semiconductors,single,2,w/o Structure,8,7,2,1,9,0.78,0.88,0.83
SEM_EXT_0090,Semiconductors,single,2,w/o Structure,9,8,1,1,9,0.89,0.89,0.89
SEM_EXT_0091,Semiconductors,single,2,w/o Structure,12,10,2,2,12,0.83,0.83,0.83
SEM_EXT_0092,Semiconductors,single,2,w/o Structure,9,8,2,1,10,0.8,0.89,0.84
SEM_EXT_0093,Semiconductors,single,2,w/o Structure,8,8,1,0,9,0.89,1.0,0.94
SEM_EXT_0094,Semiconductors,multi,2,w/o Structure,19,15,5,4,20,0.75,0.79,0.77
SEM_EXT_0095,Semiconductors,single,2,w/o Structure,10,7,2,3,9,0.78,0.7,0.74
SEM_EXT_0096,Semiconductors,single,2,w/o Structure,11,10,1,1,11,0.91,0.91,0.91
SEM_EXT_0097,Semiconductors,multi,2,w/o Structure,25,22,5,3,27,0.81,0.88,0.84
SEM_EXT_0098,Semiconductors,single,2,w/o Structure,10,7,2,3,9,0.78,0.7,0.74
SEM_EXT_0099,Semiconductors,single,2,w/o Structure,11,10,1,1,11,0.91,0.91,0.91
SEM_EXT_0100,Semiconductors,single,2,w/o Structure,13,11,1,2,12,0.92,0.85,0.88
SEM_EXT_0101,Semiconductors,single,2,w/o Structure,7,6,1,1,7,0.86,0.86,0.86
SEM_EXT_0102,Semiconductors,single,2,w/o Structure,8,6,2,2,8,0.75,0.75,0.75
SEM_EXT_0103,Semiconductors,single,2,w/o Structure,8,7,2,1,9,0.78,0.88,0.83
SEM_EXT_0104,Semiconductors,single,2,w/o Structure,7,6,1,1,7,0.86,0.86,0.86
SEM_EXT_0105,Semiconductors,single,2,w/o Structure,10,10,0,0,10,1.0,1.0,1.0
SEM_EXT_0106,Semiconductors,single,2,w/o Structure,9,7,2,2,9,0.78,0.78,0.78
SEM_EXT_0107,Semiconductors,single,2,w/o Structure,6,6,2,0,8,0.75,1.0,0.86
SEM_EXT_0108,Semiconductors,single,2,w/o Structure,12,10,0,2,10,1.0,0.83,0.91
SEM_EXT_0109,Semiconductors,single,2,w/o Structure,10,10,0,0,10,1.0,1.0,1.0
SEM_EXT_0110,Semiconductors,single,2,w/o Structure,11,10,0,1,10,1.0,0.91,0.95
SEM_EXT_0111,Semiconductors,single,2,w/o Structure,12,11,1,1,12,0.92,0.92,0.92
SEM_EXT_0112,Semiconductors,multi,2,w/o Structure,28,21,6,7,27,0.78,0.75,0.76
SEM_EXT_0113,Semiconductors,single,2,w/o Structure,9,9,0,0,9,1.0,1.0,1.0
SEM_EXT_0114,Semiconductors,single,2,w/o Structure,12,10,2,2,12,0.83,0.83,0.83
SEM_EXT_0115,Semiconductors,multi,2,w/o Structure,28,21,5,7,26,0.81,0.75,0.78
SEM_EXT_0116,Semiconductors,single,2,w/o Structure,11,10,1,1,11,0.91,0.91,0.91
SEM_EXT_0117,Semiconductors,single,2,w/o Structure,10,8,1,2,9,0.89,0.8,0.84
SEM_EXT_0118,Semiconductors,single,2,w/o Structure,12,10,2,2,12,0.83,0.83,0.83
SEM_EXT_0119,Semiconductors,single,2,w/o Structure,12,10,0,2,10,1.0,0.83,0.91
SEM_EXT_0120,Semiconductors,single,2,w/o Structure,11,8,1,3,9,0.89,0.73,0.8
SEM_EXT_0121,Semiconductors,single,2,w/o Structure,11,9,1,2,10,0.9,0.82,0.86
SEM_EXT_0122,Semiconductors,single,2,w/o Structure,10,7,0,3,7,1.0,0.7,0.82
SEM_EXT_0123,Semiconductors,single,2,w/o Structure,6,6,1,0,7,0.86,1.0,0.92
SEM_EXT_0124,Semiconductors,multi,2,w/o Structure,26,25,0,1,25,1.0,0.96,0.98
SEM_EXT_0125,Semiconductors,single,2,w/o Structure,12,8,3,4,11,0.73,0.67,0.7
SEM_EXT_0126,Semiconductors,single,2,w/o Structure,8,7,2,1,9,0.78,0.88,0.83
SEM_EXT_0127,Semiconductors,single,2,w/o Structure,4,3,2,1,5,0.6,0.75,0.67
SEM_EXT_0128,Semiconductors,single,2,w/o Structure,8,7,1,1,8,0.88,0.88,0.88
SEM_EXT_0129,Semiconductors,single,2,w/o Structure,13,12,1,1,13,0.92,0.92,0.92
SEM_EXT_0130,Semiconductors,single,2,w/o Structure,12,11,1,1,12,0.92,0.92,0.92
SEM_EXT_0131,Semiconductors,single,2,w/o Structure,10,7,1,3,8,0.88,0.7,0.78
SEM_EXT_0132,Semiconductors,single,2,w/o Structure,14,11,3,3,14,0.79,0.79,0.79
SEM_EXT_0133,Semiconductors,single,2,w/o Structure,8,6,1,2,7,0.86,0.75,0.8
SEM_EXT_0134,Semiconductors,single,2,w/o Structure,9,8,0,1,8,1.0,0.89,0.94
SEM_EXT_0135,Semiconductors,single,2,w/o Structure,12,12,0,0,12,1.0,1.0,1.0
SEM_EXT_0136,Semiconductors,multi,2,w/o Structure,38,31,4,7,35,0.89,0.82,0.85
SEM_EXT_0137,Semiconductors,single,2,w/o Structure,9,8,1,1,9,0.89,0.89,0.89
SEM_EXT_0138,Semiconductors,single,2,w/o Structure,7,6,1,1,7,0.86,0.86,0.86
SEM_EXT_0139,Semiconductors,single,2,w/o Structure,8,7,2,1,9,0.78,0.88,0.83
SEM_EXT_0140,Semiconductors,single,2,w/o Structure,10,9,1,1,10,0.9,0.9,0.9
SEM_EXT_0141,Semiconductors,multi,2,w/o Structure,28,22,6,6,28,0.79,0.79,0.79
SEM_EXT_0142,Semiconductors,single,2,w/o Structure,6,6,1,0,7,0.86,1.0,0.92
SEM_EXT_0143,Semiconductors,single,2,w/o Structure,9,7,1,2,8,0.88,0.78,0.83
SEM_EXT_0144,Semiconductors,single,2,w/o Structure,8,6,2,2,8,0.75,0.75,0.75
SEM_EXT_0145,Semiconductors,single,2,w/o Structure,10,10,0,0,10,1.0,1.0,1.0
SEM_EXT_0146,Semiconductors,single,2,w/o Structure,11,8,4,3,12,0.67,0.73,0.7
SEM_EXT_0147,Semiconductors,single,2,w/o Structure,12,9,2,3,11,0.82,0.75,0.78
SEM_EXT_0148,Semiconductors,single,2,w/o Structure,10,9,2,1,11,0.82,0.9,0.86
SEM_EXT_0149,Semiconductors,single,2,w/o Structure,6,5,2,1,7,0.71,0.83,0.77
SEM_EXT_0150,Semiconductors,single,2,w/o Structure,11,7,3,4,10,0.7,0.64,0.67
SEM_EXT_0151,Semiconductors,single,2,w/o Structure,7,7,1,0,8,0.88,1.0,0.94
SEM_EXT_0152,Semiconductors,single,2,w/o Structure,9,7,2,2,9,0.78,0.78,0.78
SEM_EXT_0153,Semiconductors,single,2,w/o Structure,11,10,2,1,12,0.83,0.91,0.87
SEM_EXT_0154,Semiconductors,multi,2,w/o Structure,23,19,2,4,21,0.9,0.83,0.86
SEM_EXT_0155,Semiconductors,single,2,w/o Structure,11,0,3,11,3,0.0,0.0,0.0
SEM_EXT_0156,Semiconductors,single,2,w/o Structure,11,11,0,0,11,1.0,1.0,1.0
SEM_EXT_0157,Semiconductors,single,2,w/o Structure,9,7,0,2,7,1.0,0.78,0.88
SEM_EXT_0158,Semiconductors,single,2,w/o Structure,6,6,1,0,7,0.86,1.0,0.92
SEM_EXT_0159,Semiconductors,single,2,w/o Structure,12,10,2,2,12,0.83,0.83,0.83
SEM_EXT_0160,Semiconductors,single,2,w/o Structure,9,7,1,2,8,0.88,0.78,0.83
SEM_EXT_0161,Semiconductors,single,2,w/o Structure,12,12,1,0,13,0.92,1.0,0.96
SEM_EXT_0162,Semiconductors,multi,2,w/o Structure,32,24,7,8,31,0.77,0.75,0.76
SEM_EXT_0163,Semiconductors,single,2,w/o Structure,7,7,0,0,7,1.0,1.0,1.0
SEM_EXT_0164,Semiconductors,single,2,w/o Structure,7,6,1,1,7,0.86,0.86,0.86
SEM_EXT_0165,Semiconductors,single,2,w/o Structure,6,6,0,0,6,1.0,1.0,1.0
SEM_EXT_0166,Semiconductors,single,2,w/o Structure,10,7,3,3,10,0.7,0.7,0.7
SEM_EXT_0167,Semiconductors,single,2,w/o Structure,7,6,1,1,7,0.86,0.86,0.86
SEM_EXT_0168,Semiconductors,single,2,w/o Structure,12,8,3,4,11,0.73,0.67,0.7
SEM_EXT_0169,Semiconductors,single,2,w/o Structure,11,10,2,1,12,0.83,0.91,0.87
SEM_EXT_0170,Semiconductors,single,2,w/o Structure,6,6,0,0,6,1.0,1.0,1.0
SEM_EXT_0171,Semiconductors,single,2,w/o Structure,8,7,0,1,7,1.0,0.88,0.94
SEM_EXT_0172,Semiconductors,single,2,w/o Structure,12,9,2,3,11,0.82,0.75,0.78
SEM_EXT_0173,Semiconductors,single,2,w/o Structure,6,6,1,0,7,0.86,1.0,0.92
SEM_EXT_0174,Semiconductors,multi,2,w/o Structure,24,21,3,3,24,0.88,0.88,0.88
SEM_EXT_0175,Semiconductors,single,2,w/o Structure,8,6,1,2,7,0.86,0.75,0.8
SEM_EXT_0176,Semiconductors,single,2,w/o Structure,8,7,1,1,8,0.88,0.88,0.88
SEM_EXT_0177,Semiconductors,multi,2,w/o Structure,36,27,5,9,32,0.84,0.75,0.79
SEM_EXT_0178,Semiconductors,single,2,w/o Structure,12,10,2,2,12,0.83,0.83,0.83
SEM_EXT_0179,Semiconductors,single,2,w/o Structure,9,6,2,3,8,0.75,0.67,0.71
SEM_EXT_0180,Semiconductors,single,2,w/o Structure,11,7,1,4,8,0.88,0.64,0.74
SEM_EXT_0181,Semiconductors,single,2,w/o Structure,10,9,1,1,10,0.9,0.9,0.9
SEM_EXT_0182,Semiconductors,multi,2,w/o Structure,25,21,5,4,26,0.81,0.84,0.82
SEM_EXT_0183,Semiconductors,single,2,w/o Structure,15,10,3,5,13,0.77,0.67,0.72
SEM_EXT_0184,Semiconductors,multi,2,w/o Structure,20,14,7,6,21,0.67,0.7,0.68
SEM_EXT_0185,Semiconductors,single,2,w/o Structure,6,6,0,0,6,1.0,1.0,1.0
SEM_EXT_0186,Semiconductors,single,2,w/o Structure,8,8,1,0,9,0.89,1.0,0.94
SEM_EXT_0187,Semiconductors,single,2,w/o Structure,7,7,1,0,8,0.88,1.0,0.94
SEM_EXT_0188,Semiconductors,single,2,w/o Structure,7,7,1,0,8,0.88,1.0,0.94
SEM_EXT_0189,Semiconductors,single,2,w/o Structure,6,6,0,0,6,1.0,1.0,1.0
SEM_EXT_0190,Semiconductors,single,2,w/o Structure,7,7,0,0,7,1.0,1.0,1.0
SEM_EXT_0191,Semiconductors,single,2,w/o Structure,6,6,0,0,6,1.0,1.0,1.0
SEM_EXT_0192,Semiconductors,single,2,w/o Structure,15,13,0,2,13,1.0,0.87,0.93
SEM_EXT_0193,Semiconductors,single,2,w/o Structure,10,9,1,1,10,0.9,0.9,0.9
SEM_EXT_0194,Semiconductors,single,2,w/o Structure,6,5,3,1,8,0.62,0.83,0.71
SEM_EXT_0195,Semiconductors,single,2,w/o Structure,10,9,1,1,10,0.9,0.9,0.9
SEM_EXT_0196,Semiconductors,single,2,w/o Structure,11,9,2,2,11,0.82,0.82,0.82
SEM_EXT_0197,Semiconductors,single,2,w/o Structure,8,8,0,0,8,1.0,1.0,1.0
SEM_EXT_0198,Semiconductors,single,2,w/o Structure,6,6,1,0,7,0.86,1.0,0.92
BAT_EXT_0001,Batteries,single,2,w/o Structure,8,6,2,2,8,0.75,0.75,0.75
BAT_EXT_0002,Batteries,single,2,w/o Structure,11,10,1,1,11,0.91,0.91,0.91
BAT_EXT_0003,Batteries,single,2,w/o Structure,12,11,4,1,15,0.73,0.92,0.81
BAT_EXT_0004,Batteries,single,2,w/o Structure,10,9,3,1,12,0.75,0.9,0.82
BAT_EXT_0005,Batteries,single,2,w/o Structure,6,6,0,0,6,1.0,1.0,1.0
BAT_EXT_0006,Batteries,single,2,w/o Structure,6,6,3,0,9,0.67,1.0,0.8
BAT_EXT_0007,Batteries,single,2,w/o Structure,12,11,2,1,13,0.85,0.92,0.88
BAT_EXT_0008,Batteries,single,2,w/o Structure,12,10,3,2,13,0.77,0.83,0.8
BAT_EXT_0009,Batteries,single,2,w/o Structure,7,7,1,0,8,0.88,1.0,0.94
BAT_EXT_0010,Batteries,single,2,w/o Structure,9,8,1,1,9,0.89,0.89,0.89
BAT_EXT_0011,Batteries,single,2,w/o Structure,10,9,1,1,10,0.9,0.9,0.9
BAT_EXT_0012,Batteries,single,2,w/o Structure,6,6,2,0,8,0.75,1.0,0.86
BAT_EXT_0013,Batteries,single,2,w/o Structure,8,6,1,2,7,0.86,0.75,0.8
BAT_EXT_0014,Batteries,single,2,w/o Structure,9,7,3,2,10,0.7,0.78,0.74
BAT_EXT_0015,Batteries,single,2,w/o Structure,6,6,0,0,6,1.0,1.0,1.0
BAT_EXT_0016,Batteries,multi,2,w/o Structure,18,16,5,2,21,0.76,0.89,0.82
BAT_EXT_0017,Batteries,single,2,w/o Structure,9,8,1,1,9,0.89,0.89,0.89
BAT_EXT_0018,Batteries,single,2,w/o Structure,11,9,3,2,12,0.75,0.82,0.78
BAT_EXT_0019,Batteries,multi,2,w/o Structure,22,15,6,7,21,0.71,0.68,0.69
BAT_EXT_0020,Batteries,single,2,w/o Structure,12,10,1,2,11,0.91,0.83,0.87
BAT_EXT_0021,Batteries,single,2,w/o Structure,8,6,1,2,7,0.86,0.75,0.8
BAT_EXT_0022,Batteries,single,2,w/o Structure,12,12,1,0,13,0.92,1.0,0.96
BAT_EXT_0023,Batteries,single,2,w/o Structure,9,9,2,0,11,0.82,1.0,0.9
BAT_EXT_0024,Batteries,single,2,w/o Structure,6,5,2,1,7,0.71,0.83,0.77
BAT_EXT_0025,Batteries,single,2,w/o Structure,13,11,2,2,13,0.85,0.85,0.85
BAT_EXT_0026,Batteries,single,2,w/o Structure,11,8,1,3,9,0.89,0.73,0.8
BAT_EXT_0027,Batteries,single,2,w/o Structure,11,9,2,2,11,0.82,0.82,0.82
BAT_EXT_0028,Batteries,single,2,w/o Structure,11,11,0,0,11,1.0,1.0,1.0
BAT_EXT_0029,Batteries,single,2,w/o Structure,9,8,2,1,10,0.8,0.89,0.84
BAT_EXT_0030,Batteries,single,2,w/o Structure,7,4,1,3,5,0.8,0.57,0.67
BAT_EXT_0031,Batteries,single,2,w/o Structure,7,6,2,1,8,0.75,0.86,0.8
BAT_EXT_0032,Batteries,single,2,w/o Structure,12,11,1,1,12,0.92,0.92,0.92
BAT_EXT_0033,Batteries,single,2,w/o Structure,6,6,0,0,6,1.0,1.0,1.0
BAT_EXT_0034,Batteries,single,2,w/o Structure,6,5,1,1,6,0.83,0.83,0.83
BAT_EXT_0035,Batteries,single,2,w/o Structure,12,11,3,1,14,0.79,0.92,0.85
BAT_EXT_0036,Batteries,single,2,w/o Structure,7,5,3,2,8,0.62,0.71,0.66
BAT_EXT_0037,Batteries,single,2,w/o Structure,8,7,1,1,8,0.88,0.88,0.88
BAT_EXT_0038,Batteries,single,2,w/o Structure,12,11,0,1,11,1.0,0.92,0.96
BAT_EXT_0039,Batteries,single,2,w/o Structure,12,11,1,1,12,0.92,0.92,0.92
BAT_EXT_0040,Batteries,single,2,w/o Structure,6,6,2,0,8,0.75,1.0,0.86
BAT_EXT_0041,Batteries,single,2,w/o Structure,6,5,1,1,6,0.83,0.83,0.83
BAT_EXT_0042,Batteries,single,2,w/o Structure,11,11,3,0,14,0.79,1.0,0.88
BAT_EXT_0043,Batteries,single,2,w/o Structure,10,9,2,1,11,0.82,0.9,0.86
BAT_EXT_0044,Batteries,single,2,w/o Structure,10,8,1,2,9,0.89,0.8,0.84
BAT_EXT_0045,Batteries,single,2,w/o Structure,8,8,1,0,9,0.89,1.0,0.94
BAT_EXT_0046,Batteries,single,2,w/o Structure,11,10,4,1,14,0.71,0.91,0.8
BAT_EXT_0047,Batteries,single,2,w/o Structure,10,8,0,2,8,1.0,0.8,0.89
BAT_EXT_0048,Batteries,multi,2,w/o Structure,21,16,5,5,21,0.76,0.76,0.76
BAT_EXT_0049,Batteries,single,2,w/o Structure,12,10,2,2,12,0.83,0.83,0.83
BAT_EXT_0050,Batteries,multi,2,w/o Structure,33,30,1,3,31,0.97,0.91,0.94
BAT_EXT_0051,Batteries,single,2,w/o Structure,13,11,3,2,14,0.79,0.85,0.82
BAT_EXT_0052,Batteries,single,2,w/o Structure,11,10,0,1,10,1.0,0.91,0.95
BAT_EXT_0053,Batteries,single,2,w/o Structure,4,4,1,0,5,0.8,1.0,0.89
BAT_EXT_0054,Batteries,multi,2,w/o Structure,25,19,4,6,23,0.83,0.76,0.79
BAT_EXT_0055,Batteries,single,2,w/o Structure,8,7,1,1,8,0.88,0.88,0.88
BAT_EXT_0056,Batteries,single,2,w/o Structure,9,9,1,0,10,0.9,1.0,0.95
BAT_EXT_0057,Batteries,multi,2,w/o Structure,22,16,5,6,21,0.76,0.73,0.74
BAT_EXT_0058,Batteries,single,2,w/o Structure,9,8,1,1,9,0.89,0.89,0.89
BAT_EXT_0059,Batteries,single,2,w/o Structure,11,10,1,1,11,0.91,0.91,0.91
BAT_EXT_0060,Batteries,single,2,w/o Structure,6,6,3,0,9,0.67,1.0,0.8
BAT_EXT_0061,Batteries,single,2,w/o Structure,12,11,0,1,11,1.0,0.92,0.96
BAT_EXT_0062,Batteries,multi,2,w/o Structure,27,19,9,8,28,0.68,0.7,0.69
BAT_EXT_0063,Batteries,single,2,w/o Structure,8,6,2,2,8,0.75,0.75,0.75
BAT_EXT_0064,Batteries,single,2,w/o Structure,6,6,2,0,8,0.75,1.0,0.86
BAT_EXT_0065,Batteries,single,2,w/o Structure,10,8,2,2,10,0.8,0.8,0.8
BAT_EXT_0066,Batteries,single,2,w/o Structure,8,8,1,0,9,0.89,1.0,0.94
BAT_EXT_0067,Batteries,single,2,w/o Structure,10,10,0,0,10,1.0,1.0,1.0
BAT_EXT_0068,Batteries,single,2,w/o Structure,9,7,1,2,8,0.88,0.78,0.83
BAT_EXT_0069,Batteries,single,2,w/o Structure,10,6,1,4,7,0.86,0.6,0.71
BAT_EXT_0070,Batteries,single,2,w/o Structure,10,9,1,1,10,0.9,0.9,0.9
BAT_EXT_0071,Batteries,single,2,w/o Structure,12,12,1,0,13,0.92,1.0,0.96
BAT_EXT_0072,Batteries,single,2,w/o Structure,12,9,2,3,11,0.82,0.75,0.78
BAT_EXT_0073,Batteries,single,2,w/o Structure,7,6,3,1,9,0.67,0.86,0.75
BAT_EXT_0074,Batteries,single,2,w/o Structure,13,10,3,3,13,0.77,0.77,0.77
BAT_EXT_0075,Batteries,single,2,w/o Structure,6,5,1,1,6,0.83,0.83,0.83
BAT_EXT_0076,Batteries,single,2,w/o Structure,8,8,2,0,10,0.8,1.0,0.89
BAT_EXT_0077,Batteries,single,2,w/o Structure,11,9,3,2,12,0.75,0.82,0.78
BAT_EXT_0078,Batteries,single,2,w/o Structure,8,6,4,2,10,0.6,0.75,0.67
BAT_EXT_0079,Batteries,single,2,w/o Structure,9,6,2,3,8,0.75,0.67,0.71
BAT_EXT_0080,Batteries,single,2,w/o Structure,8,6,1,2,7,0.86,0.75,0.8
BAT_EXT_0081,Batteries,single,2,w/o Structure,6,5,1,1,6,0.83,0.83,0.83
BAT_EXT_0082,Batteries,single,2,w/o Structure,6,6,3,0,9,0.67,1.0,0.8
BAT_EXT_0083,Batteries,single,2,w/o Structure,9,9,1,0,10,0.9,1.0,0.95
BAT_EXT_0084,Batteries,single,2,w/o Structure,8,7,1,1,8,0.88,0.88,0.88
BAT_EXT_0085,Batteries,single,2,w/o Structure,8,7,0,1,7,1.0,0.88,0.94
BAT_EXT_0086,Batteries,multi,2,w/o Structure,18,14,3,4,17,0.82,0.78,0.8
BAT_EXT_0087,Batteries,single,2,w/o Structure,9,6,1,3,7,0.86,0.67,0.75
BAT_EXT_0088,Batteries,single,2,w/o Structure,7,0,2,7,2,0.0,0.0,0.0
BAT_EXT_0089,Batteries,single,2,w/o Structure,10,9,3,1,12,0.75,0.9,0.82
BAT_EXT_0090,Batteries,single,2,w/o Structure,12,10,1,2,11,0.91,0.83,0.87
BAT_EXT_0091,Batteries,single,2,w/o Structure,7,7,1,0,8,0.88,1.0,0.94
BAT_EXT_0092,Batteries,single,2,w/o Structure,9,7,2,2,9,0.78,0.78,0.78
BAT_EXT_0093,Batteries,single,2,w/o Structure,12,11,0,1,11,1.0,0.92,0.96
BAT_EXT_0094,Batteries,single,2,w/o Structure,7,7,0,0,7,1.0,1.0,1.0
BAT_EXT_0095,Batteries,single,2,w/o Structure,9,7,4,2,11,0.64,0.78,0.7
BAT_EXT_0096,Batteries,single,2,w/o Structure,8,6,2,2,8,0.75,0.75,0.75
BAT_EXT_0097,Batteries,multi,2,w/o Structure,21,18,2,3,20,0.9,0.86,0.88
BAT_EXT_0098,Batteries,single,2,w/o Structure,7,6,2,1,8,0.75,0.86,0.8
BAT_EXT_0099,Batteries,single,2,w/o Structure,9,9,1,0,10,0.9,1.0,0.95
BAT_EXT_0100,Batteries,multi,2,w/o Structure,24,21,2,3,23,0.91,0.88,0.89
BAT_EXT_0101,Batteries,single,2,w/o Structure,12,11,2,1,13,0.85,0.92,0.88
BAT_EXT_0102,Batteries,single,2,w/o Structure,9,9,1,0,10,0.9,1.0,0.95
BAT_EXT_0103,Batteries,single,2,w/o Structure,7,7,1,0,8,0.88,1.0,0.94
BAT_EXT_0104,Batteries,single,2,w/o Structure,7,7,2,0,9,0.78,1.0,0.88
BAT_EXT_0105,Batteries,single,2,w/o Structure,6,6,1,0,7,0.86,1.0,0.92
BAT_EXT_0106,Batteries,single,2,w/o Structure,10,9,1,1,10,0.9,0.9,0.9
BAT_EXT_0107,Batteries,multi,2,w/o Structure,20,17,2,3,19,0.89,0.85,0.87
BAT_EXT_0108,Batteries,single,2,w/o Structure,12,10,3,2,13,0.77,0.83,0.8
BAT_EXT_0109,Batteries,single,2,w/o Structure,8,8,0,0,8,1.0,1.0,1.0
BAT_EXT_0110,Batteries,multi,2,w/o Structure,25,20,3,5,23,0.87,0.8,0.83
BAT_EXT_0111,Batteries,single,2,w/o Structure,10,8,3,2,11,0.73,0.8,0.76
BAT_EXT_0112,Batteries,single,2,w/o Structure,9,8,2,1,10,0.8,0.89,0.84
BAT_EXT_0113,Batteries,single,2,w/o Structure,8,6,1,2,7,0.86,0.75,0.8
BAT_EXT_0114,Batteries,single,2,w/o Structure,9,7,1,2,8,0.88,0.78,0.83
BAT_EXT_0115,Batteries,single,2,w/o Structure,10,9,1,1,10,0.9,0.9,0.9
BAT_EXT_0116,Batteries,single,2,w/o Structure,10,9,1,1,10,0.9,0.9,0.9
BAT_EXT_0117,Batteries,multi,2,w/o Structure,24,21,4,3,25,0.84,0.88,0.86
BAT_EXT_0118,Batteries,single,2,w/o Structure,11,11,1,0,12,0.92,1.0,0.96
BAT_EXT_0119,Batteries,single,2,w/o Structure,12,12,1,0,13,0.92,1.0,0.96
BAT_EXT_0120,Batteries,multi,2,w/o Structure,22,20,2,2,22,0.91,0.91,0.91
BAT_EXT_0121,Batteries,single,2,w/o Structure,8,5,1,3,6,0.83,0.62,0.71
BAT_EXT_0122,Batteries,single,2,w/o Structure,9,7,1,2,8,0.88,0.78,0.83
BAT_EXT_0123,Batteries,single,2,w/o Structure,6,5,1,1,6,0.83,0.83,0.83
BAT_EXT_0124,Batteries,single,2,w/o Structure,11,9,3,2,12,0.75,0.82,0.78
BAT_EXT_0125,Batteries,single,2,w/o Structure,9,8,1,1,9,0.89,0.89,0.89
BAT_EXT_0126,Batteries,single,2,w/o Structure,6,6,3,0,9,0.67,1.0,0.8
BAT_EXT_0127,Batteries,single,2,w/o Structure,9,7,4,2,11,0.64,0.78,0.7
BAT_EXT_0128,Batteries,multi,2,w/o Structure,32,25,7,7,32,0.78,0.78,0.78
BAT_EXT_0129,Batteries,multi,2,w/o Structure,28,22,7,6,29,0.76,0.79,0.77
BAT_EXT_0130,Batteries,single,2,w/o Structure,12,12,3,0,15,0.8,1.0,0.89
BAT_EXT_0131,Batteries,single,2,w/o Structure,9,9,3,0,12,0.75,1.0,0.86
BAT_EXT_0132,Batteries,single,2,w/o Structure,9,9,2,0,11,0.82,1.0,0.9
BAT_EXT_0133,Batteries,single,2,w/o Structure,4,4,1,0,5,0.8,1.0,0.89
BAT_EXT_0134,Batteries,single,2,w/o Structure,7,7,1,0,8,0.88,1.0,0.94
BAT_EXT_0135,Batteries,single,2,w/o Structure,8,7,2,1,9,0.78,0.88,0.83
BAT_EXT_0136,Batteries,single,2,w/o Structure,7,6,1,1,7,0.86,0.86,0.86
BAT_EXT_0137,Batteries,single,2,w/o Structure,6,6,2,0,8,0.75,1.0,0.86
BAT_EXT_0138,Batteries,multi,2,w/o Structure,24,17,6,7,23,0.74,0.71,0.72
BAT_EXT_0139,Batteries,single,2,w/o Structure,9,9,1,0,10,0.9,1.0,0.95
BAT_EXT_0140,Batteries,single,2,w/o Structure,9,8,1,1,9,0.89,0.89,0.89
BAT_EXT_0141,Batteries,single,2,w/o Structure,14,11,3,3,14,0.79,0.79,0.79
BAT_EXT_0142,Batteries,single,2,w/o Structure,8,7,0,1,7,1.0,0.88,0.94
BAT_EXT_0143,Batteries,single,2,w/o Structure,9,6,3,3,9,0.67,0.67,0.67
BAT_EXT_0144,Batteries,single,2,w/o Structure,6,5,1,1,6,0.83,0.83,0.83
BAT_EXT_0145,Batteries,single,2,w/o Structure,6,5,1,1,6,0.83,0.83,0.83
BAT_EXT_0146,Batteries,single,2,w/o Structure,11,10,2,1,12,0.83,0.91,0.87
BAT_EXT_0147,Batteries,single,2,w/o Structure,6,6,1,0,7,0.86,1.0,0.92
BAT_EXT_0148,Batteries,single,2,w/o Structure,7,7,3,0,10,0.7,1.0,0.82
BAT_EXT_0149,Batteries,single,2,w/o Structure,7,7,1,0,8,0.88,1.0,0.94
BAT_EXT_0150,Batteries,single,2,w/o Structure,12,10,3,2,13,0.77,0.83,0.8
BAT_EXT_0151,Batteries,single,2,w/o Structure,4,4,1,0,5,0.8,1.0,0.89
BAT_EXT_0152,Batteries,single,2,w/o Structure,12,11,2,1,13,0.85,0.92,0.88
BAT_EXT_0153,Batteries,single,2,w/o Structure,6,6,1,0,7,0.86,1.0,0.92
BAT_EXT_0154,Batteries,single,2,w/o Structure,6,5,1,1,6,0.83,0.83,0.83
BAT_EXT_0155,Batteries,single,2,w/o Structure,11,9,1,2,10,0.9,0.82,0.86
BAT_EXT_0156,Batteries,single,2,w/o Structure,6,6,2,0,8,0.75,1.0,0.86
BAT_EXT_0157,Batteries,multi,2,w/o Structure,24,16,6,8,22,0.73,0.67,0.7
BAT_EXT_0158,Batteries,single,2,w/o Structure,7,7,2,0,9,0.78,1.0,0.88
BAT_EXT_0159,Batteries,single,2,w/o Structure,11,8,2,3,10,0.8,0.73,0.76
BAT_EXT_0160,Batteries,single,2,w/o Structure,8,7,2,1,9,0.78,0.88,0.83
BAT_EXT_0161,Batteries,single,2,w/o Structure,10,8,3,2,11,0.73,0.8,0.76
BAT_EXT_0162,Batteries,single,2,w/o Structure,8,7,1,1,8,0.88,0.88,0.88
BAT_EXT_0163,Batteries,multi,2,w/o Structure,23,17,7,6,24,0.71,0.74,0.72
BAT_EXT_0164,Batteries,single,2,w/o Structure,11,9,3,2,12,0.75,0.82,0.78
BAT_EXT_0165,Batteries,single,2,w/o Structure,8,7,0,1,7,1.0,0.88,0.94
BAT_EXT_0166,Batteries,single,2,w/o Structure,12,10,1,2,11,0.91,0.83,0.87
BAT_EXT_0167,Batteries,single,2,w/o Structure,9,5,1,4,6,0.83,0.56,0.67
BAT_EXT_0168,Batteries,single,2,w/o Structure,6,6,1,0,7,0.86,1.0,0.92
BAT_EXT_0169,Batteries,multi,2,w/o Structure,25,20,4,5,24,0.83,0.8,0.81
BAT_EXT_0170,Batteries,single,2,w/o Structure,6,0,1,6,1,0.0,0.0,0.0
BAT_EXT_0171,Batteries,single,2,w/o Structure,10,8,4,2,12,0.67,0.8,0.73
BAT_EXT_0172,Batteries,multi,2,w/o Structure,26,19,5,7,24,0.79,0.73,0.76
BAT_EXT_0173,Batteries,single,2,w/o Structure,9,9,0,0,9,1.0,1.0,1.0
BAT_EXT_0174,Batteries,single,2,w/o Structure,11,11,2,0,13,0.85,1.0,0.92
BAT_EXT_0175,Batteries,single,2,w/o Structure,8,6,1,2,7,0.86,0.75,0.8
BAT_EXT_0176,Batteries,single,2,w/o Structure,12,10,4,2,14,0.71,0.83,0.77
BAT_EXT_0177,Batteries,single,2,w/o Structure,12,11,2,1,13,0.85,0.92,0.88
BAT_EXT_0178,Batteries,single,2,w/o Structure,6,6,2,0,8,0.75,1.0,0.86
BAT_EXT_0179,Batteries,single,2,w/o Structure,11,10,1,1,11,0.91,0.91,0.91
BAT_EXT_0180,Batteries,single,2,w/o Structure,12,9,2,3,11,0.82,0.75,0.78
BAT_EXT_0181,Batteries,multi,2,w/o Structure,22,17,5,5,22,0.77,0.77,0.77
BAT_EXT_0182,Batteries,single,2,w/o Structure,10,7,2,3,9,0.78,0.7,0.74
BAT_EXT_0183,Batteries,single,2,w/o Structure,9,9,0,0,9,1.0,1.0,1.0
BAT_EXT_0184,Batteries,single,2,w/o Structure,7,5,3,2,8,0.62,0.71,0.66
BAT_EXT_0185,Batteries,single,2,w/o Structure,10,10,1,0,11,0.91,1.0,0.95
BAT_EXT_0186,Batteries,single,2,w/o Structure,11,10,0,1,10,1.0,0.91,0.95
BAT_EXT_0187,Batteries,single,2,w/o Structure,12,12,1,0,13,0.92,1.0,0.96
BAT_EXT_0188,Batteries,single,2,w/o Structure,7,6,2,1,8,0.75,0.86,0.8
BAT_EXT_0189,Batteries,single,2,w/o Structure,8,8,1,0,9,0.89,1.0,0.94
BAT_EXT_0190,Batteries,single,2,w/o Structure,8,6,3,2,9,0.67,0.75,0.71
BAT_EXT_0191,Batteries,single,2,w/o Structure,12,12,1,0,13,0.92,1.0,0.96
BAT_EXT_0192,Batteries,single,2,w/o Structure,12,9,1,3,10,0.9,0.75,0.82
BAT_EXT_0193,Batteries,single,2,w/o Structure,11,9,1,2,10,0.9,0.82,0.86
BAT_EXT_0194,Batteries,single,2,w/o Structure,6,6,3,0,9,0.67,1.0,0.8
BAT_EXT_0195,Batteries,single,2,w/o Structure,10,8,0,2,8,1.0,0.8,0.89
BAT_EXT_0196,Batteries,single,2,w/o Structure,11,9,4,2,13,0.69,0.82,0.75
BAT_EXT_0197,Batteries,single,2,w/o Structure,9,7,3,2,10,0.7,0.78,0.74
BAT_EXT_0198,Batteries,multi,2,w/o Structure,19,12,5,7,17,0.71,0.63,0.67
BAT_EXT_0199,Batteries,single,2,w/o Structure,11,8,6,3,14,0.57,0.73,0.64
BAT_EXT_0200,Batteries,single,2,w/o Structure,7,7,2,0,9,0.78,1.0,0.88
BAT_EXT_0201,Batteries,single,2,w/o Structure,10,9,0,1,9,1.0,0.9,0.95
BAT_EXT_0202,Batteries,single,2,w/o Structure,8,6,1,2,7,0.86,0.75,0.8
BAT_EXT_0203,Batteries,single,2,w/o Structure,12,10,2,2,12,0.83,0.83,0.83
BAT_EXT_0204,Batteries,single,2,w/o Structure,12,11,0,1,11,1.0,0.92,0.96
BAT_EXT_0205,Batteries,single,2,w/o Structure,6,6,1,0,7,0.86,1.0,0.92
BAT_EXT_0206,Batteries,single,2,w/o Structure,8,5,2,3,7,0.71,0.62,0.66
SUP_EXT_0001,Superalloys,single,3,w/o Structure,7,6,1,1,7,0.86,0.86,0.86
SUP_EXT_0002,Superalloys,single,3,w/o Structure,6,6,1,0,7,0.86,1.0,0.92
SUP_EXT_0003,Superalloys,single,3,w/o Structure,7,6,1,1,7,0.86,0.86,0.86
SUP_EXT_0004,Superalloys,single,3,w/o Structure,7,6,1,1,7,0.86,0.86,0.86
SUP_EXT_0005,Superalloys,multi,3,w/o Structure,35,24,9,11,33,0.73,0.69,0.71
SUP_EXT_0006,Superalloys,single,3,w/o Structure,9,8,4,1,12,0.67,0.89,0.76
SUP_EXT_0007,Superalloys,single,3,w/o Structure,6,6,1,0,7,0.86,1.0,0.92
SUP_EXT_0008,Superalloys,single,3,w/o Structure,7,6,1,1,7,0.86,0.86,0.86
SUP_EXT_0009,Superalloys,single,3,w/o Structure,6,6,1,0,7,0.86,1.0,0.92
SUP_EXT_0010,Superalloys,multi,3,w/o Structure,29,22,2,7,24,0.92,0.76,0.83
SUP_EXT_0011,Superalloys,single,3,w/o Structure,6,0,1,6,1,0.0,0.0,0.0
SUP_EXT_0012,Superalloys,single,3,w/o Structure,10,8,3,2,11,0.73,0.8,0.76
SUP_EXT_0013,Superalloys,single,3,w/o Structure,6,5,1,1,6,0.83,0.83,0.83
SUP_EXT_0014,Superalloys,single,3,w/o Structure,10,8,2,2,10,0.8,0.8,0.8
SUP_EXT_0015,Superalloys,single,3,w/o Structure,11,9,2,2,11,0.82,0.82,0.82
SUP_EXT_0016,Superalloys,single,3,w/o Structure,8,7,1,1,8,0.88,0.88,0.88
SUP_EXT_0017,Superalloys,multi,3,w/o Structure,27,16,5,11,21,0.76,0.59,0.66
SUP_EXT_0018,Superalloys,single,3,w/o Structure,9,8,2,1,10,0.8,0.89,0.84
SUP_EXT_0019,Superalloys,single,3,w/o Structure,11,8,0,3,8,1.0,0.73,0.84
SUP_EXT_0020,Superalloys,single,3,w/o Structure,12,12,1,0,13,0.92,1.0,0.96
SUP_EXT_0021,Superalloys,single,3,w/o Structure,9,8,2,1,10,0.8,0.89,0.84
SUP_EXT_0022,Superalloys,single,3,w/o Structure,9,8,2,1,10,0.8,0.89,0.84
SUP_EXT_0023,Superalloys,single,3,w/o Structure,11,9,0,2,9,1.0,0.82,0.9
SUP_EXT_0024,Superalloys,single,3,w/o Structure,7,7,0,0,7,1.0,1.0,1.0
SUP_EXT_0025,Superalloys,single,3,w/o Structure,6,6,1,0,7,0.86,1.0,0.92
SUP_EXT_0026,Superalloys,multi,3,w/o Structure,28,21,7,7,28,0.75,0.75,0.75
SUP_EXT_0027,Superalloys,single,3,w/o Structure,7,6,1,1,7,0.86,0.86,0.86
SUP_EXT_0028,Superalloys,multi,3,w/o Structure,38,29,9,9,38,0.76,0.76,0.76
SUP_EXT_0029,Superalloys,multi,3,w/o Structure,21,17,7,4,24,0.71,0.81,0.76
SUP_EXT_0030,Superalloys,single,3,w/o Structure,8,8,0,0,8,1.0,1.0,1.0
SUP_EXT_0031,Superalloys,single,3,w/o Structure,8,6,1,2,7,0.86,0.75,0.8
SUP_EXT_0032,Superalloys,single,3,w/o Structure,10,8,3,2,11,0.73,0.8,0.76
SUP_EXT_0033,Superalloys,multi,3,w/o Structure,21,15,7,6,22,0.68,0.71,0.69
SUP_EXT_0034,Superalloys,single,3,w/o Structure,4,4,0,0,4,1.0,1.0,1.0
SUP_EXT_0035,Superalloys,single,3,w/o Structure,10,8,2,2,10,0.8,0.8,0.8
SUP_EXT_0036,Superalloys,single,3,w/o Structure,7,6,0,1,6,1.0,0.86,0.92
SUP_EXT_0037,Superalloys,single,3,w/o Structure,7,6,1,1,7,0.86,0.86,0.86
SUP_EXT_0038,Superalloys,single,3,w/o Structure,9,8,1,1,9,0.89,0.89,0.89
SUP_EXT_0039,Superalloys,single,3,w/o Structure,6,6,0,0,6,1.0,1.0,1.0
SUP_EXT_0040,Superalloys,single,3,w/o Structure,7,5,1,2,6,0.83,0.71,0.77
SUP_EXT_0041,Superalloys,single,3,w/o Structure,12,10,3,2,13,0.77,0.83,0.8
SUP_EXT_0042,Superalloys,single,3,w/o Structure,10,8,3,2,11,0.73,0.8,0.76
SUP_EXT_0043,Superalloys,single,3,w/o Structure,7,7,2,0,9,0.78,1.0,0.88
SUP_EXT_0044,Superalloys,single,3,w/o Structure,6,6,1,0,7,0.86,1.0,0.92
SUP_EXT_0045,Superalloys,single,3,w/o Structure,6,6,1,0,7,0.86,1.0,0.92
SUP_EXT_0046,Superalloys,single,3,w/o Structure,8,7,3,1,10,0.7,0.88,0.78
SUP_EXT_0047,Superalloys,single,3,w/o Structure,9,7,1,2,8,0.88,0.78,0.83
SUP_EXT_0048,Superalloys,single,3,w/o Structure,6,6,2,0,8,0.75,1.0,0.86
SUP_EXT_0049,Superalloys,single,3,w/o Structure,7,7,1,0,8,0.88,1.0,0.94
SUP_EXT_0050,Superalloys,single,3,w/o Structure,6,6,1,0,7,0.86,1.0,0.92
SUP_EXT_0051,Superalloys,single,3,w/o Structure,7,7,1,0,8,0.88,1.0,0.94
SUP_EXT_0052,Superalloys,single,3,w/o Structure,11,9,2,2,11,0.82,0.82,0.82
SUP_EXT_0053,Superalloys,single,3,w/o Structure,6,5,1,1,6,0.83,0.83,0.83
SUP_EXT_0054,Superalloys,single,3,w/o Structure,11,8,1,3,9,0.89,0.73,0.8
SUP_EXT_0055,Superalloys,single,3,w/o Structure,15,13,5,2,18,0.72,0.87,0.79
SUP_EXT_0056,Superalloys,single,3,w/o Structure,11,11,1,0,12,0.92,1.0,0.96
SUP_EXT_0057,Superalloys,single,3,w/o Structure,9,8,1,1,9,0.89,0.89,0.89
SUP_EXT_0058,Superalloys,single,3,w/o Structure,9,8,2,1,10,0.8,0.89,0.84
SUP_EXT_0059,Superalloys,single,3,w/o Structure,8,8,1,0,9,0.89,1.0,0.94
SUP_EXT_0060,Superalloys,single,3,w/o Structure,12,9,1,3,10,0.9,0.75,0.82
SUP_EXT_0061,Superalloys,single,3,w/o Structure,11,10,0,1,10,1.0,0.91,0.95
SUP_EXT_0062,Superalloys,single,3,w/o Structure,9,9,0,0,9,1.0,1.0,1.0
SUP_EXT_0063,Superalloys,single,3,w/o Structure,7,6,1,1,7,0.86,0.86,0.86
SUP_EXT_0064,Superalloys,single,3,w/o Structure,8,6,2,2,8,0.75,0.75,0.75
SUP_EXT_0065,Superalloys,single,3,w/o Structure,7,6,2,1,8,0.75,0.86,0.8
SUP_EXT_0066,Superalloys,single,3,w/o Structure,6,5,2,1,7,0.71,0.83,0.77
SUP_EXT_0067,Superalloys,single,3,w/o Structure,10,10,1,0,11,0.91,1.0,0.95
SUP_EXT_0068,Superalloys,multi,3,w/o Structure,27,22,3,5,25,0.88,0.81,0.84
SUP_EXT_0069,Superalloys,single,3,w/o Structure,8,8,2,0,10,0.8,1.0,0.89
SUP_EXT_0070,Superalloys,single,3,w/o Structure,12,8,2,4,10,0.8,0.67,0.73
SUP_EXT_0071,Superalloys,single,3,w/o Structure,10,10,1,0,11,0.91,1.0,0.95
SUP_EXT_0072,Superalloys,single,3,w/o Structure,11,11,0,0,11,1.0,1.0,1.0
SUP_EXT_0073,Superalloys,single,3,w/o Structure,8,8,0,0,8,1.0,1.0,1.0
SUP_EXT_0074,Superalloys,single,3,w/o Structure,13,12,2,1,14,0.86,0.92,0.89
SUP_EXT_0075,Superalloys,single,3,w/o Structure,9,7,0,2,7,1.0,0.78,0.88
SUP_EXT_0076,Superalloys,single,3,w/o Structure,9,8,1,1,9,0.89,0.89,0.89
SUP_EXT_0077,Superalloys,single,3,w/o Structure,12,11,1,1,12,0.92,0.92,0.92
SUP_EXT_0078,Superalloys,single,3,w/o Structure,6,6,2,0,8,0.75,1.0,0.86
SUP_EXT_0079,Superalloys,single,3,w/o Structure,9,7,1,2,8,0.88,0.78,0.83
SUP_EXT_0080,Superalloys,single,3,w/o Structure,8,6,3,2,9,0.67,0.75,0.71
SUP_EXT_0081,Superalloys,single,3,w/o Structure,13,0,0,13,0,0.0,0.0,0.0
SUP_EXT_0082,Superalloys,single,3,w/o Structure,9,7,2,2,9,0.78,0.78,0.78
SUP_EXT_0083,Superalloys,single,3,w/o Structure,10,8,0,2,8,1.0,0.8,0.89
SUP_EXT_0084,Superalloys,single,3,w/o Structure,14,13,0,1,13,1.0,0.93,0.96
SUP_EXT_0085,Superalloys,single,3,w/o Structure,10,10,0,0,10,1.0,1.0,1.0
SUP_EXT_0086,Superalloys,multi,3,w/o Structure,22,13,5,9,18,0.72,0.59,0.65
SUP_EXT_0087,Superalloys,single,3,w/o Structure,8,6,2,2,8,0.75,0.75,0.75
SUP_EXT_0088,Superalloys,single,3,w/o Structure,10,9,1,1,10,0.9,0.9,0.9
SUP_EXT_0089,Superalloys,single,3,w/o Structure,7,6,1,1,7,0.86,0.86,0.86
SUP_EXT_0090,Superalloys,multi,3,w/o Structure,31,26,4,5,30,0.87,0.84,0.85
SUP_EXT_0091,Superalloys,single,3,w/o Structure,6,6,1,0,7,0.86,1.0,0.92
SUP_EXT_0092,Superalloys,single,3,w/o Structure,11,9,1,2,10,0.9,0.82,0.86
SUP_EXT_0093,Superalloys,multi,3,w/o Structure,23,18,8,5,26,0.69,0.78,0.73
SUP_EXT_0094,Superalloys,single,3,w/o Structure,12,12,0,0,12,1.0,1.0,1.0
SUP_EXT_0095,Superalloys,single,3,w/o Structure,11,11,1,0,12,0.92,1.0,0.96
SUP_EXT_0096,Superalloys,single,3,w/o Structure,13,11,3,2,14,0.79,0.85,0.82
SUP_EXT_0097,Superalloys,single,3,w/o Structure,6,6,1,0,7,0.86,1.0,0.92
SUP_EXT_0098,Superalloys,multi,3,w/o Structure,21,17,2,4,19,0.89,0.81,0.85
SUP_EXT_0099,Superalloys,single,3,w/o Structure,11,9,3,2,12,0.75,0.82,0.78
SUP_EXT_0100,Superalloys,single,3,w/o Structure,12,10,2,2,12,0.83,0.83,0.83
SUP_EXT_0101,Superalloys,single,3,w/o Structure,6,4,1,2,5,0.8,0.67,0.73
SUP_EXT_0102,Superalloys,single,3,w/o Structure,14,12,1,2,13,0.92,0.86,0.89
SUP_EXT_0103,Superalloys,single,3,w/o Structure,9,6,1,3,7,0.86,0.67,0.75
SUP_EXT_0104,Superalloys,single,3,w/o Structure,12,12,1,0,13,0.92,1.0,0.96
SUP_EXT_0105,Superalloys,single,3,w/o Structure,12,9,3,3,12,0.75,0.75,0.75
SUP_EXT_0106,Superalloys,single,3,w/o Structure,11,10,2,1,12,0.83,0.91,0.87
SUP_EXT_0107,Superalloys,single,3,w/o Structure,11,8,4,3,12,0.67,0.73,0.7
SUP_EXT_0108,Superalloys,single,3,w/o Structure,12,12,1,0,13,0.92,1.0,0.96
SUP_EXT_0109,Superalloys,single,3,w/o Structure,12,10,3,2,13,0.77,0.83,0.8
SUP_EXT_0110,Superalloys,single,3,w/o Structure,9,9,0,0,9,1.0,1.0,1.0
SUP_EXT_0111,Superalloys,single,3,w/o Structure,6,6,2,0,8,0.75,1.0,0.86
SUP_EXT_0112,Superalloys,single,3,w/o Structure,6,6,0,0,6,1.0,1.0,1.0
SUP_EXT_0113,Superalloys,multi,3,w/o Structure,23,16,6,7,22,0.73,0.7,0.71
SUP_EXT_0114,Superalloys,single,3,w/o Structure,11,8,3,3,11,0.73,0.73,0.73
SUP_EXT_0115,Superalloys,single,3,w/o Structure,10,9,1,1,10,0.9,0.9,0.9
SUP_EXT_0116,Superalloys,single,3,w/o Structure,7,7,1,0,8,0.88,1.0,0.94
SUP_EXT_0117,Superalloys,single,3,w/o Structure,11,11,0,0,11,1.0,1.0,1.0
SUP_EXT_0118,Superalloys,single,3,w/o Structure,11,9,1,2,10,0.9,0.82,0.86
SUP_EXT_0119,Superalloys,single,3,w/o Structure,6,5,1,1,6,0.83,0.83,0.83
SUP_EXT_0120,Superalloys,single,3,w/o Structure,11,10,2,1,12,0.83,0.91,0.87
SUP_EXT_0121,Superalloys,multi,3,w/o Structure,25,22,4,3,26,0.85,0.88,0.86
SUP_EXT_0122,Superalloys,single,3,w/o Structure,11,9,2,2,11,0.82,0.82,0.82
SUP_EXT_0123,Superalloys,single,3,w/o Structure,11,10,1,1,11,0.91,0.91,0.91
SUP_EXT_0124,Superalloys,single,3,w/o Structure,12,9,3,3,12,0.75,0.75,0.75
SUP_EXT_0125,Superalloys,multi,3,w/o Structure,24,21,1,3,22,0.95,0.88,0.91
SUP_EXT_0126,Superalloys,single,3,w/o Structure,10,8,1,2,9,0.89,0.8,0.84
SUP_EXT_0127,Superalloys,single,3,w/o Structure,9,9,3,0,12,0.75,1.0,0.86
SUP_EXT_0128,Superalloys,single,3,w/o Structure,6,6,0,0,6,1.0,1.0,1.0
SUP_EXT_0129,Superalloys,single,3,w/o Structure,11,9,3,2,12,0.75,0.82,0.78
SUP_EXT_0130,Superalloys,multi,3,w/o Structure,27,25,1,2,26,0.96,0.93,0.94
SUP_EXT_0131,Superalloys,single,3,w/o Structure,8,7,2,1,9,0.78,0.88,0.83
SUP_EXT_0132,Superalloys,single,3,w/o Structure,11,9,0,2,9,1.0,0.82,0.9
SUP_EXT_0133,Superalloys,single,3,w/o Structure,10,9,1,1,10,0.9,0.9,0.9
SUP_EXT_0134,Superalloys,single,3,w/o Structure,11,9,2,2,11,0.82,0.82,0.82
SUP_EXT_0135,Superalloys,single,3,w/o Structure,8,6,1,2,7,0.86,0.75,0.8
SUP_EXT_0136,Superalloys,single,3,w/o Structure,12,12,0,0,12,1.0,1.0,1.0
SUP_EXT_0137,Superalloys,single,3,w/o Structure,8,7,2,1,9,0.78,0.88,0.83
SUP_EXT_0138,Superalloys,multi,3,w/o Structure,21,13,7,8,20,0.65,0.62,0.63
SUP_EXT_0139,Superalloys,single,3,w/o Structure,9,8,1,1,9,0.89,0.89,0.89
SUP_EXT_0140,Superalloys,single,3,w/o Structure,6,6,1,0,7,0.86,1.0,0.92
SUP_EXT_0141,Superalloys,single,3,w/o Structure,11,9,3,2,12,0.75,0.82,0.78
SUP_EXT_0142,Superalloys,multi,3,w/o Structure,24,18,4,6,22,0.82,0.75,0.78
SUP_EXT_0143,Superalloys,single,3,w/o Structure,12,9,3,3,12,0.75,0.75,0.75
SUP_EXT_0144,Superalloys,single,3,w/o Structure,12,10,2,2,12,0.83,0.83,0.83
SUP_EXT_0145,Superalloys,single,3,w/o Structure,6,5,2,1,7,0.71,0.83,0.77
SUP_EXT_0146,Superalloys,multi,3,w/o Structure,21,17,3,4,20,0.85,0.81,0.83
SUP_EXT_0147,Superalloys,single,3,w/o Structure,8,7,2,1,9,0.78,0.88,0.83
SUP_EXT_0148,Superalloys,multi,3,w/o Structure,18,18,0,0,18,1.0,1.0,1.0
SUP_EXT_0149,Superalloys,single,3,w/o Structure,9,7,2,2,9,0.78,0.78,0.78
SUP_EXT_0150,Superalloys,single,3,w/o Structure,8,7,0,1,7,1.0,0.88,0.94
SUP_EXT_0151,Superalloys,single,3,w/o Structure,11,9,3,2,12,0.75,0.82,0.78
SUP_EXT_0152,Superalloys,single,3,w/o Structure,10,8,1,2,9,0.89,0.8,0.84
SUP_EXT_0153,Superalloys,single,3,w/o Structure,8,7,2,1,9,0.78,0.88,0.83
SUP_EXT_0154,Superalloys,single,3,w/o Structure,8,6,1,2,7,0.86,0.75,0.8
SUP_EXT_0155,Superalloys,single,3,w/o Structure,10,9,1,1,10,0.9,0.9,0.9
SUP_EXT_0156,Superalloys,single,3,w/o Structure,10,9,2,1,11,0.82,0.9,0.86
SUP_EXT_0157,Superalloys,single,3,w/o Structure,8,8,0,0,8,1.0,1.0,1.0
SUP_EXT_0158,Superalloys,single,3,w/o Structure,10,10,2,0,12,0.83,1.0,0.91
SUP_EXT_0159,Superalloys,single,3,w/o Structure,12,10,3,2,13,0.77,0.83,0.8
SUP_EXT_0160,Superalloys,single,3,w/o Structure,11,9,1,2,10,0.9,0.82,0.86
SUP_EXT_0161,Superalloys,single,3,w/o Structure,7,6,2,1,8,0.75,0.86,0.8
SUP_EXT_0162,Superalloys,single,3,w/o Structure,9,7,1,2,8,0.88,0.78,0.83
SUP_EXT_0163,Superalloys,single,3,w/o Structure,12,11,2,1,13,0.85,0.92,0.88
SUP_EXT_0164,Superalloys,single,3,w/o Structure,7,7,3,0,10,0.7,1.0,0.82
SUP_EXT_0165,Superalloys,single,3,w/o Structure,11,9,1,2,10,0.9,0.82,0.86
SUP_EXT_0166,Superalloys,single,3,w/o Structure,10,9,3,1,12,0.75,0.9,0.82
SUP_EXT_0167,Superalloys,single,3,w/o Structure,11,9,4,2,13,0.69,0.82,0.75
SUP_EXT_0168,Superalloys,single,3,w/o Structure,6,5,3,1,8,0.62,0.83,0.71
SUP_EXT_0169,Superalloys,single,3,w/o Structure,6,5,2,1,7,0.71,0.83,0.77
SUP_EXT_0170,Superalloys,single,3,w/o Structure,6,5,1,1,6,0.83,0.83,0.83
SUP_EXT_0171,Superalloys,single,3,w/o Structure,11,9,2,2,11,0.82,0.82,0.82
SUP_EXT_0172,Superalloys,multi,3,w/o Structure,24,17,9,7,26,0.65,0.71,0.68
SUP_EXT_0173,Superalloys,single,3,w/o Structure,7,6,1,1,7,0.86,0.86,0.86
SUP_EXT_0174,Superalloys,single,3,w/o Structure,12,11,1,1,12,0.92,0.92,0.92
SUP_EXT_0175,Superalloys,single,3,w/o Structure,10,8,3,2,11,0.73,0.8,0.76
SUP_EXT_0176,Superalloys,single,3,w/o Structure,6,5,2,1,7,0.71,0.83,0.77
SUP_EXT_0177,Superalloys,multi,3,w/o Structure,20,13,2,7,15,0.87,0.65,0.74
SUP_EXT_0178,Superalloys,single,3,w/o Structure,6,6,2,0,8,0.75,1.0,0.86
SUP_EXT_0179,Superalloys,single,3,w/o Structure,11,9,3,2,12,0.75,0.82,0.78
SUP_EXT_0180,Superalloys,multi,3,w/o Structure,18,17,0,1,17,1.0,0.94,0.97
SUP_EXT_0181,Superalloys,single,3,w/o Structure,10,7,1,3,8,0.88,0.7,0.78
SUP_EXT_0182,Superalloys,single,3,w/o Structure,11,11,0,0,11,1.0,1.0,1.0
SUP_EXT_0183,Superalloys,single,3,w/o Structure,11,9,0,2,9,1.0,0.82,0.9
SUP_EXT_0184,Superalloys,single,3,w/o Structure,6,6,2,0,8,0.75,1.0,0.86
SUP_EXT_0185,Superalloys,single,3,w/o Structure,8,6,3,2,9,0.67,0.75,0.71
SUP_EXT_0186,Superalloys,single,3,w/o Structure,13,10,3,3,13,0.77,0.77,0.77
SUP_EXT_0187,Superalloys,single,3,w/o Structure,11,9,2,2,11,0.82,0.82,0.82
SUP_EXT_0188,Superalloys,single,3,w/o Structure,9,8,3,1,11,0.73,0.89,0.8
SUP_EXT_0189,Superalloys,single,3,w/o Structure,5,0,2,5,2,0.0,0.0,0.0
SUP_EXT_0190,Superalloys,single,3,w/o Structure,15,13,2,2,15,0.87,0.87,0.87
SUP_EXT_0191,Superalloys,single,3,w/o Structure,7,5,1,2,6,0.83,0.71,0.77
SUP_EXT_0192,Superalloys,single,3,w/o Structure,10,9,2,1,11,0.82,0.9,0.86
SUP_EXT_0193,Superalloys,single,3,w/o Structure,9,8,2,1,10,0.8,0.89,0.84
SUP_EXT_0194,Superalloys,single,3,w/o Structure,12,10,1,2,11,0.91,0.83,0.87
SUP_EXT_0195,Superalloys,single,3,w/o Structure,7,6,0,1,6,1.0,0.86,0.92
SUP_EXT_0196,Superalloys,single,3,w/o Structure,11,9,3,2,12,0.75,0.82,0.78
SUP_EXT_0197,Superalloys,single,3,w/o Structure,10,9,0,1,9,1.0,0.9,0.95
SUP_EXT_0198,Superalloys,single,3,w/o Structure,11,10,3,1,13,0.77,0.91,0.83
SUP_EXT_0199,Superalloys,single,3,w/o Structure,8,6,2,2,8,0.75,0.75,0.75
SUP_EXT_0200,Superalloys,single,3,w/o Structure,8,7,2,1,9,0.78,0.88,0.83
SUP_EXT_0201,Superalloys,multi,3,w/o Structure,21,20,0,1,20,1.0,0.95,0.97
SUP_EXT_0202,Superalloys,single,3,w/o Structure,9,8,1,1,9,0.89,0.89,0.89
SUP_EXT_0203,Superalloys,single,3,w/o Structure,10,8,1,2,9,0.89,0.8,0.84
SUP_EXT_0204,Superalloys,single,3,w/o Structure,10,8,3,2,11,0.73,0.8,0.76
SUP_EXT_0205,Superalloys,single,3,w/o Structure,8,0,1,8,1,0.0,0.0,0.0
SUP_EXT_0206,Superalloys,single,3,w/o Structure,10,8,1,2,9,0.89,0.8,0.84
SUP_EXT_0207,Superalloys,single,3,w/o Structure,9,7,1,2,8,0.88,0.78,0.83
SUP_EXT_0208,Superalloys,single,3,w/o Structure,12,11,2,1,13,0.85,0.92,0.88
SUP_EXT_0209,Superalloys,single,3,w/o Structure,10,8,2,2,10,0.8,0.8,0.8
SUP_EXT_0210,Superalloys,single,3,w/o Structure,10,7,1,3,8,0.88,0.7,0.78
SUP_EXT_0211,Superalloys,single,3,w/o Structure,10,9,3,1,12,0.75,0.9,0.82
SUP_EXT_0212,Superalloys,single,3,w/o Structure,8,7,2,1,9,0.78,0.88,0.83
SUP_EXT_0213,Superalloys,single,3,w/o Structure,12,9,2,3,11,0.82,0.75,0.78
SUP_EXT_0214,Superalloys,single,3,w/o Structure,4,0,2,4,2,0.0,0.0,0.0
SEM_EXT_0001,Semiconductors,single,3,w/o Structure,6,6,1,0,7,0.86,1.0,0.92
SEM_EXT_0002,Semiconductors,single,3,w/o Structure,8,7,2,1,9,0.78,0.88,0.83
SEM_EXT_0003,Semiconductors,single,3,w/o Structure,9,7,0,2,7,1.0,0.78,0.88
SEM_EXT_0004,Semiconductors,single,3,w/o Structure,11,9,1,2,10,0.9,0.82,0.86
SEM_EXT_0005,Semiconductors,single,3,w/o Structure,10,9,0,1,9,1.0,0.9,0.95
SEM_EXT_0006,Semiconductors,single,3,w/o Structure,8,7,1,1,8,0.88,0.88,0.88
SEM_EXT_0007,Semiconductors,single,3,w/o Structure,12,8,3,4,11,0.73,0.67,0.7
SEM_EXT_0008,Semiconductors,single,3,w/o Structure,9,6,3,3,9,0.67,0.67,0.67
SEM_EXT_0009,Semiconductors,single,3,w/o Structure,10,7,2,3,9,0.78,0.7,0.74
SEM_EXT_0010,Semiconductors,single,3,w/o Structure,9,8,2,1,10,0.8,0.89,0.84
SEM_EXT_0011,Semiconductors,single,3,w/o Structure,12,12,0,0,12,1.0,1.0,1.0
SEM_EXT_0012,Semiconductors,single,3,w/o Structure,7,6,1,1,7,0.86,0.86,0.86
SEM_EXT_0013,Semiconductors,single,3,w/o Structure,12,11,1,1,12,0.92,0.92,0.92
SEM_EXT_0014,Semiconductors,single,3,w/o Structure,11,10,2,1,12,0.83,0.91,0.87
SEM_EXT_0015,Semiconductors,single,3,w/o Structure,12,11,1,1,12,0.92,0.92,0.92
SEM_EXT_0016,Semiconductors,multi,3,w/o Structure,29,25,1,4,26,0.96,0.86,0.91
SEM_EXT_0017,Semiconductors,single,3,w/o Structure,8,7,2,1,9,0.78,0.88,0.83
SEM_EXT_0018,Semiconductors,single,3,w/o Structure,11,8,2,3,10,0.8,0.73,0.76
SEM_EXT_0019,Semiconductors,single,3,w/o Structure,15,12,1,3,13,0.92,0.8,0.86
SEM_EXT_0020,Semiconductors,single,3,w/o Structure,12,9,3,3,12,0.75,0.75,0.75
SEM_EXT_0021,Semiconductors,single,3,w/o Structure,8,8,1,0,9,0.89,1.0,0.94
SEM_EXT_0022,Semiconductors,multi,3,w/o Structure,22,19,3,3,22,0.86,0.86,0.86
SEM_EXT_0023,Semiconductors,single,3,w/o Structure,13,13,1,0,14,0.93,1.0,0.96
SEM_EXT_0024,Semiconductors,single,3,w/o Structure,6,5,1,1,6,0.83,0.83,0.83
SEM_EXT_0025,Semiconductors,single,3,w/o Structure,6,6,2,0,8,0.75,1.0,0.86
SEM_EXT_0026,Semiconductors,single,3,w/o Structure,6,6,2,0,8,0.75,1.0,0.86
SEM_EXT_0027,Semiconductors,single,3,w/o Structure,10,9,1,1,10,0.9,0.9,0.9
SEM_EXT_0028,Semiconductors,single,3,w/o Structure,10,9,3,1,12,0.75,0.9,0.82
SEM_EXT_0029,Semiconductors,single,3,w/o Structure,15,11,3,4,14,0.79,0.73,0.76
SEM_EXT_0030,Semiconductors,multi,3,w/o Structure,33,23,6,10,29,0.79,0.7,0.74
SEM_EXT_0031,Semiconductors,single,3,w/o Structure,7,5,1,2,6,0.83,0.71,0.77
SEM_EXT_0032,Semiconductors,single,3,w/o Structure,9,9,0,0,9,1.0,1.0,1.0
SEM_EXT_0033,Semiconductors,single,3,w/o Structure,9,8,2,1,10,0.8,0.89,0.84
SEM_EXT_0034,Semiconductors,single,3,w/o Structure,12,11,0,1,11,1.0,0.92,0.96
SEM_EXT_0035,Semiconductors,single,3,w/o Structure,12,10,3,2,13,0.77,0.83,0.8
SEM_EXT_0036,Semiconductors,single,3,w/o Structure,8,7,1,1,8,0.88,0.88,0.88
SEM_EXT_0037,Semiconductors,single,3,w/o Structure,12,11,1,1,12,0.92,0.92,0.92
SEM_EXT_0038,Semiconductors,single,3,w/o Structure,12,10,1,2,11,0.91,0.83,0.87
SEM_EXT_0039,Semiconductors,single,3,w/o Structure,9,8,0,1,8,1.0,0.89,0.94
SEM_EXT_0040,Semiconductors,single,3,w/o Structure,12,10,1,2,11,0.91,0.83,0.87
SEM_EXT_0041,Semiconductors,multi,3,w/o Structure,36,28,8,8,36,0.78,0.78,0.78
SEM_EXT_0042,Semiconductors,single,3,w/o Structure,6,5,1,1,6,0.83,0.83,0.83
SEM_EXT_0043,Semiconductors,single,3,w/o Structure,11,10,0,1,10,1.0,0.91,0.95
SEM_EXT_0044,Semiconductors,single,3,w/o Structure,12,11,3,1,14,0.79,0.92,0.85
SEM_EXT_0045,Semiconductors,single,3,w/o Structure,8,6,2,2,8,0.75,0.75,0.75
SEM_EXT_0046,Semiconductors,multi,3,w/o Structure,24,21,0,3,21,1.0,0.88,0.94
SEM_EXT_0047,Semiconductors,single,3,w/o Structure,7,6,1,1,7,0.86,0.86,0.86
SEM_EXT_0048,Semiconductors,single,3,w/o Structure,8,8,2,0,10,0.8,1.0,0.89
SEM_EXT_0049,Semiconductors,single,3,w/o Structure,12,11,2,1,13,0.85,0.92,0.88
SEM_EXT_0050,Semiconductors,single,3,w/o Structure,6,5,1,1,6,0.83,0.83,0.83
SEM_EXT_0051,Semiconductors,single,3,w/o Structure,11,10,2,1,12,0.83,0.91,0.87
SEM_EXT_0052,Semiconductors,single,3,w/o Structure,8,6,1,2,7,0.86,0.75,0.8
SEM_EXT_0053,Semiconductors,single,3,w/o Structure,9,7,1,2,8,0.88,0.78,0.83
SEM_EXT_0054,Semiconductors,multi,3,w/o Structure,30,24,4,6,28,0.86,0.8,0.83
SEM_EXT_0055,Semiconductors,multi,3,w/o Structure,31,24,5,7,29,0.83,0.77,0.8
SEM_EXT_0056,Semiconductors,single,3,w/o Structure,6,6,1,0,7,0.86,1.0,0.92
SEM_EXT_0057,Semiconductors,single,3,w/o Structure,10,10,1,0,11,0.91,1.0,0.95
SEM_EXT_0058,Semiconductors,single,3,w/o Structure,9,9,0,0,9,1.0,1.0,1.0
SEM_EXT_0059,Semiconductors,single,3,w/o Structure,9,9,1,0,10,0.9,1.0,0.95
SEM_EXT_0060,Semiconductors,single,3,w/o Structure,11,10,2,1,12,0.83,0.91,0.87
SEM_EXT_0061,Semiconductors,single,3,w/o Structure,12,10,2,2,12,0.83,0.83,0.83
SEM_EXT_0062,Semiconductors,single,3,w/o Structure,6,6,1,0,7,0.86,1.0,0.92
SEM_EXT_0063,Semiconductors,single,3,w/o Structure,8,5,1,3,6,0.83,0.62,0.71
SEM_EXT_0064,Semiconductors,single,3,w/o Structure,7,7,0,0,7,1.0,1.0,1.0
SEM_EXT_0065,Semiconductors,single,3,w/o Structure,9,8,2,1,10,0.8,0.89,0.84
SEM_EXT_0066,Semiconductors,single,3,w/o Structure,11,10,0,1,10,1.0,0.91,0.95
SEM_EXT_0067,Semiconductors,single,3,w/o Structure,10,10,1,0,11,0.91,1.0,0.95
SEM_EXT_0068,Semiconductors,single,3,w/o Structure,7,6,3,1,9,0.67,0.86,0.75
SEM_EXT_0069,Semiconductors,single,3,w/o Structure,8,7,1,1,8,0.88,0.88,0.88
SEM_EXT_0070,Semiconductors,single,3,w/o Structure,6,5,1,1,6,0.83,0.83,0.83
SEM_EXT_0071,Semiconductors,single,3,w/o Structure,12,10,1,2,11,0.91,0.83,0.87
SEM_EXT_0072,Semiconductors,single,3,w/o Structure,10,9,1,1,10,0.9,0.9,0.9
SEM_EXT_0073,Semiconductors,single,3,w/o Structure,8,8,0,0,8,1.0,1.0,1.0
SEM_EXT_0074,Semiconductors,single,3,w/o Structure,6,5,1,1,6,0.83,0.83,0.83
SEM_EXT_0075,Semiconductors,single,3,w/o Structure,8,6,1,2,7,0.86,0.75,0.8
SEM_EXT_0076,Semiconductors,single,3,w/o Structure,10,9,2,1,11,0.82,0.9,0.86
SEM_EXT_0077,Semiconductors,multi,3,w/o Structure,25,22,4,3,26,0.85,0.88,0.86
SEM_EXT_0078,Semiconductors,single,3,w/o Structure,9,9,2,0,11,0.82,1.0,0.9
SEM_EXT_0079,Semiconductors,single,3,w/o Structure,10,10,1,0,11,0.91,1.0,0.95
SEM_EXT_0080,Semiconductors,single,3,w/o Structure,9,8,1,1,9,0.89,0.89,0.89
SEM_EXT_0081,Semiconductors,single,3,w/o Structure,14,14,3,0,17,0.82,1.0,0.9
SEM_EXT_0082,Semiconductors,multi,3,w/o Structure,28,26,2,2,28,0.93,0.93,0.93
SEM_EXT_0083,Semiconductors,single,3,w/o Structure,9,8,1,1,9,0.89,0.89,0.89
SEM_EXT_0084,Semiconductors,single,3,w/o Structure,6,6,0,0,6,1.0,1.0,1.0
SEM_EXT_0085,Semiconductors,single,3,w/o Structure,11,10,2,1,12,0.83,0.91,0.87
SEM_EXT_0086,Semiconductors,single,3,w/o Structure,9,6,2,3,8,0.75,0.67,0.71
SEM_EXT_0087,Semiconductors,single,3,w/o Structure,8,8,2,0,10,0.8,1.0,0.89
SEM_EXT_0088,Semiconductors,single,3,w/o Structure,11,8,1,3,9,0.89,0.73,0.8
SEM_EXT_0089,Semiconductors,single,3,w/o Structure,8,6,1,2,7,0.86,0.75,0.8
SEM_EXT_0090,Semiconductors,single,3,w/o Structure,9,7,2,2,9,0.78,0.78,0.78
SEM_EXT_0091,Semiconductors,single,3,w/o Structure,12,11,1,1,12,0.92,0.92,0.92
SEM_EXT_0092,Semiconductors,single,3,w/o Structure,9,8,2,1,10,0.8,0.89,0.84
SEM_EXT_0093,Semiconductors,single,3,w/o Structure,8,6,0,2,6,1.0,0.75,0.86
SEM_EXT_0094,Semiconductors,multi,3,w/o Structure,19,14,4,5,18,0.78,0.74,0.76
SEM_EXT_0095,Semiconductors,single,3,w/o Structure,10,0,1,10,1,0.0,0.0,0.0
SEM_EXT_0096,Semiconductors,single,3,w/o Structure,11,11,0,0,11,1.0,1.0,1.0
SEM_EXT_0097,Semiconductors,multi,3,w/o Structure,25,21,3,4,24,0.88,0.84,0.86
SEM_EXT_0098,Semiconductors,single,3,w/o Structure,10,7,3,3,10,0.7,0.7,0.7
SEM_EXT_0099,Semiconductors,single,3,w/o Structure,11,8,2,3,10,0.8,0.73,0.76
SEM_EXT_0100,Semiconductors,single,3,w/o Structure,13,9,3,4,12,0.75,0.69,0.72
SEM_EXT_0101,Semiconductors,single,3,w/o Structure,7,5,1,2,6,0.83,0.71,0.77
SEM_EXT_0102,Semiconductors,single,3,w/o Structure,8,6,2,2,8,0.75,0.75,0.75
SEM_EXT_0103,Semiconductors,single,3,w/o Structure,8,7,1,1,8,0.88,0.88,0.88
SEM_EXT_0104,Semiconductors,single,3,w/o Structure,7,7,0,0,7,1.0,1.0,1.0
SEM_EXT_0105,Semiconductors,single,3,w/o Structure,10,10,0,0,10,1.0,1.0,1.0
SEM_EXT_0106,Semiconductors,single,3,w/o Structure,9,6,2,3,8,0.75,0.67,0.71
SEM_EXT_0107,Semiconductors,single,3,w/o Structure,6,5,3,1,8,0.62,0.83,0.71
SEM_EXT_0108,Semiconductors,single,3,w/o Structure,12,11,2,1,13,0.85,0.92,0.88
SEM_EXT_0109,Semiconductors,single,3,w/o Structure,10,9,0,1,9,1.0,0.9,0.95
SEM_EXT_0110,Semiconductors,single,3,w/o Structure,11,11,0,0,11,1.0,1.0,1.0
SEM_EXT_0111,Semiconductors,single,3,w/o Structure,12,11,1,1,12,0.92,0.92,0.92
SEM_EXT_0112,Semiconductors,multi,3,w/o Structure,28,22,6,6,28,0.79,0.79,0.79
SEM_EXT_0113,Semiconductors,single,3,w/o Structure,9,8,1,1,9,0.89,0.89,0.89
SEM_EXT_0114,Semiconductors,single,3,w/o Structure,12,11,2,1,13,0.85,0.92,0.88
SEM_EXT_0115,Semiconductors,multi,3,w/o Structure,28,25,2,3,27,0.93,0.89,0.91
SEM_EXT_0116,Semiconductors,single,3,w/o Structure,11,11,1,0,12,0.92,1.0,0.96
SEM_EXT_0117,Semiconductors,single,3,w/o Structure,10,8,1,2,9,0.89,0.8,0.84
SEM_EXT_0118,Semiconductors,single,3,w/o Structure,12,9,2,3,11,0.82,0.75,0.78
SEM_EXT_0119,Semiconductors,single,3,w/o Structure,12,11,3,1,14,0.79,0.92,0.85
SEM_EXT_0120,Semiconductors,single,3,w/o Structure,11,9,1,2,10,0.9,0.82,0.86
SEM_EXT_0121,Semiconductors,single,3,w/o Structure,11,9,1,2,10,0.9,0.82,0.86
SEM_EXT_0122,Semiconductors,single,3,w/o Structure,10,9,2,1,11,0.82,0.9,0.86
SEM_EXT_0123,Semiconductors,single,3,w/o Structure,6,5,1,1,6,0.83,0.83,0.83
SEM_EXT_0124,Semiconductors,multi,3,w/o Structure,26,24,3,2,27,0.89,0.92,0.9
SEM_EXT_0125,Semiconductors,single,3,w/o Structure,12,8,3,4,11,0.73,0.67,0.7
SEM_EXT_0126,Semiconductors,single,3,w/o Structure,8,7,0,1,7,1.0,0.88,0.94
SEM_EXT_0127,Semiconductors,single,3,w/o Structure,4,0,0,4,0,0.0,0.0,0.0
SEM_EXT_0128,Semiconductors,single,3,w/o Structure,8,7,2,1,9,0.78,0.88,0.83
SEM_EXT_0129,Semiconductors,single,3,w/o Structure,13,12,1,1,13,0.92,0.92,0.92
SEM_EXT_0130,Semiconductors,single,3,w/o Structure,12,11,0,1,11,1.0,0.92,0.96
SEM_EXT_0131,Semiconductors,single,3,w/o Structure,10,9,1,1,10,0.9,0.9,0.9
SEM_EXT_0132,Semiconductors,single,3,w/o Structure,14,13,3,1,16,0.81,0.93,0.87
SEM_EXT_0133,Semiconductors,single,3,w/o Structure,8,6,1,2,7,0.86,0.75,0.8
SEM_EXT_0134,Semiconductors,single,3,w/o Structure,9,7,3,2,10,0.7,0.78,0.74
SEM_EXT_0135,Semiconductors,single,3,w/o Structure,12,10,1,2,11,0.91,0.83,0.87
SEM_EXT_0136,Semiconductors,multi,3,w/o Structure,38,27,4,11,31,0.87,0.71,0.78
SEM_EXT_0137,Semiconductors,single,3,w/o Structure,9,7,1,2,8,0.88,0.78,0.83
SEM_EXT_0138,Semiconductors,single,3,w/o Structure,7,6,0,1,6,1.0,0.86,0.92
SEM_EXT_0139,Semiconductors,single,3,w/o Structure,8,6,2,2,8,0.75,0.75,0.75
SEM_EXT_0140,Semiconductors,single,3,w/o Structure,10,9,0,1,9,1.0,0.9,0.95
SEM_EXT_0141,Semiconductors,multi,3,w/o Structure,28,23,7,5,30,0.77,0.82,0.79
SEM_EXT_0142,Semiconductors,single,3,w/o Structure,6,5,1,1,6,0.83,0.83,0.83
SEM_EXT_0143,Semiconductors,single,3,w/o Structure,9,6,2,3,8,0.75,0.67,0.71
SEM_EXT_0144,Semiconductors,single,3,w/o Structure,8,7,1,1,8,0.88,0.88,0.88
SEM_EXT_0145,Semiconductors,single,3,w/o Structure,10,9,1,1,10,0.9,0.9,0.9
SEM_EXT_0146,Semiconductors,single,3,w/o Structure,11,8,2,3,10,0.8,0.73,0.76
SEM_EXT_0147,Semiconductors,single,3,w/o Structure,12,8,2,4,10,0.8,0.67,0.73
SEM_EXT_0148,Semiconductors,single,3,w/o Structure,10,7,3,3,10,0.7,0.7,0.7
SEM_EXT_0149,Semiconductors,single,3,w/o Structure,6,6,1,0,7,0.86,1.0,0.92
SEM_EXT_0150,Semiconductors,single,3,w/o Structure,11,9,3,2,12,0.75,0.82,0.78
SEM_EXT_0151,Semiconductors,single,3,w/o Structure,7,6,1,1,7,0.86,0.86,0.86
SEM_EXT_0152,Semiconductors,single,3,w/o Structure,9,9,3,0,12,0.75,1.0,0.86
SEM_EXT_0153,Semiconductors,single,3,w/o Structure,11,10,2,1,12,0.83,0.91,0.87
SEM_EXT_0154,Semiconductors,multi,3,w/o Structure,23,21,2,2,23,0.91,0.91,0.91
SEM_EXT_0155,Semiconductors,single,3,w/o Structure,11,8,3,3,11,0.73,0.73,0.73
SEM_EXT_0156,Semiconductors,single,3,w/o Structure,11,10,1,1,11,0.91,0.91,0.91
SEM_EXT_0157,Semiconductors,single,3,w/o Structure,9,9,0,0,9,1.0,1.0,1.0
SEM_EXT_0158,Semiconductors,single,3,w/o Structure,6,6,1,0,7,0.86,1.0,0.92
SEM_EXT_0159,Semiconductors,single,3,w/o Structure,12,10,3,2,13,0.77,0.83,0.8
SEM_EXT_0160,Semiconductors,single,3,w/o Structure,9,8,3,1,11,0.73,0.89,0.8
SEM_EXT_0161,Semiconductors,single,3,w/o Structure,12,10,2,2,12,0.83,0.83,0.83
SEM_EXT_0162,Semiconductors,multi,3,w/o Structure,32,24,5,8,29,0.83,0.75,0.79
SEM_EXT_0163,Semiconductors,single,3,w/o Structure,7,7,0,0,7,1.0,1.0,1.0
SEM_EXT_0164,Semiconductors,single,3,w/o Structure,7,7,0,0,7,1.0,1.0,1.0
SEM_EXT_0165,Semiconductors,single,3,w/o Structure,6,6,1,0,7,0.86,1.0,0.92
SEM_EXT_0166,Semiconductors,single,3,w/o Structure,10,7,4,3,11,0.64,0.7,0.67
SEM_EXT_0167,Semiconductors,single,3,w/o Structure,7,6,1,1,7,0.86,0.86,0.86
SEM_EXT_0168,Semiconductors,single,3,w/o Structure,12,10,3,2,13,0.77,0.83,0.8
SEM_EXT_0169,Semiconductors,single,3,w/o Structure,11,9,2,2,11,0.82,0.82,0.82
SEM_EXT_0170,Semiconductors,single,3,w/o Structure,6,6,0,0,6,1.0,1.0,1.0
SEM_EXT_0171,Semiconductors,single,3,w/o Structure,8,7,1,1,8,0.88,0.88,0.88
SEM_EXT_0172,Semiconductors,single,3,w/o Structure,12,9,2,3,11,0.82,0.75,0.78
SEM_EXT_0173,Semiconductors,single,3,w/o Structure,6,6,0,0,6,1.0,1.0,1.0
SEM_EXT_0174,Semiconductors,multi,3,w/o Structure,24,22,3,2,25,0.88,0.92,0.9
SEM_EXT_0175,Semiconductors,single,3,w/o Structure,8,6,1,2,7,0.86,0.75,0.8
SEM_EXT_0176,Semiconductors,single,3,w/o Structure,8,5,2,3,7,0.71,0.62,0.66
SEM_EXT_0177,Semiconductors,multi,3,w/o Structure,36,25,5,11,30,0.83,0.69,0.75
SEM_EXT_0178,Semiconductors,single,3,w/o Structure,12,11,1,1,12,0.92,0.92,0.92
SEM_EXT_0179,Semiconductors,single,3,w/o Structure,9,7,2,2,9,0.78,0.78,0.78
SEM_EXT_0180,Semiconductors,single,3,w/o Structure,11,10,1,1,11,0.91,0.91,0.91
SEM_EXT_0181,Semiconductors,single,3,w/o Structure,10,8,3,2,11,0.73,0.8,0.76
SEM_EXT_0182,Semiconductors,multi,3,w/o Structure,25,20,5,5,25,0.8,0.8,0.8
SEM_EXT_0183,Semiconductors,single,3,w/o Structure,15,12,3,3,15,0.8,0.8,0.8
SEM_EXT_0184,Semiconductors,multi,3,w/o Structure,20,0,0,20,0,0.0,0.0,0.0
SEM_EXT_0185,Semiconductors,single,3,w/o Structure,6,6,1,0,7,0.86,1.0,0.92
SEM_EXT_0186,Semiconductors,single,3,w/o Structure,8,8,0,0,8,1.0,1.0,1.0
SEM_EXT_0187,Semiconductors,single,3,w/o Structure,7,5,2,2,7,0.71,0.71,0.71
SEM_EXT_0188,Semiconductors,single,3,w/o Structure,7,7,1,0,8,0.88,1.0,0.94
SEM_EXT_0189,Semiconductors,single,3,w/o Structure,6,6,0,0,6,1.0,1.0,1.0
SEM_EXT_0190,Semiconductors,single,3,w/o Structure,7,7,1,0,8,0.88,1.0,0.94
SEM_EXT_0191,Semiconductors,single,3,w/o Structure,6,5,1,1,6,0.83,0.83,0.83
SEM_EXT_0192,Semiconductors,single,3,w/o Structure,15,12,1,3,13,0.92,0.8,0.86
SEM_EXT_0193,Semiconductors,single,3,w/o Structure,10,7,1,3,8,0.88,0.7,0.78
SEM_EXT_0194,Semiconductors,single,3,w/o Structure,6,6,0,0,6,1.0,1.0,1.0
SEM_EXT_0195,Semiconductors,single,3,w/o Structure,10,9,0,1,9,1.0,0.9,0.95
SEM_EXT_0196,Semiconductors,single,3,w/o Structure,11,8,3,3,11,0.73,0.73,0.73
SEM_EXT_0197,Semiconductors,single,3,w/o Structure,8,7,0,1,7,1.0,0.88,0.94
SEM_EXT_0198,Semiconductors,single,3,w/o Structure,6,5,1,1,6,0.83,0.83,0.83
BAT_EXT_0001,Batteries,single,3,w/o Structure,8,7,1,1,8,0.88,0.88,0.88
BAT_EXT_0002,Batteries,single,3,w/o Structure,11,11,2,0,13,0.85,1.0,0.92
BAT_EXT_0003,Batteries,single,3,w/o Structure,12,9,2,3,11,0.82,0.75,0.78
BAT_EXT_0004,Batteries,single,3,w/o Structure,10,9,2,1,11,0.82,0.9,0.86
BAT_EXT_0005,Batteries,single,3,w/o Structure,6,6,1,0,7,0.86,1.0,0.92
BAT_EXT_0006,Batteries,single,3,w/o Structure,6,6,1,0,7,0.86,1.0,0.92
BAT_EXT_0007,Batteries,single,3,w/o Structure,12,11,1,1,12,0.92,0.92,0.92
BAT_EXT_0008,Batteries,single,3,w/o Structure,12,11,1,1,12,0.92,0.92,0.92
BAT_EXT_0009,Batteries,single,3,w/o Structure,7,6,0,1,6,1.0,0.86,0.92
BAT_EXT_0010,Batteries,single,3,w/o Structure,9,8,0,1,8,1.0,0.89,0.94
BAT_EXT_0011,Batteries,single,3,w/o Structure,10,9,1,1,10,0.9,0.9,0.9
BAT_EXT_0012,Batteries,single,3,w/o Structure,6,6,2,0,8,0.75,1.0,0.86
BAT_EXT_0013,Batteries,single,3,w/o Structure,8,8,0,0,8,1.0,1.0,1.0
BAT_EXT_0014,Batteries,single,3,w/o Structure,9,0,2,9,2,0.0,0.0,0.0
BAT_EXT_0015,Batteries,single,3,w/o Structure,6,6,1,0,7,0.86,1.0,0.92
BAT_EXT_0016,Batteries,multi,3,w/o Structure,18,13,4,5,17,0.76,0.72,0.74
BAT_EXT_0017,Batteries,single,3,w/o Structure,9,9,1,0,10,0.9,1.0,0.95
BAT_EXT_0018,Batteries,single,3,w/o Structure,11,10,4,1,14,0.71,0.91,0.8
BAT_EXT_0019,Batteries,multi,3,w/o Structure,22,15,6,7,21,0.71,0.68,0.69
BAT_EXT_0020,Batteries,single,3,w/o Structure,12,11,1,1,12,0.92,0.92,0.92
BAT_EXT_0021,Batteries,single,3,w/o Structure,8,7,2,1,9,0.78,0.88,0.83
BAT_EXT_0022,Batteries,single,3,w/o Structure,12,12,0,0,12,1.0,1.0,1.0
BAT_EXT_0023,Batteries,single,3,w/o Structure,9,8,3,1,11,0.73,0.89,0.8
BAT_EXT_0024,Batteries,single,3,w/o Structure,6,5,2,1,7,0.71,0.83,0.77
BAT_EXT_0025,Batteries,single,3,w/o Structure,13,12,3,1,15,0.8,0.92,0.86
BAT_EXT_0026,Batteries,single,3,w/o Structure,11,10,1,1,11,0.91,0.91,0.91
BAT_EXT_0027,Batteries,single,3,w/o Structure,11,10,2,1,12,0.83,0.91,0.87
BAT_EXT_0028,Batteries,single,3,w/o Structure,11,11,0,0,11,1.0,1.0,1.0
BAT_EXT_0029,Batteries,single,3,w/o Structure,9,8,3,1,11,0.73,0.89,0.8
BAT_EXT_0030,Batteries,single,3,w/o Structure,7,6,1,1,7,0.86,0.86,0.86
BAT_EXT_0031,Batteries,single,3,w/o Structure,7,6,1,1,7,0.86,0.86,0.86
BAT_EXT_0032,Batteries,single,3,w/o Structure,12,11,0,1,11,1.0,0.92,0.96
BAT_EXT_0033,Batteries,single,3,w/o Structure,6,5,1,1,6,0.83,0.83,0.83
BAT_EXT_0034,Batteries,single,3,w/o Structure,6,6,1,0,7,0.86,1.0,0.92
BAT_EXT_0035,Batteries,single,3,w/o Structure,12,12,2,0,14,0.86,1.0,0.92
BAT_EXT_0036,Batteries,single,3,w/o Structure,7,5,1,2,6,0.83,0.71,0.77
BAT_EXT_0037,Batteries,single,3,w/o Structure,8,6,1,2,7,0.86,0.75,0.8
BAT_EXT_0038,Batteries,single,3,w/o Structure,12,11,2,1,13,0.85,0.92,0.88
BAT_EXT_0039,Batteries,single,3,w/o Structure,12,11,2,1,13,0.85,0.92,0.88
BAT_EXT_0040,Batteries,single,3,w/o Structure,6,5,2,1,7,0.71,0.83,0.77
BAT_EXT_0041,Batteries,single,3,w/o Structure,6,6,0,0,6,1.0,1.0,1.0
BAT_EXT_0042,Batteries,single,3,w/o Structure,11,11,1,0,12,0.92,1.0,0.96
BAT_EXT_0043,Batteries,single,3,w/o Structure,10,9,0,1,9,1.0,0.9,0.95
BAT_EXT_0044,Batteries,single,3,w/o Structure,10,8,1,2,9,0.89,0.8,0.84
BAT_EXT_0045,Batteries,single,3,w/o Structure,8,8,1,0,9,0.89,1.0,0.94
BAT_EXT_0046,Batteries,single,3,w/o Structure,11,8,2,3,10,0.8,0.73,0.76
BAT_EXT_0047,Batteries,single,3,w/o Structure,10,10,2,0,12,0.83,1.0,0.91
BAT_EXT_0048,Batteries,multi,3,w/o Structure,21,14,7,7,21,0.67,0.67,0.67
BAT_EXT_0049,Batteries,single,3,w/o Structure,12,11,2,1,13,0.85,0.92,0.88
BAT_EXT_0050,Batteries,multi,3,w/o Structure,33,26,0,7,26,1.0,0.79,0.88
BAT_EXT_0051,Batteries,single,3,w/o Structure,13,10,2,3,12,0.83,0.77,0.8
BAT_EXT_0052,Batteries,single,3,w/o Structure,11,11,1,0,12,0.92,1.0,0.96
BAT_EXT_0053,Batteries,single,3,w/o Structure,4,0,0,4,0,0.0,0.0,0.0
BAT_EXT_0054,Batteries,multi,3,w/o Structure,25,18,6,7,24,0.75,0.72,0.73
BAT_EXT_0055,Batteries,single,3,w/o Structure,8,6,1,2,7,0.86,0.75,0.8
BAT_EXT_0056,Batteries,single,3,w/o Structure,9,9,0,0,9,1.0,1.0,1.0
BAT_EXT_0057,Batteries,multi,3,w/o Structure,22,16,5,6,21,0.76,0.73,0.74
BAT_EXT_0058,Batteries,single,3,w/o Structure,9,9,2,0,11,0.82,1.0,0.9
BAT_EXT_0059,Batteries,single,3,w/o Structure,11,8,2,3,10,0.8,0.73,0.76
BAT_EXT_0060,Batteries,single,3,w/o Structure,6,5,1,1,6,0.83,0.83,0.83
BAT_EXT_0061,Batteries,single,3,w/o Structure,12,11,0,1,11,1.0,0.92,0.96
BAT_EXT_0062,Batteries,multi,3,w/o Structure,27,19,10,8,29,0.66,0.7,0.68
BAT_EXT_0063,Batteries,single,3,w/o Structure,8,7,3,1,10,0.7,0.88,0.78
BAT_EXT_0064,Batteries,single,3,w/o Structure,6,6,3,0,9,0.67,1.0,0.8
BAT_EXT_0065,Batteries,single,3,w/o Structure,10,7,1,3,8,0.88,0.7,0.78
BAT_EXT_0066,Batteries,single,3,w/o Structure,8,8,0,0,8,1.0,1.0,1.0
BAT_EXT_0067,Batteries,single,3,w/o Structure,10,9,0,1,9,1.0,0.9,0.95
BAT_EXT_0068,Batteries,single,3,w/o Structure,9,8,1,1,9,0.89,0.89,0.89
BAT_EXT_0069,Batteries,single,3,w/o Structure,10,10,0,0,10,1.0,1.0,1.0
BAT_EXT_0070,Batteries,single,3,w/o Structure,10,8,1,2,9,0.89,0.8,0.84
BAT_EXT_0071,Batteries,single,3,w/o Structure,12,11,0,1,11,1.0,0.92,0.96
BAT_EXT_0072,Batteries,single,3,w/o Structure,12,9,3,3,12,0.75,0.75,0.75
BAT_EXT_0073,Batteries,single,3,w/o Structure,7,7,1,0,8,0.88,1.0,0.94
BAT_EXT_0074,Batteries,single,3,w/o Structure,13,10,2,3,12,0.83,0.77,0.8
BAT_EXT_0075,Batteries,single,3,w/o Structure,6,6,0,0,6,1.0,1.0,1.0
BAT_EXT_0076,Batteries,single,3,w/o Structure,8,7,4,1,11,0.64,0.88,0.74
BAT_EXT_0077,Batteries,single,3,w/o Structure,11,9,1,2,10,0.9,0.82,0.86
BAT_EXT_0078,Batteries,single,3,w/o Structure,8,7,2,1,9,0.78,0.88,0.83
BAT_EXT_0079,Batteries,single,3,w/o Structure,9,7,1,2,8,0.88,0.78,0.83
BAT_EXT_0080,Batteries,single,3,w/o Structure,8,8,1,0,9,0.89,1.0,0.94
BAT_EXT_0081,Batteries,single,3,w/o Structure,6,5,1,1,6,0.83,0.83,0.83
BAT_EXT_0082,Batteries,single,3,w/o Structure,6,6,1,0,7,0.86,1.0,0.92
BAT_EXT_0083,Batteries,single,3,w/o Structure,9,7,0,2,7,1.0,0.78,0.88
BAT_EXT_0084,Batteries,single,3,w/o Structure,8,6,1,2,7,0.86,0.75,0.8
BAT_EXT_0085,Batteries,single,3,w/o Structure,8,7,2,1,9,0.78,0.88,0.83
BAT_EXT_0086,Batteries,multi,3,w/o Structure,18,15,5,3,20,0.75,0.83,0.79
BAT_EXT_0087,Batteries,single,3,w/o Structure,9,7,1,2,8,0.88,0.78,0.83
BAT_EXT_0088,Batteries,single,3,w/o Structure,7,0,0,7,0,0.0,0.0,0.0
BAT_EXT_0089,Batteries,single,3,w/o Structure,10,8,2,2,10,0.8,0.8,0.8
BAT_EXT_0090,Batteries,single,3,w/o Structure,12,10,2,2,12,0.83,0.83,0.83
BAT_EXT_0091,Batteries,single,3,w/o Structure,7,6,2,1,8,0.75,0.86,0.8
BAT_EXT_0092,Batteries,single,3,w/o Structure,9,7,2,2,9,0.78,0.78,0.78
BAT_EXT_0093,Batteries,single,3,w/o Structure,12,12,0,0,12,1.0,1.0,1.0
BAT_EXT_0094,Batteries,single,3,w/o Structure,7,6,1,1,7,0.86,0.86,0.86
BAT_EXT_0095,Batteries,single,3,w/o Structure,9,6,3,3,9,0.67,0.67,0.67
BAT_EXT_0096,Batteries,single,3,w/o Structure,8,8,3,0,11,0.73,1.0,0.84
BAT_EXT_0097,Batteries,multi,3,w/o Structure,21,18,4,3,22,0.82,0.86,0.84
BAT_EXT_0098,Batteries,single,3,w/o Structure,7,6,3,1,9,0.67,0.86,0.75
BAT_EXT_0099,Batteries,single,3,w/o Structure,9,7,0,2,7,1.0,0.78,0.88
BAT_EXT_0100,Batteries,multi,3,w/o Structure,24,19,6,5,25,0.76,0.79,0.77
BAT_EXT_0101,Batteries,single,3,w/o Structure,12,12,1,0,13,0.92,1.0,0.96
BAT_EXT_0102,Batteries,single,3,w/o Structure,9,8,2,1,10,0.8,0.89,0.84
BAT_EXT_0103,Batteries,single,3,w/o Structure,7,5,1,2,6,0.83,0.71,0.77
BAT_EXT_0104,Batteries,single,3,w/o Structure,7,6,1,1,7,0.86,0.86,0.86
BAT_EXT_0105,Batteries,single,3,w/o Structure,6,6,2,0,8,0.75,1.0,0.86
BAT_EXT_0106,Batteries,single,3,w/o Structure,10,9,2,1,11,0.82,0.9,0.86
BAT_EXT_0107,Batteries,multi,3,w/o Structure,20,16,3,4,19,0.84,0.8,0.82
BAT_EXT_0108,Batteries,single,3,w/o Structure,12,10,2,2,12,0.83,0.83,0.83
BAT_EXT_0109,Batteries,single,3,w/o Structure,8,6,1,2,7,0.86,0.75,0.8
BAT_EXT_0110,Batteries,multi,3,w/o Structure,25,19,4,6,23,0.83,0.76,0.79
BAT_EXT_0111,Batteries,single,3,w/o Structure,10,9,2,1,11,0.82,0.9,0.86
BAT_EXT_0112,Batteries,single,3,w/o Structure,9,8,2,1,10,0.8,0.89,0.84
BAT_EXT_0113,Batteries,single,3,w/o Structure,8,8,0,0,8,1.0,1.0,1.0
BAT_EXT_0114,Batteries,single,3,w/o Structure,9,6,1,3,7,0.86,0.67,0.75
BAT_EXT_0115,Batteries,single,3,w/o Structure,10,9,1,1,10,0.9,0.9,0.9
BAT_EXT_0116,Batteries,single,3,w/o Structure,10,9,2,1,11,0.82,0.9,0.86
BAT_EXT_0117,Batteries,multi,3,w/o Structure,24,20,3,4,23,0.87,0.83,0.85
BAT_EXT_0118,Batteries,single,3,w/o Structure,11,11,0,0,11,1.0,1.0,1.0
BAT_EXT_0119,Batteries,single,3,w/o Structure,12,11,1,1,12,0.92,0.92,0.92
BAT_EXT_0120,Batteries,multi,3,w/o Structure,22,21,1,1,22,0.95,0.95,0.95
BAT_EXT_0121,Batteries,single,3,w/o Structure,8,7,2,1,9,0.78,0.88,0.83
BAT_EXT_0122,Batteries,single,3,w/o Structure,9,9,1,0,10,0.9,1.0,0.95
BAT_EXT_0123,Batteries,single,3,w/o Structure,6,5,1,1,6,0.83,0.83,0.83
BAT_EXT_0124,Batteries,single,3,w/o Structure,11,10,2,1,12,0.83,0.91,0.87
BAT_EXT_0125,Batteries,single,3,w/o Structure,9,8,2,1,10,0.8,0.89,0.84
BAT_EXT_0126,Batteries,single,3,w/o Structure,6,6,1,0,7,0.86,1.0,0.92
BAT_EXT_0127,Batteries,single,3,w/o Structure,9,7,4,2,11,0.64,0.78,0.7
BAT_EXT_0128,Batteries,multi,3,w/o Structure,32,23,7,9,30,0.77,0.72,0.74
BAT_EXT_0129,Batteries,multi,3,w/o Structure,28,22,7,6,29,0.76,0.79,0.77
BAT_EXT_0130,Batteries,single,3,w/o Structure,12,11,2,1,13,0.85,0.92,0.88
BAT_EXT_0131,Batteries,single,3,w/o Structure,9,7,2,2,9,0.78,0.78,0.78
BAT_EXT_0132,Batteries,single,3,w/o Structure,9,7,2,2,9,0.78,0.78,0.78
BAT_EXT_0133,Batteries,single,3,w/o Structure,4,0,1,4,1,0.0,0.0,0.0
BAT_EXT_0134,Batteries,single,3,w/o Structure,7,6,1,1,7,0.86,0.86,0.86
BAT_EXT_0135,Batteries,single,3,w/o Structure,8,7,3,1,10,0.7,0.88,0.78
BAT_EXT_0136,Batteries,single,3,w/o Structure,7,7,0,0,7,1.0,1.0,1.0
BAT_EXT_0137,Batteries,single,3,w/o Structure,6,0,3,6,3,0.0,0.0,0.0
BAT_EXT_0138,Batteries,multi,3,w/o Structure,24,17,4,7,21,0.81,0.71,0.76
BAT_EXT_0139,Batteries,single,3,w/o Structure,9,8,1,1,9,0.89,0.89,0.89
BAT_EXT_0140,Batteries,single,3,w/o Structure,9,7,2,2,9,0.78,0.78,0.78
BAT_EXT_0141,Batteries,single,3,w/o Structure,14,12,3,2,15,0.8,0.86,0.83
BAT_EXT_0142,Batteries,single,3,w/o Structure,8,8,1,0,9,0.89,1.0,0.94
BAT_EXT_0143,Batteries,single,3,w/o Structure,9,6,3,3,9,0.67,0.67,0.67
BAT_EXT_0144,Batteries,single,3,w/o Structure,6,6,1,0,7,0.86,1.0,0.92
BAT_EXT_0145,Batteries,single,3,w/o Structure,6,5,2,1,7,0.71,0.83,0.77
BAT_EXT_0146,Batteries,single,3,w/o Structure,11,8,4,3,12,0.67,0.73,0.7
BAT_EXT_0147,Batteries,single,3,w/o Structure,6,6,2,0,8,0.75,1.0,0.86
BAT_EXT_0148,Batteries,single,3,w/o Structure,7,5,2,2,7,0.71,0.71,0.71
BAT_EXT_0149,Batteries,single,3,w/o Structure,7,7,1,0,8,0.88,1.0,0.94
BAT_EXT_0150,Batteries,single,3,w/o Structure,12,10,2,2,12,0.83,0.83,0.83
BAT_EXT_0151,Batteries,single,3,w/o Structure,4,0,0,4,0,0.0,0.0,0.0
BAT_EXT_0152,Batteries,single,3,w/o Structure,12,10,3,2,13,0.77,0.83,0.8
BAT_EXT_0153,Batteries,single,3,w/o Structure,6,6,0,0,6,1.0,1.0,1.0
BAT_EXT_0154,Batteries,single,3,w/o Structure,6,5,2,1,7,0.71,0.83,0.77
BAT_EXT_0155,Batteries,single,3,w/o Structure,11,9,1,2,10,0.9,0.82,0.86
BAT_EXT_0156,Batteries,single,3,w/o Structure,6,4,2,2,6,0.67,0.67,0.67
BAT_EXT_0157,Batteries,multi,3,w/o Structure,24,17,5,7,22,0.77,0.71,0.74
BAT_EXT_0158,Batteries,single,3,w/o Structure,7,7,0,0,7,1.0,1.0,1.0
BAT_EXT_0159,Batteries,single,3,w/o Structure,11,9,2,2,11,0.82,0.82,0.82
BAT_EXT_0160,Batteries,single,3,w/o Structure,8,4,1,4,5,0.8,0.5,0.62
BAT_EXT_0161,Batteries,single,3,w/o Structure,10,7,3,3,10,0.7,0.7,0.7
BAT_EXT_0162,Batteries,single,3,w/o Structure,8,7,2,1,9,0.78,0.88,0.83
BAT_EXT_0163,Batteries,multi,3,w/o Structure,23,17,5,6,22,0.77,0.74,0.75
BAT_EXT_0164,Batteries,single,3,w/o Structure,11,9,2,2,11,0.82,0.82,0.82
BAT_EXT_0165,Batteries,single,3,w/o Structure,8,7,0,1,7,1.0,0.88,0.94
BAT_EXT_0166,Batteries,single,3,w/o Structure,12,11,1,1,12,0.92,0.92,0.92
BAT_EXT_0167,Batteries,single,3,w/o Structure,9,8,2,1,10,0.8,0.89,0.84
BAT_EXT_0168,Batteries,single,3,w/o Structure,6,6,1,0,7,0.86,1.0,0.92
BAT_EXT_0169,Batteries,multi,3,w/o Structure,25,21,4,4,25,0.84,0.84,0.84
BAT_EXT_0170,Batteries,single,3,w/o Structure,6,0,2,6,2,0.0,0.0,0.0
BAT_EXT_0171,Batteries,single,3,w/o Structure,10,8,2,2,10,0.8,0.8,0.8
BAT_EXT_0172,Batteries,multi,3,w/o Structure,26,19,9,7,28,0.68,0.73,0.7
BAT_EXT_0173,Batteries,single,3,w/o Structure,9,9,0,0,9,1.0,1.0,1.0
BAT_EXT_0174,Batteries,single,3,w/o Structure,11,11,1,0,12,0.92,1.0,0.96
BAT_EXT_0175,Batteries,single,3,w/o Structure,8,8,1,0,9,0.89,1.0,0.94
BAT_EXT_0176,Batteries,single,3,w/o Structure,12,11,3,1,14,0.79,0.92,0.85
BAT_EXT_0177,Batteries,single,3,w/o Structure,12,9,3,3,12,0.75,0.75,0.75
BAT_EXT_0178,Batteries,single,3,w/o Structure,6,6,1,0,7,0.86,1.0,0.92
BAT_EXT_0179,Batteries,single,3,w/o Structure,11,11,1,0,12,0.92,1.0,0.96
BAT_EXT_0180,Batteries,single,3,w/o Structure,12,11,3,1,14,0.79,0.92,0.85
BAT_EXT_0181,Batteries,multi,3,w/o Structure,22,19,5,3,24,0.79,0.86,0.82
BAT_EXT_0182,Batteries,single,3,w/o Structure,10,9,2,1,11,0.82,0.9,0.86
BAT_EXT_0183,Batteries,single,3,w/o Structure,9,9,1,0,10,0.9,1.0,0.95
BAT_EXT_0184,Batteries,single,3,w/o Structure,7,6,2,1,8,0.75,0.86,0.8
BAT_EXT_0185,Batteries,single,3,w/o Structure,10,10,2,0,12,0.83,1.0,0.91
BAT_EXT_0186,Batteries,single,3,w/o Structure,11,10,1,1,11,0.91,0.91,0.91
BAT_EXT_0187,Batteries,single,3,w/o Structure,12,11,1,1,12,0.92,0.92,0.92
BAT_EXT_0188,Batteries,single,3,w/o Structure,7,6,1,1,7,0.86,0.86,0.86
BAT_EXT_0189,Batteries,single,3,w/o Structure,8,8,1,0,9,0.89,1.0,0.94
BAT_EXT_0190,Batteries,single,3,w/o Structure,8,6,4,2,10,0.6,0.75,0.67
BAT_EXT_0191,Batteries,single,3,w/o Structure,12,10,2,2,12,0.83,0.83,0.83
BAT_EXT_0192,Batteries,single,3,w/o Structure,12,11,1,1,12,0.92,0.92,0.92
BAT_EXT_0193,Batteries,single,3,w/o Structure,11,10,2,1,12,0.83,0.91,0.87
BAT_EXT_0194,Batteries,single,3,w/o Structure,6,5,1,1,6,0.83,0.83,0.83
BAT_EXT_0195,Batteries,single,3,w/o Structure,10,8,0,2,8,1.0,0.8,0.89
BAT_EXT_0196,Batteries,single,3,w/o Structure,11,10,2,1,12,0.83,0.91,0.87
BAT_EXT_0197,Batteries,single,3,w/o Structure,9,8,0,1,8,1.0,0.89,0.94
BAT_EXT_0198,Batteries,multi,3,w/o Structure,19,15,6,4,21,0.71,0.79,0.75
BAT_EXT_0199,Batteries,single,3,w/o Structure,11,9,4,2,13,0.69,0.82,0.75
BAT_EXT_0200,Batteries,single,3,w/o Structure,7,6,2,1,8,0.75,0.86,0.8
BAT_EXT_0201,Batteries,single,3,w/o Structure,10,10,1,0,11,0.91,1.0,0.95
BAT_EXT_0202,Batteries,single,3,w/o Structure,8,7,1,1,8,0.88,0.88,0.88
BAT_EXT_0203,Batteries,single,3,w/o Structure,12,11,3,1,14,0.79,0.92,0.85
BAT_EXT_0204,Batteries,single,3,w/o Structure,12,10,3,2,13,0.77,0.83,0.8
BAT_EXT_0205,Batteries,single,3,w/o Structure,6,6,0,0,6,1.0,1.0,1.0
BAT_EXT_0206,Batteries,single,3,w/o Structure,8,8,1,0,9,0.89,1.0,0.94
SUP_EXT_0001,Superalloys,single,1,w/o Multimodal,7,4,2,3,6,0.67,0.57,0.62
SUP_EXT_0002,Superalloys,single,1,w/o Multimodal,6,6,1,0,7,0.86,1.0,0.92
SUP_EXT_0003,Superalloys,single,1,w/o Multimodal,7,7,1,0,8,0.88,1.0,0.94
SUP_EXT_0004,Superalloys,single,1,w/o Multimodal,7,6,2,1,8,0.75,0.86,0.8
SUP_EXT_0005,Superalloys,multi,1,w/o Multimodal,35,20,11,15,31,0.65,0.57,0.61
SUP_EXT_0006,Superalloys,single,1,w/o Multimodal,9,0,3,9,3,0.0,0.0,0.0
SUP_EXT_0007,Superalloys,single,1,w/o Multimodal,6,6,1,0,7,0.86,1.0,0.92
SUP_EXT_0008,Superalloys,single,1,w/o Multimodal,7,5,3,2,8,0.62,0.71,0.66
SUP_EXT_0009,Superalloys,single,1,w/o Multimodal,6,4,2,2,6,0.67,0.67,0.67
SUP_EXT_0010,Superalloys,multi,1,w/o Multimodal,29,21,2,8,23,0.91,0.72,0.8
SUP_EXT_0011,Superalloys,single,1,w/o Multimodal,6,4,3,2,7,0.57,0.67,0.62
SUP_EXT_0012,Superalloys,single,1,w/o Multimodal,10,6,5,4,11,0.55,0.6,0.57
SUP_EXT_0013,Superalloys,single,1,w/o Multimodal,6,4,2,2,6,0.67,0.67,0.67
SUP_EXT_0014,Superalloys,single,1,w/o Multimodal,10,8,2,2,10,0.8,0.8,0.8
SUP_EXT_0015,Superalloys,single,1,w/o Multimodal,11,6,2,5,8,0.75,0.55,0.63
SUP_EXT_0016,Superalloys,single,1,w/o Multimodal,8,7,1,1,8,0.88,0.88,0.88
SUP_EXT_0017,Superalloys,multi,1,w/o Multimodal,27,24,2,3,26,0.92,0.89,0.9
SUP_EXT_0018,Superalloys,single,1,w/o Multimodal,9,8,0,1,8,1.0,0.89,0.94
SUP_EXT_0019,Superalloys,single,1,w/o Multimodal,11,10,1,1,11,0.91,0.91,0.91
SUP_EXT_0020,Superalloys,single,1,w/o Multimodal,12,9,1,3,10,0.9,0.75,0.82
SUP_EXT_0021,Superalloys,single,1,w/o Multimodal,9,7,2,2,9,0.78,0.78,0.78
SUP_EXT_0022,Superalloys,single,1,w/o Multimodal,9,7,1,2,8,0.88,0.78,0.83
SUP_EXT_0023,Superalloys,single,1,w/o Multimodal,11,9,5,2,14,0.64,0.82,0.72
SUP_EXT_0024,Superalloys,single,1,w/o Multimodal,7,7,1,0,8,0.88,1.0,0.94
SUP_EXT_0025,Superalloys,single,1,w/o Multimodal,6,4,2,2,6,0.67,0.67,0.67
SUP_EXT_0026,Superalloys,multi,1,w/o Multimodal,28,18,8,10,26,0.69,0.64,0.66
SUP_EXT_0027,Superalloys,single,1,w/o Multimodal,7,4,2,3,6,0.67,0.57,0.62
SUP_EXT_0028,Superalloys,multi,1,w/o Multimodal,38,29,6,9,35,0.83,0.76,0.79
SUP_EXT_0029,Superalloys,multi,1,w/o Multimodal,21,17,4,4,21,0.81,0.81,0.81
SUP_EXT_0030,Superalloys,single,1,w/o Multimodal,8,5,2,3,7,0.71,0.62,0.66
SUP_EXT_0031,Superalloys,single,1,w/o Multimodal,8,4,2,4,6,0.67,0.5,0.57
SUP_EXT_0032,Superalloys,single,1,w/o Multimodal,10,6,3,4,9,0.67,0.6,0.63
SUP_EXT_0033,Superalloys,multi,1,w/o Multimodal,21,14,8,7,22,0.64,0.67,0.65
SUP_EXT_0034,Superalloys,single,1,w/o Multimodal,4,0,3,4,3,0.0,0.0,0.0
SUP_EXT_0035,Superalloys,single,1,w/o Multimodal,10,7,2,3,9,0.78,0.7,0.74
SUP_EXT_0036,Superalloys,single,1,w/o Multimodal,7,0,3,7,3,0.0,0.0,0.0
SUP_EXT_0037,Superalloys,single,1,w/o Multimodal,7,6,2,1,8,0.75,0.86,0.8
SUP_EXT_0038,Superalloys,single,1,w/o Multimodal,9,8,2,1,10,0.8,0.89,0.84
SUP_EXT_0039,Superalloys,single,1,w/o Multimodal,6,6,0,0,6,1.0,1.0,1.0
SUP_EXT_0040,Superalloys,single,1,w/o Multimodal,7,0,0,7,0,0.0,0.0,0.0
SUP_EXT_0041,Superalloys,single,1,w/o Multimodal,12,9,1,3,10,0.9,0.75,0.82
SUP_EXT_0042,Superalloys,single,1,w/o Multimodal,10,7,4,3,11,0.64,0.7,0.67
SUP_EXT_0043,Superalloys,single,1,w/o Multimodal,7,5,2,2,7,0.71,0.71,0.71
SUP_EXT_0044,Superalloys,single,1,w/o Multimodal,6,3,2,3,5,0.6,0.5,0.55
SUP_EXT_0045,Superalloys,single,1,w/o Multimodal,6,5,2,1,7,0.71,0.83,0.77
SUP_EXT_0046,Superalloys,single,1,w/o Multimodal,8,0,2,8,2,0.0,0.0,0.0
SUP_EXT_0047,Superalloys,single,1,w/o Multimodal,9,6,4,3,10,0.6,0.67,0.63
SUP_EXT_0048,Superalloys,single,1,w/o Multimodal,6,4,2,2,6,0.67,0.67,0.67
SUP_EXT_0049,Superalloys,single,1,w/o Multimodal,7,4,2,3,6,0.67,0.57,0.62
SUP_EXT_0050,Superalloys,single,1,w/o Multimodal,6,5,2,1,7,0.71,0.83,0.77
SUP_EXT_0051,Superalloys,single,1,w/o Multimodal,7,7,1,0,8,0.88,1.0,0.94
SUP_EXT_0052,Superalloys,single,1,w/o Multimodal,11,7,3,4,10,0.7,0.64,0.67
SUP_EXT_0053,Superalloys,single,1,w/o Multimodal,6,5,2,1,7,0.71,0.83,0.77
SUP_EXT_0054,Superalloys,single,1,w/o Multimodal,11,8,1,3,9,0.89,0.73,0.8
SUP_EXT_0055,Superalloys,single,1,w/o Multimodal,15,11,2,4,13,0.85,0.73,0.79
SUP_EXT_0056,Superalloys,single,1,w/o Multimodal,11,10,1,1,11,0.91,0.91,0.91
SUP_EXT_0057,Superalloys,single,1,w/o Multimodal,9,8,3,1,11,0.73,0.89,0.8
SUP_EXT_0058,Superalloys,single,1,w/o Multimodal,9,8,2,1,10,0.8,0.89,0.84
SUP_EXT_0059,Superalloys,single,1,w/o Multimodal,8,6,1,2,7,0.86,0.75,0.8
SUP_EXT_0060,Superalloys,single,1,w/o Multimodal,12,6,3,6,9,0.67,0.5,0.57
SUP_EXT_0061,Superalloys,single,1,w/o Multimodal,11,9,2,2,11,0.82,0.82,0.82
SUP_EXT_0062,Superalloys,single,1,w/o Multimodal,9,8,2,1,10,0.8,0.89,0.84
SUP_EXT_0063,Superalloys,single,1,w/o Multimodal,7,7,2,0,9,0.78,1.0,0.88
SUP_EXT_0064,Superalloys,single,1,w/o Multimodal,8,4,2,4,6,0.67,0.5,0.57
SUP_EXT_0065,Superalloys,single,1,w/o Multimodal,7,6,3,1,9,0.67,0.86,0.75
SUP_EXT_0066,Superalloys,single,1,w/o Multimodal,6,5,3,1,8,0.62,0.83,0.71
SUP_EXT_0067,Superalloys,single,1,w/o Multimodal,10,9,1,1,10,0.9,0.9,0.9
SUP_EXT_0068,Superalloys,multi,1,w/o Multimodal,27,18,3,9,21,0.86,0.67,0.75
SUP_EXT_0069,Superalloys,single,1,w/o Multimodal,8,6,1,2,7,0.86,0.75,0.8
SUP_EXT_0070,Superalloys,single,1,w/o Multimodal,12,7,4,5,11,0.64,0.58,0.61
SUP_EXT_0071,Superalloys,single,1,w/o Multimodal,10,5,2,5,7,0.71,0.5,0.59
SUP_EXT_0072,Superalloys,single,1,w/o Multimodal,11,7,1,4,8,0.88,0.64,0.74
SUP_EXT_0073,Superalloys,single,1,w/o Multimodal,8,5,2,3,7,0.71,0.62,0.66
SUP_EXT_0074,Superalloys,single,1,w/o Multimodal,13,11,2,2,13,0.85,0.85,0.85
SUP_EXT_0075,Superalloys,single,1,w/o Multimodal,9,8,2,1,10,0.8,0.89,0.84
SUP_EXT_0076,Superalloys,single,1,w/o Multimodal,9,6,3,3,9,0.67,0.67,0.67
SUP_EXT_0077,Superalloys,single,1,w/o Multimodal,12,9,3,3,12,0.75,0.75,0.75
SUP_EXT_0078,Superalloys,single,1,w/o Multimodal,6,6,2,0,8,0.75,1.0,0.86
SUP_EXT_0079,Superalloys,single,1,w/o Multimodal,9,8,1,1,9,0.89,0.89,0.89
SUP_EXT_0080,Superalloys,single,1,w/o Multimodal,8,4,2,4,6,0.67,0.5,0.57
SUP_EXT_0081,Superalloys,single,1,w/o Multimodal,13,10,3,3,13,0.77,0.77,0.77
SUP_EXT_0082,Superalloys,single,1,w/o Multimodal,9,8,1,1,9,0.89,0.89,0.89
SUP_EXT_0083,Superalloys,single,1,w/o Multimodal,10,9,1,1,10,0.9,0.9,0.9
SUP_EXT_0084,Superalloys,single,1,w/o Multimodal,14,12,1,2,13,0.92,0.86,0.89
SUP_EXT_0085,Superalloys,single,1,w/o Multimodal,10,10,0,0,10,1.0,1.0,1.0
SUP_EXT_0086,Superalloys,multi,1,w/o Multimodal,22,16,4,6,20,0.8,0.73,0.76
SUP_EXT_0087,Superalloys,single,1,w/o Multimodal,8,5,2,3,7,0.71,0.62,0.66
SUP_EXT_0088,Superalloys,single,1,w/o Multimodal,10,7,2,3,9,0.78,0.7,0.74
SUP_EXT_0089,Superalloys,single,1,w/o Multimodal,7,6,2,1,8,0.75,0.86,0.8
SUP_EXT_0090,Superalloys,multi,1,w/o Multimodal,31,24,4,7,28,0.86,0.77,0.81
SUP_EXT_0091,Superalloys,single,1,w/o Multimodal,6,4,2,2,6,0.67,0.67,0.67
SUP_EXT_0092,Superalloys,single,1,w/o Multimodal,11,7,2,4,9,0.78,0.64,0.7
SUP_EXT_0093,Superalloys,multi,1,w/o Multimodal,23,14,7,9,21,0.67,0.61,0.64
SUP_EXT_0094,Superalloys,single,1,w/o Multimodal,12,11,2,1,13,0.85,0.92,0.88
SUP_EXT_0095,Superalloys,single,1,w/o Multimodal,11,9,1,2,10,0.9,0.82,0.86
SUP_EXT_0096,Superalloys,single,1,w/o Multimodal,13,10,2,3,12,0.83,0.77,0.8
SUP_EXT_0097,Superalloys,single,1,w/o Multimodal,6,5,2,1,7,0.71,0.83,0.77
SUP_EXT_0098,Superalloys,multi,1,w/o Multimodal,21,15,4,6,19,0.79,0.71,0.75
SUP_EXT_0099,Superalloys,single,1,w/o Multimodal,11,6,2,5,8,0.75,0.55,0.63
SUP_EXT_0100,Superalloys,single,1,w/o Multimodal,12,8,3,4,11,0.73,0.67,0.7
SUP_EXT_0101,Superalloys,single,1,w/o Multimodal,6,3,2,3,5,0.6,0.5,0.55
SUP_EXT_0102,Superalloys,single,1,w/o Multimodal,14,12,1,2,13,0.92,0.86,0.89
SUP_EXT_0103,Superalloys,single,1,w/o Multimodal,9,6,1,3,7,0.86,0.67,0.75
SUP_EXT_0104,Superalloys,single,1,w/o Multimodal,12,10,1,2,11,0.91,0.83,0.87
SUP_EXT_0105,Superalloys,single,1,w/o Multimodal,12,8,6,4,14,0.57,0.67,0.62
SUP_EXT_0106,Superalloys,single,1,w/o Multimodal,11,8,2,3,10,0.8,0.73,0.76
SUP_EXT_0107,Superalloys,single,1,w/o Multimodal,11,9,4,2,13,0.69,0.82,0.75
SUP_EXT_0108,Superalloys,single,1,w/o Multimodal,12,10,0,2,10,1.0,0.83,0.91
SUP_EXT_0109,Superalloys,single,1,w/o Multimodal,12,9,3,3,12,0.75,0.75,0.75
SUP_EXT_0110,Superalloys,single,1,w/o Multimodal,9,8,1,1,9,0.89,0.89,0.89
SUP_EXT_0111,Superalloys,single,1,w/o Multimodal,6,4,2,2,6,0.67,0.67,0.67
SUP_EXT_0112,Superalloys,single,1,w/o Multimodal,6,5,2,1,7,0.71,0.83,0.77
SUP_EXT_0113,Superalloys,multi,1,w/o Multimodal,23,15,7,8,22,0.68,0.65,0.66
SUP_EXT_0114,Superalloys,single,1,w/o Multimodal,11,9,3,2,12,0.75,0.82,0.78
SUP_EXT_0115,Superalloys,single,1,w/o Multimodal,10,7,2,3,9,0.78,0.7,0.74
SUP_EXT_0116,Superalloys,single,1,w/o Multimodal,7,6,3,1,9,0.67,0.86,0.75
SUP_EXT_0117,Superalloys,single,1,w/o Multimodal,11,6,1,5,7,0.86,0.55,0.67
SUP_EXT_0118,Superalloys,single,1,w/o Multimodal,11,8,1,3,9,0.89,0.73,0.8
SUP_EXT_0119,Superalloys,single,1,w/o Multimodal,6,4,3,2,7,0.57,0.67,0.62
SUP_EXT_0120,Superalloys,single,1,w/o Multimodal,11,7,2,4,9,0.78,0.64,0.7
SUP_EXT_0121,Superalloys,multi,1,w/o Multimodal,25,17,3,8,20,0.85,0.68,0.76
SUP_EXT_0122,Superalloys,single,1,w/o Multimodal,11,8,3,3,11,0.73,0.73,0.73
SUP_EXT_0123,Superalloys,single,1,w/o Multimodal,11,8,1,3,9,0.89,0.73,0.8
SUP_EXT_0124,Superalloys,single,1,w/o Multimodal,12,10,7,2,17,0.59,0.83,0.69
SUP_EXT_0125,Superalloys,multi,1,w/o Multimodal,24,19,1,5,20,0.95,0.79,0.86
SUP_EXT_0126,Superalloys,single,1,w/o Multimodal,10,9,2,1,11,0.82,0.9,0.86
SUP_EXT_0127,Superalloys,single,1,w/o Multimodal,9,8,1,1,9,0.89,0.89,0.89
SUP_EXT_0128,Superalloys,single,1,w/o Multimodal,6,6,2,0,8,0.75,1.0,0.86
SUP_EXT_0129,Superalloys,single,1,w/o Multimodal,11,0,3,11,3,0.0,0.0,0.0
SUP_EXT_0130,Superalloys,multi,1,w/o Multimodal,27,27,0,0,27,1.0,1.0,1.0
SUP_EXT_0131,Superalloys,single,1,w/o Multimodal,8,5,2,3,7,0.71,0.62,0.66
SUP_EXT_0132,Superalloys,single,1,w/o Multimodal,11,9,0,2,9,1.0,0.82,0.9
SUP_EXT_0133,Superalloys,single,1,w/o Multimodal,10,8,2,2,10,0.8,0.8,0.8
SUP_EXT_0134,Superalloys,single,1,w/o Multimodal,11,7,2,4,9,0.78,0.64,0.7
SUP_EXT_0135,Superalloys,single,1,w/o Multimodal,8,8,1,0,9,0.89,1.0,0.94
SUP_EXT_0136,Superalloys,single,1,w/o Multimodal,12,8,1,4,9,0.89,0.67,0.76
SUP_EXT_0137,Superalloys,single,1,w/o Multimodal,8,5,2,3,7,0.71,0.62,0.66
SUP_EXT_0138,Superalloys,multi,1,w/o Multimodal,21,12,6,9,18,0.67,0.57,0.62
SUP_EXT_0139,Superalloys,single,1,w/o Multimodal,9,6,2,3,8,0.75,0.67,0.71
SUP_EXT_0140,Superalloys,single,1,w/o Multimodal,6,5,2,1,7,0.71,0.83,0.77
SUP_EXT_0141,Superalloys,single,1,w/o Multimodal,11,9,4,2,13,0.69,0.82,0.75
SUP_EXT_0142,Superalloys,multi,1,w/o Multimodal,24,20,4,4,24,0.83,0.83,0.83
SUP_EXT_0143,Superalloys,single,1,w/o Multimodal,12,10,2,2,12,0.83,0.83,0.83
SUP_EXT_0144,Superalloys,single,1,w/o Multimodal,12,11,3,1,14,0.79,0.92,0.85
SUP_EXT_0145,Superalloys,single,1,w/o Multimodal,6,6,1,0,7,0.86,1.0,0.92
SUP_EXT_0146,Superalloys,multi,1,w/o Multimodal,21,15,3,6,18,0.83,0.71,0.77
SUP_EXT_0147,Superalloys,single,1,w/o Multimodal,8,4,2,4,6,0.67,0.5,0.57
SUP_EXT_0148,Superalloys,multi,1,w/o Multimodal,18,14,0,4,14,1.0,0.78,0.88
SUP_EXT_0149,Superalloys,single,1,w/o Multimodal,9,9,0,0,9,1.0,1.0,1.0
SUP_EXT_0150,Superalloys,single,1,w/o Multimodal,8,6,1,2,7,0.86,0.75,0.8
SUP_EXT_0151,Superalloys,single,1,w/o Multimodal,11,8,2,3,10,0.8,0.73,0.76
SUP_EXT_0152,Superalloys,single,1,w/o Multimodal,10,7,1,3,8,0.88,0.7,0.78
SUP_EXT_0153,Superalloys,single,1,w/o Multimodal,8,7,1,1,8,0.88,0.88,0.88
SUP_EXT_0154,Superalloys,single,1,w/o Multimodal,8,8,0,0,8,1.0,1.0,1.0
SUP_EXT_0155,Superalloys,single,1,w/o Multimodal,10,8,2,2,10,0.8,0.8,0.8
SUP_EXT_0156,Superalloys,single,1,w/o Multimodal,10,8,1,2,9,0.89,0.8,0.84
SUP_EXT_0157,Superalloys,single,1,w/o Multimodal,8,7,1,1,8,0.88,0.88,0.88
SUP_EXT_0158,Superalloys,single,1,w/o Multimodal,10,0,3,10,3,0.0,0.0,0.0
SUP_EXT_0159,Superalloys,single,1,w/o Multimodal,12,9,3,3,12,0.75,0.75,0.75
SUP_EXT_0160,Superalloys,single,1,w/o Multimodal,11,9,1,2,10,0.9,0.82,0.86
SUP_EXT_0161,Superalloys,single,1,w/o Multimodal,7,5,3,2,8,0.62,0.71,0.66
SUP_EXT_0162,Superalloys,single,1,w/o Multimodal,9,7,1,2,8,0.88,0.78,0.83
SUP_EXT_0163,Superalloys,single,1,w/o Multimodal,12,9,1,3,10,0.9,0.75,0.82
SUP_EXT_0164,Superalloys,single,1,w/o Multimodal,7,5,2,2,7,0.71,0.71,0.71
SUP_EXT_0165,Superalloys,single,1,w/o Multimodal,11,9,1,2,10,0.9,0.82,0.86
SUP_EXT_0166,Superalloys,single,1,w/o Multimodal,10,5,2,5,7,0.71,0.5,0.59
SUP_EXT_0167,Superalloys,single,1,w/o Multimodal,11,8,2,3,10,0.8,0.73,0.76
SUP_EXT_0168,Superalloys,single,1,w/o Multimodal,6,3,2,3,5,0.6,0.5,0.55
SUP_EXT_0169,Superalloys,single,1,w/o Multimodal,6,5,2,1,7,0.71,0.83,0.77
SUP_EXT_0170,Superalloys,single,1,w/o Multimodal,6,4,2,2,6,0.67,0.67,0.67
SUP_EXT_0171,Superalloys,single,1,w/o Multimodal,11,0,3,11,3,0.0,0.0,0.0
SUP_EXT_0172,Superalloys,multi,1,w/o Multimodal,24,0,1,24,1,0.0,0.0,0.0
SUP_EXT_0173,Superalloys,single,1,w/o Multimodal,7,5,3,2,8,0.62,0.71,0.66
SUP_EXT_0174,Superalloys,single,1,w/o Multimodal,12,10,2,2,12,0.83,0.83,0.83
SUP_EXT_0175,Superalloys,single,1,w/o Multimodal,10,6,5,4,11,0.55,0.6,0.57
SUP_EXT_0176,Superalloys,single,1,w/o Multimodal,6,4,2,2,6,0.67,0.67,0.67
SUP_EXT_0177,Superalloys,multi,1,w/o Multimodal,20,9,3,11,12,0.75,0.45,0.56
SUP_EXT_0178,Superalloys,single,1,w/o Multimodal,6,5,2,1,7,0.71,0.83,0.77
SUP_EXT_0179,Superalloys,single,1,w/o Multimodal,11,11,2,0,13,0.85,1.0,0.92
SUP_EXT_0180,Superalloys,multi,1,w/o Multimodal,18,15,2,3,17,0.88,0.83,0.85
SUP_EXT_0181,Superalloys,single,1,w/o Multimodal,10,6,2,4,8,0.75,0.6,0.67
SUP_EXT_0182,Superalloys,single,1,w/o Multimodal,11,10,0,1,10,1.0,0.91,0.95
SUP_EXT_0183,Superalloys,single,1,w/o Multimodal,11,8,1,3,9,0.89,0.73,0.8
SUP_EXT_0184,Superalloys,single,1,w/o Multimodal,6,6,2,0,8,0.75,1.0,0.86
SUP_EXT_0185,Superalloys,single,1,w/o Multimodal,8,5,3,3,8,0.62,0.62,0.62
SUP_EXT_0186,Superalloys,single,1,w/o Multimodal,13,8,4,5,12,0.67,0.62,0.64
SUP_EXT_0187,Superalloys,single,1,w/o Multimodal,11,9,4,2,13,0.69,0.82,0.75
SUP_EXT_0188,Superalloys,single,1,w/o Multimodal,9,6,2,3,8,0.75,0.67,0.71
SUP_EXT_0189,Superalloys,single,1,w/o Multimodal,5,0,0,5,0,0.0,0.0,0.0
SUP_EXT_0190,Superalloys,single,1,w/o Multimodal,15,10,4,5,14,0.71,0.67,0.69
SUP_EXT_0191,Superalloys,single,1,w/o Multimodal,7,5,2,2,7,0.71,0.71,0.71
SUP_EXT_0192,Superalloys,single,1,w/o Multimodal,10,6,1,4,7,0.86,0.6,0.71
SUP_EXT_0193,Superalloys,single,1,w/o Multimodal,9,7,1,2,8,0.88,0.78,0.83
SUP_EXT_0194,Superalloys,single,1,w/o Multimodal,12,7,4,5,11,0.64,0.58,0.61
SUP_EXT_0195,Superalloys,single,1,w/o Multimodal,7,5,2,2,7,0.71,0.71,0.71
SUP_EXT_0196,Superalloys,single,1,w/o Multimodal,11,0,3,11,3,0.0,0.0,0.0
SUP_EXT_0197,Superalloys,single,1,w/o Multimodal,10,9,1,1,10,0.9,0.9,0.9
SUP_EXT_0198,Superalloys,single,1,w/o Multimodal,11,6,3,5,9,0.67,0.55,0.6
SUP_EXT_0199,Superalloys,single,1,w/o Multimodal,8,6,1,2,7,0.86,0.75,0.8
SUP_EXT_0200,Superalloys,single,1,w/o Multimodal,8,5,2,3,7,0.71,0.62,0.66
SUP_EXT_0201,Superalloys,multi,1,w/o Multimodal,21,16,2,5,18,0.89,0.76,0.82
SUP_EXT_0202,Superalloys,single,1,w/o Multimodal,9,7,1,2,8,0.88,0.78,0.83
SUP_EXT_0203,Superalloys,single,1,w/o Multimodal,10,7,2,3,9,0.78,0.7,0.74
SUP_EXT_0204,Superalloys,single,1,w/o Multimodal,10,8,3,2,11,0.73,0.8,0.76
SUP_EXT_0205,Superalloys,single,1,w/o Multimodal,8,6,3,2,9,0.67,0.75,0.71
SUP_EXT_0206,Superalloys,single,1,w/o Multimodal,10,6,3,4,9,0.67,0.6,0.63
SUP_EXT_0207,Superalloys,single,1,w/o Multimodal,9,7,1,2,8,0.88,0.78,0.83
SUP_EXT_0208,Superalloys,single,1,w/o Multimodal,12,10,0,2,10,1.0,0.83,0.91
SUP_EXT_0209,Superalloys,single,1,w/o Multimodal,10,8,2,2,10,0.8,0.8,0.8
SUP_EXT_0210,Superalloys,single,1,w/o Multimodal,10,9,2,1,11,0.82,0.9,0.86
SUP_EXT_0211,Superalloys,single,1,w/o Multimodal,10,8,4,2,12,0.67,0.8,0.73
SUP_EXT_0212,Superalloys,single,1,w/o Multimodal,8,6,2,2,8,0.75,0.75,0.75
SUP_EXT_0213,Superalloys,single,1,w/o Multimodal,12,9,3,3,12,0.75,0.75,0.75
SUP_EXT_0214,Superalloys,single,1,w/o Multimodal,4,0,0,4,0,0.0,0.0,0.0
SEM_EXT_0001,Semiconductors,single,1,w/o Multimodal,6,5,2,1,7,0.71,0.83,0.77
SEM_EXT_0002,Semiconductors,single,1,w/o Multimodal,8,5,3,3,8,0.62,0.62,0.62
SEM_EXT_0003,Semiconductors,single,1,w/o Multimodal,9,9,2,0,11,0.82,1.0,0.9
SEM_EXT_0004,Semiconductors,single,1,w/o Multimodal,11,9,2,2,11,0.82,0.82,0.82
SEM_EXT_0005,Semiconductors,single,1,w/o Multimodal,10,9,0,1,9,1.0,0.9,0.95
SEM_EXT_0006,Semiconductors,single,1,w/o Multimodal,8,0,0,8,0,0.0,0.0,0.0
SEM_EXT_0007,Semiconductors,single,1,w/o Multimodal,12,7,5,5,12,0.58,0.58,0.58
SEM_EXT_0008,Semiconductors,single,1,w/o Multimodal,9,8,2,1,10,0.8,0.89,0.84
SEM_EXT_0009,Semiconductors,single,1,w/o Multimodal,10,9,1,1,10,0.9,0.9,0.9
SEM_EXT_0010,Semiconductors,single,1,w/o Multimodal,9,6,1,3,7,0.86,0.67,0.75
SEM_EXT_0011,Semiconductors,single,1,w/o Multimodal,12,12,0,0,12,1.0,1.0,1.0
SEM_EXT_0012,Semiconductors,single,1,w/o Multimodal,7,4,2,3,6,0.67,0.57,0.62
SEM_EXT_0013,Semiconductors,single,1,w/o Multimodal,12,8,2,4,10,0.8,0.67,0.73
SEM_EXT_0014,Semiconductors,single,1,w/o Multimodal,11,10,1,1,11,0.91,0.91,0.91
SEM_EXT_0015,Semiconductors,single,1,w/o Multimodal,12,8,3,4,11,0.73,0.67,0.7
SEM_EXT_0016,Semiconductors,multi,1,w/o Multimodal,29,24,2,5,26,0.92,0.83,0.87
SEM_EXT_0017,Semiconductors,single,1,w/o Multimodal,8,4,2,4,6,0.67,0.5,0.57
SEM_EXT_0018,Semiconductors,single,1,w/o Multimodal,11,8,3,3,11,0.73,0.73,0.73
SEM_EXT_0019,Semiconductors,single,1,w/o Multimodal,15,11,1,4,12,0.92,0.73,0.81
SEM_EXT_0020,Semiconductors,single,1,w/o Multimodal,12,9,3,3,12,0.75,0.75,0.75
SEM_EXT_0021,Semiconductors,single,1,w/o Multimodal,8,6,1,2,7,0.86,0.75,0.8
SEM_EXT_0022,Semiconductors,multi,1,w/o Multimodal,22,16,4,6,20,0.8,0.73,0.76
SEM_EXT_0023,Semiconductors,single,1,w/o Multimodal,13,12,1,1,13,0.92,0.92,0.92
SEM_EXT_0024,Semiconductors,single,1,w/o Multimodal,6,6,1,0,7,0.86,1.0,0.92
SEM_EXT_0025,Semiconductors,single,1,w/o Multimodal,6,5,2,1,7,0.71,0.83,0.77
SEM_EXT_0026,Semiconductors,single,1,w/o Multimodal,6,4,2,2,6,0.67,0.67,0.67
SEM_EXT_0027,Semiconductors,single,1,w/o Multimodal,10,8,2,2,10,0.8,0.8,0.8
SEM_EXT_0028,Semiconductors,single,1,w/o Multimodal,10,8,2,2,10,0.8,0.8,0.8
SEM_EXT_0029,Semiconductors,single,1,w/o Multimodal,15,10,4,5,14,0.71,0.67,0.69
SEM_EXT_0030,Semiconductors,multi,1,w/o Multimodal,33,23,4,10,27,0.85,0.7,0.77
SEM_EXT_0031,Semiconductors,single,1,w/o Multimodal,7,7,1,0,8,0.88,1.0,0.94
SEM_EXT_0032,Semiconductors,single,1,w/o Multimodal,9,8,1,1,9,0.89,0.89,0.89
SEM_EXT_0033,Semiconductors,single,1,w/o Multimodal,9,5,2,4,7,0.71,0.56,0.63
SEM_EXT_0034,Semiconductors,single,1,w/o Multimodal,12,10,2,2,12,0.83,0.83,0.83
SEM_EXT_0035,Semiconductors,single,1,w/o Multimodal,12,7,5,5,12,0.58,0.58,0.58
SEM_EXT_0036,Semiconductors,single,1,w/o Multimodal,8,6,3,2,9,0.67,0.75,0.71
SEM_EXT_0037,Semiconductors,single,1,w/o Multimodal,12,8,2,4,10,0.8,0.67,0.73
SEM_EXT_0038,Semiconductors,single,1,w/o Multimodal,12,10,0,2,10,1.0,0.83,0.91
SEM_EXT_0039,Semiconductors,single,1,w/o Multimodal,9,7,3,2,10,0.7,0.78,0.74
SEM_EXT_0040,Semiconductors,single,1,w/o Multimodal,12,8,1,4,9,0.89,0.67,0.76
SEM_EXT_0041,Semiconductors,multi,1,w/o Multimodal,36,22,8,14,30,0.73,0.61,0.66
SEM_EXT_0042,Semiconductors,single,1,w/o Multimodal,6,6,2,0,8,0.75,1.0,0.86
SEM_EXT_0043,Semiconductors,single,1,w/o Multimodal,11,9,1,2,10,0.9,0.82,0.86
SEM_EXT_0044,Semiconductors,single,1,w/o Multimodal,12,10,3,2,13,0.77,0.83,0.8
SEM_EXT_0045,Semiconductors,single,1,w/o Multimodal,8,6,1,2,7,0.86,0.75,0.8
SEM_EXT_0046,Semiconductors,multi,1,w/o Multimodal,24,18,1,6,19,0.95,0.75,0.84
SEM_EXT_0047,Semiconductors,single,1,w/o Multimodal,7,4,2,3,6,0.67,0.57,0.62
SEM_EXT_0048,Semiconductors,single,1,w/o Multimodal,8,5,2,3,7,0.71,0.62,0.66
SEM_EXT_0049,Semiconductors,single,1,w/o Multimodal,12,8,3,4,11,0.73,0.67,0.7
SEM_EXT_0050,Semiconductors,single,1,w/o Multimodal,6,5,2,1,7,0.71,0.83,0.77
SEM_EXT_0051,Semiconductors,single,1,w/o Multimodal,11,10,1,1,11,0.91,0.91,0.91
SEM_EXT_0052,Semiconductors,single,1,w/o Multimodal,8,6,1,2,7,0.86,0.75,0.8
SEM_EXT_0053,Semiconductors,single,1,w/o Multimodal,9,7,1,2,8,0.88,0.78,0.83
SEM_EXT_0054,Semiconductors,multi,1,w/o Multimodal,30,17,7,13,24,0.71,0.57,0.63
SEM_EXT_0055,Semiconductors,multi,1,w/o Multimodal,31,19,6,12,25,0.76,0.61,0.68
SEM_EXT_0056,Semiconductors,single,1,w/o Multimodal,6,5,2,1,7,0.71,0.83,0.77
SEM_EXT_0057,Semiconductors,single,1,w/o Multimodal,10,8,2,2,10,0.8,0.8,0.8
SEM_EXT_0058,Semiconductors,single,1,w/o Multimodal,9,9,0,0,9,1.0,1.0,1.0
SEM_EXT_0059,Semiconductors,single,1,w/o Multimodal,9,7,2,2,9,0.78,0.78,0.78
SEM_EXT_0060,Semiconductors,single,1,w/o Multimodal,11,7,3,4,10,0.7,0.64,0.67
SEM_EXT_0061,Semiconductors,single,1,w/o Multimodal,12,9,1,3,10,0.9,0.75,0.82
SEM_EXT_0062,Semiconductors,single,1,w/o Multimodal,6,6,1,0,7,0.86,1.0,0.92
SEM_EXT_0063,Semiconductors,single,1,w/o Multimodal,8,7,1,1,8,0.88,0.88,0.88
SEM_EXT_0064,Semiconductors,single,1,w/o Multimodal,7,7,3,0,10,0.7,1.0,0.82
SEM_EXT_0065,Semiconductors,single,1,w/o Multimodal,9,9,0,0,9,1.0,1.0,1.0
SEM_EXT_0066,Semiconductors,single,1,w/o Multimodal,11,10,1,1,11,0.91,0.91,0.91
SEM_EXT_0067,Semiconductors,single,1,w/o Multimodal,10,9,2,1,11,0.82,0.9,0.86
SEM_EXT_0068,Semiconductors,single,1,w/o Multimodal,7,6,3,1,9,0.67,0.86,0.75
SEM_EXT_0069,Semiconductors,single,1,w/o Multimodal,8,4,2,4,6,0.67,0.5,0.57
SEM_EXT_0070,Semiconductors,single,1,w/o Multimodal,6,5,2,1,7,0.71,0.83,0.77
SEM_EXT_0071,Semiconductors,single,1,w/o Multimodal,12,12,0,0,12,1.0,1.0,1.0
SEM_EXT_0072,Semiconductors,single,1,w/o Multimodal,10,7,2,3,9,0.78,0.7,0.74
SEM_EXT_0073,Semiconductors,single,1,w/o Multimodal,8,5,2,3,7,0.71,0.62,0.66
SEM_EXT_0074,Semiconductors,single,1,w/o Multimodal,6,6,1,0,7,0.86,1.0,0.92
SEM_EXT_0075,Semiconductors,single,1,w/o Multimodal,8,6,1,2,7,0.86,0.75,0.8
SEM_EXT_0076,Semiconductors,single,1,w/o Multimodal,10,8,1,2,9,0.89,0.8,0.84
SEM_EXT_0077,Semiconductors,multi,1,w/o Multimodal,25,16,6,9,22,0.73,0.64,0.68
SEM_EXT_0078,Semiconductors,single,1,w/o Multimodal,9,7,2,2,9,0.78,0.78,0.78
SEM_EXT_0079,Semiconductors,single,1,w/o Multimodal,10,7,2,3,9,0.78,0.7,0.74
SEM_EXT_0080,Semiconductors,single,1,w/o Multimodal,9,8,2,1,10,0.8,0.89,0.84
SEM_EXT_0081,Semiconductors,single,1,w/o Multimodal,14,12,1,2,13,0.92,0.86,0.89
SEM_EXT_0082,Semiconductors,multi,1,w/o Multimodal,28,21,3,7,24,0.88,0.75,0.81
SEM_EXT_0083,Semiconductors,single,1,w/o Multimodal,9,8,2,1,10,0.8,0.89,0.84
SEM_EXT_0084,Semiconductors,single,1,w/o Multimodal,6,4,2,2,6,0.67,0.67,0.67
SEM_EXT_0085,Semiconductors,single,1,w/o Multimodal,11,10,1,1,11,0.91,0.91,0.91
SEM_EXT_0086,Semiconductors,single,1,w/o Multimodal,9,6,2,3,8,0.75,0.67,0.71
SEM_EXT_0087,Semiconductors,single,1,w/o Multimodal,8,8,1,0,9,0.89,1.0,0.94
SEM_EXT_0088,Semiconductors,single,1,w/o Multimodal,11,8,1,3,9,0.89,0.73,0.8
SEM_EXT_0089,Semiconductors,single,1,w/o Multimodal,8,7,3,1,10,0.7,0.88,0.78
SEM_EXT_0090,Semiconductors,single,1,w/o Multimodal,9,0,2,9,2,0.0,0.0,0.0
SEM_EXT_0091,Semiconductors,single,1,w/o Multimodal,12,10,2,2,12,0.83,0.83,0.83
SEM_EXT_0092,Semiconductors,single,1,w/o Multimodal,9,7,1,2,8,0.88,0.78,0.83
SEM_EXT_0093,Semiconductors,single,1,w/o Multimodal,8,8,1,0,9,0.89,1.0,0.94
SEM_EXT_0094,Semiconductors,multi,1,w/o Multimodal,19,12,4,7,16,0.75,0.63,0.68
SEM_EXT_0095,Semiconductors,single,1,w/o Multimodal,10,6,3,4,9,0.67,0.6,0.63
SEM_EXT_0096,Semiconductors,single,1,w/o Multimodal,11,9,1,2,10,0.9,0.82,0.86
SEM_EXT_0097,Semiconductors,multi,1,w/o Multimodal,25,19,3,6,22,0.86,0.76,0.81
SEM_EXT_0098,Semiconductors,single,1,w/o Multimodal,10,6,4,4,10,0.6,0.6,0.6
SEM_EXT_0099,Semiconductors,single,1,w/o Multimodal,11,7,3,4,10,0.7,0.64,0.67
SEM_EXT_0100,Semiconductors,single,1,w/o Multimodal,13,8,3,5,11,0.73,0.62,0.67
SEM_EXT_0101,Semiconductors,single,1,w/o Multimodal,7,7,2,0,9,0.78,1.0,0.88
SEM_EXT_0102,Semiconductors,single,1,w/o Multimodal,8,6,2,2,8,0.75,0.75,0.75
SEM_EXT_0103,Semiconductors,single,1,w/o Multimodal,8,6,1,2,7,0.86,0.75,0.8
SEM_EXT_0104,Semiconductors,single,1,w/o Multimodal,7,7,1,0,8,0.88,1.0,0.94
SEM_EXT_0105,Semiconductors,single,1,w/o Multimodal,10,6,1,4,7,0.86,0.6,0.71
SEM_EXT_0106,Semiconductors,single,1,w/o Multimodal,9,7,1,2,8,0.88,0.78,0.83
SEM_EXT_0107,Semiconductors,single,1,w/o Multimodal,6,5,2,1,7,0.71,0.83,0.77
SEM_EXT_0108,Semiconductors,single,1,w/o Multimodal,12,9,0,3,9,1.0,0.75,0.86
SEM_EXT_0109,Semiconductors,single,1,w/o Multimodal,10,7,1,3,8,0.88,0.7,0.78
SEM_EXT_0110,Semiconductors,single,1,w/o Multimodal,11,6,1,5,7,0.86,0.55,0.67
SEM_EXT_0111,Semiconductors,single,1,w/o Multimodal,12,10,2,2,12,0.83,0.83,0.83
SEM_EXT_0112,Semiconductors,multi,1,w/o Multimodal,28,21,5,7,26,0.81,0.75,0.78
SEM_EXT_0113,Semiconductors,single,1,w/o Multimodal,9,8,0,1,8,1.0,0.89,0.94
SEM_EXT_0114,Semiconductors,single,1,w/o Multimodal,12,8,1,4,9,0.89,0.67,0.76
SEM_EXT_0115,Semiconductors,multi,1,w/o Multimodal,28,19,4,9,23,0.83,0.68,0.75
SEM_EXT_0116,Semiconductors,single,1,w/o Multimodal,11,8,1,3,9,0.89,0.73,0.8
SEM_EXT_0117,Semiconductors,single,1,w/o Multimodal,10,8,2,2,10,0.8,0.8,0.8
SEM_EXT_0118,Semiconductors,single,1,w/o Multimodal,12,9,3,3,12,0.75,0.75,0.75
SEM_EXT_0119,Semiconductors,single,1,w/o Multimodal,12,9,3,3,12,0.75,0.75,0.75
SEM_EXT_0120,Semiconductors,single,1,w/o Multimodal,11,10,0,1,10,1.0,0.91,0.95
SEM_EXT_0121,Semiconductors,single,1,w/o Multimodal,11,9,2,2,11,0.82,0.82,0.82
SEM_EXT_0122,Semiconductors,single,1,w/o Multimodal,10,9,2,1,11,0.82,0.9,0.86
SEM_EXT_0123,Semiconductors,single,1,w/o Multimodal,6,4,2,2,6,0.67,0.67,0.67
SEM_EXT_0124,Semiconductors,multi,1,w/o Multimodal,26,20,0,6,20,1.0,0.77,0.87
SEM_EXT_0125,Semiconductors,single,1,w/o Multimodal,12,7,3,5,10,0.7,0.58,0.63
SEM_EXT_0126,Semiconductors,single,1,w/o Multimodal,8,7,1,1,8,0.88,0.88,0.88
SEM_EXT_0127,Semiconductors,single,1,w/o Multimodal,4,0,3,4,3,0.0,0.0,0.0
SEM_EXT_0128,Semiconductors,single,1,w/o Multimodal,8,7,1,1,8,0.88,0.88,0.88
SEM_EXT_0129,Semiconductors,single,1,w/o Multimodal,13,6,3,7,9,0.67,0.46,0.55
SEM_EXT_0130,Semiconductors,single,1,w/o Multimodal,12,7,1,5,8,0.88,0.58,0.7
SEM_EXT_0131,Semiconductors,single,1,w/o Multimodal,10,0,2,10,2,0.0,0.0,0.0
SEM_EXT_0132,Semiconductors,single,1,w/o Multimodal,14,7,2,7,9,0.78,0.5,0.61
SEM_EXT_0133,Semiconductors,single,1,w/o Multimodal,8,6,1,2,7,0.86,0.75,0.8
SEM_EXT_0134,Semiconductors,single,1,w/o Multimodal,9,6,2,3,8,0.75,0.67,0.71
SEM_EXT_0135,Semiconductors,single,1,w/o Multimodal,12,10,1,2,11,0.91,0.83,0.87
SEM_EXT_0136,Semiconductors,multi,1,w/o Multimodal,38,28,7,10,35,0.8,0.74,0.77
SEM_EXT_0137,Semiconductors,single,1,w/o Multimodal,9,8,1,1,9,0.89,0.89,0.89
SEM_EXT_0138,Semiconductors,single,1,w/o Multimodal,7,5,2,2,7,0.71,0.71,0.71
SEM_EXT_0139,Semiconductors,single,1,w/o Multimodal,8,6,2,2,8,0.75,0.75,0.75
SEM_EXT_0140,Semiconductors,single,1,w/o Multimodal,10,9,1,1,10,0.9,0.9,0.9
SEM_EXT_0141,Semiconductors,multi,1,w/o Multimodal,28,18,5,10,23,0.78,0.64,0.7
SEM_EXT_0142,Semiconductors,single,1,w/o Multimodal,6,6,1,0,7,0.86,1.0,0.92
SEM_EXT_0143,Semiconductors,single,1,w/o Multimodal,9,7,1,2,8,0.88,0.78,0.83
SEM_EXT_0144,Semiconductors,single,1,w/o Multimodal,8,5,4,3,9,0.56,0.62,0.59
SEM_EXT_0145,Semiconductors,single,1,w/o Multimodal,10,10,1,0,11,0.91,1.0,0.95
SEM_EXT_0146,Semiconductors,single,1,w/o Multimodal,11,8,1,3,9,0.89,0.73,0.8
SEM_EXT_0147,Semiconductors,single,1,w/o Multimodal,12,8,3,4,11,0.73,0.67,0.7
SEM_EXT_0148,Semiconductors,single,1,w/o Multimodal,10,7,1,3,8,0.88,0.7,0.78
SEM_EXT_0149,Semiconductors,single,1,w/o Multimodal,6,6,1,0,7,0.86,1.0,0.92
SEM_EXT_0150,Semiconductors,single,1,w/o Multimodal,11,8,2,3,10,0.8,0.73,0.76
SEM_EXT_0151,Semiconductors,single,1,w/o Multimodal,7,5,2,2,7,0.71,0.71,0.71
SEM_EXT_0152,Semiconductors,single,1,w/o Multimodal,9,6,1,3,7,0.86,0.67,0.75
SEM_EXT_0153,Semiconductors,single,1,w/o Multimodal,11,11,1,0,12,0.92,1.0,0.96
SEM_EXT_0154,Semiconductors,multi,1,w/o Multimodal,23,17,2,6,19,0.89,0.74,0.81
SEM_EXT_0155,Semiconductors,single,1,w/o Multimodal,11,0,2,11,2,0.0,0.0,0.0
SEM_EXT_0156,Semiconductors,single,1,w/o Multimodal,11,6,2,5,8,0.75,0.55,0.63
SEM_EXT_0157,Semiconductors,single,1,w/o Multimodal,9,8,1,1,9,0.89,0.89,0.89
SEM_EXT_0158,Semiconductors,single,1,w/o Multimodal,6,5,2,1,7,0.71,0.83,0.77
SEM_EXT_0159,Semiconductors,single,1,w/o Multimodal,12,9,4,3,13,0.69,0.75,0.72
SEM_EXT_0160,Semiconductors,single,1,w/o Multimodal,9,6,2,3,8,0.75,0.67,0.71
SEM_EXT_0161,Semiconductors,single,1,w/o Multimodal,12,11,2,1,13,0.85,0.92,0.88
SEM_EXT_0162,Semiconductors,multi,1,w/o Multimodal,32,28,4,4,32,0.88,0.88,0.88
SEM_EXT_0163,Semiconductors,single,1,w/o Multimodal,7,7,1,0,8,0.88,1.0,0.94
SEM_EXT_0164,Semiconductors,single,1,w/o Multimodal,7,4,2,3,6,0.67,0.57,0.62
SEM_EXT_0165,Semiconductors,single,1,w/o Multimodal,6,6,2,0,8,0.75,1.0,0.86
SEM_EXT_0166,Semiconductors,single,1,w/o Multimodal,10,0,0,10,0,0.0,0.0,0.0
SEM_EXT_0167,Semiconductors,single,1,w/o Multimodal,7,5,2,2,7,0.71,0.71,0.71
SEM_EXT_0168,Semiconductors,single,1,w/o Multimodal,12,7,4,5,11,0.64,0.58,0.61
SEM_EXT_0169,Semiconductors,single,1,w/o Multimodal,11,7,3,4,10,0.7,0.64,0.67
SEM_EXT_0170,Semiconductors,single,1,w/o Multimodal,6,4,2,2,6,0.67,0.67,0.67
SEM_EXT_0171,Semiconductors,single,1,w/o Multimodal,8,6,1,2,7,0.86,0.75,0.8
SEM_EXT_0172,Semiconductors,single,1,w/o Multimodal,12,8,2,4,10,0.8,0.67,0.73
SEM_EXT_0173,Semiconductors,single,1,w/o Multimodal,6,5,2,1,7,0.71,0.83,0.77
SEM_EXT_0174,Semiconductors,multi,1,w/o Multimodal,24,23,2,1,25,0.92,0.96,0.94
SEM_EXT_0175,Semiconductors,single,1,w/o Multimodal,8,4,2,4,6,0.67,0.5,0.57
SEM_EXT_0176,Semiconductors,single,1,w/o Multimodal,8,7,1,1,8,0.88,0.88,0.88
SEM_EXT_0177,Semiconductors,multi,1,w/o Multimodal,36,23,6,13,29,0.79,0.64,0.71
SEM_EXT_0178,Semiconductors,single,1,w/o Multimodal,12,10,3,2,13,0.77,0.83,0.8
SEM_EXT_0179,Semiconductors,single,1,w/o Multimodal,9,0,0,9,0,0.0,0.0,0.0
SEM_EXT_0180,Semiconductors,single,1,w/o Multimodal,11,10,1,1,11,0.91,0.91,0.91
SEM_EXT_0181,Semiconductors,single,1,w/o Multimodal,10,8,1,2,9,0.89,0.8,0.84
SEM_EXT_0182,Semiconductors,multi,1,w/o Multimodal,25,10,3,15,13,0.77,0.4,0.53
SEM_EXT_0183,Semiconductors,single,1,w/o Multimodal,15,8,5,7,13,0.62,0.53,0.57
SEM_EXT_0184,Semiconductors,multi,1,w/o Multimodal,20,14,5,6,19,0.74,0.7,0.72
SEM_EXT_0185,Semiconductors,single,1,w/o Multimodal,6,5,4,1,9,0.56,0.83,0.67
SEM_EXT_0186,Semiconductors,single,1,w/o Multimodal,8,5,2,3,7,0.71,0.62,0.66
SEM_EXT_0187,Semiconductors,single,1,w/o Multimodal,7,6,1,1,7,0.86,0.86,0.86
SEM_EXT_0188,Semiconductors,single,1,w/o Multimodal,7,4,2,3,6,0.67,0.57,0.62
SEM_EXT_0189,Semiconductors,single,1,w/o Multimodal,6,4,2,2,6,0.67,0.67,0.67
SEM_EXT_0190,Semiconductors,single,1,w/o Multimodal,7,6,1,1,7,0.86,0.86,0.86
SEM_EXT_0191,Semiconductors,single,1,w/o Multimodal,6,4,3,2,7,0.57,0.67,0.62
SEM_EXT_0192,Semiconductors,single,1,w/o Multimodal,15,14,2,1,16,0.88,0.93,0.9
SEM_EXT_0193,Semiconductors,single,1,w/o Multimodal,10,9,0,1,9,1.0,0.9,0.95
SEM_EXT_0194,Semiconductors,single,1,w/o Multimodal,6,5,2,1,7,0.71,0.83,0.77
SEM_EXT_0195,Semiconductors,single,1,w/o Multimodal,10,7,1,3,8,0.88,0.7,0.78
SEM_EXT_0196,Semiconductors,single,1,w/o Multimodal,11,8,2,3,10,0.8,0.73,0.76
SEM_EXT_0197,Semiconductors,single,1,w/o Multimodal,8,7,1,1,8,0.88,0.88,0.88
SEM_EXT_0198,Semiconductors,single,1,w/o Multimodal,6,6,2,0,8,0.75,1.0,0.86
BAT_EXT_0001,Batteries,single,1,w/o Multimodal,8,5,2,3,7,0.71,0.62,0.66
BAT_EXT_0002,Batteries,single,1,w/o Multimodal,11,10,2,1,12,0.83,0.91,0.87
BAT_EXT_0003,Batteries,single,1,w/o Multimodal,12,10,3,2,13,0.77,0.83,0.8
BAT_EXT_0004,Batteries,single,1,w/o Multimodal,10,5,2,5,7,0.71,0.5,0.59
BAT_EXT_0005,Batteries,single,1,w/o Multimodal,6,5,2,1,7,0.71,0.83,0.77
BAT_EXT_0006,Batteries,single,1,w/o Multimodal,6,4,2,2,6,0.67,0.67,0.67
BAT_EXT_0007,Batteries,single,1,w/o Multimodal,12,10,1,2,11,0.91,0.83,0.87
BAT_EXT_0008,Batteries,single,1,w/o Multimodal,12,9,3,3,12,0.75,0.75,0.75
BAT_EXT_0009,Batteries,single,1,w/o Multimodal,7,5,2,2,7,0.71,0.71,0.71
BAT_EXT_0010,Batteries,single,1,w/o Multimodal,9,6,3,3,9,0.67,0.67,0.67
BAT_EXT_0011,Batteries,single,1,w/o Multimodal,10,9,1,1,10,0.9,0.9,0.9
BAT_EXT_0012,Batteries,single,1,w/o Multimodal,6,6,3,0,9,0.67,1.0,0.8
BAT_EXT_0013,Batteries,single,1,w/o Multimodal,8,6,1,2,7,0.86,0.75,0.8
BAT_EXT_0014,Batteries,single,1,w/o Multimodal,9,6,4,3,10,0.6,0.67,0.63
BAT_EXT_0015,Batteries,single,1,w/o Multimodal,6,3,2,3,5,0.6,0.5,0.55
BAT_EXT_0016,Batteries,multi,1,w/o Multimodal,18,12,5,6,17,0.71,0.67,0.69
BAT_EXT_0017,Batteries,single,1,w/o Multimodal,9,8,1,1,9,0.89,0.89,0.89
BAT_EXT_0018,Batteries,single,1,w/o Multimodal,11,7,2,4,9,0.78,0.64,0.7
BAT_EXT_0019,Batteries,multi,1,w/o Multimodal,22,12,5,10,17,0.71,0.55,0.62
BAT_EXT_0020,Batteries,single,1,w/o Multimodal,12,8,2,4,10,0.8,0.67,0.73
BAT_EXT_0021,Batteries,single,1,w/o Multimodal,8,6,2,2,8,0.75,0.75,0.75
BAT_EXT_0022,Batteries,single,1,w/o Multimodal,12,7,1,5,8,0.88,0.58,0.7
BAT_EXT_0023,Batteries,single,1,w/o Multimodal,9,8,2,1,10,0.8,0.89,0.84
BAT_EXT_0024,Batteries,single,1,w/o Multimodal,6,6,1,0,7,0.86,1.0,0.92
BAT_EXT_0025,Batteries,single,1,w/o Multimodal,13,8,5,5,13,0.62,0.62,0.62
BAT_EXT_0026,Batteries,single,1,w/o Multimodal,11,6,2,5,8,0.75,0.55,0.63
BAT_EXT_0027,Batteries,single,1,w/o Multimodal,11,9,2,2,11,0.82,0.82,0.82
BAT_EXT_0028,Batteries,single,1,w/o Multimodal,11,11,0,0,11,1.0,1.0,1.0
BAT_EXT_0029,Batteries,single,1,w/o Multimodal,9,7,3,2,10,0.7,0.78,0.74
BAT_EXT_0030,Batteries,single,1,w/o Multimodal,7,6,1,1,7,0.86,0.86,0.86
BAT_EXT_0031,Batteries,single,1,w/o Multimodal,7,5,2,2,7,0.71,0.71,0.71
BAT_EXT_0032,Batteries,single,1,w/o Multimodal,12,12,0,0,12,1.0,1.0,1.0
BAT_EXT_0033,Batteries,single,1,w/o Multimodal,6,3,2,3,5,0.6,0.5,0.55
BAT_EXT_0034,Batteries,single,1,w/o Multimodal,6,6,1,0,7,0.86,1.0,0.92
BAT_EXT_0035,Batteries,single,1,w/o Multimodal,12,9,2,3,11,0.82,0.75,0.78
BAT_EXT_0036,Batteries,single,1,w/o Multimodal,7,5,2,2,7,0.71,0.71,0.71
BAT_EXT_0037,Batteries,single,1,w/o Multimodal,8,6,2,2,8,0.75,0.75,0.75
BAT_EXT_0038,Batteries,single,1,w/o Multimodal,12,11,0,1,11,1.0,0.92,0.96
BAT_EXT_0039,Batteries,single,1,w/o Multimodal,12,10,2,2,12,0.83,0.83,0.83
BAT_EXT_0040,Batteries,single,1,w/o Multimodal,6,4,3,2,7,0.57,0.67,0.62
BAT_EXT_0041,Batteries,single,1,w/o Multimodal,6,6,1,0,7,0.86,1.0,0.92
BAT_EXT_0042,Batteries,single,1,w/o Multimodal,11,11,1,0,12,0.92,1.0,0.96
BAT_EXT_0043,Batteries,single,1,w/o Multimodal,10,10,0,0,10,1.0,1.0,1.0
BAT_EXT_0044,Batteries,single,1,w/o Multimodal,10,8,2,2,10,0.8,0.8,0.8
BAT_EXT_0045,Batteries,single,1,w/o Multimodal,8,5,2,3,7,0.71,0.62,0.66
BAT_EXT_0046,Batteries,single,1,w/o Multimodal,11,8,1,3,9,0.89,0.73,0.8
BAT_EXT_0047,Batteries,single,1,w/o Multimodal,10,9,1,1,10,0.9,0.9,0.9
BAT_EXT_0048,Batteries,multi,1,w/o Multimodal,21,13,4,8,17,0.76,0.62,0.68
BAT_EXT_0049,Batteries,single,1,w/o Multimodal,12,11,2,1,13,0.85,0.92,0.88
BAT_EXT_0050,Batteries,multi,1,w/o Multimodal,33,23,1,10,24,0.96,0.7,0.81
BAT_EXT_0051,Batteries,single,1,w/o Multimodal,13,9,3,4,12,0.75,0.69,0.72
BAT_EXT_0052,Batteries,single,1,w/o Multimodal,11,11,0,0,11,1.0,1.0,1.0
BAT_EXT_0053,Batteries,single,1,w/o Multimodal,4,0,1,4,1,0.0,0.0,0.0
BAT_EXT_0054,Batteries,multi,1,w/o Multimodal,25,18,5,7,23,0.78,0.72,0.75
BAT_EXT_0055,Batteries,single,1,w/o Multimodal,8,0,3,8,3,0.0,0.0,0.0
BAT_EXT_0056,Batteries,single,1,w/o Multimodal,9,6,2,3,8,0.75,0.67,0.71
BAT_EXT_0057,Batteries,multi,1,w/o Multimodal,22,18,4,4,22,0.82,0.82,0.82
BAT_EXT_0058,Batteries,single,1,w/o Multimodal,9,5,2,4,7,0.71,0.56,0.63
BAT_EXT_0059,Batteries,single,1,w/o Multimodal,11,9,3,2,12,0.75,0.82,0.78
BAT_EXT_0060,Batteries,single,1,w/o Multimodal,6,6,1,0,7,0.86,1.0,0.92
BAT_EXT_0061,Batteries,single,1,w/o Multimodal,12,11,1,1,12,0.92,0.92,0.92
BAT_EXT_0062,Batteries,multi,1,w/o Multimodal,27,16,8,11,24,0.67,0.59,0.63
BAT_EXT_0063,Batteries,single,1,w/o Multimodal,8,4,2,4,6,0.67,0.5,0.57
BAT_EXT_0064,Batteries,single,1,w/o Multimodal,6,6,1,0,7,0.86,1.0,0.92
BAT_EXT_0065,Batteries,single,1,w/o Multimodal,10,9,3,1,12,0.75,0.9,0.82
BAT_EXT_0066,Batteries,single,1,w/o Multimodal,8,7,2,1,9,0.78,0.88,0.83
BAT_EXT_0067,Batteries,single,1,w/o Multimodal,10,10,0,0,10,1.0,1.0,1.0
BAT_EXT_0068,Batteries,single,1,w/o Multimodal,9,5,2,4,7,0.71,0.56,0.63
BAT_EXT_0069,Batteries,single,1,w/o Multimodal,10,9,3,1,12,0.75,0.9,0.82
BAT_EXT_0070,Batteries,single,1,w/o Multimodal,10,10,2,0,12,0.83,1.0,0.91
BAT_EXT_0071,Batteries,single,1,w/o Multimodal,12,8,1,4,9,0.89,0.67,0.76
BAT_EXT_0072,Batteries,single,1,w/o Multimodal,12,7,2,5,9,0.78,0.58,0.67
BAT_EXT_0073,Batteries,single,1,w/o Multimodal,7,5,2,2,7,0.71,0.71,0.71
BAT_EXT_0074,Batteries,single,1,w/o Multimodal,13,9,2,4,11,0.82,0.69,0.75
BAT_EXT_0075,Batteries,single,1,w/o Multimodal,6,5,2,1,7,0.71,0.83,0.77
BAT_EXT_0076,Batteries,single,1,w/o Multimodal,8,5,2,3,7,0.71,0.62,0.66
BAT_EXT_0077,Batteries,single,1,w/o Multimodal,11,9,1,2,10,0.9,0.82,0.86
BAT_EXT_0078,Batteries,single,1,w/o Multimodal,8,7,1,1,8,0.88,0.88,0.88
BAT_EXT_0079,Batteries,single,1,w/o Multimodal,9,6,1,3,7,0.86,0.67,0.75
BAT_EXT_0080,Batteries,single,1,w/o Multimodal,8,7,2,1,9,0.78,0.88,0.83
BAT_EXT_0081,Batteries,single,1,w/o Multimodal,6,3,2,3,5,0.6,0.5,0.55
BAT_EXT_0082,Batteries,single,1,w/o Multimodal,6,4,2,2,6,0.67,0.67,0.67
BAT_EXT_0083,Batteries,single,1,w/o Multimodal,9,7,2,2,9,0.78,0.78,0.78
BAT_EXT_0084,Batteries,single,1,w/o Multimodal,8,7,1,1,8,0.88,0.88,0.88
BAT_EXT_0085,Batteries,single,1,w/o Multimodal,8,6,1,2,7,0.86,0.75,0.8
BAT_EXT_0086,Batteries,multi,1,w/o Multimodal,18,12,5,6,17,0.71,0.67,0.69
BAT_EXT_0087,Batteries,single,1,w/o Multimodal,9,8,3,1,11,0.73,0.89,0.8
BAT_EXT_0088,Batteries,single,1,w/o Multimodal,7,0,2,7,2,0.0,0.0,0.0
BAT_EXT_0089,Batteries,single,1,w/o Multimodal,10,8,3,2,11,0.73,0.8,0.76
BAT_EXT_0090,Batteries,single,1,w/o Multimodal,12,10,2,2,12,0.83,0.83,0.83
BAT_EXT_0091,Batteries,single,1,w/o Multimodal,7,4,2,3,6,0.67,0.57,0.62
BAT_EXT_0092,Batteries,single,1,w/o Multimodal,9,7,2,2,9,0.78,0.78,0.78
BAT_EXT_0093,Batteries,single,1,w/o Multimodal,12,9,0,3,9,1.0,0.75,0.86
BAT_EXT_0094,Batteries,single,1,w/o Multimodal,7,7,1,0,8,0.88,1.0,0.94
BAT_EXT_0095,Batteries,single,1,w/o Multimodal,9,0,0,9,0,0.0,0.0,0.0
BAT_EXT_0096,Batteries,single,1,w/o Multimodal,8,7,1,1,8,0.88,0.88,0.88
BAT_EXT_0097,Batteries,multi,1,w/o Multimodal,21,15,4,6,19,0.79,0.71,0.75
BAT_EXT_0098,Batteries,single,1,w/o Multimodal,7,6,3,1,9,0.67,0.86,0.75
BAT_EXT_0099,Batteries,single,1,w/o Multimodal,9,6,2,3,8,0.75,0.67,0.71
BAT_EXT_0100,Batteries,multi,1,w/o Multimodal,24,18,3,6,21,0.86,0.75,0.8
BAT_EXT_0101,Batteries,single,1,w/o Multimodal,12,10,3,2,13,0.77,0.83,0.8
BAT_EXT_0102,Batteries,single,1,w/o Multimodal,9,4,2,5,6,0.67,0.44,0.53
BAT_EXT_0103,Batteries,single,1,w/o Multimodal,7,6,1,1,7,0.86,0.86,0.86
BAT_EXT_0104,Batteries,single,1,w/o Multimodal,7,5,3,2,8,0.62,0.71,0.66
BAT_EXT_0105,Batteries,single,1,w/o Multimodal,6,6,1,0,7,0.86,1.0,0.92
BAT_EXT_0106,Batteries,single,1,w/o Multimodal,10,8,1,2,9,0.89,0.8,0.84
BAT_EXT_0107,Batteries,multi,1,w/o Multimodal,20,14,5,6,19,0.74,0.7,0.72
BAT_EXT_0108,Batteries,single,1,w/o Multimodal,12,11,3,1,14,0.79,0.92,0.85
BAT_EXT_0109,Batteries,single,1,w/o Multimodal,8,5,2,3,7,0.71,0.62,0.66
BAT_EXT_0110,Batteries,multi,1,w/o Multimodal,25,13,5,12,18,0.72,0.52,0.6
BAT_EXT_0111,Batteries,single,1,w/o Multimodal,10,9,2,1,11,0.82,0.9,0.86
BAT_EXT_0112,Batteries,single,1,w/o Multimodal,9,7,1,2,8,0.88,0.78,0.83
BAT_EXT_0113,Batteries,single,1,w/o Multimodal,8,7,1,1,8,0.88,0.88,0.88
BAT_EXT_0114,Batteries,single,1,w/o Multimodal,9,7,3,2,10,0.7,0.78,0.74
BAT_EXT_0115,Batteries,single,1,w/o Multimodal,10,8,0,2,8,1.0,0.8,0.89
BAT_EXT_0116,Batteries,single,1,w/o Multimodal,10,8,1,2,9,0.89,0.8,0.84
BAT_EXT_0117,Batteries,multi,1,w/o Multimodal,24,19,6,5,25,0.76,0.79,0.77
BAT_EXT_0118,Batteries,single,1,w/o Multimodal,11,9,0,2,9,1.0,0.82,0.9
BAT_EXT_0119,Batteries,single,1,w/o Multimodal,12,10,1,2,11,0.91,0.83,0.87
BAT_EXT_0120,Batteries,multi,1,w/o Multimodal,22,20,2,2,22,0.91,0.91,0.91
BAT_EXT_0121,Batteries,single,1,w/o Multimodal,8,8,1,0,9,0.89,1.0,0.94
BAT_EXT_0122,Batteries,single,1,w/o Multimodal,9,8,3,1,11,0.73,0.89,0.8
BAT_EXT_0123,Batteries,single,1,w/o Multimodal,6,5,2,1,7,0.71,0.83,0.77
BAT_EXT_0124,Batteries,single,1,w/o Multimodal,11,7,2,4,9,0.78,0.64,0.7
BAT_EXT_0125,Batteries,single,1,w/o Multimodal,9,8,1,1,9,0.89,0.89,0.89
BAT_EXT_0126,Batteries,single,1,w/o Multimodal,6,3,2,3,5,0.6,0.5,0.55
BAT_EXT_0127,Batteries,single,1,w/o Multimodal,9,7,4,2,11,0.64,0.78,0.7
BAT_EXT_0128,Batteries,multi,1,w/o Multimodal,32,22,7,10,29,0.76,0.69,0.72
BAT_EXT_0129,Batteries,multi,1,w/o Multimodal,28,21,5,7,26,0.81,0.75,0.78
BAT_EXT_0130,Batteries,single,1,w/o Multimodal,12,7,2,5,9,0.78,0.58,0.67
BAT_EXT_0131,Batteries,single,1,w/o Multimodal,9,7,2,2,9,0.78,0.78,0.78
BAT_EXT_0132,Batteries,single,1,w/o Multimodal,9,7,4,2,11,0.64,0.78,0.7
BAT_EXT_0133,Batteries,single,1,w/o Multimodal,4,0,0,4,0,0.0,0.0,0.0
BAT_EXT_0134,Batteries,single,1,w/o Multimodal,7,5,2,2,7,0.71,0.71,0.71
BAT_EXT_0135,Batteries,single,1,w/o Multimodal,8,5,3,3,8,0.62,0.62,0.62
BAT_EXT_0136,Batteries,single,1,w/o Multimodal,7,4,2,3,6,0.67,0.57,0.62
BAT_EXT_0137,Batteries,single,1,w/o Multimodal,6,5,4,1,9,0.56,0.83,0.67
BAT_EXT_0138,Batteries,multi,1,w/o Multimodal,24,15,8,9,23,0.65,0.62,0.63
BAT_EXT_0139,Batteries,single,1,w/o Multimodal,9,8,5,1,13,0.62,0.89,0.73
BAT_EXT_0140,Batteries,single,1,w/o Multimodal,9,7,1,2,8,0.88,0.78,0.83
BAT_EXT_0141,Batteries,single,1,w/o Multimodal,14,12,4,2,16,0.75,0.86,0.8
BAT_EXT_0142,Batteries,single,1,w/o Multimodal,8,7,2,1,9,0.78,0.88,0.83
BAT_EXT_0143,Batteries,single,1,w/o Multimodal,9,6,5,3,11,0.55,0.67,0.6
BAT_EXT_0144,Batteries,single,1,w/o Multimodal,6,5,2,1,7,0.71,0.83,0.77
BAT_EXT_0145,Batteries,single,1,w/o Multimodal,6,4,2,2,6,0.67,0.67,0.67
BAT_EXT_0146,Batteries,single,1,w/o Multimodal,11,9,3,2,12,0.75,0.82,0.78
BAT_EXT_0147,Batteries,single,1,w/o Multimodal,6,6,1,0,7,0.86,1.0,0.92
BAT_EXT_0148,Batteries,single,1,w/o Multimodal,7,4,3,3,7,0.57,0.57,0.57
BAT_EXT_0149,Batteries,single,1,w/o Multimodal,7,5,2,2,7,0.71,0.71,0.71
BAT_EXT_0150,Batteries,single,1,w/o Multimodal,12,9,1,3,10,0.9,0.75,0.82
BAT_EXT_0151,Batteries,single,1,w/o Multimodal,4,0,0,4,0,0.0,0.0,0.0
BAT_EXT_0152,Batteries,single,1,w/o Multimodal,12,8,4,4,12,0.67,0.67,0.67
BAT_EXT_0153,Batteries,single,1,w/o Multimodal,6,5,2,1,7,0.71,0.83,0.77
BAT_EXT_0154,Batteries,single,1,w/o Multimodal,6,4,2,2,6,0.67,0.67,0.67
BAT_EXT_0155,Batteries,single,1,w/o Multimodal,11,9,1,2,10,0.9,0.82,0.86
BAT_EXT_0156,Batteries,single,1,w/o Multimodal,6,3,3,3,6,0.5,0.5,0.5
BAT_EXT_0157,Batteries,multi,1,w/o Multimodal,24,21,5,3,26,0.81,0.88,0.84
BAT_EXT_0158,Batteries,single,1,w/o Multimodal,7,6,2,1,8,0.75,0.86,0.8
BAT_EXT_0159,Batteries,single,1,w/o Multimodal,11,9,3,2,12,0.75,0.82,0.78
BAT_EXT_0160,Batteries,single,1,w/o Multimodal,8,5,3,3,8,0.62,0.62,0.62
BAT_EXT_0161,Batteries,single,1,w/o Multimodal,10,7,3,3,10,0.7,0.7,0.7
BAT_EXT_0162,Batteries,single,1,w/o Multimodal,8,7,1,1,8,0.88,0.88,0.88
BAT_EXT_0163,Batteries,multi,1,w/o Multimodal,23,16,5,7,21,0.76,0.7,0.73
BAT_EXT_0164,Batteries,single,1,w/o Multimodal,11,8,1,3,9,0.89,0.73,0.8
BAT_EXT_0165,Batteries,single,1,w/o Multimodal,8,7,2,1,9,0.78,0.88,0.83
BAT_EXT_0166,Batteries,single,1,w/o Multimodal,12,9,1,3,10,0.9,0.75,0.82
BAT_EXT_0167,Batteries,single,1,w/o Multimodal,9,6,4,3,10,0.6,0.67,0.63
BAT_EXT_0168,Batteries,single,1,w/o Multimodal,6,5,2,1,7,0.71,0.83,0.77
BAT_EXT_0169,Batteries,multi,1,w/o Multimodal,25,14,3,11,17,0.82,0.56,0.67
BAT_EXT_0170,Batteries,single,1,w/o Multimodal,6,5,2,1,7,0.71,0.83,0.77
BAT_EXT_0171,Batteries,single,1,w/o Multimodal,10,6,2,4,8,0.75,0.6,0.67
BAT_EXT_0172,Batteries,multi,1,w/o Multimodal,26,18,6,8,24,0.75,0.69,0.72
BAT_EXT_0173,Batteries,single,1,w/o Multimodal,9,8,1,1,9,0.89,0.89,0.89
BAT_EXT_0174,Batteries,single,1,w/o Multimodal,11,10,1,1,11,0.91,0.91,0.91
BAT_EXT_0175,Batteries,single,1,w/o Multimodal,8,6,1,2,7,0.86,0.75,0.8
BAT_EXT_0176,Batteries,single,1,w/o Multimodal,12,8,4,4,12,0.67,0.67,0.67
BAT_EXT_0177,Batteries,single,1,w/o Multimodal,12,11,2,1,13,0.85,0.92,0.88
BAT_EXT_0178,Batteries,single,1,w/o Multimodal,6,5,2,1,7,0.71,0.83,0.77
BAT_EXT_0179,Batteries,single,1,w/o Multimodal,11,8,1,3,9,0.89,0.73,0.8
BAT_EXT_0180,Batteries,single,1,w/o Multimodal,12,8,3,4,11,0.73,0.67,0.7
BAT_EXT_0181,Batteries,multi,1,w/o Multimodal,22,16,8,6,24,0.67,0.73,0.7
BAT_EXT_0182,Batteries,single,1,w/o Multimodal,10,9,2,1,11,0.82,0.9,0.86
BAT_EXT_0183,Batteries,single,1,w/o Multimodal,9,6,1,3,7,0.86,0.67,0.75
BAT_EXT_0184,Batteries,single,1,w/o Multimodal,7,6,1,1,7,0.86,0.86,0.86
BAT_EXT_0185,Batteries,single,1,w/o Multimodal,10,8,1,2,9,0.89,0.8,0.84
BAT_EXT_0186,Batteries,single,1,w/o Multimodal,11,8,2,3,10,0.8,0.73,0.76
BAT_EXT_0187,Batteries,single,1,w/o Multimodal,12,12,0,0,12,1.0,1.0,1.0
BAT_EXT_0188,Batteries,single,1,w/o Multimodal,7,5,3,2,8,0.62,0.71,0.66
BAT_EXT_0189,Batteries,single,1,w/o Multimodal,8,6,1,2,7,0.86,0.75,0.8
BAT_EXT_0190,Batteries,single,1,w/o Multimodal,8,6,2,2,8,0.75,0.75,0.75
BAT_EXT_0191,Batteries,single,1,w/o Multimodal,12,7,2,5,9,0.78,0.58,0.67
BAT_EXT_0192,Batteries,single,1,w/o Multimodal,12,7,1,5,8,0.88,0.58,0.7
BAT_EXT_0193,Batteries,single,1,w/o Multimodal,11,8,3,3,11,0.73,0.73,0.73
BAT_EXT_0194,Batteries,single,1,w/o Multimodal,6,5,2,1,7,0.71,0.83,0.77
BAT_EXT_0195,Batteries,single,1,w/o Multimodal,10,7,1,3,8,0.88,0.7,0.78
BAT_EXT_0196,Batteries,single,1,w/o Multimodal,11,9,4,2,13,0.69,0.82,0.75
BAT_EXT_0197,Batteries,single,1,w/o Multimodal,9,8,1,1,9,0.89,0.89,0.89
BAT_EXT_0198,Batteries,multi,1,w/o Multimodal,19,10,5,9,15,0.67,0.53,0.59
BAT_EXT_0199,Batteries,single,1,w/o Multimodal,11,9,3,2,12,0.75,0.82,0.78
BAT_EXT_0200,Batteries,single,1,w/o Multimodal,7,4,3,3,7,0.57,0.57,0.57
BAT_EXT_0201,Batteries,single,1,w/o Multimodal,10,7,3,3,10,0.7,0.7,0.7
BAT_EXT_0202,Batteries,single,1,w/o Multimodal,8,7,1,1,8,0.88,0.88,0.88
BAT_EXT_0203,Batteries,single,1,w/o Multimodal,12,9,3,3,12,0.75,0.75,0.75
BAT_EXT_0204,Batteries,single,1,w/o Multimodal,12,8,3,4,11,0.73,0.67,0.7
BAT_EXT_0205,Batteries,single,1,w/o Multimodal,6,6,0,0,6,1.0,1.0,1.0
BAT_EXT_0206,Batteries,single,1,w/o Multimodal,8,6,3,2,9,0.67,0.75,0.71
SUP_EXT_0001,Superalloys,single,2,w/o Multimodal,7,6,2,1,8,0.75,0.86,0.8
SUP_EXT_0002,Superalloys,single,2,w/o Multimodal,6,4,2,2,6,0.67,0.67,0.67
SUP_EXT_0003,Superalloys,single,2,w/o Multimodal,7,6,1,1,7,0.86,0.86,0.86
SUP_EXT_0004,Superalloys,single,2,w/o Multimodal,7,4,2,3,6,0.67,0.57,0.62
SUP_EXT_0005,Superalloys,multi,2,w/o Multimodal,35,29,8,6,37,0.78,0.83,0.8
SUP_EXT_0006,Superalloys,single,2,w/o Multimodal,9,5,2,4,7,0.71,0.56,0.63
SUP_EXT_0007,Superalloys,single,2,w/o Multimodal,6,4,2,2,6,0.67,0.67,0.67
SUP_EXT_0008,Superalloys,single,2,w/o Multimodal,7,4,2,3,6,0.67,0.57,0.62
SUP_EXT_0009,Superalloys,single,2,w/o Multimodal,6,5,2,1,7,0.71,0.83,0.77
SUP_EXT_0010,Superalloys,multi,2,w/o Multimodal,29,21,3,8,24,0.88,0.72,0.79
SUP_EXT_0011,Superalloys,single,2,w/o Multimodal,6,6,2,0,8,0.75,1.0,0.86
SUP_EXT_0012,Superalloys,single,2,w/o Multimodal,10,5,2,5,7,0.71,0.5,0.59
SUP_EXT_0013,Superalloys,single,2,w/o Multimodal,6,4,2,2,6,0.67,0.67,0.67
SUP_EXT_0014,Superalloys,single,2,w/o Multimodal,10,8,2,2,10,0.8,0.8,0.8
SUP_EXT_0015,Superalloys,single,2,w/o Multimodal,11,9,3,2,12,0.75,0.82,0.78
SUP_EXT_0016,Superalloys,single,2,w/o Multimodal,8,7,1,1,8,0.88,0.88,0.88
SUP_EXT_0017,Superalloys,multi,2,w/o Multimodal,27,17,7,10,24,0.71,0.63,0.67
SUP_EXT_0018,Superalloys,single,2,w/o Multimodal,9,6,2,3,8,0.75,0.67,0.71
SUP_EXT_0019,Superalloys,single,2,w/o Multimodal,11,10,1,1,11,0.91,0.91,0.91
SUP_EXT_0020,Superalloys,single,2,w/o Multimodal,12,11,1,1,12,0.92,0.92,0.92
SUP_EXT_0021,Superalloys,single,2,w/o Multimodal,9,7,3,2,10,0.7,0.78,0.74
SUP_EXT_0022,Superalloys,single,2,w/o Multimodal,9,5,3,4,8,0.62,0.56,0.59
SUP_EXT_0023,Superalloys,single,2,w/o Multimodal,11,8,2,3,10,0.8,0.73,0.76
SUP_EXT_0024,Superalloys,single,2,w/o Multimodal,7,7,1,0,8,0.88,1.0,0.94
SUP_EXT_0025,Superalloys,single,2,w/o Multimodal,6,5,2,1,7,0.71,0.83,0.77
SUP_EXT_0026,Superalloys,multi,2,w/o Multimodal,28,17,8,11,25,0.68,0.61,0.64
SUP_EXT_0027,Superalloys,single,2,w/o Multimodal,7,6,2,1,8,0.75,0.86,0.8
SUP_EXT_0028,Superalloys,multi,2,w/o Multimodal,38,25,10,13,35,0.71,0.66,0.68
SUP_EXT_0029,Superalloys,multi,2,w/o Multimodal,21,13,3,8,16,0.81,0.62,0.7
SUP_EXT_0030,Superalloys,single,2,w/o Multimodal,8,7,1,1,8,0.88,0.88,0.88
SUP_EXT_0031,Superalloys,single,2,w/o Multimodal,8,7,1,1,8,0.88,0.88,0.88
SUP_EXT_0032,Superalloys,single,2,w/o Multimodal,10,7,4,3,11,0.64,0.7,0.67
SUP_EXT_0033,Superalloys,multi,2,w/o Multimodal,21,15,7,6,22,0.68,0.71,0.69
SUP_EXT_0034,Superalloys,single,2,w/o Multimodal,4,0,1,4,1,0.0,0.0,0.0
SUP_EXT_0035,Superalloys,single,2,w/o Multimodal,10,6,2,4,8,0.75,0.6,0.67
SUP_EXT_0036,Superalloys,single,2,w/o Multimodal,7,7,3,0,10,0.7,1.0,0.82
SUP_EXT_0037,Superalloys,single,2,w/o Multimodal,7,4,2,3,6,0.67,0.57,0.62
SUP_EXT_0038,Superalloys,single,2,w/o Multimodal,9,8,2,1,10,0.8,0.89,0.84
SUP_EXT_0039,Superalloys,single,2,w/o Multimodal,6,6,1,0,7,0.86,1.0,0.92
SUP_EXT_0040,Superalloys,single,2,w/o Multimodal,7,6,1,1,7,0.86,0.86,0.86
SUP_EXT_0041,Superalloys,single,2,w/o Multimodal,12,8,1,4,9,0.89,0.67,0.76
SUP_EXT_0042,Superalloys,single,2,w/o Multimodal,10,7,2,3,9,0.78,0.7,0.74
SUP_EXT_0043,Superalloys,single,2,w/o Multimodal,7,5,2,2,7,0.71,0.71,0.71
SUP_EXT_0044,Superalloys,single,2,w/o Multimodal,6,4,2,2,6,0.67,0.67,0.67
SUP_EXT_0045,Superalloys,single,2,w/o Multimodal,6,6,1,0,7,0.86,1.0,0.92
SUP_EXT_0046,Superalloys,single,2,w/o Multimodal,8,7,1,1,8,0.88,0.88,0.88
SUP_EXT_0047,Superalloys,single,2,w/o Multimodal,9,8,1,1,9,0.89,0.89,0.89
SUP_EXT_0048,Superalloys,single,2,w/o Multimodal,6,3,2,3,5,0.6,0.5,0.55
SUP_EXT_0049,Superalloys,single,2,w/o Multimodal,7,0,0,7,0,0.0,0.0,0.0
SUP_EXT_0050,Superalloys,single,2,w/o Multimodal,6,4,2,2,6,0.67,0.67,0.67
SUP_EXT_0051,Superalloys,single,2,w/o Multimodal,7,5,2,2,7,0.71,0.71,0.71
SUP_EXT_0052,Superalloys,single,2,w/o Multimodal,11,8,6,3,14,0.57,0.73,0.64
SUP_EXT_0053,Superalloys,single,2,w/o Multimodal,6,0,0,6,0,0.0,0.0,0.0
SUP_EXT_0054,Superalloys,single,2,w/o Multimodal,11,10,2,1,12,0.83,0.91,0.87
SUP_EXT_0055,Superalloys,single,2,w/o Multimodal,15,10,4,5,14,0.71,0.67,0.69
SUP_EXT_0056,Superalloys,single,2,w/o Multimodal,11,7,1,4,8,0.88,0.64,0.74
SUP_EXT_0057,Superalloys,single,2,w/o Multimodal,9,8,3,1,11,0.73,0.89,0.8
SUP_EXT_0058,Superalloys,single,2,w/o Multimodal,9,7,1,2,8,0.88,0.78,0.83
SUP_EXT_0059,Superalloys,single,2,w/o Multimodal,8,8,2,0,10,0.8,1.0,0.89
SUP_EXT_0060,Superalloys,single,2,w/o Multimodal,12,11,2,1,13,0.85,0.92,0.88
SUP_EXT_0061,Superalloys,single,2,w/o Multimodal,11,7,1,4,8,0.88,0.64,0.74
SUP_EXT_0062,Superalloys,single,2,w/o Multimodal,9,5,2,4,7,0.71,0.56,0.63
SUP_EXT_0063,Superalloys,single,2,w/o Multimodal,7,6,1,1,7,0.86,0.86,0.86
SUP_EXT_0064,Superalloys,single,2,w/o Multimodal,8,6,2,2,8,0.75,0.75,0.75
SUP_EXT_0065,Superalloys,single,2,w/o Multimodal,7,4,2,3,6,0.67,0.57,0.62
SUP_EXT_0066,Superalloys,single,2,w/o Multimodal,6,6,2,0,8,0.75,1.0,0.86
SUP_EXT_0067,Superalloys,single,2,w/o Multimodal,10,6,1,4,7,0.86,0.6,0.71
SUP_EXT_0068,Superalloys,multi,2,w/o Multimodal,27,16,3,11,19,0.84,0.59,0.69
SUP_EXT_0069,Superalloys,single,2,w/o Multimodal,8,4,2,4,6,0.67,0.5,0.57
SUP_EXT_0070,Superalloys,single,2,w/o Multimodal,12,10,3,2,13,0.77,0.83,0.8
SUP_EXT_0071,Superalloys,single,2,w/o Multimodal,10,6,1,4,7,0.86,0.6,0.71
SUP_EXT_0072,Superalloys,single,2,w/o Multimodal,11,10,2,1,12,0.83,0.91,0.87
SUP_EXT_0073,Superalloys,single,2,w/o Multimodal,8,6,1,2,7,0.86,0.75,0.8
SUP_EXT_0074,Superalloys,single,2,w/o Multimodal,13,10,2,3,12,0.83,0.77,0.8
SUP_EXT_0075,Superalloys,single,2,w/o Multimodal,9,9,0,0,9,1.0,1.0,1.0
SUP_EXT_0076,Superalloys,single,2,w/o Multimodal,9,5,2,4,7,0.71,0.56,0.63
SUP_EXT_0077,Superalloys,single,2,w/o Multimodal,12,10,3,2,13,0.77,0.83,0.8
SUP_EXT_0078,Superalloys,single,2,w/o Multimodal,6,5,3,1,8,0.62,0.83,0.71
SUP_EXT_0079,Superalloys,single,2,w/o Multimodal,9,7,1,2,8,0.88,0.78,0.83
SUP_EXT_0080,Superalloys,single,2,w/o Multimodal,8,6,2,2,8,0.75,0.75,0.75
SUP_EXT_0081,Superalloys,single,2,w/o Multimodal,13,0,1,13,1,0.0,0.0,0.0
SUP_EXT_0082,Superalloys,single,2,w/o Multimodal,9,7,1,2,8,0.88,0.78,0.83
SUP_EXT_0083,Superalloys,single,2,w/o Multimodal,10,9,0,1,9,1.0,0.9,0.95
SUP_EXT_0084,Superalloys,single,2,w/o Multimodal,14,12,0,2,12,1.0,0.86,0.92
SUP_EXT_0085,Superalloys,single,2,w/o Multimodal,10,10,0,0,10,1.0,1.0,1.0
SUP_EXT_0086,Superalloys,multi,2,w/o Multimodal,22,12,7,10,19,0.63,0.55,0.59
SUP_EXT_0087,Superalloys,single,2,w/o Multimodal,8,0,2,8,2,0.0,0.0,0.0
SUP_EXT_0088,Superalloys,single,2,w/o Multimodal,10,6,2,4,8,0.75,0.6,0.67
SUP_EXT_0089,Superalloys,single,2,w/o Multimodal,7,5,2,2,7,0.71,0.71,0.71
SUP_EXT_0090,Superalloys,multi,2,w/o Multimodal,31,23,4,8,27,0.85,0.74,0.79
SUP_EXT_0091,Superalloys,single,2,w/o Multimodal,6,6,2,0,8,0.75,1.0,0.86
SUP_EXT_0092,Superalloys,single,2,w/o Multimodal,11,7,2,4,9,0.78,0.64,0.7
SUP_EXT_0093,Superalloys,multi,2,w/o Multimodal,23,12,6,11,18,0.67,0.52,0.59
SUP_EXT_0094,Superalloys,single,2,w/o Multimodal,12,10,0,2,10,1.0,0.83,0.91
SUP_EXT_0095,Superalloys,single,2,w/o Multimodal,11,8,2,3,10,0.8,0.73,0.76
SUP_EXT_0096,Superalloys,single,2,w/o Multimodal,13,12,3,1,15,0.8,0.92,0.86
SUP_EXT_0097,Superalloys,single,2,w/o Multimodal,6,6,1,0,7,0.86,1.0,0.92
SUP_EXT_0098,Superalloys,multi,2,w/o Multimodal,21,16,3,5,19,0.84,0.76,0.8
SUP_EXT_0099,Superalloys,single,2,w/o Multimodal,11,10,4,1,14,0.71,0.91,0.8
SUP_EXT_0100,Superalloys,single,2,w/o Multimodal,12,9,5,3,14,0.64,0.75,0.69
SUP_EXT_0101,Superalloys,single,2,w/o Multimodal,6,3,2,3,5,0.6,0.5,0.55
SUP_EXT_0102,Superalloys,single,2,w/o Multimodal,14,13,2,1,15,0.87,0.93,0.9
SUP_EXT_0103,Superalloys,single,2,w/o Multimodal,9,5,2,4,7,0.71,0.56,0.63
SUP_EXT_0104,Superalloys,single,2,w/o Multimodal,12,9,1,3,10,0.9,0.75,0.82
SUP_EXT_0105,Superalloys,single,2,w/o Multimodal,12,10,4,2,14,0.71,0.83,0.77
SUP_EXT_0106,Superalloys,single,2,w/o Multimodal,11,8,2,3,10,0.8,0.73,0.76
SUP_EXT_0107,Superalloys,single,2,w/o Multimodal,11,8,5,3,13,0.62,0.73,0.67
SUP_EXT_0108,Superalloys,single,2,w/o Multimodal,12,9,1,3,10,0.9,0.75,0.82
SUP_EXT_0109,Superalloys,single,2,w/o Multimodal,12,9,3,3,12,0.75,0.75,0.75
SUP_EXT_0110,Superalloys,single,2,w/o Multimodal,9,5,2,4,7,0.71,0.56,0.63
SUP_EXT_0111,Superalloys,single,2,w/o Multimodal,6,5,2,1,7,0.71,0.83,0.77
SUP_EXT_0112,Superalloys,single,2,w/o Multimodal,6,6,1,0,7,0.86,1.0,0.92
SUP_EXT_0113,Superalloys,multi,2,w/o Multimodal,23,13,6,10,19,0.68,0.57,0.62
SUP_EXT_0114,Superalloys,single,2,w/o Multimodal,11,5,2,6,7,0.71,0.45,0.55
SUP_EXT_0115,Superalloys,single,2,w/o Multimodal,10,8,1,2,9,0.89,0.8,0.84
SUP_EXT_0116,Superalloys,single,2,w/o Multimodal,7,5,2,2,7,0.71,0.71,0.71
SUP_EXT_0117,Superalloys,single,2,w/o Multimodal,11,9,0,2,9,1.0,0.82,0.9
SUP_EXT_0118,Superalloys,single,2,w/o Multimodal,11,9,1,2,10,0.9,0.82,0.86
SUP_EXT_0119,Superalloys,single,2,w/o Multimodal,6,5,2,1,7,0.71,0.83,0.77
SUP_EXT_0120,Superalloys,single,2,w/o Multimodal,11,9,5,2,14,0.64,0.82,0.72
SUP_EXT_0121,Superalloys,multi,2,w/o Multimodal,25,19,1,6,20,0.95,0.76,0.84
SUP_EXT_0122,Superalloys,single,2,w/o Multimodal,11,7,2,4,9,0.78,0.64,0.7
SUP_EXT_0123,Superalloys,single,2,w/o Multimodal,11,7,1,4,8,0.88,0.64,0.74
SUP_EXT_0124,Superalloys,single,2,w/o Multimodal,12,9,4,3,13,0.69,0.75,0.72
SUP_EXT_0125,Superalloys,multi,2,w/o Multimodal,24,16,2,8,18,0.89,0.67,0.76
SUP_EXT_0126,Superalloys,single,2,w/o Multimodal,10,9,2,1,11,0.82,0.9,0.86
SUP_EXT_0127,Superalloys,single,2,w/o Multimodal,9,8,2,1,10,0.8,0.89,0.84
SUP_EXT_0128,Superalloys,single,2,w/o Multimodal,6,5,2,1,7,0.71,0.83,0.77
SUP_EXT_0129,Superalloys,single,2,w/o Multimodal,11,8,4,3,12,0.67,0.73,0.7
SUP_EXT_0130,Superalloys,multi,2,w/o Multimodal,27,26,0,1,26,1.0,0.96,0.98
SUP_EXT_0131,Superalloys,single,2,w/o Multimodal,8,7,2,1,9,0.78,0.88,0.83
SUP_EXT_0132,Superalloys,single,2,w/o Multimodal,11,8,1,3,9,0.89,0.73,0.8
SUP_EXT_0133,Superalloys,single,2,w/o Multimodal,10,8,2,2,10,0.8,0.8,0.8
SUP_EXT_0134,Superalloys,single,2,w/o Multimodal,11,7,2,4,9,0.78,0.64,0.7
SUP_EXT_0135,Superalloys,single,2,w/o Multimodal,8,6,1,2,7,0.86,0.75,0.8
SUP_EXT_0136,Superalloys,single,2,w/o Multimodal,12,9,2,3,11,0.82,0.75,0.78
SUP_EXT_0137,Superalloys,single,2,w/o Multimodal,8,6,3,2,9,0.67,0.75,0.71
SUP_EXT_0138,Superalloys,multi,2,w/o Multimodal,21,12,6,9,18,0.67,0.57,0.62
SUP_EXT_0139,Superalloys,single,2,w/o Multimodal,9,0,1,9,1,0.0,0.0,0.0
SUP_EXT_0140,Superalloys,single,2,w/o Multimodal,6,4,2,2,6,0.67,0.67,0.67
SUP_EXT_0141,Superalloys,single,2,w/o Multimodal,11,6,3,5,9,0.67,0.55,0.6
SUP_EXT_0142,Superalloys,multi,2,w/o Multimodal,24,16,4,8,20,0.8,0.67,0.73
SUP_EXT_0143,Superalloys,single,2,w/o Multimodal,12,7,2,5,9,0.78,0.58,0.67
SUP_EXT_0144,Superalloys,single,2,w/o Multimodal,12,7,4,5,11,0.64,0.58,0.61
SUP_EXT_0145,Superalloys,single,2,w/o Multimodal,6,6,1,0,7,0.86,1.0,0.92
SUP_EXT_0146,Superalloys,multi,2,w/o Multimodal,21,18,3,3,21,0.86,0.86,0.86
SUP_EXT_0147,Superalloys,single,2,w/o Multimodal,8,6,3,2,9,0.67,0.75,0.71
SUP_EXT_0148,Superalloys,multi,2,w/o Multimodal,18,15,1,3,16,0.94,0.83,0.88
SUP_EXT_0149,Superalloys,single,2,w/o Multimodal,9,5,3,4,8,0.62,0.56,0.59
SUP_EXT_0150,Superalloys,single,2,w/o Multimodal,8,6,1,2,7,0.86,0.75,0.8
SUP_EXT_0151,Superalloys,single,2,w/o Multimodal,11,8,5,3,13,0.62,0.73,0.67
SUP_EXT_0152,Superalloys,single,2,w/o Multimodal,10,6,1,4,7,0.86,0.6,0.71
SUP_EXT_0153,Superalloys,single,2,w/o Multimodal,8,7,1,1,8,0.88,0.88,0.88
SUP_EXT_0154,Superalloys,single,2,w/o Multimodal,8,7,1,1,8,0.88,0.88,0.88
SUP_EXT_0155,Superalloys,single,2,w/o Multimodal,10,6,5,4,11,0.55,0.6,0.57
SUP_EXT_0156,Superalloys,single,2,w/o Multimodal,10,7,1,3,8,0.88,0.7,0.78
SUP_EXT_0157,Superalloys,single,2,w/o Multimodal,8,6,2,2,8,0.75,0.75,0.75
SUP_EXT_0158,Superalloys,single,2,w/o Multimodal,10,8,2,2,10,0.8,0.8,0.8
SUP_EXT_0159,Superalloys,single,2,w/o Multimodal,12,9,4,3,13,0.69,0.75,0.72
SUP_EXT_0160,Superalloys,single,2,w/o Multimodal,11,0,3,11,3,0.0,0.0,0.0
SUP_EXT_0161,Superalloys,single,2,w/o Multimodal,7,7,1,0,8,0.88,1.0,0.94
SUP_EXT_0162,Superalloys,single,2,w/o Multimodal,9,6,2,3,8,0.75,0.67,0.71
SUP_EXT_0163,Superalloys,single,2,w/o Multimodal,12,8,1,4,9,0.89,0.67,0.76
SUP_EXT_0164,Superalloys,single,2,w/o Multimodal,7,5,4,2,9,0.56,0.71,0.63
SUP_EXT_0165,Superalloys,single,2,w/o Multimodal,11,8,3,3,11,0.73,0.73,0.73
SUP_EXT_0166,Superalloys,single,2,w/o Multimodal,10,9,2,1,11,0.82,0.9,0.86
SUP_EXT_0167,Superalloys,single,2,w/o Multimodal,11,9,1,2,10,0.9,0.82,0.86
SUP_EXT_0168,Superalloys,single,2,w/o Multimodal,6,5,2,1,7,0.71,0.83,0.77
SUP_EXT_0169,Superalloys,single,2,w/o Multimodal,6,4,2,2,6,0.67,0.67,0.67
SUP_EXT_0170,Superalloys,single,2,w/o Multimodal,6,6,2,0,8,0.75,1.0,0.86
SUP_EXT_0171,Superalloys,single,2,w/o Multimodal,11,8,2,3,10,0.8,0.73,0.76
SUP_EXT_0172,Superalloys,multi,2,w/o Multimodal,24,0,1,24,1,0.0,0.0,0.0
SUP_EXT_0173,Superalloys,single,2,w/o Multimodal,7,6,2,1,8,0.75,0.86,0.8
SUP_EXT_0174,Superalloys,single,2,w/o Multimodal,12,11,2,1,13,0.85,0.92,0.88
SUP_EXT_0175,Superalloys,single,2,w/o Multimodal,10,0,3,10,3,0.0,0.0,0.0
SUP_EXT_0176,Superalloys,single,2,w/o Multimodal,6,6,1,0,7,0.86,1.0,0.92
SUP_EXT_0177,Superalloys,multi,2,w/o Multimodal,20,16,2,4,18,0.89,0.8,0.84
SUP_EXT_0178,Superalloys,single,2,w/o Multimodal,6,3,2,3,5,0.6,0.5,0.55
SUP_EXT_0179,Superalloys,single,2,w/o Multimodal,11,10,1,1,11,0.91,0.91,0.91
SUP_EXT_0180,Superalloys,multi,2,w/o Multimodal,18,15,3,3,18,0.83,0.83,0.83
SUP_EXT_0181,Superalloys,single,2,w/o Multimodal,10,7,2,3,9,0.78,0.7,0.74
SUP_EXT_0182,Superalloys,single,2,w/o Multimodal,11,7,1,4,8,0.88,0.64,0.74
SUP_EXT_0183,Superalloys,single,2,w/o Multimodal,11,9,1,2,10,0.9,0.82,0.86
SUP_EXT_0184,Superalloys,single,2,w/o Multimodal,6,6,1,0,7,0.86,1.0,0.92
SUP_EXT_0185,Superalloys,single,2,w/o Multimodal,8,6,1,2,7,0.86,0.75,0.8
SUP_EXT_0186,Superalloys,single,2,w/o Multimodal,13,9,3,4,12,0.75,0.69,0.72
SUP_EXT_0187,Superalloys,single,2,w/o Multimodal,11,9,1,2,10,0.9,0.82,0.86
SUP_EXT_0188,Superalloys,single,2,w/o Multimodal,9,6,2,3,8,0.75,0.67,0.71
SUP_EXT_0189,Superalloys,single,2,w/o Multimodal,5,3,2,2,5,0.6,0.6,0.6
SUP_EXT_0190,Superalloys,single,2,w/o Multimodal,15,11,4,4,15,0.73,0.73,0.73
SUP_EXT_0191,Superalloys,single,2,w/o Multimodal,7,6,1,1,7,0.86,0.86,0.86
SUP_EXT_0192,Superalloys,single,2,w/o Multimodal,10,7,1,3,8,0.88,0.7,0.78
SUP_EXT_0193,Superalloys,single,2,w/o Multimodal,9,8,3,1,11,0.73,0.89,0.8
SUP_EXT_0194,Superalloys,single,2,w/o Multimodal,12,6,3,6,9,0.67,0.5,0.57
SUP_EXT_0195,Superalloys,single,2,w/o Multimodal,7,6,1,1,7,0.86,0.86,0.86
SUP_EXT_0196,Superalloys,single,2,w/o Multimodal,11,8,3,3,11,0.73,0.73,0.73
SUP_EXT_0197,Superalloys,single,2,w/o Multimodal,10,7,2,3,9,0.78,0.7,0.74
SUP_EXT_0198,Superalloys,single,2,w/o Multimodal,11,11,2,0,13,0.85,1.0,0.92
SUP_EXT_0199,Superalloys,single,2,w/o Multimodal,8,5,2,3,7,0.71,0.62,0.66
SUP_EXT_0200,Superalloys,single,2,w/o Multimodal,8,6,3,2,9,0.67,0.75,0.71
SUP_EXT_0201,Superalloys,multi,2,w/o Multimodal,21,17,0,4,17,1.0,0.81,0.9
SUP_EXT_0202,Superalloys,single,2,w/o Multimodal,9,8,1,1,9,0.89,0.89,0.89
SUP_EXT_0203,Superalloys,single,2,w/o Multimodal,10,9,2,1,11,0.82,0.9,0.86
SUP_EXT_0204,Superalloys,single,2,w/o Multimodal,10,7,3,3,10,0.7,0.7,0.7
SUP_EXT_0205,Superalloys,single,2,w/o Multimodal,8,6,2,2,8,0.75,0.75,0.75
SUP_EXT_0206,Superalloys,single,2,w/o Multimodal,10,8,2,2,10,0.8,0.8,0.8
SUP_EXT_0207,Superalloys,single,2,w/o Multimodal,9,8,2,1,10,0.8,0.89,0.84
SUP_EXT_0208,Superalloys,single,2,w/o Multimodal,12,9,2,3,11,0.82,0.75,0.78
SUP_EXT_0209,Superalloys,single,2,w/o Multimodal,10,8,3,2,11,0.73,0.8,0.76
SUP_EXT_0210,Superalloys,single,2,w/o Multimodal,10,6,2,4,8,0.75,0.6,0.67
SUP_EXT_0211,Superalloys,single,2,w/o Multimodal,10,9,1,1,10,0.9,0.9,0.9
SUP_EXT_0212,Superalloys,single,2,w/o Multimodal,8,8,3,0,11,0.73,1.0,0.84
SUP_EXT_0213,Superalloys,single,2,w/o Multimodal,12,9,2,3,11,0.82,0.75,0.78
SUP_EXT_0214,Superalloys,single,2,w/o Multimodal,4,0,0,4,0,0.0,0.0,0.0
SEM_EXT_0001,Semiconductors,single,2,w/o Multimodal,6,6,1,0,7,0.86,1.0,0.92
SEM_EXT_0002,Semiconductors,single,2,w/o Multimodal,8,4,2,4,6,0.67,0.5,0.57
SEM_EXT_0003,Semiconductors,single,2,w/o Multimodal,9,6,1,3,7,0.86,0.67,0.75
SEM_EXT_0004,Semiconductors,single,2,w/o Multimodal,11,7,3,4,10,0.7,0.64,0.67
SEM_EXT_0005,Semiconductors,single,2,w/o Multimodal,10,6,2,4,8,0.75,0.6,0.67
SEM_EXT_0006,Semiconductors,single,2,w/o Multimodal,8,6,4,2,10,0.6,0.75,0.67
SEM_EXT_0007,Semiconductors,single,2,w/o Multimodal,12,0,0,12,0,0.0,0.0,0.0
SEM_EXT_0008,Semiconductors,single,2,w/o Multimodal,9,8,1,1,9,0.89,0.89,0.89
SEM_EXT_0009,Semiconductors,single,2,w/o Multimodal,10,8,4,2,12,0.67,0.8,0.73
SEM_EXT_0010,Semiconductors,single,2,w/o Multimodal,9,6,1,3,7,0.86,0.67,0.75
SEM_EXT_0011,Semiconductors,single,2,w/o Multimodal,12,11,1,1,12,0.92,0.92,0.92
SEM_EXT_0012,Semiconductors,single,2,w/o Multimodal,7,3,2,4,5,0.6,0.43,0.5
SEM_EXT_0013,Semiconductors,single,2,w/o Multimodal,12,11,1,1,12,0.92,0.92,0.92
SEM_EXT_0014,Semiconductors,single,2,w/o Multimodal,11,8,1,3,9,0.89,0.73,0.8
SEM_EXT_0015,Semiconductors,single,2,w/o Multimodal,12,9,0,3,9,1.0,0.75,0.86
SEM_EXT_0016,Semiconductors,multi,2,w/o Multimodal,29,22,1,7,23,0.96,0.76,0.85
SEM_EXT_0017,Semiconductors,single,2,w/o Multimodal,8,5,2,3,7,0.71,0.62,0.66
SEM_EXT_0018,Semiconductors,single,2,w/o Multimodal,11,8,3,3,11,0.73,0.73,0.73
SEM_EXT_0019,Semiconductors,single,2,w/o Multimodal,15,13,2,2,15,0.87,0.87,0.87
SEM_EXT_0020,Semiconductors,single,2,w/o Multimodal,12,7,4,5,11,0.64,0.58,0.61
SEM_EXT_0021,Semiconductors,single,2,w/o Multimodal,8,7,1,1,8,0.88,0.88,0.88
SEM_EXT_0022,Semiconductors,multi,2,w/o Multimodal,22,17,4,5,21,0.81,0.77,0.79
SEM_EXT_0023,Semiconductors,single,2,w/o Multimodal,13,10,3,3,13,0.77,0.77,0.77
SEM_EXT_0024,Semiconductors,single,2,w/o Multimodal,6,6,1,0,7,0.86,1.0,0.92
SEM_EXT_0025,Semiconductors,single,2,w/o Multimodal,6,5,2,1,7,0.71,0.83,0.77
SEM_EXT_0026,Semiconductors,single,2,w/o Multimodal,6,5,2,1,7,0.71,0.83,0.77
SEM_EXT_0027,Semiconductors,single,2,w/o Multimodal,10,6,2,4,8,0.75,0.6,0.67
SEM_EXT_0028,Semiconductors,single,2,w/o Multimodal,10,8,1,2,9,0.89,0.8,0.84
SEM_EXT_0029,Semiconductors,single,2,w/o Multimodal,15,12,3,3,15,0.8,0.8,0.8
SEM_EXT_0030,Semiconductors,multi,2,w/o Multimodal,33,24,5,9,29,0.83,0.73,0.78
SEM_EXT_0031,Semiconductors,single,2,w/o Multimodal,7,6,1,1,7,0.86,0.86,0.86
SEM_EXT_0032,Semiconductors,single,2,w/o Multimodal,9,8,1,1,9,0.89,0.89,0.89
SEM_EXT_0033,Semiconductors,single,2,w/o Multimodal,9,7,3,2,10,0.7,0.78,0.74
SEM_EXT_0034,Semiconductors,single,2,w/o Multimodal,12,10,2,2,12,0.83,0.83,0.83
SEM_EXT_0035,Semiconductors,single,2,w/o Multimodal,12,11,4,1,15,0.73,0.92,0.81
SEM_EXT_0036,Semiconductors,single,2,w/o Multimodal,8,6,2,2,8,0.75,0.75,0.75
SEM_EXT_0037,Semiconductors,single,2,w/o Multimodal,12,8,3,4,11,0.73,0.67,0.7
SEM_EXT_0038,Semiconductors,single,2,w/o Multimodal,12,11,1,1,12,0.92,0.92,0.92
SEM_EXT_0039,Semiconductors,single,2,w/o Multimodal,9,6,2,3,8,0.75,0.67,0.71
SEM_EXT_0040,Semiconductors,single,2,w/o Multimodal,12,9,2,3,11,0.82,0.75,0.78
SEM_EXT_0041,Semiconductors,multi,2,w/o Multimodal,36,22,9,14,31,0.71,0.61,0.66
SEM_EXT_0042,Semiconductors,single,2,w/o Multimodal,6,6,0,0,6,1.0,1.0,1.0
SEM_EXT_0043,Semiconductors,single,2,w/o Multimodal,11,8,2,3,10,0.8,0.73,0.76
SEM_EXT_0044,Semiconductors,single,2,w/o Multimodal,12,10,1,2,11,0.91,0.83,0.87
SEM_EXT_0045,Semiconductors,single,2,w/o Multimodal,8,5,3,3,8,0.62,0.62,0.62
SEM_EXT_0046,Semiconductors,multi,2,w/o Multimodal,24,20,1,4,21,0.95,0.83,0.89
SEM_EXT_0047,Semiconductors,single,2,w/o Multimodal,7,5,2,2,7,0.71,0.71,0.71
SEM_EXT_0048,Semiconductors,single,2,w/o Multimodal,8,8,0,0,8,1.0,1.0,1.0
SEM_EXT_0049,Semiconductors,single,2,w/o Multimodal,12,9,2,3,11,0.82,0.75,0.78
SEM_EXT_0050,Semiconductors,single,2,w/o Multimodal,6,6,1,0,7,0.86,1.0,0.92
SEM_EXT_0051,Semiconductors,single,2,w/o Multimodal,11,7,1,4,8,0.88,0.64,0.74
SEM_EXT_0052,Semiconductors,single,2,w/o Multimodal,8,5,2,3,7,0.71,0.62,0.66
SEM_EXT_0053,Semiconductors,single,2,w/o Multimodal,9,7,1,2,8,0.88,0.78,0.83
SEM_EXT_0054,Semiconductors,multi,2,w/o Multimodal,30,20,7,10,27,0.74,0.67,0.7
SEM_EXT_0055,Semiconductors,multi,2,w/o Multimodal,31,24,6,7,30,0.8,0.77,0.78
SEM_EXT_0056,Semiconductors,single,2,w/o Multimodal,6,6,1,0,7,0.86,1.0,0.92
SEM_EXT_0057,Semiconductors,single,2,w/o Multimodal,10,8,1,2,9,0.89,0.8,0.84
SEM_EXT_0058,Semiconductors,single,2,w/o Multimodal,9,8,1,1,9,0.89,0.89,0.89
SEM_EXT_0059,Semiconductors,single,2,w/o Multimodal,9,7,1,2,8,0.88,0.78,0.83
SEM_EXT_0060,Semiconductors,single,2,w/o Multimodal,11,9,2,2,11,0.82,0.82,0.82
SEM_EXT_0061,Semiconductors,single,2,w/o Multimodal,12,10,1,2,11,0.91,0.83,0.87
SEM_EXT_0062,Semiconductors,single,2,w/o Multimodal,6,4,4,2,8,0.5,0.67,0.57
SEM_EXT_0063,Semiconductors,single,2,w/o Multimodal,8,8,1,0,9,0.89,1.0,0.94
SEM_EXT_0064,Semiconductors,single,2,w/o Multimodal,7,4,2,3,6,0.67,0.57,0.62
SEM_EXT_0065,Semiconductors,single,2,w/o Multimodal,9,8,1,1,9,0.89,0.89,0.89
SEM_EXT_0066,Semiconductors,single,2,w/o Multimodal,11,8,2,3,10,0.8,0.73,0.76
SEM_EXT_0067,Semiconductors,single,2,w/o Multimodal,10,8,1,2,9,0.89,0.8,0.84
SEM_EXT_0068,Semiconductors,single,2,w/o Multimodal,7,7,1,0,8,0.88,1.0,0.94
SEM_EXT_0069,Semiconductors,single,2,w/o Multimodal,8,6,1,2,7,0.86,0.75,0.8
SEM_EXT_0070,Semiconductors,single,2,w/o Multimodal,6,4,2,2,6,0.67,0.67,0.67
SEM_EXT_0071,Semiconductors,single,2,w/o Multimodal,12,10,2,2,12,0.83,0.83,0.83
SEM_EXT_0072,Semiconductors,single,2,w/o Multimodal,10,8,1,2,9,0.89,0.8,0.84
SEM_EXT_0073,Semiconductors,single,2,w/o Multimodal,8,7,1,1,8,0.88,0.88,0.88
SEM_EXT_0074,Semiconductors,single,2,w/o Multimodal,6,3,2,3,5,0.6,0.5,0.55
SEM_EXT_0075,Semiconductors,single,2,w/o Multimodal,8,6,2,2,8,0.75,0.75,0.75
SEM_EXT_0076,Semiconductors,single,2,w/o Multimodal,10,9,1,1,10,0.9,0.9,0.9
SEM_EXT_0077,Semiconductors,multi,2,w/o Multimodal,25,15,4,10,19,0.79,0.6,0.68
SEM_EXT_0078,Semiconductors,single,2,w/o Multimodal,9,6,3,3,9,0.67,0.67,0.67
SEM_EXT_0079,Semiconductors,single,2,w/o Multimodal,10,9,0,1,9,1.0,0.9,0.95
SEM_EXT_0080,Semiconductors,single,2,w/o Multimodal,9,4,2,5,6,0.67,0.44,0.53
SEM_EXT_0081,Semiconductors,single,2,w/o Multimodal,14,7,1,7,8,0.88,0.5,0.64
SEM_EXT_0082,Semiconductors,multi,2,w/o Multimodal,28,21,2,7,23,0.91,0.75,0.82
SEM_EXT_0083,Semiconductors,single,2,w/o Multimodal,9,7,2,2,9,0.78,0.78,0.78
SEM_EXT_0084,Semiconductors,single,2,w/o Multimodal,6,4,2,2,6,0.67,0.67,0.67
SEM_EXT_0085,Semiconductors,single,2,w/o Multimodal,11,9,1,2,10,0.9,0.82,0.86
SEM_EXT_0086,Semiconductors,single,2,w/o Multimodal,9,7,1,2,8,0.88,0.78,0.83
SEM_EXT_0087,Semiconductors,single,2,w/o Multimodal,8,6,1,2,7,0.86,0.75,0.8
SEM_EXT_0088,Semiconductors,single,2,w/o Multimodal,11,7,2,4,9,0.78,0.64,0.7
SEM_EXT_0089,Semiconductors,single,2,w/o Multimodal,8,7,2,1,9,0.78,0.88,0.83
SEM_EXT_0090,Semiconductors,single,2,w/o Multimodal,9,0,0,9,0,0.0,0.0,0.0
SEM_EXT_0091,Semiconductors,single,2,w/o Multimodal,12,7,2,5,9,0.78,0.58,0.67
SEM_EXT_0092,Semiconductors,single,2,w/o Multimodal,9,7,5,2,12,0.58,0.78,0.67
SEM_EXT_0093,Semiconductors,single,2,w/o Multimodal,8,6,1,2,7,0.86,0.75,0.8
SEM_EXT_0094,Semiconductors,multi,2,w/o Multimodal,19,15,4,4,19,0.79,0.79,0.79
SEM_EXT_0095,Semiconductors,single,2,w/o Multimodal,10,0,0,10,0,0.0,0.0,0.0
SEM_EXT_0096,Semiconductors,single,2,w/o Multimodal,11,9,1,2,10,0.9,0.82,0.86
SEM_EXT_0097,Semiconductors,multi,2,w/o Multimodal,25,15,4,10,19,0.79,0.6,0.68
SEM_EXT_0098,Semiconductors,single,2,w/o Multimodal,10,7,3,3,10,0.7,0.7,0.7
SEM_EXT_0099,Semiconductors,single,2,w/o Multimodal,11,8,1,3,9,0.89,0.73,0.8
SEM_EXT_0100,Semiconductors,single,2,w/o Multimodal,13,10,1,3,11,0.91,0.77,0.83
SEM_EXT_0101,Semiconductors,single,2,w/o Multimodal,7,5,2,2,7,0.71,0.71,0.71
SEM_EXT_0102,Semiconductors,single,2,w/o Multimodal,8,5,2,3,7,0.71,0.62,0.66
SEM_EXT_0103,Semiconductors,single,2,w/o Multimodal,8,7,1,1,8,0.88,0.88,0.88
SEM_EXT_0104,Semiconductors,single,2,w/o Multimodal,7,6,1,1,7,0.86,0.86,0.86
SEM_EXT_0105,Semiconductors,single,2,w/o Multimodal,10,10,3,0,13,0.77,1.0,0.87
SEM_EXT_0106,Semiconductors,single,2,w/o Multimodal,9,5,2,4,7,0.71,0.56,0.63
SEM_EXT_0107,Semiconductors,single,2,w/o Multimodal,6,6,1,0,7,0.86,1.0,0.92
SEM_EXT_0108,Semiconductors,single,2,w/o Multimodal,12,12,0,0,12,1.0,1.0,1.0
SEM_EXT_0109,Semiconductors,single,2,w/o Multimodal,10,7,1,3,8,0.88,0.7,0.78
SEM_EXT_0110,Semiconductors,single,2,w/o Multimodal,11,8,1,3,9,0.89,0.73,0.8
SEM_EXT_0111,Semiconductors,single,2,w/o Multimodal,12,9,0,3,9,1.0,0.75,0.86
SEM_EXT_0112,Semiconductors,multi,2,w/o Multimodal,28,18,7,10,25,0.72,0.64,0.68
SEM_EXT_0113,Semiconductors,single,2,w/o Multimodal,9,8,1,1,9,0.89,0.89,0.89
SEM_EXT_0114,Semiconductors,single,2,w/o Multimodal,12,6,2,6,8,0.75,0.5,0.6
SEM_EXT_0115,Semiconductors,multi,2,w/o Multimodal,28,22,4,6,26,0.85,0.79,0.82
SEM_EXT_0116,Semiconductors,single,2,w/o Multimodal,11,7,2,4,9,0.78,0.64,0.7
SEM_EXT_0117,Semiconductors,single,2,w/o Multimodal,10,7,1,3,8,0.88,0.7,0.78
SEM_EXT_0118,Semiconductors,single,2,w/o Multimodal,12,7,2,5,9,0.78,0.58,0.67
SEM_EXT_0119,Semiconductors,single,2,w/o Multimodal,12,10,0,2,10,1.0,0.83,0.91
SEM_EXT_0120,Semiconductors,single,2,w/o Multimodal,11,7,1,4,8,0.88,0.64,0.74
SEM_EXT_0121,Semiconductors,single,2,w/o Multimodal,11,9,1,2,10,0.9,0.82,0.86
SEM_EXT_0122,Semiconductors,single,2,w/o Multimodal,10,6,1,4,7,0.86,0.6,0.71
SEM_EXT_0123,Semiconductors,single,2,w/o Multimodal,6,5,2,1,7,0.71,0.83,0.77
SEM_EXT_0124,Semiconductors,multi,2,w/o Multimodal,26,20,0,6,20,1.0,0.77,0.87
SEM_EXT_0125,Semiconductors,single,2,w/o Multimodal,12,8,3,4,11,0.73,0.67,0.7
SEM_EXT_0126,Semiconductors,single,2,w/o Multimodal,8,6,1,2,7,0.86,0.75,0.8
SEM_EXT_0127,Semiconductors,single,2,w/o Multimodal,4,0,0,4,0,0.0,0.0,0.0
SEM_EXT_0128,Semiconductors,single,2,w/o Multimodal,8,7,1,1,8,0.88,0.88,0.88
SEM_EXT_0129,Semiconductors,single,2,w/o Multimodal,13,8,2,5,10,0.8,0.62,0.7
SEM_EXT_0130,Semiconductors,single,2,w/o Multimodal,12,11,2,1,13,0.85,0.92,0.88
SEM_EXT_0131,Semiconductors,single,2,w/o Multimodal,10,5,2,5,7,0.71,0.5,0.59
SEM_EXT_0132,Semiconductors,single,2,w/o Multimodal,14,9,3,5,12,0.75,0.64,0.69
SEM_EXT_0133,Semiconductors,single,2,w/o Multimodal,8,6,1,2,7,0.86,0.75,0.8
SEM_EXT_0134,Semiconductors,single,2,w/o Multimodal,9,6,1,3,7,0.86,0.67,0.75
SEM_EXT_0135,Semiconductors,single,2,w/o Multimodal,12,11,1,1,12,0.92,0.92,0.92
SEM_EXT_0136,Semiconductors,multi,2,w/o Multimodal,38,29,5,9,34,0.85,0.76,0.8
SEM_EXT_0137,Semiconductors,single,2,w/o Multimodal,9,6,1,3,7,0.86,0.67,0.75
SEM_EXT_0138,Semiconductors,single,2,w/o Multimodal,7,6,2,1,8,0.75,0.86,0.8
SEM_EXT_0139,Semiconductors,single,2,w/o Multimodal,8,7,3,1,10,0.7,0.88,0.78
SEM_EXT_0140,Semiconductors,single,2,w/o Multimodal,10,7,1,3,8,0.88,0.7,0.78
SEM_EXT_0141,Semiconductors,multi,2,w/o Multimodal,28,18,6,10,24,0.75,0.64,0.69
SEM_EXT_0142,Semiconductors,single,2,w/o Multimodal,6,6,1,0,7,0.86,1.0,0.92
SEM_EXT_0143,Semiconductors,single,2,w/o Multimodal,9,7,1,2,8,0.88,0.78,0.83
SEM_EXT_0144,Semiconductors,single,2,w/o Multimodal,8,4,2,4,6,0.67,0.5,0.57
SEM_EXT_0145,Semiconductors,single,2,w/o Multimodal,10,10,0,0,10,1.0,1.0,1.0
SEM_EXT_0146,Semiconductors,single,2,w/o Multimodal,11,6,2,5,8,0.75,0.55,0.63
SEM_EXT_0147,Semiconductors,single,2,w/o Multimodal,12,9,3,3,12,0.75,0.75,0.75
SEM_EXT_0148,Semiconductors,single,2,w/o Multimodal,10,9,3,1,12,0.75,0.9,0.82
SEM_EXT_0149,Semiconductors,single,2,w/o Multimodal,6,3,2,3,5,0.6,0.5,0.55
SEM_EXT_0150,Semiconductors,single,2,w/o Multimodal,11,6,3,5,9,0.67,0.55,0.6
SEM_EXT_0151,Semiconductors,single,2,w/o Multimodal,7,4,2,3,6,0.67,0.57,0.62
SEM_EXT_0152,Semiconductors,single,2,w/o Multimodal,9,5,2,4,7,0.71,0.56,0.63
SEM_EXT_0153,Semiconductors,single,2,w/o Multimodal,11,9,2,2,11,0.82,0.82,0.82
SEM_EXT_0154,Semiconductors,multi,2,w/o Multimodal,23,14,3,9,17,0.82,0.61,0.7
SEM_EXT_0155,Semiconductors,single,2,w/o Multimodal,11,0,2,11,2,0.0,0.0,0.0
SEM_EXT_0156,Semiconductors,single,2,w/o Multimodal,11,9,0,2,9,1.0,0.82,0.9
SEM_EXT_0157,Semiconductors,single,2,w/o Multimodal,9,8,1,1,9,0.89,0.89,0.89
SEM_EXT_0158,Semiconductors,single,2,w/o Multimodal,6,5,2,1,7,0.71,0.83,0.77
SEM_EXT_0159,Semiconductors,single,2,w/o Multimodal,12,10,3,2,13,0.77,0.83,0.8
SEM_EXT_0160,Semiconductors,single,2,w/o Multimodal,9,4,2,5,6,0.67,0.44,0.53
SEM_EXT_0161,Semiconductors,single,2,w/o Multimodal,12,7,1,5,8,0.88,0.58,0.7
SEM_EXT_0162,Semiconductors,multi,2,w/o Multimodal,32,20,5,12,25,0.8,0.62,0.7
SEM_EXT_0163,Semiconductors,single,2,w/o Multimodal,7,5,2,2,7,0.71,0.71,0.71
SEM_EXT_0164,Semiconductors,single,2,w/o Multimodal,7,7,2,0,9,0.78,1.0,0.88
SEM_EXT_0165,Semiconductors,single,2,w/o Multimodal,6,6,1,0,7,0.86,1.0,0.92
SEM_EXT_0166,Semiconductors,single,2,w/o Multimodal,10,7,3,3,10,0.7,0.7,0.7
SEM_EXT_0167,Semiconductors,single,2,w/o Multimodal,7,6,1,1,7,0.86,0.86,0.86
SEM_EXT_0168,Semiconductors,single,2,w/o Multimodal,12,9,4,3,13,0.69,0.75,0.72
SEM_EXT_0169,Semiconductors,single,2,w/o Multimodal,11,10,1,1,11,0.91,0.91,0.91
SEM_EXT_0170,Semiconductors,single,2,w/o Multimodal,6,6,1,0,7,0.86,1.0,0.92
SEM_EXT_0171,Semiconductors,single,2,w/o Multimodal,8,7,1,1,8,0.88,0.88,0.88
SEM_EXT_0172,Semiconductors,single,2,w/o Multimodal,12,8,2,4,10,0.8,0.67,0.73
SEM_EXT_0173,Semiconductors,single,2,w/o Multimodal,6,6,2,0,8,0.75,1.0,0.86
SEM_EXT_0174,Semiconductors,multi,2,w/o Multimodal,24,16,2,8,18,0.89,0.67,0.76
SEM_EXT_0175,Semiconductors,single,2,w/o Multimodal,8,5,2,3,7,0.71,0.62,0.66
SEM_EXT_0176,Semiconductors,single,2,w/o Multimodal,8,6,3,2,9,0.67,0.75,0.71
SEM_EXT_0177,Semiconductors,multi,2,w/o Multimodal,36,23,7,13,30,0.77,0.64,0.7
SEM_EXT_0178,Semiconductors,single,2,w/o Multimodal,12,11,1,1,12,0.92,0.92,0.92
SEM_EXT_0179,Semiconductors,single,2,w/o Multimodal,9,8,2,1,10,0.8,0.89,0.84
SEM_EXT_0180,Semiconductors,single,2,w/o Multimodal,11,5,2,6,7,0.71,0.45,0.55
SEM_EXT_0181,Semiconductors,single,2,w/o Multimodal,10,8,2,2,10,0.8,0.8,0.8
SEM_EXT_0182,Semiconductors,multi,2,w/o Multimodal,25,15,5,10,20,0.75,0.6,0.67
SEM_EXT_0183,Semiconductors,single,2,w/o Multimodal,15,0,3,15,3,0.0,0.0,0.0
SEM_EXT_0184,Semiconductors,multi,2,w/o Multimodal,20,10,6,10,16,0.62,0.5,0.55
SEM_EXT_0185,Semiconductors,single,2,w/o Multimodal,6,5,2,1,7,0.71,0.83,0.77
SEM_EXT_0186,Semiconductors,single,2,w/o Multimodal,8,6,2,2,8,0.75,0.75,0.75
SEM_EXT_0187,Semiconductors,single,2,w/o Multimodal,7,6,1,1,7,0.86,0.86,0.86
SEM_EXT_0188,Semiconductors,single,2,w/o Multimodal,7,7,1,0,8,0.88,1.0,0.94
SEM_EXT_0189,Semiconductors,single,2,w/o Multimodal,6,5,2,1,7,0.71,0.83,0.77
SEM_EXT_0190,Semiconductors,single,2,w/o Multimodal,7,7,1,0,8,0.88,1.0,0.94
SEM_EXT_0191,Semiconductors,single,2,w/o Multimodal,6,4,3,2,7,0.57,0.67,0.62
SEM_EXT_0192,Semiconductors,single,2,w/o Multimodal,15,13,1,2,14,0.93,0.87,0.9
SEM_EXT_0193,Semiconductors,single,2,w/o Multimodal,10,7,1,3,8,0.88,0.7,0.78
SEM_EXT_0194,Semiconductors,single,2,w/o Multimodal,6,5,2,1,7,0.71,0.83,0.77
SEM_EXT_0195,Semiconductors,single,2,w/o Multimodal,10,6,1,4,7,0.86,0.6,0.71
SEM_EXT_0196,Semiconductors,single,2,w/o Multimodal,11,8,2,3,10,0.8,0.73,0.76
SEM_EXT_0197,Semiconductors,single,2,w/o Multimodal,8,8,1,0,9,0.89,1.0,0.94
SEM_EXT_0198,Semiconductors,single,2,w/o Multimodal,6,6,2,0,8,0.75,1.0,0.86
BAT_EXT_0001,Batteries,single,2,w/o Multimodal,8,6,2,2,8,0.75,0.75,0.75
BAT_EXT_0002,Batteries,single,2,w/o Multimodal,11,11,2,0,13,0.85,1.0,0.92
BAT_EXT_0003,Batteries,single,2,w/o Multimodal,12,9,2,3,11,0.82,0.75,0.78
BAT_EXT_0004,Batteries,single,2,w/o Multimodal,10,8,4,2,12,0.67,0.8,0.73
BAT_EXT_0005,Batteries,single,2,w/o Multimodal,6,6,2,0,8,0.75,1.0,0.86
BAT_EXT_0006,Batteries,single,2,w/o Multimodal,6,5,2,1,7,0.71,0.83,0.77
BAT_EXT_0007,Batteries,single,2,w/o Multimodal,12,9,2,3,11,0.82,0.75,0.78
BAT_EXT_0008,Batteries,single,2,w/o Multimodal,12,10,3,2,13,0.77,0.83,0.8
BAT_EXT_0009,Batteries,single,2,w/o Multimodal,7,4,2,3,6,0.67,0.57,0.62
BAT_EXT_0010,Batteries,single,2,w/o Multimodal,9,8,2,1,10,0.8,0.89,0.84
BAT_EXT_0011,Batteries,single,2,w/o Multimodal,10,10,0,0,10,1.0,1.0,1.0
BAT_EXT_0012,Batteries,single,2,w/o Multimodal,6,4,2,2,6,0.67,0.67,0.67
BAT_EXT_0013,Batteries,single,2,w/o Multimodal,8,6,1,2,7,0.86,0.75,0.8
BAT_EXT_0014,Batteries,single,2,w/o Multimodal,9,6,2,3,8,0.75,0.67,0.71
BAT_EXT_0015,Batteries,single,2,w/o Multimodal,6,5,2,1,7,0.71,0.83,0.77
BAT_EXT_0016,Batteries,multi,2,w/o Multimodal,18,13,5,5,18,0.72,0.72,0.72
BAT_EXT_0017,Batteries,single,2,w/o Multimodal,9,8,1,1,9,0.89,0.89,0.89
BAT_EXT_0018,Batteries,single,2,w/o Multimodal,11,8,4,3,12,0.67,0.73,0.7
BAT_EXT_0019,Batteries,multi,2,w/o Multimodal,22,13,8,9,21,0.62,0.59,0.6
BAT_EXT_0020,Batteries,single,2,w/o Multimodal,12,8,2,4,10,0.8,0.67,0.73
BAT_EXT_0021,Batteries,single,2,w/o Multimodal,8,5,2,3,7,0.71,0.62,0.66
BAT_EXT_0022,Batteries,single,2,w/o Multimodal,12,11,0,1,11,1.0,0.92,0.96
BAT_EXT_0023,Batteries,single,2,w/o Multimodal,9,6,2,3,8,0.75,0.67,0.71
BAT_EXT_0024,Batteries,single,2,w/o Multimodal,6,6,2,0,8,0.75,1.0,0.86
BAT_EXT_0025,Batteries,single,2,w/o Multimodal,13,10,4,3,14,0.71,0.77,0.74
BAT_EXT_0026,Batteries,single,2,w/o Multimodal,11,9,1,2,10,0.9,0.82,0.86
BAT_EXT_0027,Batteries,single,2,w/o Multimodal,11,6,2,5,8,0.75,0.55,0.63
BAT_EXT_0028,Batteries,single,2,w/o Multimodal,11,8,1,3,9,0.89,0.73,0.8
BAT_EXT_0029,Batteries,single,2,w/o Multimodal,9,7,4,2,11,0.64,0.78,0.7
BAT_EXT_0030,Batteries,single,2,w/o Multimodal,7,6,1,1,7,0.86,0.86,0.86
BAT_EXT_0031,Batteries,single,2,w/o Multimodal,7,5,2,2,7,0.71,0.71,0.71
BAT_EXT_0032,Batteries,single,2,w/o Multimodal,12,12,0,0,12,1.0,1.0,1.0
BAT_EXT_0033,Batteries,single,2,w/o Multimodal,6,5,2,1,7,0.71,0.83,0.77
BAT_EXT_0034,Batteries,single,2,w/o Multimodal,6,6,2,0,8,0.75,1.0,0.86
BAT_EXT_0035,Batteries,single,2,w/o Multimodal,12,10,2,2,12,0.83,0.83,0.83
BAT_EXT_0036,Batteries,single,2,w/o Multimodal,7,4,2,3,6,0.67,0.57,0.62
BAT_EXT_0037,Batteries,single,2,w/o Multimodal,8,4,2,4,6,0.67,0.5,0.57
BAT_EXT_0038,Batteries,single,2,w/o Multimodal,12,11,1,1,12,0.92,0.92,0.92
BAT_EXT_0039,Batteries,single,2,w/o Multimodal,12,8,1,4,9,0.89,0.67,0.76
BAT_EXT_0040,Batteries,single,2,w/o Multimodal,6,6,1,0,7,0.86,1.0,0.92
BAT_EXT_0041,Batteries,single,2,w/o Multimodal,6,6,2,0,8,0.75,1.0,0.86
BAT_EXT_0042,Batteries,single,2,w/o Multimodal,11,11,2,0,13,0.85,1.0,0.92
BAT_EXT_0043,Batteries,single,2,w/o Multimodal,10,10,0,0,10,1.0,1.0,1.0
BAT_EXT_0044,Batteries,single,2,w/o Multimodal,10,9,2,1,11,0.82,0.9,0.86
BAT_EXT_0045,Batteries,single,2,w/o Multimodal,8,0,2,8,2,0.0,0.0,0.0
BAT_EXT_0046,Batteries,single,2,w/o Multimodal,11,8,2,3,10,0.8,0.73,0.76
BAT_EXT_0047,Batteries,single,2,w/o Multimodal,10,10,0,0,10,1.0,1.0,1.0
BAT_EXT_0048,Batteries,multi,2,w/o Multimodal,21,0,0,21,0,0.0,0.0,0.0
BAT_EXT_0049,Batteries,single,2,w/o Multimodal,12,9,2,3,11,0.82,0.75,0.78
BAT_EXT_0050,Batteries,multi,2,w/o Multimodal,33,26,1,7,27,0.96,0.79,0.87
BAT_EXT_0051,Batteries,single,2,w/o Multimodal,13,10,4,3,14,0.71,0.77,0.74
BAT_EXT_0052,Batteries,single,2,w/o Multimodal,11,9,0,2,9,1.0,0.82,0.9
BAT_EXT_0053,Batteries,single,2,w/o Multimodal,4,0,0,4,0,0.0,0.0,0.0
BAT_EXT_0054,Batteries,multi,2,w/o Multimodal,25,15,4,10,19,0.79,0.6,0.68
BAT_EXT_0055,Batteries,single,2,w/o Multimodal,8,6,1,2,7,0.86,0.75,0.8
BAT_EXT_0056,Batteries,single,2,w/o Multimodal,9,8,1,1,9,0.89,0.89,0.89
BAT_EXT_0057,Batteries,multi,2,w/o Multimodal,22,18,8,4,26,0.69,0.82,0.75
BAT_EXT_0058,Batteries,single,2,w/o Multimodal,9,7,1,2,8,0.88,0.78,0.83
BAT_EXT_0059,Batteries,single,2,w/o Multimodal,11,9,1,2,10,0.9,0.82,0.86
BAT_EXT_0060,Batteries,single,2,w/o Multimodal,6,4,2,2,6,0.67,0.67,0.67
BAT_EXT_0061,Batteries,single,2,w/o Multimodal,12,11,0,1,11,1.0,0.92,0.96
BAT_EXT_0062,Batteries,multi,2,w/o Multimodal,27,15,11,12,26,0.58,0.56,0.57
BAT_EXT_0063,Batteries,single,2,w/o Multimodal,8,7,2,1,9,0.78,0.88,0.83
BAT_EXT_0064,Batteries,single,2,w/o Multimodal,6,5,2,1,7,0.71,0.83,0.77
BAT_EXT_0065,Batteries,single,2,w/o Multimodal,10,7,2,3,9,0.78,0.7,0.74
BAT_EXT_0066,Batteries,single,2,w/o Multimodal,8,5,2,3,7,0.71,0.62,0.66
BAT_EXT_0067,Batteries,single,2,w/o Multimodal,10,10,0,0,10,1.0,1.0,1.0
BAT_EXT_0068,Batteries,single,2,w/o Multimodal,9,8,2,1,10,0.8,0.89,0.84
BAT_EXT_0069,Batteries,single,2,w/o Multimodal,10,7,1,3,8,0.88,0.7,0.78
BAT_EXT_0070,Batteries,single,2,w/o Multimodal,10,8,1,2,9,0.89,0.8,0.84
BAT_EXT_0071,Batteries,single,2,w/o Multimodal,12,11,0,1,11,1.0,0.92,0.96
BAT_EXT_0072,Batteries,single,2,w/o Multimodal,12,10,3,2,13,0.77,0.83,0.8
BAT_EXT_0073,Batteries,single,2,w/o Multimodal,7,6,2,1,8,0.75,0.86,0.8
BAT_EXT_0074,Batteries,single,2,w/o Multimodal,13,9,4,4,13,0.69,0.69,0.69
BAT_EXT_0075,Batteries,single,2,w/o Multimodal,6,6,1,0,7,0.86,1.0,0.92
BAT_EXT_0076,Batteries,single,2,w/o Multimodal,8,0,1,8,1,0.0,0.0,0.0
BAT_EXT_0077,Batteries,single,2,w/o Multimodal,11,10,2,1,12,0.83,0.91,0.87
BAT_EXT_0078,Batteries,single,2,w/o Multimodal,8,7,2,1,9,0.78,0.88,0.83
BAT_EXT_0079,Batteries,single,2,w/o Multimodal,9,9,1,0,10,0.9,1.0,0.95
BAT_EXT_0080,Batteries,single,2,w/o Multimodal,8,6,2,2,8,0.75,0.75,0.75
BAT_EXT_0081,Batteries,single,2,w/o Multimodal,6,4,2,2,6,0.67,0.67,0.67
BAT_EXT_0082,Batteries,single,2,w/o Multimodal,6,6,1,0,7,0.86,1.0,0.92
BAT_EXT_0083,Batteries,single,2,w/o Multimodal,9,8,2,1,10,0.8,0.89,0.84
BAT_EXT_0084,Batteries,single,2,w/o Multimodal,8,7,1,1,8,0.88,0.88,0.88
BAT_EXT_0085,Batteries,single,2,w/o Multimodal,8,6,2,2,8,0.75,0.75,0.75
BAT_EXT_0086,Batteries,multi,2,w/o Multimodal,18,9,3,9,12,0.75,0.5,0.6
BAT_EXT_0087,Batteries,single,2,w/o Multimodal,9,5,2,4,7,0.71,0.56,0.63
BAT_EXT_0088,Batteries,single,2,w/o Multimodal,7,0,1,7,1,0.0,0.0,0.0
BAT_EXT_0089,Batteries,single,2,w/o Multimodal,10,9,1,1,10,0.9,0.9,0.9
BAT_EXT_0090,Batteries,single,2,w/o Multimodal,12,8,1,4,9,0.89,0.67,0.76
BAT_EXT_0091,Batteries,single,2,w/o Multimodal,7,6,2,1,8,0.75,0.86,0.8
BAT_EXT_0092,Batteries,single,2,w/o Multimodal,9,7,2,2,9,0.78,0.78,0.78
BAT_EXT_0093,Batteries,single,2,w/o Multimodal,12,11,1,1,12,0.92,0.92,0.92
BAT_EXT_0094,Batteries,single,2,w/o Multimodal,7,7,1,0,8,0.88,1.0,0.94
BAT_EXT_0095,Batteries,single,2,w/o Multimodal,9,7,4,2,11,0.64,0.78,0.7
BAT_EXT_0096,Batteries,single,2,w/o Multimodal,8,6,2,2,8,0.75,0.75,0.75
BAT_EXT_0097,Batteries,multi,2,w/o Multimodal,21,13,4,8,17,0.76,0.62,0.68
BAT_EXT_0098,Batteries,single,2,w/o Multimodal,7,5,4,2,9,0.56,0.71,0.63
BAT_EXT_0099,Batteries,single,2,w/o Multimodal,9,7,1,2,8,0.88,0.78,0.83
BAT_EXT_0100,Batteries,multi,2,w/o Multimodal,24,16,2,8,18,0.89,0.67,0.76
BAT_EXT_0101,Batteries,single,2,w/o Multimodal,12,10,2,2,12,0.83,0.83,0.83
BAT_EXT_0102,Batteries,single,2,w/o Multimodal,9,7,2,2,9,0.78,0.78,0.78
BAT_EXT_0103,Batteries,single,2,w/o Multimodal,7,6,2,1,8,0.75,0.86,0.8
BAT_EXT_0104,Batteries,single,2,w/o Multimodal,7,7,1,0,8,0.88,1.0,0.94
BAT_EXT_0105,Batteries,single,2,w/o Multimodal,6,5,2,1,7,0.71,0.83,0.77
BAT_EXT_0106,Batteries,single,2,w/o Multimodal,10,8,2,2,10,0.8,0.8,0.8
BAT_EXT_0107,Batteries,multi,2,w/o Multimodal,20,18,3,2,21,0.86,0.9,0.88
BAT_EXT_0108,Batteries,single,2,w/o Multimodal,12,10,3,2,13,0.77,0.83,0.8
BAT_EXT_0109,Batteries,single,2,w/o Multimodal,8,5,2,3,7,0.71,0.62,0.66
BAT_EXT_0110,Batteries,multi,2,w/o Multimodal,25,17,4,8,21,0.81,0.68,0.74
BAT_EXT_0111,Batteries,single,2,w/o Multimodal,10,8,2,2,10,0.8,0.8,0.8
BAT_EXT_0112,Batteries,single,2,w/o Multimodal,9,9,0,0,9,1.0,1.0,1.0
BAT_EXT_0113,Batteries,single,2,w/o Multimodal,8,5,2,3,7,0.71,0.62,0.66
BAT_EXT_0114,Batteries,single,2,w/o Multimodal,9,8,2,1,10,0.8,0.89,0.84
BAT_EXT_0115,Batteries,single,2,w/o Multimodal,10,7,1,3,8,0.88,0.7,0.78
BAT_EXT_0116,Batteries,single,2,w/o Multimodal,10,8,2,2,10,0.8,0.8,0.8
BAT_EXT_0117,Batteries,multi,2,w/o Multimodal,24,17,6,7,23,0.74,0.71,0.72
BAT_EXT_0118,Batteries,single,2,w/o Multimodal,11,10,0,1,10,1.0,0.91,0.95
BAT_EXT_0119,Batteries,single,2,w/o Multimodal,12,12,1,0,13,0.92,1.0,0.96
BAT_EXT_0120,Batteries,multi,2,w/o Multimodal,22,15,1,7,16,0.94,0.68,0.79
BAT_EXT_0121,Batteries,single,2,w/o Multimodal,8,6,1,2,7,0.86,0.75,0.8
BAT_EXT_0122,Batteries,single,2,w/o Multimodal,9,7,2,2,9,0.78,0.78,0.78
BAT_EXT_0123,Batteries,single,2,w/o Multimodal,6,6,1,0,7,0.86,1.0,0.92
BAT_EXT_0124,Batteries,single,2,w/o Multimodal,11,9,3,2,12,0.75,0.82,0.78
BAT_EXT_0125,Batteries,single,2,w/o Multimodal,9,6,3,3,9,0.67,0.67,0.67
BAT_EXT_0126,Batteries,single,2,w/o Multimodal,6,4,2,2,6,0.67,0.67,0.67
BAT_EXT_0127,Batteries,single,2,w/o Multimodal,9,0,3,9,3,0.0,0.0,0.0
BAT_EXT_0128,Batteries,multi,2,w/o Multimodal,32,22,7,10,29,0.76,0.69,0.72
BAT_EXT_0129,Batteries,multi,2,w/o Multimodal,28,18,5,10,23,0.78,0.64,0.7
BAT_EXT_0130,Batteries,single,2,w/o Multimodal,12,9,2,3,11,0.82,0.75,0.78
BAT_EXT_0131,Batteries,single,2,w/o Multimodal,9,5,2,4,7,0.71,0.56,0.63
BAT_EXT_0132,Batteries,single,2,w/o Multimodal,9,7,3,2,10,0.7,0.78,0.74
BAT_EXT_0133,Batteries,single,2,w/o Multimodal,4,1,2,3,3,0.33,0.25,0.28
BAT_EXT_0134,Batteries,single,2,w/o Multimodal,7,7,2,0,9,0.78,1.0,0.88
BAT_EXT_0135,Batteries,single,2,w/o Multimodal,8,6,2,2,8,0.75,0.75,0.75
BAT_EXT_0136,Batteries,single,2,w/o Multimodal,7,5,2,2,7,0.71,0.71,0.71
BAT_EXT_0137,Batteries,single,2,w/o Multimodal,6,6,4,0,10,0.6,1.0,0.75
BAT_EXT_0138,Batteries,multi,2,w/o Multimodal,24,16,7,8,23,0.7,0.67,0.68
BAT_EXT_0139,Batteries,single,2,w/o Multimodal,9,7,1,2,8,0.88,0.78,0.83
BAT_EXT_0140,Batteries,single,2,w/o Multimodal,9,7,1,2,8,0.88,0.78,0.83
BAT_EXT_0141,Batteries,single,2,w/o Multimodal,14,10,3,4,13,0.77,0.71,0.74
BAT_EXT_0142,Batteries,single,2,w/o Multimodal,8,7,1,1,8,0.88,0.88,0.88
BAT_EXT_0143,Batteries,single,2,w/o Multimodal,9,6,5,3,11,0.55,0.67,0.6
BAT_EXT_0144,Batteries,single,2,w/o Multimodal,6,6,2,0,8,0.75,1.0,0.86
BAT_EXT_0145,Batteries,single,2,w/o Multimodal,6,4,2,2,6,0.67,0.67,0.67
BAT_EXT_0146,Batteries,single,2,w/o Multimodal,11,10,2,1,12,0.83,0.91,0.87
BAT_EXT_0147,Batteries,single,2,w/o Multimodal,6,5,2,1,7,0.71,0.83,0.77
BAT_EXT_0148,Batteries,single,2,w/o Multimodal,7,7,2,0,9,0.78,1.0,0.88
BAT_EXT_0149,Batteries,single,2,w/o Multimodal,7,5,2,2,7,0.71,0.71,0.71
BAT_EXT_0150,Batteries,single,2,w/o Multimodal,12,7,3,5,10,0.7,0.58,0.63
BAT_EXT_0151,Batteries,single,2,w/o Multimodal,4,0,0,4,0,0.0,0.0,0.0
BAT_EXT_0152,Batteries,single,2,w/o Multimodal,12,12,2,0,14,0.86,1.0,0.92
BAT_EXT_0153,Batteries,single,2,w/o Multimodal,6,6,3,0,9,0.67,1.0,0.8
BAT_EXT_0154,Batteries,single,2,w/o Multimodal,6,6,1,0,7,0.86,1.0,0.92
BAT_EXT_0155,Batteries,single,2,w/o Multimodal,11,9,1,2,10,0.9,0.82,0.86
BAT_EXT_0156,Batteries,single,2,w/o Multimodal,6,6,3,0,9,0.67,1.0,0.8
BAT_EXT_0157,Batteries,multi,2,w/o Multimodal,24,18,6,6,24,0.75,0.75,0.75
BAT_EXT_0158,Batteries,single,2,w/o Multimodal,7,6,1,1,7,0.86,0.86,0.86
BAT_EXT_0159,Batteries,single,2,w/o Multimodal,11,9,2,2,11,0.82,0.82,0.82
BAT_EXT_0160,Batteries,single,2,w/o Multimodal,8,7,2,1,9,0.78,0.88,0.83
BAT_EXT_0161,Batteries,single,2,w/o Multimodal,10,5,2,5,7,0.71,0.5,0.59
BAT_EXT_0162,Batteries,single,2,w/o Multimodal,8,7,1,1,8,0.88,0.88,0.88
BAT_EXT_0163,Batteries,multi,2,w/o Multimodal,23,17,5,6,22,0.77,0.74,0.75
BAT_EXT_0164,Batteries,single,2,w/o Multimodal,11,8,2,3,10,0.8,0.73,0.76
BAT_EXT_0165,Batteries,single,2,w/o Multimodal,8,6,1,2,7,0.86,0.75,0.8
BAT_EXT_0166,Batteries,single,2,w/o Multimodal,12,10,2,2,12,0.83,0.83,0.83
BAT_EXT_0167,Batteries,single,2,w/o Multimodal,9,7,2,2,9,0.78,0.78,0.78
BAT_EXT_0168,Batteries,single,2,w/o Multimodal,6,5,2,1,7,0.71,0.83,0.77
BAT_EXT_0169,Batteries,multi,2,w/o Multimodal,25,16,4,9,20,0.8,0.64,0.71
BAT_EXT_0170,Batteries,single,2,w/o Multimodal,6,0,1,6,1,0.0,0.0,0.0
BAT_EXT_0171,Batteries,single,2,w/o Multimodal,10,6,3,4,9,0.67,0.6,0.63
BAT_EXT_0172,Batteries,multi,2,w/o Multimodal,26,17,5,9,22,0.77,0.65,0.7
BAT_EXT_0173,Batteries,single,2,w/o Multimodal,9,7,1,2,8,0.88,0.78,0.83
BAT_EXT_0174,Batteries,single,2,w/o Multimodal,11,10,3,1,13,0.77,0.91,0.83
BAT_EXT_0175,Batteries,single,2,w/o Multimodal,8,7,1,1,8,0.88,0.88,0.88
BAT_EXT_0176,Batteries,single,2,w/o Multimodal,12,11,2,1,13,0.85,0.92,0.88
BAT_EXT_0177,Batteries,single,2,w/o Multimodal,12,10,1,2,11,0.91,0.83,0.87
BAT_EXT_0178,Batteries,single,2,w/o Multimodal,6,5,2,1,7,0.71,0.83,0.77
BAT_EXT_0179,Batteries,single,2,w/o Multimodal,11,10,1,1,11,0.91,0.91,0.91
BAT_EXT_0180,Batteries,single,2,w/o Multimodal,12,7,3,5,10,0.7,0.58,0.63
BAT_EXT_0181,Batteries,multi,2,w/o Multimodal,22,14,8,8,22,0.64,0.64,0.64
BAT_EXT_0182,Batteries,single,2,w/o Multimodal,10,6,4,4,10,0.6,0.6,0.6
BAT_EXT_0183,Batteries,single,2,w/o Multimodal,9,6,1,3,7,0.86,0.67,0.75
BAT_EXT_0184,Batteries,single,2,w/o Multimodal,7,5,2,2,7,0.71,0.71,0.71
BAT_EXT_0185,Batteries,single,2,w/o Multimodal,10,8,1,2,9,0.89,0.8,0.84
BAT_EXT_0186,Batteries,single,2,w/o Multimodal,11,9,0,2,9,1.0,0.82,0.9
BAT_EXT_0187,Batteries,single,2,w/o Multimodal,12,11,3,1,14,0.79,0.92,0.85
BAT_EXT_0188,Batteries,single,2,w/o Multimodal,7,6,2,1,8,0.75,0.86,0.8
BAT_EXT_0189,Batteries,single,2,w/o Multimodal,8,8,1,0,9,0.89,1.0,0.94
BAT_EXT_0190,Batteries,single,2,w/o Multimodal,8,5,4,3,9,0.56,0.62,0.59
BAT_EXT_0191,Batteries,single,2,w/o Multimodal,12,12,5,0,17,0.71,1.0,0.83
BAT_EXT_0192,Batteries,single,2,w/o Multimodal,12,10,1,2,11,0.91,0.83,0.87
BAT_EXT_0193,Batteries,single,2,w/o Multimodal,11,9,1,2,10,0.9,0.82,0.86
BAT_EXT_0194,Batteries,single,2,w/o Multimodal,6,4,3,2,7,0.57,0.67,0.62
BAT_EXT_0195,Batteries,single,2,w/o Multimodal,10,8,2,2,10,0.8,0.8,0.8
BAT_EXT_0196,Batteries,single,2,w/o Multimodal,11,8,3,3,11,0.73,0.73,0.73
BAT_EXT_0197,Batteries,single,2,w/o Multimodal,9,7,1,2,8,0.88,0.78,0.83
BAT_EXT_0198,Batteries,multi,2,w/o Multimodal,19,13,5,6,18,0.72,0.68,0.7
BAT_EXT_0199,Batteries,single,2,w/o Multimodal,11,8,2,3,10,0.8,0.73,0.76
BAT_EXT_0200,Batteries,single,2,w/o Multimodal,7,7,2,0,9,0.78,1.0,0.88
BAT_EXT_0201,Batteries,single,2,w/o Multimodal,10,9,1,1,10,0.9,0.9,0.9
BAT_EXT_0202,Batteries,single,2,w/o Multimodal,8,5,2,3,7,0.71,0.62,0.66
BAT_EXT_0203,Batteries,single,2,w/o Multimodal,12,9,2,3,11,0.82,0.75,0.78
BAT_EXT_0204,Batteries,single,2,w/o Multimodal,12,9,1,3,10,0.9,0.75,0.82
BAT_EXT_0205,Batteries,single,2,w/o Multimodal,6,5,2,1,7,0.71,0.83,0.77
BAT_EXT_0206,Batteries,single,2,w/o Multimodal,8,6,2,2,8,0.75,0.75,0.75
SUP_EXT_0001,Superalloys,single,3,w/o Multimodal,7,6,1,1,7,0.86,0.86,0.86
SUP_EXT_0002,Superalloys,single,3,w/o Multimodal,6,6,1,0,7,0.86,1.0,0.92
SUP_EXT_0003,Superalloys,single,3,w/o Multimodal,7,5,2,2,7,0.71,0.71,0.71
SUP_EXT_0004,Superalloys,single,3,w/o Multimodal,7,6,1,1,7,0.86,0.86,0.86
SUP_EXT_0005,Superalloys,multi,3,w/o Multimodal,35,23,9,12,32,0.72,0.66,0.69
SUP_EXT_0006,Superalloys,single,3,w/o Multimodal,9,6,2,3,8,0.75,0.67,0.71
SUP_EXT_0007,Superalloys,single,3,w/o Multimodal,6,5,2,1,7,0.71,0.83,0.77
SUP_EXT_0008,Superalloys,single,3,w/o Multimodal,7,5,2,2,7,0.71,0.71,0.71
SUP_EXT_0009,Superalloys,single,3,w/o Multimodal,6,3,2,3,5,0.6,0.5,0.55
SUP_EXT_0010,Superalloys,multi,3,w/o Multimodal,29,18,3,11,21,0.86,0.62,0.72
SUP_EXT_0011,Superalloys,single,3,w/o Multimodal,6,0,0,6,0,0.0,0.0,0.0
SUP_EXT_0012,Superalloys,single,3,w/o Multimodal,10,8,3,2,11,0.73,0.8,0.76
SUP_EXT_0013,Superalloys,single,3,w/o Multimodal,6,5,2,1,7,0.71,0.83,0.77
SUP_EXT_0014,Superalloys,single,3,w/o Multimodal,10,7,2,3,9,0.78,0.7,0.74
SUP_EXT_0015,Superalloys,single,3,w/o Multimodal,11,8,3,3,11,0.73,0.73,0.73
SUP_EXT_0016,Superalloys,single,3,w/o Multimodal,8,6,2,2,8,0.75,0.75,0.75
SUP_EXT_0017,Superalloys,multi,3,w/o Multimodal,27,19,4,8,23,0.83,0.7,0.76
SUP_EXT_0018,Superalloys,single,3,w/o Multimodal,9,7,2,2,9,0.78,0.78,0.78
SUP_EXT_0019,Superalloys,single,3,w/o Multimodal,11,9,0,2,9,1.0,0.82,0.9
SUP_EXT_0020,Superalloys,single,3,w/o Multimodal,12,8,1,4,9,0.89,0.67,0.76
SUP_EXT_0021,Superalloys,single,3,w/o Multimodal,9,8,5,1,13,0.62,0.89,0.73
SUP_EXT_0022,Superalloys,single,3,w/o Multimodal,9,7,1,2,8,0.88,0.78,0.83
SUP_EXT_0023,Superalloys,single,3,w/o Multimodal,11,7,2,4,9,0.78,0.64,0.7
SUP_EXT_0024,Superalloys,single,3,w/o Multimodal,7,7,2,0,9,0.78,1.0,0.88
SUP_EXT_0025,Superalloys,single,3,w/o Multimodal,6,0,2,6,2,0.0,0.0,0.0
SUP_EXT_0026,Superalloys,multi,3,w/o Multimodal,28,17,6,11,23,0.74,0.61,0.67
SUP_EXT_0027,Superalloys,single,3,w/o Multimodal,7,7,2,0,9,0.78,1.0,0.88
SUP_EXT_0028,Superalloys,multi,3,w/o Multimodal,38,25,8,13,33,0.76,0.66,0.71
SUP_EXT_0029,Superalloys,multi,3,w/o Multimodal,21,14,4,7,18,0.78,0.67,0.72
SUP_EXT_0030,Superalloys,single,3,w/o Multimodal,8,7,1,1,8,0.88,0.88,0.88
SUP_EXT_0031,Superalloys,single,3,w/o Multimodal,8,6,1,2,7,0.86,0.75,0.8
SUP_EXT_0032,Superalloys,single,3,w/o Multimodal,10,8,3,2,11,0.73,0.8,0.76
SUP_EXT_0033,Superalloys,multi,3,w/o Multimodal,21,15,7,6,22,0.68,0.71,0.69
SUP_EXT_0034,Superalloys,single,3,w/o Multimodal,4,4,0,0,4,1.0,1.0,1.0
SUP_EXT_0035,Superalloys,single,3,w/o Multimodal,10,6,3,4,9,0.67,0.6,0.63
SUP_EXT_0036,Superalloys,single,3,w/o Multimodal,7,7,1,0,8,0.88,1.0,0.94
SUP_EXT_0037,Superalloys,single,3,w/o Multimodal,7,0,2,7,2,0.0,0.0,0.0
SUP_EXT_0038,Superalloys,single,3,w/o Multimodal,9,7,1,2,8,0.88,0.78,0.83
SUP_EXT_0039,Superalloys,single,3,w/o Multimodal,6,4,2,2,6,0.67,0.67,0.67
SUP_EXT_0040,Superalloys,single,3,w/o Multimodal,7,6,1,1,7,0.86,0.86,0.86
SUP_EXT_0041,Superalloys,single,3,w/o Multimodal,12,11,2,1,13,0.85,0.92,0.88
SUP_EXT_0042,Superalloys,single,3,w/o Multimodal,10,8,2,2,10,0.8,0.8,0.8
SUP_EXT_0043,Superalloys,single,3,w/o Multimodal,7,6,2,1,8,0.75,0.86,0.8
SUP_EXT_0044,Superalloys,single,3,w/o Multimodal,6,3,2,3,5,0.6,0.5,0.55
SUP_EXT_0045,Superalloys,single,3,w/o Multimodal,6,2,2,4,4,0.5,0.33,0.4
SUP_EXT_0046,Superalloys,single,3,w/o Multimodal,8,7,4,1,11,0.64,0.88,0.74
SUP_EXT_0047,Superalloys,single,3,w/o Multimodal,9,8,1,1,9,0.89,0.89,0.89
SUP_EXT_0048,Superalloys,single,3,w/o Multimodal,6,2,5,4,7,0.29,0.33,0.31
SUP_EXT_0049,Superalloys,single,3,w/o Multimodal,7,6,2,1,8,0.75,0.86,0.8
SUP_EXT_0050,Superalloys,single,3,w/o Multimodal,6,5,2,1,7,0.71,0.83,0.77
SUP_EXT_0051,Superalloys,single,3,w/o Multimodal,7,7,2,0,9,0.78,1.0,0.88
SUP_EXT_0052,Superalloys,single,3,w/o Multimodal,11,7,2,4,9,0.78,0.64,0.7
SUP_EXT_0053,Superalloys,single,3,w/o Multimodal,6,5,2,1,7,0.71,0.83,0.77
SUP_EXT_0054,Superalloys,single,3,w/o Multimodal,11,11,0,0,11,1.0,1.0,1.0
SUP_EXT_0055,Superalloys,single,3,w/o Multimodal,15,13,3,2,16,0.81,0.87,0.84
SUP_EXT_0056,Superalloys,single,3,w/o Multimodal,11,10,1,1,11,0.91,0.91,0.91
SUP_EXT_0057,Superalloys,single,3,w/o Multimodal,9,8,1,1,9,0.89,0.89,0.89
SUP_EXT_0058,Superalloys,single,3,w/o Multimodal,9,8,1,1,9,0.89,0.89,0.89
SUP_EXT_0059,Superalloys,single,3,w/o Multimodal,8,6,1,2,7,0.86,0.75,0.8
SUP_EXT_0060,Superalloys,single,3,w/o Multimodal,12,12,0,0,12,1.0,1.0,1.0
SUP_EXT_0061,Superalloys,single,3,w/o Multimodal,11,9,1,2,10,0.9,0.82,0.86
SUP_EXT_0062,Superalloys,single,3,w/o Multimodal,9,8,1,1,9,0.89,0.89,0.89
SUP_EXT_0063,Superalloys,single,3,w/o Multimodal,7,6,1,1,7,0.86,0.86,0.86
SUP_EXT_0064,Superalloys,single,3,w/o Multimodal,8,7,2,1,9,0.78,0.88,0.83
SUP_EXT_0065,Superalloys,single,3,w/o Multimodal,7,4,2,3,6,0.67,0.57,0.62
SUP_EXT_0066,Superalloys,single,3,w/o Multimodal,6,6,1,0,7,0.86,1.0,0.92
SUP_EXT_0067,Superalloys,single,3,w/o Multimodal,10,10,0,0,10,1.0,1.0,1.0
SUP_EXT_0068,Superalloys,multi,3,w/o Multimodal,27,20,2,7,22,0.91,0.74,0.82
SUP_EXT_0069,Superalloys,single,3,w/o Multimodal,8,7,2,1,9,0.78,0.88,0.83
SUP_EXT_0070,Superalloys,single,3,w/o Multimodal,12,8,2,4,10,0.8,0.67,0.73
SUP_EXT_0071,Superalloys,single,3,w/o Multimodal,10,10,2,0,12,0.83,1.0,0.91
SUP_EXT_0072,Superalloys,single,3,w/o Multimodal,11,11,0,0,11,1.0,1.0,1.0
SUP_EXT_0073,Superalloys,single,3,w/o Multimodal,8,6,2,2,8,0.75,0.75,0.75
SUP_EXT_0074,Superalloys,single,3,w/o Multimodal,13,9,2,4,11,0.82,0.69,0.75
SUP_EXT_0075,Superalloys,single,3,w/o Multimodal,9,6,1,3,7,0.86,0.67,0.75
SUP_EXT_0076,Superalloys,single,3,w/o Multimodal,9,8,1,1,9,0.89,0.89,0.89
SUP_EXT_0077,Superalloys,single,3,w/o Multimodal,12,8,4,4,12,0.67,0.67,0.67
SUP_EXT_0078,Superalloys,single,3,w/o Multimodal,6,2,2,4,4,0.5,0.33,0.4
SUP_EXT_0079,Superalloys,single,3,w/o Multimodal,9,8,0,1,8,1.0,0.89,0.94
SUP_EXT_0080,Superalloys,single,3,w/o Multimodal,8,6,3,2,9,0.67,0.75,0.71
SUP_EXT_0081,Superalloys,single,3,w/o Multimodal,13,0,0,13,0,0.0,0.0,0.0
SUP_EXT_0082,Superalloys,single,3,w/o Multimodal,9,6,1,3,7,0.86,0.67,0.75
SUP_EXT_0083,Superalloys,single,3,w/o Multimodal,10,8,1,2,9,0.89,0.8,0.84
SUP_EXT_0084,Superalloys,single,3,w/o Multimodal,14,11,1,3,12,0.92,0.79,0.85
SUP_EXT_0085,Superalloys,single,3,w/o Multimodal,10,9,0,1,9,1.0,0.9,0.95
SUP_EXT_0086,Superalloys,multi,3,w/o Multimodal,22,14,7,8,21,0.67,0.64,0.65
SUP_EXT_0087,Superalloys,single,3,w/o Multimodal,8,7,3,1,10,0.7,0.88,0.78
SUP_EXT_0088,Superalloys,single,3,w/o Multimodal,10,7,1,3,8,0.88,0.7,0.78
SUP_EXT_0089,Superalloys,single,3,w/o Multimodal,7,6,1,1,7,0.86,0.86,0.86
SUP_EXT_0090,Superalloys,multi,3,w/o Multimodal,31,29,2,2,31,0.94,0.94,0.94
SUP_EXT_0091,Superalloys,single,3,w/o Multimodal,6,4,2,2,6,0.67,0.67,0.67
SUP_EXT_0092,Superalloys,single,3,w/o Multimodal,11,6,3,5,9,0.67,0.55,0.6
SUP_EXT_0093,Superalloys,multi,3,w/o Multimodal,23,18,7,5,25,0.72,0.78,0.75
SUP_EXT_0094,Superalloys,single,3,w/o Multimodal,12,10,2,2,12,0.83,0.83,0.83
SUP_EXT_0095,Superalloys,single,3,w/o Multimodal,11,9,2,2,11,0.82,0.82,0.82
SUP_EXT_0096,Superalloys,single,3,w/o Multimodal,13,10,3,3,13,0.77,0.77,0.77
SUP_EXT_0097,Superalloys,single,3,w/o Multimodal,6,5,2,1,7,0.71,0.83,0.77
SUP_EXT_0098,Superalloys,multi,3,w/o Multimodal,21,17,3,4,20,0.85,0.81,0.83
SUP_EXT_0099,Superalloys,single,3,w/o Multimodal,11,5,2,6,7,0.71,0.45,0.55
SUP_EXT_0100,Superalloys,single,3,w/o Multimodal,12,7,2,5,9,0.78,0.58,0.67
SUP_EXT_0101,Superalloys,single,3,w/o Multimodal,6,6,1,0,7,0.86,1.0,0.92
SUP_EXT_0102,Superalloys,single,3,w/o Multimodal,14,11,2,3,13,0.85,0.79,0.82
SUP_EXT_0103,Superalloys,single,3,w/o Multimodal,9,6,1,3,7,0.86,0.67,0.75
SUP_EXT_0104,Superalloys,single,3,w/o Multimodal,12,11,3,1,14,0.79,0.92,0.85
SUP_EXT_0105,Superalloys,single,3,w/o Multimodal,12,8,3,4,11,0.73,0.67,0.7
SUP_EXT_0106,Superalloys,single,3,w/o Multimodal,11,8,3,3,11,0.73,0.73,0.73
SUP_EXT_0107,Superalloys,single,3,w/o Multimodal,11,7,3,4,10,0.7,0.64,0.67
SUP_EXT_0108,Superalloys,single,3,w/o Multimodal,12,10,0,2,10,1.0,0.83,0.91
SUP_EXT_0109,Superalloys,single,3,w/o Multimodal,12,8,4,4,12,0.67,0.67,0.67
SUP_EXT_0110,Superalloys,single,3,w/o Multimodal,9,8,1,1,9,0.89,0.89,0.89
SUP_EXT_0111,Superalloys,single,3,w/o Multimodal,6,4,2,2,6,0.67,0.67,0.67
SUP_EXT_0112,Superalloys,single,3,w/o Multimodal,6,0,0,6,0,0.0,0.0,0.0
SUP_EXT_0113,Superalloys,multi,3,w/o Multimodal,23,12,7,11,19,0.63,0.52,0.57
SUP_EXT_0114,Superalloys,single,3,w/o Multimodal,11,10,1,1,11,0.91,0.91,0.91
SUP_EXT_0115,Superalloys,single,3,w/o Multimodal,10,9,1,1,10,0.9,0.9,0.9
SUP_EXT_0116,Superalloys,single,3,w/o Multimodal,7,5,2,2,7,0.71,0.71,0.71
SUP_EXT_0117,Superalloys,single,3,w/o Multimodal,11,10,0,1,10,1.0,0.91,0.95
SUP_EXT_0118,Superalloys,single,3,w/o Multimodal,11,9,1,2,10,0.9,0.82,0.86
SUP_EXT_0119,Superalloys,single,3,w/o Multimodal,6,4,2,2,6,0.67,0.67,0.67
SUP_EXT_0120,Superalloys,single,3,w/o Multimodal,11,8,3,3,11,0.73,0.73,0.73
SUP_EXT_0121,Superalloys,multi,3,w/o Multimodal,25,20,0,5,20,1.0,0.8,0.89
SUP_EXT_0122,Superalloys,single,3,w/o Multimodal,11,7,2,4,9,0.78,0.64,0.7
SUP_EXT_0123,Superalloys,single,3,w/o Multimodal,11,9,3,2,12,0.75,0.82,0.78
SUP_EXT_0124,Superalloys,single,3,w/o Multimodal,12,0,2,12,2,0.0,0.0,0.0
SUP_EXT_0125,Superalloys,multi,3,w/o Multimodal,24,21,1,3,22,0.95,0.88,0.91
SUP_EXT_0126,Superalloys,single,3,w/o Multimodal,10,7,1,3,8,0.88,0.7,0.78
SUP_EXT_0127,Superalloys,single,3,w/o Multimodal,9,8,3,1,11,0.73,0.89,0.8
SUP_EXT_0128,Superalloys,single,3,w/o Multimodal,6,4,2,2,6,0.67,0.67,0.67
SUP_EXT_0129,Superalloys,single,3,w/o Multimodal,11,6,4,5,10,0.6,0.55,0.57
SUP_EXT_0130,Superalloys,multi,3,w/o Multimodal,27,21,1,6,22,0.95,0.78,0.86
SUP_EXT_0131,Superalloys,single,3,w/o Multimodal,8,7,3,1,10,0.7,0.88,0.78
SUP_EXT_0132,Superalloys,single,3,w/o Multimodal,11,8,0,3,8,1.0,0.73,0.84
SUP_EXT_0133,Superalloys,single,3,w/o Multimodal,10,6,3,4,9,0.67,0.6,0.63
SUP_EXT_0134,Superalloys,single,3,w/o Multimodal,11,11,2,0,13,0.85,1.0,0.92
SUP_EXT_0135,Superalloys,single,3,w/o Multimodal,8,7,1,1,8,0.88,0.88,0.88
SUP_EXT_0136,Superalloys,single,3,w/o Multimodal,12,8,0,4,8,1.0,0.67,0.8
SUP_EXT_0137,Superalloys,single,3,w/o Multimodal,8,6,2,2,8,0.75,0.75,0.75
SUP_EXT_0138,Superalloys,multi,3,w/o Multimodal,21,12,6,9,18,0.67,0.57,0.62
SUP_EXT_0139,Superalloys,single,3,w/o Multimodal,9,7,1,2,8,0.88,0.78,0.83
SUP_EXT_0140,Superalloys,single,3,w/o Multimodal,6,5,1,1,6,0.83,0.83,0.83
SUP_EXT_0141,Superalloys,single,3,w/o Multimodal,11,0,3,11,3,0.0,0.0,0.0
SUP_EXT_0142,Superalloys,multi,3,w/o Multimodal,24,13,5,11,18,0.72,0.54,0.62
SUP_EXT_0143,Superalloys,single,3,w/o Multimodal,12,8,3,4,11,0.73,0.67,0.7
SUP_EXT_0144,Superalloys,single,3,w/o Multimodal,12,10,2,2,12,0.83,0.83,0.83
SUP_EXT_0145,Superalloys,single,3,w/o Multimodal,6,0,0,6,0,0.0,0.0,0.0
SUP_EXT_0146,Superalloys,multi,3,w/o Multimodal,21,15,2,6,17,0.88,0.71,0.79
SUP_EXT_0147,Superalloys,single,3,w/o Multimodal,8,6,2,2,8,0.75,0.75,0.75
SUP_EXT_0148,Superalloys,multi,3,w/o Multimodal,18,17,2,1,19,0.89,0.94,0.91
SUP_EXT_0149,Superalloys,single,3,w/o Multimodal,9,5,2,4,7,0.71,0.56,0.63
SUP_EXT_0150,Superalloys,single,3,w/o Multimodal,8,7,4,1,11,0.64,0.88,0.74
SUP_EXT_0151,Superalloys,single,3,w/o Multimodal,11,7,4,4,11,0.64,0.64,0.64
SUP_EXT_0152,Superalloys,single,3,w/o Multimodal,10,9,1,1,10,0.9,0.9,0.9
SUP_EXT_0153,Superalloys,single,3,w/o Multimodal,8,6,3,2,9,0.67,0.75,0.71
SUP_EXT_0154,Superalloys,single,3,w/o Multimodal,8,6,1,2,7,0.86,0.75,0.8
SUP_EXT_0155,Superalloys,single,3,w/o Multimodal,10,8,1,2,9,0.89,0.8,0.84
SUP_EXT_0156,Superalloys,single,3,w/o Multimodal,10,9,2,1,11,0.82,0.9,0.86
SUP_EXT_0157,Superalloys,single,3,w/o Multimodal,8,7,2,1,9,0.78,0.88,0.83
SUP_EXT_0158,Superalloys,single,3,w/o Multimodal,10,8,3,2,11,0.73,0.8,0.76
SUP_EXT_0159,Superalloys,single,3,w/o Multimodal,12,9,3,3,12,0.75,0.75,0.75
SUP_EXT_0160,Superalloys,single,3,w/o Multimodal,11,9,3,2,12,0.75,0.82,0.78
SUP_EXT_0161,Superalloys,single,3,w/o Multimodal,7,4,2,3,6,0.67,0.57,0.62
SUP_EXT_0162,Superalloys,single,3,w/o Multimodal,9,7,1,2,8,0.88,0.78,0.83
SUP_EXT_0163,Superalloys,single,3,w/o Multimodal,12,10,3,2,13,0.77,0.83,0.8
SUP_EXT_0164,Superalloys,single,3,w/o Multimodal,7,6,2,1,8,0.75,0.86,0.8
SUP_EXT_0165,Superalloys,single,3,w/o Multimodal,11,8,0,3,8,1.0,0.73,0.84
SUP_EXT_0166,Superalloys,single,3,w/o Multimodal,10,7,3,3,10,0.7,0.7,0.7
SUP_EXT_0167,Superalloys,single,3,w/o Multimodal,11,9,2,2,11,0.82,0.82,0.82
SUP_EXT_0168,Superalloys,single,3,w/o Multimodal,6,5,3,1,8,0.62,0.83,0.71
SUP_EXT_0169,Superalloys,single,3,w/o Multimodal,6,4,3,2,7,0.57,0.67,0.62
SUP_EXT_0170,Superalloys,single,3,w/o Multimodal,6,6,1,0,7,0.86,1.0,0.92
SUP_EXT_0171,Superalloys,single,3,w/o Multimodal,11,10,2,1,12,0.83,0.91,0.87
SUP_EXT_0172,Superalloys,multi,3,w/o Multimodal,24,16,8,8,24,0.67,0.67,0.67
SUP_EXT_0173,Superalloys,single,3,w/o Multimodal,7,6,2,1,8,0.75,0.86,0.8
SUP_EXT_0174,Superalloys,single,3,w/o Multimodal,12,8,1,4,9,0.89,0.67,0.76
SUP_EXT_0175,Superalloys,single,3,w/o Multimodal,10,9,1,1,10,0.9,0.9,0.9
SUP_EXT_0176,Superalloys,single,3,w/o Multimodal,6,6,2,0,8,0.75,1.0,0.86
SUP_EXT_0177,Superalloys,multi,3,w/o Multimodal,20,12,3,8,15,0.8,0.6,0.69
SUP_EXT_0178,Superalloys,single,3,w/o Multimodal,6,4,3,2,7,0.57,0.67,0.62
SUP_EXT_0179,Superalloys,single,3,w/o Multimodal,11,9,2,2,11,0.82,0.82,0.82
SUP_EXT_0180,Superalloys,multi,3,w/o Multimodal,18,11,2,7,13,0.85,0.61,0.71
SUP_EXT_0181,Superalloys,single,3,w/o Multimodal,10,6,1,4,7,0.86,0.6,0.71
SUP_EXT_0182,Superalloys,single,3,w/o Multimodal,11,10,0,1,10,1.0,0.91,0.95
SUP_EXT_0183,Superalloys,single,3,w/o Multimodal,11,10,0,1,10,1.0,0.91,0.95
SUP_EXT_0184,Superalloys,single,3,w/o Multimodal,6,5,2,1,7,0.71,0.83,0.77
SUP_EXT_0185,Superalloys,single,3,w/o Multimodal,8,6,5,2,11,0.55,0.75,0.63
SUP_EXT_0186,Superalloys,single,3,w/o Multimodal,13,10,7,3,17,0.59,0.77,0.67
SUP_EXT_0187,Superalloys,single,3,w/o Multimodal,11,9,3,2,12,0.75,0.82,0.78
SUP_EXT_0188,Superalloys,single,3,w/o Multimodal,9,7,2,2,9,0.78,0.78,0.78
SUP_EXT_0189,Superalloys,single,3,w/o Multimodal,5,0,0,5,0,0.0,0.0,0.0
SUP_EXT_0190,Superalloys,single,3,w/o Multimodal,15,14,3,1,17,0.82,0.93,0.87
SUP_EXT_0191,Superalloys,single,3,w/o Multimodal,7,4,3,3,7,0.57,0.57,0.57
SUP_EXT_0192,Superalloys,single,3,w/o Multimodal,10,7,2,3,9,0.78,0.7,0.74
SUP_EXT_0193,Superalloys,single,3,w/o Multimodal,9,9,1,0,10,0.9,1.0,0.95
SUP_EXT_0194,Superalloys,single,3,w/o Multimodal,12,11,1,1,12,0.92,0.92,0.92
SUP_EXT_0195,Superalloys,single,3,w/o Multimodal,7,0,0,7,0,0.0,0.0,0.0
SUP_EXT_0196,Superalloys,single,3,w/o Multimodal,11,9,4,2,13,0.69,0.82,0.75
SUP_EXT_0197,Superalloys,single,3,w/o Multimodal,10,8,0,2,8,1.0,0.8,0.89
SUP_EXT_0198,Superalloys,single,3,w/o Multimodal,11,10,2,1,12,0.83,0.91,0.87
SUP_EXT_0199,Superalloys,single,3,w/o Multimodal,8,6,3,2,9,0.67,0.75,0.71
SUP_EXT_0200,Superalloys,single,3,w/o Multimodal,8,8,0,0,8,1.0,1.0,1.0
SUP_EXT_0201,Superalloys,multi,3,w/o Multimodal,21,15,1,6,16,0.94,0.71,0.81
SUP_EXT_0202,Superalloys,single,3,w/o Multimodal,9,6,2,3,8,0.75,0.67,0.71
SUP_EXT_0203,Superalloys,single,3,w/o Multimodal,10,6,1,4,7,0.86,0.6,0.71
SUP_EXT_0204,Superalloys,single,3,w/o Multimodal,10,7,3,3,10,0.7,0.7,0.7
SUP_EXT_0205,Superalloys,single,3,w/o Multimodal,8,6,2,2,8,0.75,0.75,0.75
SUP_EXT_0206,Superalloys,single,3,w/o Multimodal,10,8,1,2,9,0.89,0.8,0.84
SUP_EXT_0207,Superalloys,single,3,w/o Multimodal,9,7,2,2,9,0.78,0.78,0.78
SUP_EXT_0208,Superalloys,single,3,w/o Multimodal,12,8,1,4,9,0.89,0.67,0.76
SUP_EXT_0209,Superalloys,single,3,w/o Multimodal,10,7,2,3,9,0.78,0.7,0.74
SUP_EXT_0210,Superalloys,single,3,w/o Multimodal,10,8,2,2,10,0.8,0.8,0.8
SUP_EXT_0211,Superalloys,single,3,w/o Multimodal,10,9,1,1,10,0.9,0.9,0.9
SUP_EXT_0212,Superalloys,single,3,w/o Multimodal,8,5,2,3,7,0.71,0.62,0.66
SUP_EXT_0213,Superalloys,single,3,w/o Multimodal,12,9,2,3,11,0.82,0.75,0.78
SUP_EXT_0214,Superalloys,single,3,w/o Multimodal,4,0,0,4,0,0.0,0.0,0.0
SEM_EXT_0001,Semiconductors,single,3,w/o Multimodal,6,4,2,2,6,0.67,0.67,0.67
SEM_EXT_0002,Semiconductors,single,3,w/o Multimodal,8,6,4,2,10,0.6,0.75,0.67
SEM_EXT_0003,Semiconductors,single,3,w/o Multimodal,9,8,0,1,8,1.0,0.89,0.94
SEM_EXT_0004,Semiconductors,single,3,w/o Multimodal,11,10,2,1,12,0.83,0.91,0.87
SEM_EXT_0005,Semiconductors,single,3,w/o Multimodal,10,7,1,3,8,0.88,0.7,0.78
SEM_EXT_0006,Semiconductors,single,3,w/o Multimodal,8,6,2,2,8,0.75,0.75,0.75
SEM_EXT_0007,Semiconductors,single,3,w/o Multimodal,12,7,4,5,11,0.64,0.58,0.61
SEM_EXT_0008,Semiconductors,single,3,w/o Multimodal,9,8,3,1,11,0.73,0.89,0.8
SEM_EXT_0009,Semiconductors,single,3,w/o Multimodal,10,7,3,3,10,0.7,0.7,0.7
SEM_EXT_0010,Semiconductors,single,3,w/o Multimodal,9,7,2,2,9,0.78,0.78,0.78
SEM_EXT_0011,Semiconductors,single,3,w/o Multimodal,12,11,0,1,11,1.0,0.92,0.96
SEM_EXT_0012,Semiconductors,single,3,w/o Multimodal,7,7,1,0,8,0.88,1.0,0.94
SEM_EXT_0013,Semiconductors,single,3,w/o Multimodal,12,10,3,2,13,0.77,0.83,0.8
SEM_EXT_0014,Semiconductors,single,3,w/o Multimodal,11,8,2,3,10,0.8,0.73,0.76
SEM_EXT_0015,Semiconductors,single,3,w/o Multimodal,12,10,3,2,13,0.77,0.83,0.8
SEM_EXT_0016,Semiconductors,multi,3,w/o Multimodal,29,18,1,11,19,0.95,0.62,0.75
SEM_EXT_0017,Semiconductors,single,3,w/o Multimodal,8,6,4,2,10,0.6,0.75,0.67
SEM_EXT_0018,Semiconductors,single,3,w/o Multimodal,11,6,3,5,9,0.67,0.55,0.6
SEM_EXT_0019,Semiconductors,single,3,w/o Multimodal,15,13,2,2,15,0.87,0.87,0.87
SEM_EXT_0020,Semiconductors,single,3,w/o Multimodal,12,9,5,3,14,0.64,0.75,0.69
SEM_EXT_0021,Semiconductors,single,3,w/o Multimodal,8,7,1,1,8,0.88,0.88,0.88
SEM_EXT_0022,Semiconductors,multi,3,w/o Multimodal,22,15,4,7,19,0.79,0.68,0.73
SEM_EXT_0023,Semiconductors,single,3,w/o Multimodal,13,9,1,4,10,0.9,0.69,0.78
SEM_EXT_0024,Semiconductors,single,3,w/o Multimodal,6,3,2,3,5,0.6,0.5,0.55
SEM_EXT_0025,Semiconductors,single,3,w/o Multimodal,6,4,2,2,6,0.67,0.67,0.67
SEM_EXT_0026,Semiconductors,single,3,w/o Multimodal,6,5,2,1,7,0.71,0.83,0.77
SEM_EXT_0027,Semiconductors,single,3,w/o Multimodal,10,0,2,10,2,0.0,0.0,0.0
SEM_EXT_0028,Semiconductors,single,3,w/o Multimodal,10,8,2,2,10,0.8,0.8,0.8
SEM_EXT_0029,Semiconductors,single,3,w/o Multimodal,15,9,4,6,13,0.69,0.6,0.64
SEM_EXT_0030,Semiconductors,multi,3,w/o Multimodal,33,21,5,12,26,0.81,0.64,0.72
SEM_EXT_0031,Semiconductors,single,3,w/o Multimodal,7,6,1,1,7,0.86,0.86,0.86
SEM_EXT_0032,Semiconductors,single,3,w/o Multimodal,9,9,0,0,9,1.0,1.0,1.0
SEM_EXT_0033,Semiconductors,single,3,w/o Multimodal,9,7,1,2,8,0.88,0.78,0.83
SEM_EXT_0034,Semiconductors,single,3,w/o Multimodal,12,11,1,1,12,0.92,0.92,0.92
SEM_EXT_0035,Semiconductors,single,3,w/o Multimodal,12,10,3,2,13,0.77,0.83,0.8
SEM_EXT_0036,Semiconductors,single,3,w/o Multimodal,8,5,2,3,7,0.71,0.62,0.66
SEM_EXT_0037,Semiconductors,single,3,w/o Multimodal,12,8,2,4,10,0.8,0.67,0.73
SEM_EXT_0038,Semiconductors,single,3,w/o Multimodal,12,11,0,1,11,1.0,0.92,0.96
SEM_EXT_0039,Semiconductors,single,3,w/o Multimodal,9,8,0,1,8,1.0,0.89,0.94
SEM_EXT_0040,Semiconductors,single,3,w/o Multimodal,12,9,1,3,10,0.9,0.75,0.82
SEM_EXT_0041,Semiconductors,multi,3,w/o Multimodal,36,21,8,15,29,0.72,0.58,0.64
SEM_EXT_0042,Semiconductors,single,3,w/o Multimodal,6,6,1,0,7,0.86,1.0,0.92
SEM_EXT_0043,Semiconductors,single,3,w/o Multimodal,11,9,0,2,9,1.0,0.82,0.9
SEM_EXT_0044,Semiconductors,single,3,w/o Multimodal,12,10,2,2,12,0.83,0.83,0.83
SEM_EXT_0045,Semiconductors,single,3,w/o Multimodal,8,6,2,2,8,0.75,0.75,0.75
SEM_EXT_0046,Semiconductors,multi,3,w/o Multimodal,24,17,1,7,18,0.94,0.71,0.81
SEM_EXT_0047,Semiconductors,single,3,w/o Multimodal,7,6,2,1,8,0.75,0.86,0.8
SEM_EXT_0048,Semiconductors,single,3,w/o Multimodal,8,5,2,3,7,0.71,0.62,0.66
SEM_EXT_0049,Semiconductors,single,3,w/o Multimodal,12,10,3,2,13,0.77,0.83,0.8
SEM_EXT_0050,Semiconductors,single,3,w/o Multimodal,6,4,2,2,6,0.67,0.67,0.67
SEM_EXT_0051,Semiconductors,single,3,w/o Multimodal,11,9,2,2,11,0.82,0.82,0.82
SEM_EXT_0052,Semiconductors,single,3,w/o Multimodal,8,5,2,3,7,0.71,0.62,0.66
SEM_EXT_0053,Semiconductors,single,3,w/o Multimodal,9,5,2,4,7,0.71,0.56,0.63
SEM_EXT_0054,Semiconductors,multi,3,w/o Multimodal,30,24,6,6,30,0.8,0.8,0.8
SEM_EXT_0055,Semiconductors,multi,3,w/o Multimodal,31,20,6,11,26,0.77,0.65,0.7
SEM_EXT_0056,Semiconductors,single,3,w/o Multimodal,6,4,2,2,6,0.67,0.67,0.67
SEM_EXT_0057,Semiconductors,single,3,w/o Multimodal,10,9,1,1,10,0.9,0.9,0.9
SEM_EXT_0058,Semiconductors,single,3,w/o Multimodal,9,7,1,2,8,0.88,0.78,0.83
SEM_EXT_0059,Semiconductors,single,3,w/o Multimodal,9,8,1,1,9,0.89,0.89,0.89
SEM_EXT_0060,Semiconductors,single,3,w/o Multimodal,11,8,2,3,10,0.8,0.73,0.76
SEM_EXT_0061,Semiconductors,single,3,w/o Multimodal,12,8,1,4,9,0.89,0.67,0.76
SEM_EXT_0062,Semiconductors,single,3,w/o Multimodal,6,3,2,3,5,0.6,0.5,0.55
SEM_EXT_0063,Semiconductors,single,3,w/o Multimodal,8,7,1,1,8,0.88,0.88,0.88
SEM_EXT_0064,Semiconductors,single,3,w/o Multimodal,7,7,1,0,8,0.88,1.0,0.94
SEM_EXT_0065,Semiconductors,single,3,w/o Multimodal,9,7,1,2,8,0.88,0.78,0.83
SEM_EXT_0066,Semiconductors,single,3,w/o Multimodal,11,8,0,3,8,1.0,0.73,0.84
SEM_EXT_0067,Semiconductors,single,3,w/o Multimodal,10,9,1,1,10,0.9,0.9,0.9
SEM_EXT_0068,Semiconductors,single,3,w/o Multimodal,7,5,3,2,8,0.62,0.71,0.66
SEM_EXT_0069,Semiconductors,single,3,w/o Multimodal,8,7,1,1,8,0.88,0.88,0.88
SEM_EXT_0070,Semiconductors,single,3,w/o Multimodal,6,5,2,1,7,0.71,0.83,0.77
SEM_EXT_0071,Semiconductors,single,3,w/o Multimodal,12,9,3,3,12,0.75,0.75,0.75
SEM_EXT_0072,Semiconductors,single,3,w/o Multimodal,10,7,2,3,9,0.78,0.7,0.74
SEM_EXT_0073,Semiconductors,single,3,w/o Multimodal,8,8,0,0,8,1.0,1.0,1.0
SEM_EXT_0074,Semiconductors,single,3,w/o Multimodal,6,5,2,1,7,0.71,0.83,0.77
SEM_EXT_0075,Semiconductors,single,3,w/o Multimodal,8,5,2,3,7,0.71,0.62,0.66
SEM_EXT_0076,Semiconductors,single,3,w/o Multimodal,10,6,1,4,7,0.86,0.6,0.71
SEM_EXT_0077,Semiconductors,multi,3,w/o Multimodal,25,15,6,10,21,0.71,0.6,0.65
SEM_EXT_0078,Semiconductors,single,3,w/o Multimodal,9,6,2,3,8,0.75,0.67,0.71
SEM_EXT_0079,Semiconductors,single,3,w/o Multimodal,10,7,1,3,8,0.88,0.7,0.78
SEM_EXT_0080,Semiconductors,single,3,w/o Multimodal,9,8,1,1,9,0.89,0.89,0.89
SEM_EXT_0081,Semiconductors,single,3,w/o Multimodal,14,13,1,1,14,0.93,0.93,0.93
SEM_EXT_0082,Semiconductors,multi,3,w/o Multimodal,28,21,1,7,22,0.95,0.75,0.84
SEM_EXT_0083,Semiconductors,single,3,w/o Multimodal,9,6,2,3,8,0.75,0.67,0.71
SEM_EXT_0084,Semiconductors,single,3,w/o Multimodal,6,3,3,3,6,0.5,0.5,0.5
SEM_EXT_0085,Semiconductors,single,3,w/o Multimodal,11,8,1,3,9,0.89,0.73,0.8
SEM_EXT_0086,Semiconductors,single,3,w/o Multimodal,9,7,1,2,8,0.88,0.78,0.83
SEM_EXT_0087,Semiconductors,single,3,w/o Multimodal,8,5,2,3,7,0.71,0.62,0.66
SEM_EXT_0088,Semiconductors,single,3,w/o Multimodal,11,10,2,1,12,0.83,0.91,0.87
SEM_EXT_0089,Semiconductors,single,3,w/o Multimodal,8,7,1,1,8,0.88,0.88,0.88
SEM_EXT_0090,Semiconductors,single,3,w/o Multimodal,9,7,3,2,10,0.7,0.78,0.74
SEM_EXT_0091,Semiconductors,single,3,w/o Multimodal,12,8,3,4,11,0.73,0.67,0.7
SEM_EXT_0092,Semiconductors,single,3,w/o Multimodal,9,5,2,4,7,0.71,0.56,0.63
SEM_EXT_0093,Semiconductors,single,3,w/o Multimodal,8,7,1,1,8,0.88,0.88,0.88
SEM_EXT_0094,Semiconductors,multi,3,w/o Multimodal,19,13,3,6,16,0.81,0.68,0.74
SEM_EXT_0095,Semiconductors,single,3,w/o Multimodal,10,0,1,10,1,0.0,0.0,0.0
SEM_EXT_0096,Semiconductors,single,3,w/o Multimodal,11,10,0,1,10,1.0,0.91,0.95
SEM_EXT_0097,Semiconductors,multi,3,w/o Multimodal,25,16,4,9,20,0.8,0.64,0.71
SEM_EXT_0098,Semiconductors,single,3,w/o Multimodal,10,7,3,3,10,0.7,0.7,0.7
SEM_EXT_0099,Semiconductors,single,3,w/o Multimodal,11,7,4,4,11,0.64,0.64,0.64
SEM_EXT_0100,Semiconductors,single,3,w/o Multimodal,13,10,4,3,14,0.71,0.77,0.74
SEM_EXT_0101,Semiconductors,single,3,w/o Multimodal,7,5,1,2,6,0.83,0.71,0.77
SEM_EXT_0102,Semiconductors,single,3,w/o Multimodal,8,6,2,2,8,0.75,0.75,0.75
SEM_EXT_0103,Semiconductors,single,3,w/o Multimodal,8,7,1,1,8,0.88,0.88,0.88
SEM_EXT_0104,Semiconductors,single,3,w/o Multimodal,7,5,2,2,7,0.71,0.71,0.71
SEM_EXT_0105,Semiconductors,single,3,w/o Multimodal,10,7,2,3,9,0.78,0.7,0.74
SEM_EXT_0106,Semiconductors,single,3,w/o Multimodal,9,8,4,1,12,0.67,0.89,0.76
SEM_EXT_0107,Semiconductors,single,3,w/o Multimodal,6,4,3,2,7,0.57,0.67,0.62
SEM_EXT_0108,Semiconductors,single,3,w/o Multimodal,12,10,2,2,12,0.83,0.83,0.83
SEM_EXT_0109,Semiconductors,single,3,w/o Multimodal,10,10,0,0,10,1.0,1.0,1.0
SEM_EXT_0110,Semiconductors,single,3,w/o Multimodal,11,9,0,2,9,1.0,0.82,0.9
SEM_EXT_0111,Semiconductors,single,3,w/o Multimodal,12,9,2,3,11,0.82,0.75,0.78
SEM_EXT_0112,Semiconductors,multi,3,w/o Multimodal,28,16,5,12,21,0.76,0.57,0.65
SEM_EXT_0113,Semiconductors,single,3,w/o Multimodal,9,8,1,1,9,0.89,0.89,0.89
SEM_EXT_0114,Semiconductors,single,3,w/o Multimodal,12,7,2,5,9,0.78,0.58,0.67
SEM_EXT_0115,Semiconductors,multi,3,w/o Multimodal,28,21,4,7,25,0.84,0.75,0.79
SEM_EXT_0116,Semiconductors,single,3,w/o Multimodal,11,11,0,0,11,1.0,1.0,1.0
SEM_EXT_0117,Semiconductors,single,3,w/o Multimodal,10,7,1,3,8,0.88,0.7,0.78
SEM_EXT_0118,Semiconductors,single,3,w/o Multimodal,12,7,2,5,9,0.78,0.58,0.67
SEM_EXT_0119,Semiconductors,single,3,w/o Multimodal,12,8,2,4,10,0.8,0.67,0.73
SEM_EXT_0120,Semiconductors,single,3,w/o Multimodal,11,8,1,3,9,0.89,0.73,0.8
SEM_EXT_0121,Semiconductors,single,3,w/o Multimodal,11,9,2,2,11,0.82,0.82,0.82
SEM_EXT_0122,Semiconductors,single,3,w/o Multimodal,10,7,1,3,8,0.88,0.7,0.78
SEM_EXT_0123,Semiconductors,single,3,w/o Multimodal,6,5,2,1,7,0.71,0.83,0.77
SEM_EXT_0124,Semiconductors,multi,3,w/o Multimodal,26,22,1,4,23,0.96,0.85,0.9
SEM_EXT_0125,Semiconductors,single,3,w/o Multimodal,12,0,3,12,3,0.0,0.0,0.0
SEM_EXT_0126,Semiconductors,single,3,w/o Multimodal,8,5,2,3,7,0.71,0.62,0.66
SEM_EXT_0127,Semiconductors,single,3,w/o Multimodal,4,0,0,4,0,0.0,0.0,0.0
SEM_EXT_0128,Semiconductors,single,3,w/o Multimodal,8,5,2,3,7,0.71,0.62,0.66
SEM_EXT_0129,Semiconductors,single,3,w/o Multimodal,13,10,1,3,11,0.91,0.77,0.83
SEM_EXT_0130,Semiconductors,single,3,w/o Multimodal,12,10,0,2,10,1.0,0.83,0.91
SEM_EXT_0131,Semiconductors,single,3,w/o Multimodal,10,8,1,2,9,0.89,0.8,0.84
SEM_EXT_0132,Semiconductors,single,3,w/o Multimodal,14,10,3,4,13,0.77,0.71,0.74
SEM_EXT_0133,Semiconductors,single,3,w/o Multimodal,8,4,2,4,6,0.67,0.5,0.57
SEM_EXT_0134,Semiconductors,single,3,w/o Multimodal,9,4,2,5,6,0.67,0.44,0.53
SEM_EXT_0135,Semiconductors,single,3,w/o Multimodal,12,10,0,2,10,1.0,0.83,0.91
SEM_EXT_0136,Semiconductors,multi,3,w/o Multimodal,38,28,4,10,32,0.88,0.74,0.8
SEM_EXT_0137,Semiconductors,single,3,w/o Multimodal,9,7,2,2,9,0.78,0.78,0.78
SEM_EXT_0138,Semiconductors,single,3,w/o Multimodal,7,6,1,1,7,0.86,0.86,0.86
SEM_EXT_0139,Semiconductors,single,3,w/o Multimodal,8,7,3,1,10,0.7,0.88,0.78
SEM_EXT_0140,Semiconductors,single,3,w/o Multimodal,10,10,0,0,10,1.0,1.0,1.0
SEM_EXT_0141,Semiconductors,multi,3,w/o Multimodal,28,19,6,9,25,0.76,0.68,0.72
SEM_EXT_0142,Semiconductors,single,3,w/o Multimodal,6,5,2,1,7,0.71,0.83,0.77
SEM_EXT_0143,Semiconductors,single,3,w/o Multimodal,9,6,1,3,7,0.86,0.67,0.75
SEM_EXT_0144,Semiconductors,single,3,w/o Multimodal,8,5,2,3,7,0.71,0.62,0.66
SEM_EXT_0145,Semiconductors,single,3,w/o Multimodal,10,8,2,2,10,0.8,0.8,0.8
SEM_EXT_0146,Semiconductors,single,3,w/o Multimodal,11,9,1,2,10,0.9,0.82,0.86
SEM_EXT_0147,Semiconductors,single,3,w/o Multimodal,12,9,1,3,10,0.9,0.75,0.82
SEM_EXT_0148,Semiconductors,single,3,w/o Multimodal,10,8,1,2,9,0.89,0.8,0.84
SEM_EXT_0149,Semiconductors,single,3,w/o Multimodal,6,4,2,2,6,0.67,0.67,0.67
SEM_EXT_0150,Semiconductors,single,3,w/o Multimodal,11,8,3,3,11,0.73,0.73,0.73
SEM_EXT_0151,Semiconductors,single,3,w/o Multimodal,7,6,1,1,7,0.86,0.86,0.86
SEM_EXT_0152,Semiconductors,single,3,w/o Multimodal,9,7,1,2,8,0.88,0.78,0.83
SEM_EXT_0153,Semiconductors,single,3,w/o Multimodal,11,8,1,3,9,0.89,0.73,0.8
SEM_EXT_0154,Semiconductors,multi,3,w/o Multimodal,23,16,2,7,18,0.89,0.7,0.78
SEM_EXT_0155,Semiconductors,single,3,w/o Multimodal,11,7,3,4,10,0.7,0.64,0.67
SEM_EXT_0156,Semiconductors,single,3,w/o Multimodal,11,8,1,3,9,0.89,0.73,0.8
SEM_EXT_0157,Semiconductors,single,3,w/o Multimodal,9,9,0,0,9,1.0,1.0,1.0
SEM_EXT_0158,Semiconductors,single,3,w/o Multimodal,6,5,2,1,7,0.71,0.83,0.77
SEM_EXT_0159,Semiconductors,single,3,w/o Multimodal,12,8,2,4,10,0.8,0.67,0.73
SEM_EXT_0160,Semiconductors,single,3,w/o Multimodal,9,7,2,2,9,0.78,0.78,0.78
SEM_EXT_0161,Semiconductors,single,3,w/o Multimodal,12,7,1,5,8,0.88,0.58,0.7
SEM_EXT_0162,Semiconductors,multi,3,w/o Multimodal,32,22,4,10,26,0.85,0.69,0.76
SEM_EXT_0163,Semiconductors,single,3,w/o Multimodal,7,7,1,0,8,0.88,1.0,0.94
SEM_EXT_0164,Semiconductors,single,3,w/o Multimodal,7,7,1,0,8,0.88,1.0,0.94
SEM_EXT_0165,Semiconductors,single,3,w/o Multimodal,6,6,1,0,7,0.86,1.0,0.92
SEM_EXT_0166,Semiconductors,single,3,w/o Multimodal,10,7,3,3,10,0.7,0.7,0.7
SEM_EXT_0167,Semiconductors,single,3,w/o Multimodal,7,4,2,3,6,0.67,0.57,0.62
SEM_EXT_0168,Semiconductors,single,3,w/o Multimodal,12,9,3,3,12,0.75,0.75,0.75
SEM_EXT_0169,Semiconductors,single,3,w/o Multimodal,11,9,2,2,11,0.82,0.82,0.82
SEM_EXT_0170,Semiconductors,single,3,w/o Multimodal,6,5,2,1,7,0.71,0.83,0.77
SEM_EXT_0171,Semiconductors,single,3,w/o Multimodal,8,7,2,1,9,0.78,0.88,0.83
SEM_EXT_0172,Semiconductors,single,3,w/o Multimodal,12,9,3,3,12,0.75,0.75,0.75
SEM_EXT_0173,Semiconductors,single,3,w/o Multimodal,6,4,2,2,6,0.67,0.67,0.67
SEM_EXT_0174,Semiconductors,multi,3,w/o Multimodal,24,18,4,6,22,0.82,0.75,0.78
SEM_EXT_0175,Semiconductors,single,3,w/o Multimodal,8,5,2,3,7,0.71,0.62,0.66
SEM_EXT_0176,Semiconductors,single,3,w/o Multimodal,8,6,1,2,7,0.86,0.75,0.8
SEM_EXT_0177,Semiconductors,multi,3,w/o Multimodal,36,29,5,7,34,0.85,0.81,0.83
SEM_EXT_0178,Semiconductors,single,3,w/o Multimodal,12,9,2,3,11,0.82,0.75,0.78
SEM_EXT_0179,Semiconductors,single,3,w/o Multimodal,9,5,2,4,7,0.71,0.56,0.63
SEM_EXT_0180,Semiconductors,single,3,w/o Multimodal,11,8,1,3,9,0.89,0.73,0.8
SEM_EXT_0181,Semiconductors,single,3,w/o Multimodal,10,8,2,2,10,0.8,0.8,0.8
SEM_EXT_0182,Semiconductors,multi,3,w/o Multimodal,25,17,5,8,22,0.77,0.68,0.72
SEM_EXT_0183,Semiconductors,single,3,w/o Multimodal,15,11,3,4,14,0.79,0.73,0.76
SEM_EXT_0184,Semiconductors,multi,3,w/o Multimodal,20,0,2,20,2,0.0,0.0,0.0
SEM_EXT_0185,Semiconductors,single,3,w/o Multimodal,6,6,0,0,6,1.0,1.0,1.0
SEM_EXT_0186,Semiconductors,single,3,w/o Multimodal,8,8,0,0,8,1.0,1.0,1.0
SEM_EXT_0187,Semiconductors,single,3,w/o Multimodal,7,6,2,1,8,0.75,0.86,0.8
SEM_EXT_0188,Semiconductors,single,3,w/o Multimodal,7,7,2,0,9,0.78,1.0,0.88
SEM_EXT_0189,Semiconductors,single,3,w/o Multimodal,6,0,0,6,0,0.0,0.0,0.0
SEM_EXT_0190,Semiconductors,single,3,w/o Multimodal,7,6,1,1,7,0.86,0.86,0.86
SEM_EXT_0191,Semiconductors,single,3,w/o Multimodal,6,4,2,2,6,0.67,0.67,0.67
SEM_EXT_0192,Semiconductors,single,3,w/o Multimodal,15,13,1,2,14,0.93,0.87,0.9
SEM_EXT_0193,Semiconductors,single,3,w/o Multimodal,10,9,1,1,10,0.9,0.9,0.9
SEM_EXT_0194,Semiconductors,single,3,w/o Multimodal,6,4,2,2,6,0.67,0.67,0.67
SEM_EXT_0195,Semiconductors,single,3,w/o Multimodal,10,6,1,4,7,0.86,0.6,0.71
SEM_EXT_0196,Semiconductors,single,3,w/o Multimodal,11,9,3,2,12,0.75,0.82,0.78
SEM_EXT_0197,Semiconductors,single,3,w/o Multimodal,8,6,1,2,7,0.86,0.75,0.8
SEM_EXT_0198,Semiconductors,single,3,w/o Multimodal,6,6,1,0,7,0.86,1.0,0.92
BAT_EXT_0001,Batteries,single,3,w/o Multimodal,8,6,1,2,7,0.86,0.75,0.8
BAT_EXT_0002,Batteries,single,3,w/o Multimodal,11,9,2,2,11,0.82,0.82,0.82
BAT_EXT_0003,Batteries,single,3,w/o Multimodal,12,8,2,4,10,0.8,0.67,0.73
BAT_EXT_0004,Batteries,single,3,w/o Multimodal,10,7,2,3,9,0.78,0.7,0.74
BAT_EXT_0005,Batteries,single,3,w/o Multimodal,6,5,2,1,7,0.71,0.83,0.77
BAT_EXT_0006,Batteries,single,3,w/o Multimodal,6,5,2,1,7,0.71,0.83,0.77
BAT_EXT_0007,Batteries,single,3,w/o Multimodal,12,10,1,2,11,0.91,0.83,0.87
BAT_EXT_0008,Batteries,single,3,w/o Multimodal,12,6,3,6,9,0.67,0.5,0.57
BAT_EXT_0009,Batteries,single,3,w/o Multimodal,7,6,1,1,7,0.86,0.86,0.86
BAT_EXT_0010,Batteries,single,3,w/o Multimodal,9,7,1,2,8,0.88,0.78,0.83
BAT_EXT_0011,Batteries,single,3,w/o Multimodal,10,9,1,1,10,0.9,0.9,0.9
BAT_EXT_0012,Batteries,single,3,w/o Multimodal,6,4,2,2,6,0.67,0.67,0.67
BAT_EXT_0013,Batteries,single,3,w/o Multimodal,8,7,2,1,9,0.78,0.88,0.83
BAT_EXT_0014,Batteries,single,3,w/o Multimodal,9,5,2,4,7,0.71,0.56,0.63
BAT_EXT_0015,Batteries,single,3,w/o Multimodal,6,0,1,6,1,0.0,0.0,0.0
BAT_EXT_0016,Batteries,multi,3,w/o Multimodal,18,0,1,18,1,0.0,0.0,0.0
BAT_EXT_0017,Batteries,single,3,w/o Multimodal,9,7,1,2,8,0.88,0.78,0.83
BAT_EXT_0018,Batteries,single,3,w/o Multimodal,11,10,5,1,15,0.67,0.91,0.77
BAT_EXT_0019,Batteries,multi,3,w/o Multimodal,22,15,8,7,23,0.65,0.68,0.66
BAT_EXT_0020,Batteries,single,3,w/o Multimodal,12,12,1,0,13,0.92,1.0,0.96
BAT_EXT_0021,Batteries,single,3,w/o Multimodal,8,6,2,2,8,0.75,0.75,0.75
BAT_EXT_0022,Batteries,single,3,w/o Multimodal,12,11,1,1,12,0.92,0.92,0.92
BAT_EXT_0023,Batteries,single,3,w/o Multimodal,9,5,4,4,9,0.56,0.56,0.56
BAT_EXT_0024,Batteries,single,3,w/o Multimodal,6,6,3,0,9,0.67,1.0,0.8
BAT_EXT_0025,Batteries,single,3,w/o Multimodal,13,10,4,3,14,0.71,0.77,0.74
BAT_EXT_0026,Batteries,single,3,w/o Multimodal,11,8,3,3,11,0.73,0.73,0.73
BAT_EXT_0027,Batteries,single,3,w/o Multimodal,11,6,3,5,9,0.67,0.55,0.6
BAT_EXT_0028,Batteries,single,3,w/o Multimodal,11,10,2,1,12,0.83,0.91,0.87
BAT_EXT_0029,Batteries,single,3,w/o Multimodal,9,6,2,3,8,0.75,0.67,0.71
BAT_EXT_0030,Batteries,single,3,w/o Multimodal,7,6,2,1,8,0.75,0.86,0.8
BAT_EXT_0031,Batteries,single,3,w/o Multimodal,7,6,1,1,7,0.86,0.86,0.86
BAT_EXT_0032,Batteries,single,3,w/o Multimodal,12,10,1,2,11,0.91,0.83,0.87
BAT_EXT_0033,Batteries,single,3,w/o Multimodal,6,6,0,0,6,1.0,1.0,1.0
BAT_EXT_0034,Batteries,single,3,w/o Multimodal,6,6,1,0,7,0.86,1.0,0.92
BAT_EXT_0035,Batteries,single,3,w/o Multimodal,12,10,2,2,12,0.83,0.83,0.83
BAT_EXT_0036,Batteries,single,3,w/o Multimodal,7,4,2,3,6,0.67,0.57,0.62
BAT_EXT_0037,Batteries,single,3,w/o Multimodal,8,8,0,0,8,1.0,1.0,1.0
BAT_EXT_0038,Batteries,single,3,w/o Multimodal,12,9,2,3,11,0.82,0.75,0.78
BAT_EXT_0039,Batteries,single,3,w/o Multimodal,12,12,1,0,13,0.92,1.0,0.96
BAT_EXT_0040,Batteries,single,3,w/o Multimodal,6,3,2,3,5,0.6,0.5,0.55
BAT_EXT_0041,Batteries,single,3,w/o Multimodal,6,3,2,3,5,0.6,0.5,0.55
BAT_EXT_0042,Batteries,single,3,w/o Multimodal,11,10,0,1,10,1.0,0.91,0.95
BAT_EXT_0043,Batteries,single,3,w/o Multimodal,10,9,1,1,10,0.9,0.9,0.9
BAT_EXT_0044,Batteries,single,3,w/o Multimodal,10,7,1,3,8,0.88,0.7,0.78
BAT_EXT_0045,Batteries,single,3,w/o Multimodal,8,7,3,1,10,0.7,0.88,0.78
BAT_EXT_0046,Batteries,single,3,w/o Multimodal,11,8,2,3,10,0.8,0.73,0.76
BAT_EXT_0047,Batteries,single,3,w/o Multimodal,10,10,1,0,11,0.91,1.0,0.95
BAT_EXT_0048,Batteries,multi,3,w/o Multimodal,21,16,5,5,21,0.76,0.76,0.76
BAT_EXT_0049,Batteries,single,3,w/o Multimodal,12,10,3,2,13,0.77,0.83,0.8
BAT_EXT_0050,Batteries,multi,3,w/o Multimodal,33,23,0,10,23,1.0,0.7,0.82
BAT_EXT_0051,Batteries,single,3,w/o Multimodal,13,8,4,5,12,0.67,0.62,0.64
BAT_EXT_0052,Batteries,single,3,w/o Multimodal,11,10,1,1,11,0.91,0.91,0.91
BAT_EXT_0053,Batteries,single,3,w/o Multimodal,4,0,0,4,0,0.0,0.0,0.0
BAT_EXT_0054,Batteries,multi,3,w/o Multimodal,25,16,6,9,22,0.73,0.64,0.68
BAT_EXT_0055,Batteries,single,3,w/o Multimodal,8,7,2,1,9,0.78,0.88,0.83
BAT_EXT_0056,Batteries,single,3,w/o Multimodal,9,7,1,2,8,0.88,0.78,0.83
BAT_EXT_0057,Batteries,multi,3,w/o Multimodal,22,15,7,7,22,0.68,0.68,0.68
BAT_EXT_0058,Batteries,single,3,w/o Multimodal,9,9,2,0,11,0.82,1.0,0.9
BAT_EXT_0059,Batteries,single,3,w/o Multimodal,11,7,4,4,11,0.64,0.64,0.64
BAT_EXT_0060,Batteries,single,3,w/o Multimodal,6,5,1,1,6,0.83,0.83,0.83
BAT_EXT_0061,Batteries,single,3,w/o Multimodal,12,12,0,0,12,1.0,1.0,1.0
BAT_EXT_0062,Batteries,multi,3,w/o Multimodal,27,16,8,11,24,0.67,0.59,0.63
BAT_EXT_0063,Batteries,single,3,w/o Multimodal,8,6,3,2,9,0.67,0.75,0.71
BAT_EXT_0064,Batteries,single,3,w/o Multimodal,6,5,2,1,7,0.71,0.83,0.77
BAT_EXT_0065,Batteries,single,3,w/o Multimodal,10,8,1,2,9,0.89,0.8,0.84
BAT_EXT_0066,Batteries,single,3,w/o Multimodal,8,7,1,1,8,0.88,0.88,0.88
BAT_EXT_0067,Batteries,single,3,w/o Multimodal,10,10,3,0,13,0.77,1.0,0.87
BAT_EXT_0068,Batteries,single,3,w/o Multimodal,9,8,1,1,9,0.89,0.89,0.89
BAT_EXT_0069,Batteries,single,3,w/o Multimodal,10,10,0,0,10,1.0,1.0,1.0
BAT_EXT_0070,Batteries,single,3,w/o Multimodal,10,7,2,3,9,0.78,0.7,0.74
BAT_EXT_0071,Batteries,single,3,w/o Multimodal,12,11,0,1,11,1.0,0.92,0.96
BAT_EXT_0072,Batteries,single,3,w/o Multimodal,12,8,2,4,10,0.8,0.67,0.73
BAT_EXT_0073,Batteries,single,3,w/o Multimodal,7,6,2,1,8,0.75,0.86,0.8
BAT_EXT_0074,Batteries,single,3,w/o Multimodal,13,10,3,3,13,0.77,0.77,0.77
BAT_EXT_0075,Batteries,single,3,w/o Multimodal,6,3,2,3,5,0.6,0.5,0.55
BAT_EXT_0076,Batteries,single,3,w/o Multimodal,8,6,2,2,8,0.75,0.75,0.75
BAT_EXT_0077,Batteries,single,3,w/o Multimodal,11,9,1,2,10,0.9,0.82,0.86
BAT_EXT_0078,Batteries,single,3,w/o Multimodal,8,7,3,1,10,0.7,0.88,0.78
BAT_EXT_0079,Batteries,single,3,w/o Multimodal,9,7,1,2,8,0.88,0.78,0.83
BAT_EXT_0080,Batteries,single,3,w/o Multimodal,8,7,2,1,9,0.78,0.88,0.83
BAT_EXT_0081,Batteries,single,3,w/o Multimodal,6,2,2,4,4,0.5,0.33,0.4
BAT_EXT_0082,Batteries,single,3,w/o Multimodal,6,4,2,2,6,0.67,0.67,0.67
BAT_EXT_0083,Batteries,single,3,w/o Multimodal,9,8,1,1,9,0.89,0.89,0.89
BAT_EXT_0084,Batteries,single,3,w/o Multimodal,8,8,1,0,9,0.89,1.0,0.94
BAT_EXT_0085,Batteries,single,3,w/o Multimodal,8,7,1,1,8,0.88,0.88,0.88
BAT_EXT_0086,Batteries,multi,3,w/o Multimodal,18,11,5,7,16,0.69,0.61,0.65
BAT_EXT_0087,Batteries,single,3,w/o Multimodal,9,7,1,2,8,0.88,0.78,0.83
BAT_EXT_0088,Batteries,single,3,w/o Multimodal,7,0,3,7,3,0.0,0.0,0.0
BAT_EXT_0089,Batteries,single,3,w/o Multimodal,10,7,3,3,10,0.7,0.7,0.7
BAT_EXT_0090,Batteries,single,3,w/o Multimodal,12,11,3,1,14,0.79,0.92,0.85
BAT_EXT_0091,Batteries,single,3,w/o Multimodal,7,5,2,2,7,0.71,0.71,0.71
BAT_EXT_0092,Batteries,single,3,w/o Multimodal,9,8,3,1,11,0.73,0.89,0.8
BAT_EXT_0093,Batteries,single,3,w/o Multimodal,12,11,0,1,11,1.0,0.92,0.96
BAT_EXT_0094,Batteries,single,3,w/o Multimodal,7,6,1,1,7,0.86,0.86,0.86
BAT_EXT_0095,Batteries,single,3,w/o Multimodal,9,6,4,3,10,0.6,0.67,0.63
BAT_EXT_0096,Batteries,single,3,w/o Multimodal,8,7,2,1,9,0.78,0.88,0.83
BAT_EXT_0097,Batteries,multi,3,w/o Multimodal,21,18,5,3,23,0.78,0.86,0.82
BAT_EXT_0098,Batteries,single,3,w/o Multimodal,7,5,2,2,7,0.71,0.71,0.71
BAT_EXT_0099,Batteries,single,3,w/o Multimodal,9,6,1,3,7,0.86,0.67,0.75
BAT_EXT_0100,Batteries,multi,3,w/o Multimodal,24,19,3,5,22,0.86,0.79,0.82
BAT_EXT_0101,Batteries,single,3,w/o Multimodal,12,11,2,1,13,0.85,0.92,0.88
BAT_EXT_0102,Batteries,single,3,w/o Multimodal,9,8,3,1,11,0.73,0.89,0.8
BAT_EXT_0103,Batteries,single,3,w/o Multimodal,7,4,2,3,6,0.67,0.57,0.62
BAT_EXT_0104,Batteries,single,3,w/o Multimodal,7,5,1,2,6,0.83,0.71,0.77
BAT_EXT_0105,Batteries,single,3,w/o Multimodal,6,4,2,2,6,0.67,0.67,0.67
BAT_EXT_0106,Batteries,single,3,w/o Multimodal,10,7,1,3,8,0.88,0.7,0.78
BAT_EXT_0107,Batteries,multi,3,w/o Multimodal,20,15,2,5,17,0.88,0.75,0.81
BAT_EXT_0108,Batteries,single,3,w/o Multimodal,12,9,2,3,11,0.82,0.75,0.78
BAT_EXT_0109,Batteries,single,3,w/o Multimodal,8,7,1,1,8,0.88,0.88,0.88
BAT_EXT_0110,Batteries,multi,3,w/o Multimodal,25,15,5,10,20,0.75,0.6,0.67
BAT_EXT_0111,Batteries,single,3,w/o Multimodal,10,6,2,4,8,0.75,0.6,0.67
BAT_EXT_0112,Batteries,single,3,w/o Multimodal,9,6,1,3,7,0.86,0.67,0.75
BAT_EXT_0113,Batteries,single,3,w/o Multimodal,8,4,2,4,6,0.67,0.5,0.57
BAT_EXT_0114,Batteries,single,3,w/o Multimodal,9,6,4,3,10,0.6,0.67,0.63
BAT_EXT_0115,Batteries,single,3,w/o Multimodal,10,8,1,2,9,0.89,0.8,0.84
BAT_EXT_0116,Batteries,single,3,w/o Multimodal,10,8,3,2,11,0.73,0.8,0.76
BAT_EXT_0117,Batteries,multi,3,w/o Multimodal,24,17,4,7,21,0.81,0.71,0.76
BAT_EXT_0118,Batteries,single,3,w/o Multimodal,11,10,1,1,11,0.91,0.91,0.91
BAT_EXT_0119,Batteries,single,3,w/o Multimodal,12,9,0,3,9,1.0,0.75,0.86
BAT_EXT_0120,Batteries,multi,3,w/o Multimodal,22,19,2,3,21,0.9,0.86,0.88
BAT_EXT_0121,Batteries,single,3,w/o Multimodal,8,5,3,3,8,0.62,0.62,0.62
BAT_EXT_0122,Batteries,single,3,w/o Multimodal,9,8,1,1,9,0.89,0.89,0.89
BAT_EXT_0123,Batteries,single,3,w/o Multimodal,6,4,2,2,6,0.67,0.67,0.67
BAT_EXT_0124,Batteries,single,3,w/o Multimodal,11,9,2,2,11,0.82,0.82,0.82
BAT_EXT_0125,Batteries,single,3,w/o Multimodal,9,7,1,2,8,0.88,0.78,0.83
BAT_EXT_0126,Batteries,single,3,w/o Multimodal,6,4,3,2,7,0.57,0.67,0.62
BAT_EXT_0127,Batteries,single,3,w/o Multimodal,9,5,3,4,8,0.62,0.56,0.59
BAT_EXT_0128,Batteries,multi,3,w/o Multimodal,32,23,8,9,31,0.74,0.72,0.73
BAT_EXT_0129,Batteries,multi,3,w/o Multimodal,28,23,7,5,30,0.77,0.82,0.79
BAT_EXT_0130,Batteries,single,3,w/o Multimodal,12,11,1,1,12,0.92,0.92,0.92
BAT_EXT_0131,Batteries,single,3,w/o Multimodal,9,6,3,3,9,0.67,0.67,0.67
BAT_EXT_0132,Batteries,single,3,w/o Multimodal,9,6,2,3,8,0.75,0.67,0.71
BAT_EXT_0133,Batteries,single,3,w/o Multimodal,4,0,1,4,1,0.0,0.0,0.0
BAT_EXT_0134,Batteries,single,3,w/o Multimodal,7,7,1,0,8,0.88,1.0,0.94
BAT_EXT_0135,Batteries,single,3,w/o Multimodal,8,7,2,1,9,0.78,0.88,0.83
BAT_EXT_0136,Batteries,single,3,w/o Multimodal,7,7,1,0,8,0.88,1.0,0.94
BAT_EXT_0137,Batteries,single,3,w/o Multimodal,6,4,2,2,6,0.67,0.67,0.67
BAT_EXT_0138,Batteries,multi,3,w/o Multimodal,24,18,5,6,23,0.78,0.75,0.76
BAT_EXT_0139,Batteries,single,3,w/o Multimodal,9,8,1,1,9,0.89,0.89,0.89
BAT_EXT_0140,Batteries,single,3,w/o Multimodal,9,6,3,3,9,0.67,0.67,0.67
BAT_EXT_0141,Batteries,single,3,w/o Multimodal,14,11,4,3,15,0.73,0.79,0.76
BAT_EXT_0142,Batteries,single,3,w/o Multimodal,8,7,2,1,9,0.78,0.88,0.83
BAT_EXT_0143,Batteries,single,3,w/o Multimodal,9,5,3,4,8,0.62,0.56,0.59
BAT_EXT_0144,Batteries,single,3,w/o Multimodal,6,3,2,3,5,0.6,0.5,0.55
BAT_EXT_0145,Batteries,single,3,w/o Multimodal,6,3,2,3,5,0.6,0.5,0.55
BAT_EXT_0146,Batteries,single,3,w/o Multimodal,11,6,4,5,10,0.6,0.55,0.57
BAT_EXT_0147,Batteries,single,3,w/o Multimodal,6,4,2,2,6,0.67,0.67,0.67
BAT_EXT_0148,Batteries,single,3,w/o Multimodal,7,5,3,2,8,0.62,0.71,0.66
BAT_EXT_0149,Batteries,single,3,w/o Multimodal,7,5,1,2,6,0.83,0.71,0.77
BAT_EXT_0150,Batteries,single,3,w/o Multimodal,12,8,3,4,11,0.73,0.67,0.7
BAT_EXT_0151,Batteries,single,3,w/o Multimodal,4,0,1,4,1,0.0,0.0,0.0
BAT_EXT_0152,Batteries,single,3,w/o Multimodal,12,9,3,3,12,0.75,0.75,0.75
BAT_EXT_0153,Batteries,single,3,w/o Multimodal,6,5,1,1,6,0.83,0.83,0.83
BAT_EXT_0154,Batteries,single,3,w/o Multimodal,6,4,3,2,7,0.57,0.67,0.62
BAT_EXT_0155,Batteries,single,3,w/o Multimodal,11,9,2,2,11,0.82,0.82,0.82
BAT_EXT_0156,Batteries,single,3,w/o Multimodal,6,0,1,6,1,0.0,0.0,0.0
BAT_EXT_0157,Batteries,multi,3,w/o Multimodal,24,15,5,9,20,0.75,0.62,0.68
BAT_EXT_0158,Batteries,single,3,w/o Multimodal,7,5,2,2,7,0.71,0.71,0.71
BAT_EXT_0159,Batteries,single,3,w/o Multimodal,11,9,2,2,11,0.82,0.82,0.82
BAT_EXT_0160,Batteries,single,3,w/o Multimodal,8,7,3,1,10,0.7,0.88,0.78
BAT_EXT_0161,Batteries,single,3,w/o Multimodal,10,6,3,4,9,0.67,0.6,0.63
BAT_EXT_0162,Batteries,single,3,w/o Multimodal,8,7,2,1,9,0.78,0.88,0.83
BAT_EXT_0163,Batteries,multi,3,w/o Multimodal,23,16,5,7,21,0.76,0.7,0.73
BAT_EXT_0164,Batteries,single,3,w/o Multimodal,11,9,2,2,11,0.82,0.82,0.82
BAT_EXT_0165,Batteries,single,3,w/o Multimodal,8,8,0,0,8,1.0,1.0,1.0
BAT_EXT_0166,Batteries,single,3,w/o Multimodal,12,8,1,4,9,0.89,0.67,0.76
BAT_EXT_0167,Batteries,single,3,w/o Multimodal,9,5,2,4,7,0.71,0.56,0.63
BAT_EXT_0168,Batteries,single,3,w/o Multimodal,6,2,2,4,4,0.5,0.33,0.4
BAT_EXT_0169,Batteries,multi,3,w/o Multimodal,25,19,3,6,22,0.86,0.76,0.81
BAT_EXT_0170,Batteries,single,3,w/o Multimodal,6,0,3,6,3,0.0,0.0,0.0
BAT_EXT_0171,Batteries,single,3,w/o Multimodal,10,6,2,4,8,0.75,0.6,0.67
BAT_EXT_0172,Batteries,multi,3,w/o Multimodal,26,20,6,6,26,0.77,0.77,0.77
BAT_EXT_0173,Batteries,single,3,w/o Multimodal,9,6,1,3,7,0.86,0.67,0.75
BAT_EXT_0174,Batteries,single,3,w/o Multimodal,11,10,1,1,11,0.91,0.91,0.91
BAT_EXT_0175,Batteries,single,3,w/o Multimodal,8,7,2,1,9,0.78,0.88,0.83
BAT_EXT_0176,Batteries,single,3,w/o Multimodal,12,10,4,2,14,0.71,0.83,0.77
BAT_EXT_0177,Batteries,single,3,w/o Multimodal,12,8,4,4,12,0.67,0.67,0.67
BAT_EXT_0178,Batteries,single,3,w/o Multimodal,6,5,2,1,7,0.71,0.83,0.77
BAT_EXT_0179,Batteries,single,3,w/o Multimodal,11,8,2,3,10,0.8,0.73,0.76
BAT_EXT_0180,Batteries,single,3,w/o Multimodal,12,10,4,2,14,0.71,0.83,0.77
BAT_EXT_0181,Batteries,multi,3,w/o Multimodal,22,17,6,5,23,0.74,0.77,0.75
BAT_EXT_0182,Batteries,single,3,w/o Multimodal,10,8,3,2,11,0.73,0.8,0.76
BAT_EXT_0183,Batteries,single,3,w/o Multimodal,9,8,2,1,10,0.8,0.89,0.84
BAT_EXT_0184,Batteries,single,3,w/o Multimodal,7,5,3,2,8,0.62,0.71,0.66
BAT_EXT_0185,Batteries,single,3,w/o Multimodal,10,8,2,2,10,0.8,0.8,0.8
BAT_EXT_0186,Batteries,single,3,w/o Multimodal,11,8,1,3,9,0.89,0.73,0.8
BAT_EXT_0187,Batteries,single,3,w/o Multimodal,12,9,1,3,10,0.9,0.75,0.82
BAT_EXT_0188,Batteries,single,3,w/o Multimodal,7,6,2,1,8,0.75,0.86,0.8
BAT_EXT_0189,Batteries,single,3,w/o Multimodal,8,7,1,1,8,0.88,0.88,0.88
BAT_EXT_0190,Batteries,single,3,w/o Multimodal,8,0,0,8,0,0.0,0.0,0.0
BAT_EXT_0191,Batteries,single,3,w/o Multimodal,12,10,5,2,15,0.67,0.83,0.74
BAT_EXT_0192,Batteries,single,3,w/o Multimodal,12,12,1,0,13,0.92,1.0,0.96
BAT_EXT_0193,Batteries,single,3,w/o Multimodal,11,6,3,5,9,0.67,0.55,0.6
BAT_EXT_0194,Batteries,single,3,w/o Multimodal,6,6,1,0,7,0.86,1.0,0.92
BAT_EXT_0195,Batteries,single,3,w/o Multimodal,10,9,0,1,9,1.0,0.9,0.95
BAT_EXT_0196,Batteries,single,3,w/o Multimodal,11,7,4,4,11,0.64,0.64,0.64
BAT_EXT_0197,Batteries,single,3,w/o Multimodal,9,7,1,2,8,0.88,0.78,0.83
BAT_EXT_0198,Batteries,multi,3,w/o Multimodal,19,13,7,6,20,0.65,0.68,0.66
BAT_EXT_0199,Batteries,single,3,w/o Multimodal,11,8,4,3,12,0.67,0.73,0.7
BAT_EXT_0200,Batteries,single,3,w/o Multimodal,7,7,1,0,8,0.88,1.0,0.94
BAT_EXT_0201,Batteries,single,3,w/o Multimodal,10,6,1,4,7,0.86,0.6,0.71
BAT_EXT_0202,Batteries,single,3,w/o Multimodal,8,7,1,1,8,0.88,0.88,0.88
BAT_EXT_0203,Batteries,single,3,w/o Multimodal,12,11,2,1,13,0.85,0.92,0.88
BAT_EXT_0204,Batteries,single,3,w/o Multimodal,12,7,1,5,8,0.88,0.58,0.7
BAT_EXT_0205,Batteries,single,3,w/o Multimodal,6,6,2,0,8,0.75,1.0,0.86
BAT_EXT_0206,Batteries,single,3,w/o Multimodal,8,4,2,4,6,0.67,0.5,0.57
SUP_EXT_0001,Superalloys,single,1,w/o Association,7,7,3,0,10,0.7,1.0,0.82
SUP_EXT_0002,Superalloys,single,1,w/o Association,6,5,1,1,6,0.83,0.83,0.83
SUP_EXT_0003,Superalloys,single,1,w/o Association,7,7,1,0,8,0.88,1.0,0.94
SUP_EXT_0004,Superalloys,single,1,w/o Association,7,6,3,1,9,0.67,0.86,0.75
SUP_EXT_0005,Superalloys,multi,1,w/o Association,35,24,10,11,34,0.71,0.69,0.7
SUP_EXT_0006,Superalloys,single,1,w/o Association,9,7,3,2,10,0.7,0.78,0.74
SUP_EXT_0007,Superalloys,single,1,w/o Association,6,6,4,0,10,0.6,1.0,0.75
SUP_EXT_0008,Superalloys,single,1,w/o Association,7,4,1,3,5,0.8,0.57,0.67
SUP_EXT_0009,Superalloys,single,1,w/o Association,6,5,1,1,6,0.83,0.83,0.83
SUP_EXT_0010,Superalloys,multi,1,w/o Association,29,23,3,6,26,0.88,0.79,0.83
SUP_EXT_0011,Superalloys,single,1,w/o Association,6,5,3,1,8,0.62,0.83,0.71
SUP_EXT_0012,Superalloys,single,1,w/o Association,10,8,5,2,13,0.62,0.8,0.7
SUP_EXT_0013,Superalloys,single,1,w/o Association,6,6,2,0,8,0.75,1.0,0.86
SUP_EXT_0014,Superalloys,single,1,w/o Association,10,9,1,1,10,0.9,0.9,0.9
SUP_EXT_0015,Superalloys,single,1,w/o Association,11,10,1,1,11,0.91,0.91,0.91
SUP_EXT_0016,Superalloys,single,1,w/o Association,8,8,2,0,10,0.8,1.0,0.89
SUP_EXT_0017,Superalloys,multi,1,w/o Association,27,19,3,8,22,0.86,0.7,0.77
SUP_EXT_0018,Superalloys,single,1,w/o Association,9,6,2,3,8,0.75,0.67,0.71
SUP_EXT_0019,Superalloys,single,1,w/o Association,11,11,1,0,12,0.92,1.0,0.96
SUP_EXT_0020,Superalloys,single,1,w/o Association,12,9,1,3,10,0.9,0.75,0.82
SUP_EXT_0021,Superalloys,single,1,w/o Association,9,7,3,2,10,0.7,0.78,0.74
SUP_EXT_0022,Superalloys,single,1,w/o Association,9,7,3,2,10,0.7,0.78,0.74
SUP_EXT_0023,Superalloys,single,1,w/o Association,11,10,3,1,13,0.77,0.91,0.83
SUP_EXT_0024,Superalloys,single,1,w/o Association,7,6,0,1,6,1.0,0.86,0.92
SUP_EXT_0025,Superalloys,single,1,w/o Association,6,6,0,0,6,1.0,1.0,1.0
SUP_EXT_0026,Superalloys,multi,1,w/o Association,28,19,7,9,26,0.73,0.68,0.7
SUP_EXT_0027,Superalloys,single,1,w/o Association,7,7,1,0,8,0.88,1.0,0.94
SUP_EXT_0028,Superalloys,multi,1,w/o Association,38,30,7,8,37,0.81,0.79,0.8
SUP_EXT_0029,Superalloys,multi,1,w/o Association,21,17,3,4,20,0.85,0.81,0.83
SUP_EXT_0030,Superalloys,single,1,w/o Association,8,6,2,2,8,0.75,0.75,0.75
SUP_EXT_0031,Superalloys,single,1,w/o Association,8,6,2,2,8,0.75,0.75,0.75
SUP_EXT_0032,Superalloys,single,1,w/o Association,10,6,3,4,9,0.67,0.6,0.63
SUP_EXT_0033,Superalloys,multi,1,w/o Association,21,11,7,10,18,0.61,0.52,0.56
SUP_EXT_0034,Superalloys,single,1,w/o Association,4,4,1,0,5,0.8,1.0,0.89
SUP_EXT_0035,Superalloys,single,1,w/o Association,10,6,3,4,9,0.67,0.6,0.63
SUP_EXT_0036,Superalloys,single,1,w/o Association,7,6,2,1,8,0.75,0.86,0.8
SUP_EXT_0037,Superalloys,single,1,w/o Association,7,5,6,2,11,0.45,0.71,0.55
SUP_EXT_0038,Superalloys,single,1,w/o Association,9,9,1,0,10,0.9,1.0,0.95
SUP_EXT_0039,Superalloys,single,1,w/o Association,6,5,1,1,6,0.83,0.83,0.83
SUP_EXT_0040,Superalloys,single,1,w/o Association,7,4,1,3,5,0.8,0.57,0.67
SUP_EXT_0041,Superalloys,single,1,w/o Association,12,9,1,3,10,0.9,0.75,0.82
SUP_EXT_0042,Superalloys,single,1,w/o Association,10,8,5,2,13,0.62,0.8,0.7
SUP_EXT_0043,Superalloys,single,1,w/o Association,7,5,1,2,6,0.83,0.71,0.77
SUP_EXT_0044,Superalloys,single,1,w/o Association,6,4,3,2,7,0.57,0.67,0.62
SUP_EXT_0045,Superalloys,single,1,w/o Association,6,6,0,0,6,1.0,1.0,1.0
SUP_EXT_0046,Superalloys,single,1,w/o Association,8,7,3,1,10,0.7,0.88,0.78
SUP_EXT_0047,Superalloys,single,1,w/o Association,9,6,2,3,8,0.75,0.67,0.71
SUP_EXT_0048,Superalloys,single,1,w/o Association,6,5,2,1,7,0.71,0.83,0.77
SUP_EXT_0049,Superalloys,single,1,w/o Association,7,6,2,1,8,0.75,0.86,0.8
SUP_EXT_0050,Superalloys,single,1,w/o Association,6,6,1,0,7,0.86,1.0,0.92
SUP_EXT_0051,Superalloys,single,1,w/o Association,7,7,2,0,9,0.78,1.0,0.88
SUP_EXT_0052,Superalloys,single,1,w/o Association,11,9,3,2,12,0.75,0.82,0.78
SUP_EXT_0053,Superalloys,single,1,w/o Association,6,5,2,1,7,0.71,0.83,0.77
SUP_EXT_0054,Superalloys,single,1,w/o Association,11,11,2,0,13,0.85,1.0,0.92
SUP_EXT_0055,Superalloys,single,1,w/o Association,15,12,3,3,15,0.8,0.8,0.8
SUP_EXT_0056,Superalloys,single,1,w/o Association,11,10,4,1,14,0.71,0.91,0.8
SUP_EXT_0057,Superalloys,single,1,w/o Association,9,7,1,2,8,0.88,0.78,0.83
SUP_EXT_0058,Superalloys,single,1,w/o Association,9,8,1,1,9,0.89,0.89,0.89
SUP_EXT_0059,Superalloys,single,1,w/o Association,8,6,3,2,9,0.67,0.75,0.71
SUP_EXT_0060,Superalloys,single,1,w/o Association,12,11,3,1,14,0.79,0.92,0.85
SUP_EXT_0061,Superalloys,single,1,w/o Association,11,10,0,1,10,1.0,0.91,0.95
SUP_EXT_0062,Superalloys,single,1,w/o Association,9,7,3,2,10,0.7,0.78,0.74
SUP_EXT_0063,Superalloys,single,1,w/o Association,7,6,3,1,9,0.67,0.86,0.75
SUP_EXT_0064,Superalloys,single,1,w/o Association,8,7,2,1,9,0.78,0.88,0.83
SUP_EXT_0065,Superalloys,single,1,w/o Association,7,5,1,2,6,0.83,0.71,0.77
SUP_EXT_0066,Superalloys,single,1,w/o Association,6,6,2,0,8,0.75,1.0,0.86
SUP_EXT_0067,Superalloys,single,1,w/o Association,10,9,1,1,10,0.9,0.9,0.9
SUP_EXT_0068,Superalloys,multi,1,w/o Association,27,21,4,6,25,0.84,0.78,0.81
SUP_EXT_0069,Superalloys,single,1,w/o Association,8,8,4,0,12,0.67,1.0,0.8
SUP_EXT_0070,Superalloys,single,1,w/o Association,12,9,4,3,13,0.69,0.75,0.72
SUP_EXT_0071,Superalloys,single,1,w/o Association,10,8,3,2,11,0.73,0.8,0.76
SUP_EXT_0072,Superalloys,single,1,w/o Association,11,9,2,2,11,0.82,0.82,0.82
SUP_EXT_0073,Superalloys,single,1,w/o Association,8,8,0,0,8,1.0,1.0,1.0
SUP_EXT_0074,Superalloys,single,1,w/o Association,13,10,2,3,12,0.83,0.77,0.8
SUP_EXT_0075,Superalloys,single,1,w/o Association,9,9,3,0,12,0.75,1.0,0.86
SUP_EXT_0076,Superalloys,single,1,w/o Association,9,7,1,2,8,0.88,0.78,0.83
SUP_EXT_0077,Superalloys,single,1,w/o Association,12,10,1,2,11,0.91,0.83,0.87
SUP_EXT_0078,Superalloys,single,1,w/o Association,6,6,1,0,7,0.86,1.0,0.92
SUP_EXT_0079,Superalloys,single,1,w/o Association,9,5,3,4,8,0.62,0.56,0.59
SUP_EXT_0080,Superalloys,single,1,w/o Association,8,6,4,2,10,0.6,0.75,0.67
SUP_EXT_0081,Superalloys,single,1,w/o Association,13,9,5,4,14,0.64,0.69,0.66
SUP_EXT_0082,Superalloys,single,1,w/o Association,9,6,4,3,10,0.6,0.67,0.63
SUP_EXT_0083,Superalloys,single,1,w/o Association,10,10,0,0,10,1.0,1.0,1.0
SUP_EXT_0084,Superalloys,single,1,w/o Association,14,12,2,2,14,0.86,0.86,0.86
SUP_EXT_0085,Superalloys,single,1,w/o Association,10,9,0,1,9,1.0,0.9,0.95
SUP_EXT_0086,Superalloys,multi,1,w/o Association,22,16,6,6,22,0.73,0.73,0.73
SUP_EXT_0087,Superalloys,single,1,w/o Association,8,6,2,2,8,0.75,0.75,0.75
SUP_EXT_0088,Superalloys,single,1,w/o Association,10,9,1,1,10,0.9,0.9,0.9
SUP_EXT_0089,Superalloys,single,1,w/o Association,7,4,1,3,5,0.8,0.57,0.67
SUP_EXT_0090,Superalloys,multi,1,w/o Association,31,24,5,7,29,0.83,0.77,0.8
SUP_EXT_0091,Superalloys,single,1,w/o Association,6,6,0,0,6,1.0,1.0,1.0
SUP_EXT_0092,Superalloys,single,1,w/o Association,11,8,3,3,11,0.73,0.73,0.73
SUP_EXT_0093,Superalloys,multi,1,w/o Association,23,16,10,7,26,0.62,0.7,0.66
SUP_EXT_0094,Superalloys,single,1,w/o Association,12,11,4,1,15,0.73,0.92,0.81
SUP_EXT_0095,Superalloys,single,1,w/o Association,11,11,3,0,14,0.79,1.0,0.88
SUP_EXT_0096,Superalloys,single,1,w/o Association,13,11,3,2,14,0.79,0.85,0.82
SUP_EXT_0097,Superalloys,single,1,w/o Association,6,4,1,2,5,0.8,0.67,0.73
SUP_EXT_0098,Superalloys,multi,1,w/o Association,21,17,6,4,23,0.74,0.81,0.77
SUP_EXT_0099,Superalloys,single,1,w/o Association,11,8,4,3,12,0.67,0.73,0.7
SUP_EXT_0100,Superalloys,single,1,w/o Association,12,8,2,4,10,0.8,0.67,0.73
SUP_EXT_0101,Superalloys,single,1,w/o Association,6,6,1,0,7,0.86,1.0,0.92
SUP_EXT_0102,Superalloys,single,1,w/o Association,14,12,3,2,15,0.8,0.86,0.83
SUP_EXT_0103,Superalloys,single,1,w/o Association,9,8,3,1,11,0.73,0.89,0.8
SUP_EXT_0104,Superalloys,single,1,w/o Association,12,11,2,1,13,0.85,0.92,0.88
SUP_EXT_0105,Superalloys,single,1,w/o Association,12,9,5,3,14,0.64,0.75,0.69
SUP_EXT_0106,Superalloys,single,1,w/o Association,11,8,2,3,10,0.8,0.73,0.76
SUP_EXT_0107,Superalloys,single,1,w/o Association,11,9,3,2,12,0.75,0.82,0.78
SUP_EXT_0108,Superalloys,single,1,w/o Association,12,12,1,0,13,0.92,1.0,0.96
SUP_EXT_0109,Superalloys,single,1,w/o Association,12,0,2,12,2,0.0,0.0,0.0
SUP_EXT_0110,Superalloys,single,1,w/o Association,9,9,0,0,9,1.0,1.0,1.0
SUP_EXT_0111,Superalloys,single,1,w/o Association,6,5,3,1,8,0.62,0.83,0.71
SUP_EXT_0112,Superalloys,single,1,w/o Association,6,6,0,0,6,1.0,1.0,1.0
SUP_EXT_0113,Superalloys,multi,1,w/o Association,23,18,6,5,24,0.75,0.78,0.76
SUP_EXT_0114,Superalloys,single,1,w/o Association,11,9,3,2,12,0.75,0.82,0.78
SUP_EXT_0115,Superalloys,single,1,w/o Association,10,7,1,3,8,0.88,0.7,0.78
SUP_EXT_0116,Superalloys,single,1,w/o Association,7,6,2,1,8,0.75,0.86,0.8
SUP_EXT_0117,Superalloys,single,1,w/o Association,11,8,1,3,9,0.89,0.73,0.8
SUP_EXT_0118,Superalloys,single,1,w/o Association,11,10,1,1,11,0.91,0.91,0.91
SUP_EXT_0119,Superalloys,single,1,w/o Association,6,5,3,1,8,0.62,0.83,0.71
SUP_EXT_0120,Superalloys,single,1,w/o Association,11,9,2,2,11,0.82,0.82,0.82
SUP_EXT_0121,Superalloys,multi,1,w/o Association,25,22,3,3,25,0.88,0.88,0.88
SUP_EXT_0122,Superalloys,single,1,w/o Association,11,10,3,1,13,0.77,0.91,0.83
SUP_EXT_0123,Superalloys,single,1,w/o Association,11,8,2,3,10,0.8,0.73,0.76
SUP_EXT_0124,Superalloys,single,1,w/o Association,12,10,4,2,14,0.71,0.83,0.77
SUP_EXT_0125,Superalloys,multi,1,w/o Association,24,22,1,2,23,0.96,0.92,0.94
SUP_EXT_0126,Superalloys,single,1,w/o Association,10,8,3,2,11,0.73,0.8,0.76
SUP_EXT_0127,Superalloys,single,1,w/o Association,9,8,2,1,10,0.8,0.89,0.84
SUP_EXT_0128,Superalloys,single,1,w/o Association,6,6,1,0,7,0.86,1.0,0.92
SUP_EXT_0129,Superalloys,single,1,w/o Association,11,0,1,11,1,0.0,0.0,0.0
SUP_EXT_0130,Superalloys,multi,1,w/o Association,27,27,5,0,32,0.84,1.0,0.91
SUP_EXT_0131,Superalloys,single,1,w/o Association,8,5,3,3,8,0.62,0.62,0.62
SUP_EXT_0132,Superalloys,single,1,w/o Association,11,9,0,2,9,1.0,0.82,0.9
SUP_EXT_0133,Superalloys,single,1,w/o Association,10,9,5,1,14,0.64,0.9,0.75
SUP_EXT_0134,Superalloys,single,1,w/o Association,11,9,1,2,10,0.9,0.82,0.86
SUP_EXT_0135,Superalloys,single,1,w/o Association,8,8,0,0,8,1.0,1.0,1.0
SUP_EXT_0136,Superalloys,single,1,w/o Association,12,10,1,2,11,0.91,0.83,0.87
SUP_EXT_0137,Superalloys,single,1,w/o Association,8,7,4,1,11,0.64,0.88,0.74
SUP_EXT_0138,Superalloys,multi,1,w/o Association,21,14,7,7,21,0.67,0.67,0.67
SUP_EXT_0139,Superalloys,single,1,w/o Association,9,7,3,2,10,0.7,0.78,0.74
SUP_EXT_0140,Superalloys,single,1,w/o Association,6,6,1,0,7,0.86,1.0,0.92
SUP_EXT_0141,Superalloys,single,1,w/o Association,11,9,3,2,12,0.75,0.82,0.78
SUP_EXT_0142,Superalloys,multi,1,w/o Association,24,17,7,7,24,0.71,0.71,0.71
SUP_EXT_0143,Superalloys,single,1,w/o Association,12,8,3,4,11,0.73,0.67,0.7
SUP_EXT_0144,Superalloys,single,1,w/o Association,12,11,2,1,13,0.85,0.92,0.88
SUP_EXT_0145,Superalloys,single,1,w/o Association,6,5,3,1,8,0.62,0.83,0.71
SUP_EXT_0146,Superalloys,multi,1,w/o Association,21,18,1,3,19,0.95,0.86,0.9
SUP_EXT_0147,Superalloys,single,1,w/o Association,8,7,3,1,10,0.7,0.88,0.78
SUP_EXT_0148,Superalloys,multi,1,w/o Association,18,14,1,4,15,0.93,0.78,0.85
SUP_EXT_0149,Superalloys,single,1,w/o Association,9,7,2,2,9,0.78,0.78,0.78
SUP_EXT_0150,Superalloys,single,1,w/o Association,8,7,1,1,8,0.88,0.88,0.88
SUP_EXT_0151,Superalloys,single,1,w/o Association,11,8,4,3,12,0.67,0.73,0.7
SUP_EXT_0152,Superalloys,single,1,w/o Association,10,9,0,1,9,1.0,0.9,0.95
SUP_EXT_0153,Superalloys,single,1,w/o Association,8,6,1,2,7,0.86,0.75,0.8
SUP_EXT_0154,Superalloys,single,1,w/o Association,8,7,1,1,8,0.88,0.88,0.88
SUP_EXT_0155,Superalloys,single,1,w/o Association,10,8,3,2,11,0.73,0.8,0.76
SUP_EXT_0156,Superalloys,single,1,w/o Association,10,7,3,3,10,0.7,0.7,0.7
SUP_EXT_0157,Superalloys,single,1,w/o Association,8,8,2,0,10,0.8,1.0,0.89
SUP_EXT_0158,Superalloys,single,1,w/o Association,10,8,2,2,10,0.8,0.8,0.8
SUP_EXT_0159,Superalloys,single,1,w/o Association,12,8,4,4,12,0.67,0.67,0.67
SUP_EXT_0160,Superalloys,single,1,w/o Association,11,10,2,1,12,0.83,0.91,0.87
SUP_EXT_0161,Superalloys,single,1,w/o Association,7,6,3,1,9,0.67,0.86,0.75
SUP_EXT_0162,Superalloys,single,1,w/o Association,9,7,0,2,7,1.0,0.78,0.88
SUP_EXT_0163,Superalloys,single,1,w/o Association,12,10,2,2,12,0.83,0.83,0.83
SUP_EXT_0164,Superalloys,single,1,w/o Association,7,6,1,1,7,0.86,0.86,0.86
SUP_EXT_0165,Superalloys,single,1,w/o Association,11,11,1,0,12,0.92,1.0,0.96
SUP_EXT_0166,Superalloys,single,1,w/o Association,10,6,4,4,10,0.6,0.6,0.6
SUP_EXT_0167,Superalloys,single,1,w/o Association,11,8,1,3,9,0.89,0.73,0.8
SUP_EXT_0168,Superalloys,single,1,w/o Association,6,3,2,3,5,0.6,0.5,0.55
SUP_EXT_0169,Superalloys,single,1,w/o Association,6,5,2,1,7,0.71,0.83,0.77
SUP_EXT_0170,Superalloys,single,1,w/o Association,6,6,1,0,7,0.86,1.0,0.92
SUP_EXT_0171,Superalloys,single,1,w/o Association,11,9,4,2,13,0.69,0.82,0.75
SUP_EXT_0172,Superalloys,multi,1,w/o Association,24,0,0,24,0,0.0,0.0,0.0
SUP_EXT_0173,Superalloys,single,1,w/o Association,7,4,3,3,7,0.57,0.57,0.57
SUP_EXT_0174,Superalloys,single,1,w/o Association,12,9,2,3,11,0.82,0.75,0.78
SUP_EXT_0175,Superalloys,single,1,w/o Association,10,8,4,2,12,0.67,0.8,0.73
SUP_EXT_0176,Superalloys,single,1,w/o Association,6,4,1,2,5,0.8,0.67,0.73
SUP_EXT_0177,Superalloys,multi,1,w/o Association,20,17,4,3,21,0.81,0.85,0.83
SUP_EXT_0178,Superalloys,single,1,w/o Association,6,5,3,1,8,0.62,0.83,0.71
SUP_EXT_0179,Superalloys,single,1,w/o Association,11,9,2,2,11,0.82,0.82,0.82
SUP_EXT_0180,Superalloys,multi,1,w/o Association,18,16,2,2,18,0.89,0.89,0.89
SUP_EXT_0181,Superalloys,single,1,w/o Association,10,9,3,1,12,0.75,0.9,0.82
SUP_EXT_0182,Superalloys,single,1,w/o Association,11,9,0,2,9,1.0,0.82,0.9
SUP_EXT_0183,Superalloys,single,1,w/o Association,11,9,1,2,10,0.9,0.82,0.86
SUP_EXT_0184,Superalloys,single,1,w/o Association,6,6,2,0,8,0.75,1.0,0.86
SUP_EXT_0185,Superalloys,single,1,w/o Association,8,6,3,2,9,0.67,0.75,0.71
SUP_EXT_0186,Superalloys,single,1,w/o Association,13,9,4,4,13,0.69,0.69,0.69
SUP_EXT_0187,Superalloys,single,1,w/o Association,11,10,3,1,13,0.77,0.91,0.83
SUP_EXT_0188,Superalloys,single,1,w/o Association,9,6,2,3,8,0.75,0.67,0.71
SUP_EXT_0189,Superalloys,single,1,w/o Association,5,5,1,0,6,0.83,1.0,0.91
SUP_EXT_0190,Superalloys,single,1,w/o Association,15,11,4,4,15,0.73,0.73,0.73
SUP_EXT_0191,Superalloys,single,1,w/o Association,7,5,1,2,6,0.83,0.71,0.77
SUP_EXT_0192,Superalloys,single,1,w/o Association,10,8,2,2,10,0.8,0.8,0.8
SUP_EXT_0193,Superalloys,single,1,w/o Association,9,7,2,2,9,0.78,0.78,0.78
SUP_EXT_0194,Superalloys,single,1,w/o Association,12,10,3,2,13,0.77,0.83,0.8
SUP_EXT_0195,Superalloys,single,1,w/o Association,7,0,3,7,3,0.0,0.0,0.0
SUP_EXT_0196,Superalloys,single,1,w/o Association,11,8,2,3,10,0.8,0.73,0.76
SUP_EXT_0197,Superalloys,single,1,w/o Association,10,10,4,0,14,0.71,1.0,0.83
SUP_EXT_0198,Superalloys,single,1,w/o Association,11,8,3,3,11,0.73,0.73,0.73
SUP_EXT_0199,Superalloys,single,1,w/o Association,8,7,3,1,10,0.7,0.88,0.78
SUP_EXT_0200,Superalloys,single,1,w/o Association,8,6,2,2,8,0.75,0.75,0.75
SUP_EXT_0201,Superalloys,multi,1,w/o Association,21,17,1,4,18,0.94,0.81,0.87
SUP_EXT_0202,Superalloys,single,1,w/o Association,9,7,1,2,8,0.88,0.78,0.83
SUP_EXT_0203,Superalloys,single,1,w/o Association,10,6,2,4,8,0.75,0.6,0.67
SUP_EXT_0204,Superalloys,single,1,w/o Association,10,8,4,2,12,0.67,0.8,0.73
SUP_EXT_0205,Superalloys,single,1,w/o Association,8,5,2,3,7,0.71,0.62,0.66
SUP_EXT_0206,Superalloys,single,1,w/o Association,10,8,2,2,10,0.8,0.8,0.8
SUP_EXT_0207,Superalloys,single,1,w/o Association,9,8,2,1,10,0.8,0.89,0.84
SUP_EXT_0208,Superalloys,single,1,w/o Association,12,11,0,1,11,1.0,0.92,0.96
SUP_EXT_0209,Superalloys,single,1,w/o Association,10,9,2,1,11,0.82,0.9,0.86
SUP_EXT_0210,Superalloys,single,1,w/o Association,10,9,2,1,11,0.82,0.9,0.86
SUP_EXT_0211,Superalloys,single,1,w/o Association,10,0,2,10,2,0.0,0.0,0.0
SUP_EXT_0212,Superalloys,single,1,w/o Association,8,6,2,2,8,0.75,0.75,0.75
SUP_EXT_0213,Superalloys,single,1,w/o Association,12,9,4,3,13,0.69,0.75,0.72
SUP_EXT_0214,Superalloys,single,1,w/o Association,4,4,1,0,5,0.8,1.0,0.89
SEM_EXT_0001,Semiconductors,single,1,w/o Association,6,6,2,0,8,0.75,1.0,0.86
SEM_EXT_0002,Semiconductors,single,1,w/o Association,8,6,3,2,9,0.67,0.75,0.71
SEM_EXT_0003,Semiconductors,single,1,w/o Association,9,9,1,0,10,0.9,1.0,0.95
SEM_EXT_0004,Semiconductors,single,1,w/o Association,11,10,1,1,11,0.91,0.91,0.91
SEM_EXT_0005,Semiconductors,single,1,w/o Association,10,10,0,0,10,1.0,1.0,1.0
SEM_EXT_0006,Semiconductors,single,1,w/o Association,8,6,3,2,9,0.67,0.75,0.71
SEM_EXT_0007,Semiconductors,single,1,w/o Association,12,9,5,3,14,0.64,0.75,0.69
SEM_EXT_0008,Semiconductors,single,1,w/o Association,9,7,2,2,9,0.78,0.78,0.78
SEM_EXT_0009,Semiconductors,single,1,w/o Association,10,7,3,3,10,0.7,0.7,0.7
SEM_EXT_0010,Semiconductors,single,1,w/o Association,9,8,3,1,11,0.73,0.89,0.8
SEM_EXT_0011,Semiconductors,single,1,w/o Association,12,11,0,1,11,1.0,0.92,0.96
SEM_EXT_0012,Semiconductors,single,1,w/o Association,7,6,1,1,7,0.86,0.86,0.86
SEM_EXT_0013,Semiconductors,single,1,w/o Association,12,12,0,0,12,1.0,1.0,1.0
SEM_EXT_0014,Semiconductors,single,1,w/o Association,11,9,3,2,12,0.75,0.82,0.78
SEM_EXT_0015,Semiconductors,single,1,w/o Association,12,9,3,3,12,0.75,0.75,0.75
SEM_EXT_0016,Semiconductors,multi,1,w/o Association,29,24,3,5,27,0.89,0.83,0.86
SEM_EXT_0017,Semiconductors,single,1,w/o Association,8,6,5,2,11,0.55,0.75,0.63
SEM_EXT_0018,Semiconductors,single,1,w/o Association,11,8,3,3,11,0.73,0.73,0.73
SEM_EXT_0019,Semiconductors,single,1,w/o Association,15,13,0,2,13,1.0,0.87,0.93
SEM_EXT_0020,Semiconductors,single,1,w/o Association,12,9,3,3,12,0.75,0.75,0.75
SEM_EXT_0021,Semiconductors,single,1,w/o Association,8,8,3,0,11,0.73,1.0,0.84
SEM_EXT_0022,Semiconductors,multi,1,w/o Association,22,19,3,3,22,0.86,0.86,0.86
SEM_EXT_0023,Semiconductors,single,1,w/o Association,13,13,4,0,17,0.76,1.0,0.86
SEM_EXT_0024,Semiconductors,single,1,w/o Association,6,5,1,1,6,0.83,0.83,0.83
SEM_EXT_0025,Semiconductors,single,1,w/o Association,6,6,1,0,7,0.86,1.0,0.92
SEM_EXT_0026,Semiconductors,single,1,w/o Association,6,6,1,0,7,0.86,1.0,0.92
SEM_EXT_0027,Semiconductors,single,1,w/o Association,10,7,4,3,11,0.64,0.7,0.67
SEM_EXT_0028,Semiconductors,single,1,w/o Association,10,9,3,1,12,0.75,0.9,0.82
SEM_EXT_0029,Semiconductors,single,1,w/o Association,15,10,4,5,14,0.71,0.67,0.69
SEM_EXT_0030,Semiconductors,multi,1,w/o Association,33,26,4,7,30,0.87,0.79,0.83
SEM_EXT_0031,Semiconductors,single,1,w/o Association,7,7,3,0,10,0.7,1.0,0.82
SEM_EXT_0032,Semiconductors,single,1,w/o Association,9,7,1,2,8,0.88,0.78,0.83
SEM_EXT_0033,Semiconductors,single,1,w/o Association,9,6,4,3,10,0.6,0.67,0.63
SEM_EXT_0034,Semiconductors,single,1,w/o Association,12,9,2,3,11,0.82,0.75,0.78
SEM_EXT_0035,Semiconductors,single,1,w/o Association,12,7,4,5,11,0.64,0.58,0.61
SEM_EXT_0036,Semiconductors,single,1,w/o Association,8,7,5,1,12,0.58,0.88,0.7
SEM_EXT_0037,Semiconductors,single,1,w/o Association,12,11,0,1,11,1.0,0.92,0.96
SEM_EXT_0038,Semiconductors,single,1,w/o Association,12,10,0,2,10,1.0,0.83,0.91
SEM_EXT_0039,Semiconductors,single,1,w/o Association,9,9,2,0,11,0.82,1.0,0.9
SEM_EXT_0040,Semiconductors,single,1,w/o Association,12,10,1,2,11,0.91,0.83,0.87
SEM_EXT_0041,Semiconductors,multi,1,w/o Association,36,24,9,12,33,0.73,0.67,0.7
SEM_EXT_0042,Semiconductors,single,1,w/o Association,6,6,2,0,8,0.75,1.0,0.86
SEM_EXT_0043,Semiconductors,single,1,w/o Association,11,10,1,1,11,0.91,0.91,0.91
SEM_EXT_0044,Semiconductors,single,1,w/o Association,12,10,2,2,12,0.83,0.83,0.83
SEM_EXT_0045,Semiconductors,single,1,w/o Association,8,7,1,1,8,0.88,0.88,0.88
SEM_EXT_0046,Semiconductors,multi,1,w/o Association,24,21,2,3,23,0.91,0.88,0.89
SEM_EXT_0047,Semiconductors,single,1,w/o Association,7,7,1,0,8,0.88,1.0,0.94
SEM_EXT_0048,Semiconductors,single,1,w/o Association,8,8,0,0,8,1.0,1.0,1.0
SEM_EXT_0049,Semiconductors,single,1,w/o Association,12,9,2,3,11,0.82,0.75,0.78
SEM_EXT_0050,Semiconductors,single,1,w/o Association,6,5,1,1,6,0.83,0.83,0.83
SEM_EXT_0051,Semiconductors,single,1,w/o Association,11,10,2,1,12,0.83,0.91,0.87
SEM_EXT_0052,Semiconductors,single,1,w/o Association,8,7,1,1,8,0.88,0.88,0.88
SEM_EXT_0053,Semiconductors,single,1,w/o Association,9,7,3,2,10,0.7,0.78,0.74
SEM_EXT_0054,Semiconductors,multi,1,w/o Association,30,24,5,6,29,0.83,0.8,0.81
SEM_EXT_0055,Semiconductors,multi,1,w/o Association,31,23,8,8,31,0.74,0.74,0.74
SEM_EXT_0056,Semiconductors,single,1,w/o Association,6,5,3,1,8,0.62,0.83,0.71
SEM_EXT_0057,Semiconductors,single,1,w/o Association,10,9,1,1,10,0.9,0.9,0.9
SEM_EXT_0058,Semiconductors,single,1,w/o Association,9,8,1,1,9,0.89,0.89,0.89
SEM_EXT_0059,Semiconductors,single,1,w/o Association,9,9,0,0,9,1.0,1.0,1.0
SEM_EXT_0060,Semiconductors,single,1,w/o Association,11,8,2,3,10,0.8,0.73,0.76
SEM_EXT_0061,Semiconductors,single,1,w/o Association,12,11,4,1,15,0.73,0.92,0.81
SEM_EXT_0062,Semiconductors,single,1,w/o Association,6,4,1,2,5,0.8,0.67,0.73
SEM_EXT_0063,Semiconductors,single,1,w/o Association,8,7,0,1,7,1.0,0.88,0.94
SEM_EXT_0064,Semiconductors,single,1,w/o Association,7,6,1,1,7,0.86,0.86,0.86
SEM_EXT_0065,Semiconductors,single,1,w/o Association,9,7,2,2,9,0.78,0.78,0.78
SEM_EXT_0066,Semiconductors,single,1,w/o Association,11,10,2,1,12,0.83,0.91,0.87
SEM_EXT_0067,Semiconductors,single,1,w/o Association,10,9,3,1,12,0.75,0.9,0.82
SEM_EXT_0068,Semiconductors,single,1,w/o Association,7,6,1,1,7,0.86,0.86,0.86
SEM_EXT_0069,Semiconductors,single,1,w/o Association,8,7,0,1,7,1.0,0.88,0.94
SEM_EXT_0070,Semiconductors,single,1,w/o Association,6,4,1,2,5,0.8,0.67,0.73
SEM_EXT_0071,Semiconductors,single,1,w/o Association,12,12,0,0,12,1.0,1.0,1.0
SEM_EXT_0072,Semiconductors,single,1,w/o Association,10,9,2,1,11,0.82,0.9,0.86
SEM_EXT_0073,Semiconductors,single,1,w/o Association,8,7,3,1,10,0.7,0.88,0.78
SEM_EXT_0074,Semiconductors,single,1,w/o Association,6,6,0,0,6,1.0,1.0,1.0
SEM_EXT_0075,Semiconductors,single,1,w/o Association,8,7,1,1,8,0.88,0.88,0.88
SEM_EXT_0076,Semiconductors,single,1,w/o Association,10,10,2,0,12,0.83,1.0,0.91
SEM_EXT_0077,Semiconductors,multi,1,w/o Association,25,16,5,9,21,0.76,0.64,0.69
SEM_EXT_0078,Semiconductors,single,1,w/o Association,9,8,2,1,10,0.8,0.89,0.84
SEM_EXT_0079,Semiconductors,single,1,w/o Association,10,6,3,4,9,0.67,0.6,0.63
SEM_EXT_0080,Semiconductors,single,1,w/o Association,9,7,2,2,9,0.78,0.78,0.78
SEM_EXT_0081,Semiconductors,single,1,w/o Association,14,13,4,1,17,0.76,0.93,0.84
SEM_EXT_0082,Semiconductors,multi,1,w/o Association,28,22,3,6,25,0.88,0.79,0.83
SEM_EXT_0083,Semiconductors,single,1,w/o Association,9,7,4,2,11,0.64,0.78,0.7
SEM_EXT_0084,Semiconductors,single,1,w/o Association,6,5,2,1,7,0.71,0.83,0.77
SEM_EXT_0085,Semiconductors,single,1,w/o Association,11,10,3,1,13,0.77,0.91,0.83
SEM_EXT_0086,Semiconductors,single,1,w/o Association,9,8,4,1,12,0.67,0.89,0.76
SEM_EXT_0087,Semiconductors,single,1,w/o Association,8,7,1,1,8,0.88,0.88,0.88
SEM_EXT_0088,Semiconductors,single,1,w/o Association,11,9,1,2,10,0.9,0.82,0.86
SEM_EXT_0089,Semiconductors,single,1,w/o Association,8,7,1,1,8,0.88,0.88,0.88
SEM_EXT_0090,Semiconductors,single,1,w/o Association,9,5,3,4,8,0.62,0.56,0.59
SEM_EXT_0091,Semiconductors,single,1,w/o Association,12,7,2,5,9,0.78,0.58,0.67
SEM_EXT_0092,Semiconductors,single,1,w/o Association,9,7,2,2,9,0.78,0.78,0.78
SEM_EXT_0093,Semiconductors,single,1,w/o Association,8,7,2,1,9,0.78,0.88,0.83
SEM_EXT_0094,Semiconductors,multi,1,w/o Association,19,13,3,6,16,0.81,0.68,0.74
SEM_EXT_0095,Semiconductors,single,1,w/o Association,10,7,3,3,10,0.7,0.7,0.7
SEM_EXT_0096,Semiconductors,single,1,w/o Association,11,10,2,1,12,0.83,0.91,0.87
SEM_EXT_0097,Semiconductors,multi,1,w/o Association,25,18,3,7,21,0.86,0.72,0.78
SEM_EXT_0098,Semiconductors,single,1,w/o Association,10,7,3,3,10,0.7,0.7,0.7
SEM_EXT_0099,Semiconductors,single,1,w/o Association,11,9,2,2,11,0.82,0.82,0.82
SEM_EXT_0100,Semiconductors,single,1,w/o Association,13,9,2,4,11,0.82,0.69,0.75
SEM_EXT_0101,Semiconductors,single,1,w/o Association,7,6,1,1,7,0.86,0.86,0.86
SEM_EXT_0102,Semiconductors,single,1,w/o Association,8,7,1,1,8,0.88,0.88,0.88
SEM_EXT_0103,Semiconductors,single,1,w/o Association,8,5,2,3,7,0.71,0.62,0.66
SEM_EXT_0104,Semiconductors,single,1,w/o Association,7,7,1,0,8,0.88,1.0,0.94
SEM_EXT_0105,Semiconductors,single,1,w/o Association,10,10,2,0,12,0.83,1.0,0.91
SEM_EXT_0106,Semiconductors,single,1,w/o Association,9,8,2,1,10,0.8,0.89,0.84
SEM_EXT_0107,Semiconductors,single,1,w/o Association,6,6,3,0,9,0.67,1.0,0.8
SEM_EXT_0108,Semiconductors,single,1,w/o Association,12,11,3,1,14,0.79,0.92,0.85
SEM_EXT_0109,Semiconductors,single,1,w/o Association,10,8,1,2,9,0.89,0.8,0.84
SEM_EXT_0110,Semiconductors,single,1,w/o Association,11,8,1,3,9,0.89,0.73,0.8
SEM_EXT_0111,Semiconductors,single,1,w/o Association,12,11,0,1,11,1.0,0.92,0.96
SEM_EXT_0112,Semiconductors,multi,1,w/o Association,28,20,4,8,24,0.83,0.71,0.77
SEM_EXT_0113,Semiconductors,single,1,w/o Association,9,7,0,2,7,1.0,0.78,0.88
SEM_EXT_0114,Semiconductors,single,1,w/o Association,12,10,2,2,12,0.83,0.83,0.83
SEM_EXT_0115,Semiconductors,multi,1,w/o Association,28,23,3,5,26,0.88,0.82,0.85
SEM_EXT_0116,Semiconductors,single,1,w/o Association,11,11,3,0,14,0.79,1.0,0.88
SEM_EXT_0117,Semiconductors,single,1,w/o Association,10,9,2,1,11,0.82,0.9,0.86
SEM_EXT_0118,Semiconductors,single,1,w/o Association,12,9,4,3,13,0.69,0.75,0.72
SEM_EXT_0119,Semiconductors,single,1,w/o Association,12,11,3,1,14,0.79,0.92,0.85
SEM_EXT_0120,Semiconductors,single,1,w/o Association,11,10,0,1,10,1.0,0.91,0.95
SEM_EXT_0121,Semiconductors,single,1,w/o Association,11,9,2,2,11,0.82,0.82,0.82
SEM_EXT_0122,Semiconductors,single,1,w/o Association,10,9,2,1,11,0.82,0.9,0.86
SEM_EXT_0123,Semiconductors,single,1,w/o Association,6,5,1,1,6,0.83,0.83,0.83
SEM_EXT_0124,Semiconductors,multi,1,w/o Association,26,23,3,3,26,0.88,0.88,0.88
SEM_EXT_0125,Semiconductors,single,1,w/o Association,12,9,3,3,12,0.75,0.75,0.75
SEM_EXT_0126,Semiconductors,single,1,w/o Association,8,6,3,2,9,0.67,0.75,0.71
SEM_EXT_0127,Semiconductors,single,1,w/o Association,4,4,1,0,5,0.8,1.0,0.89
SEM_EXT_0128,Semiconductors,single,1,w/o Association,8,6,2,2,8,0.75,0.75,0.75
SEM_EXT_0129,Semiconductors,single,1,w/o Association,13,8,3,5,11,0.73,0.62,0.67
SEM_EXT_0130,Semiconductors,single,1,w/o Association,12,12,0,0,12,1.0,1.0,1.0
SEM_EXT_0131,Semiconductors,single,1,w/o Association,10,9,1,1,10,0.9,0.9,0.9
SEM_EXT_0132,Semiconductors,single,1,w/o Association,14,13,1,1,14,0.93,0.93,0.93
SEM_EXT_0133,Semiconductors,single,1,w/o Association,8,6,1,2,7,0.86,0.75,0.8
SEM_EXT_0134,Semiconductors,single,1,w/o Association,9,8,4,1,12,0.67,0.89,0.76
SEM_EXT_0135,Semiconductors,single,1,w/o Association,12,11,0,1,11,1.0,0.92,0.96
SEM_EXT_0136,Semiconductors,multi,1,w/o Association,38,28,6,10,34,0.82,0.74,0.78
SEM_EXT_0137,Semiconductors,single,1,w/o Association,9,6,1,3,7,0.86,0.67,0.75
SEM_EXT_0138,Semiconductors,single,1,w/o Association,7,7,3,0,10,0.7,1.0,0.82
SEM_EXT_0139,Semiconductors,single,1,w/o Association,8,6,2,2,8,0.75,0.75,0.75
SEM_EXT_0140,Semiconductors,single,1,w/o Association,10,10,3,0,13,0.77,1.0,0.87
SEM_EXT_0141,Semiconductors,multi,1,w/o Association,28,19,7,9,26,0.73,0.68,0.7
SEM_EXT_0142,Semiconductors,single,1,w/o Association,6,6,1,0,7,0.86,1.0,0.92
SEM_EXT_0143,Semiconductors,single,1,w/o Association,9,8,3,1,11,0.73,0.89,0.8
SEM_EXT_0144,Semiconductors,single,1,w/o Association,8,7,2,1,9,0.78,0.88,0.83
SEM_EXT_0145,Semiconductors,single,1,w/o Association,10,6,0,4,6,1.0,0.6,0.75
SEM_EXT_0146,Semiconductors,single,1,w/o Association,11,8,1,3,9,0.89,0.73,0.8
SEM_EXT_0147,Semiconductors,single,1,w/o Association,12,10,3,2,13,0.77,0.83,0.8
SEM_EXT_0148,Semiconductors,single,1,w/o Association,10,7,3,3,10,0.7,0.7,0.7
SEM_EXT_0149,Semiconductors,single,1,w/o Association,6,6,1,0,7,0.86,1.0,0.92
SEM_EXT_0150,Semiconductors,single,1,w/o Association,11,8,3,3,11,0.73,0.73,0.73
SEM_EXT_0151,Semiconductors,single,1,w/o Association,7,5,1,2,6,0.83,0.71,0.77
SEM_EXT_0152,Semiconductors,single,1,w/o Association,9,5,2,4,7,0.71,0.56,0.63
SEM_EXT_0153,Semiconductors,single,1,w/o Association,11,11,0,0,11,1.0,1.0,1.0
SEM_EXT_0154,Semiconductors,multi,1,w/o Association,23,20,2,3,22,0.91,0.87,0.89
SEM_EXT_0155,Semiconductors,single,1,w/o Association,11,0,1,11,1,0.0,0.0,0.0
SEM_EXT_0156,Semiconductors,single,1,w/o Association,11,10,3,1,13,0.77,0.91,0.83
SEM_EXT_0157,Semiconductors,single,1,w/o Association,9,8,0,1,8,1.0,0.89,0.94
SEM_EXT_0158,Semiconductors,single,1,w/o Association,6,4,1,2,5,0.8,0.67,0.73
SEM_EXT_0159,Semiconductors,single,1,w/o Association,12,10,3,2,13,0.77,0.83,0.8
SEM_EXT_0160,Semiconductors,single,1,w/o Association,9,8,3,1,11,0.73,0.89,0.8
SEM_EXT_0161,Semiconductors,single,1,w/o Association,12,11,1,1,12,0.92,0.92,0.92
SEM_EXT_0162,Semiconductors,multi,1,w/o Association,32,24,6,8,30,0.8,0.75,0.77
SEM_EXT_0163,Semiconductors,single,1,w/o Association,7,7,0,0,7,1.0,1.0,1.0
SEM_EXT_0164,Semiconductors,single,1,w/o Association,7,6,0,1,6,1.0,0.86,0.92
SEM_EXT_0165,Semiconductors,single,1,w/o Association,6,5,1,1,6,0.83,0.83,0.83
SEM_EXT_0166,Semiconductors,single,1,w/o Association,10,0,0,10,0,0.0,0.0,0.0
SEM_EXT_0167,Semiconductors,single,1,w/o Association,7,6,0,1,6,1.0,0.86,0.92
SEM_EXT_0168,Semiconductors,single,1,w/o Association,12,8,2,4,10,0.8,0.67,0.73
SEM_EXT_0169,Semiconductors,single,1,w/o Association,11,8,3,3,11,0.73,0.73,0.73
SEM_EXT_0170,Semiconductors,single,1,w/o Association,6,4,1,2,5,0.8,0.67,0.73
SEM_EXT_0171,Semiconductors,single,1,w/o Association,8,8,2,0,10,0.8,1.0,0.89
SEM_EXT_0172,Semiconductors,single,1,w/o Association,12,10,2,2,12,0.83,0.83,0.83
SEM_EXT_0173,Semiconductors,single,1,w/o Association,6,6,3,0,9,0.67,1.0,0.8
SEM_EXT_0174,Semiconductors,multi,1,w/o Association,24,18,3,6,21,0.86,0.75,0.8
SEM_EXT_0175,Semiconductors,single,1,w/o Association,8,5,2,3,7,0.71,0.62,0.66
SEM_EXT_0176,Semiconductors,single,1,w/o Association,8,6,2,2,8,0.75,0.75,0.75
SEM_EXT_0177,Semiconductors,multi,1,w/o Association,36,21,6,15,27,0.78,0.58,0.67
SEM_EXT_0178,Semiconductors,single,1,w/o Association,12,9,3,3,12,0.75,0.75,0.75
SEM_EXT_0179,Semiconductors,single,1,w/o Association,9,6,3,3,9,0.67,0.67,0.67
SEM_EXT_0180,Semiconductors,single,1,w/o Association,11,9,2,2,11,0.82,0.82,0.82
SEM_EXT_0181,Semiconductors,single,1,w/o Association,10,7,1,3,8,0.88,0.7,0.78
SEM_EXT_0182,Semiconductors,multi,1,w/o Association,25,16,3,9,19,0.84,0.64,0.73
SEM_EXT_0183,Semiconductors,single,1,w/o Association,15,12,4,3,16,0.75,0.8,0.77
SEM_EXT_0184,Semiconductors,multi,1,w/o Association,20,15,5,5,20,0.75,0.75,0.75
SEM_EXT_0185,Semiconductors,single,1,w/o Association,6,5,1,1,6,0.83,0.83,0.83
SEM_EXT_0186,Semiconductors,single,1,w/o Association,8,8,2,0,10,0.8,1.0,0.89
SEM_EXT_0187,Semiconductors,single,1,w/o Association,7,4,3,3,7,0.57,0.57,0.57
SEM_EXT_0188,Semiconductors,single,1,w/o Association,7,5,1,2,6,0.83,0.71,0.77
SEM_EXT_0189,Semiconductors,single,1,w/o Association,6,6,2,0,8,0.75,1.0,0.86
SEM_EXT_0190,Semiconductors,single,1,w/o Association,7,6,1,1,7,0.86,0.86,0.86
SEM_EXT_0191,Semiconductors,single,1,w/o Association,6,5,2,1,7,0.71,0.83,0.77
SEM_EXT_0192,Semiconductors,single,1,w/o Association,15,11,3,4,14,0.79,0.73,0.76
SEM_EXT_0193,Semiconductors,single,1,w/o Association,10,9,0,1,9,1.0,0.9,0.95
SEM_EXT_0194,Semiconductors,single,1,w/o Association,6,4,1,2,5,0.8,0.67,0.73
SEM_EXT_0195,Semiconductors,single,1,w/o Association,10,9,2,1,11,0.82,0.9,0.86
SEM_EXT_0196,Semiconductors,single,1,w/o Association,11,9,3,2,12,0.75,0.82,0.78
SEM_EXT_0197,Semiconductors,single,1,w/o Association,8,7,0,1,7,1.0,0.88,0.94
SEM_EXT_0198,Semiconductors,single,1,w/o Association,6,6,3,0,9,0.67,1.0,0.8
BAT_EXT_0001,Batteries,single,1,w/o Association,8,6,2,2,8,0.75,0.75,0.75
BAT_EXT_0002,Batteries,single,1,w/o Association,11,11,1,0,12,0.92,1.0,0.96
BAT_EXT_0003,Batteries,single,1,w/o Association,12,9,3,3,12,0.75,0.75,0.75
BAT_EXT_0004,Batteries,single,1,w/o Association,10,0,1,10,1,0.0,0.0,0.0
BAT_EXT_0005,Batteries,single,1,w/o Association,6,5,1,1,6,0.83,0.83,0.83
BAT_EXT_0006,Batteries,single,1,w/o Association,6,6,0,0,6,1.0,1.0,1.0
BAT_EXT_0007,Batteries,single,1,w/o Association,12,10,2,2,12,0.83,0.83,0.83
BAT_EXT_0008,Batteries,single,1,w/o Association,12,9,3,3,12,0.75,0.75,0.75
BAT_EXT_0009,Batteries,single,1,w/o Association,7,5,4,2,9,0.56,0.71,0.63
BAT_EXT_0010,Batteries,single,1,w/o Association,9,8,1,1,9,0.89,0.89,0.89
BAT_EXT_0011,Batteries,single,1,w/o Association,10,9,2,1,11,0.82,0.9,0.86
BAT_EXT_0012,Batteries,single,1,w/o Association,6,5,2,1,7,0.71,0.83,0.77
BAT_EXT_0013,Batteries,single,1,w/o Association,8,8,1,0,9,0.89,1.0,0.94
BAT_EXT_0014,Batteries,single,1,w/o Association,9,7,1,2,8,0.88,0.78,0.83
BAT_EXT_0015,Batteries,single,1,w/o Association,6,6,0,0,6,1.0,1.0,1.0
BAT_EXT_0016,Batteries,multi,1,w/o Association,18,12,4,6,16,0.75,0.67,0.71
BAT_EXT_0017,Batteries,single,1,w/o Association,9,8,1,1,9,0.89,0.89,0.89
BAT_EXT_0018,Batteries,single,1,w/o Association,11,8,3,3,11,0.73,0.73,0.73
BAT_EXT_0019,Batteries,multi,1,w/o Association,22,17,6,5,23,0.74,0.77,0.75
BAT_EXT_0020,Batteries,single,1,w/o Association,12,9,1,3,10,0.9,0.75,0.82
BAT_EXT_0021,Batteries,single,1,w/o Association,8,6,2,2,8,0.75,0.75,0.75
BAT_EXT_0022,Batteries,single,1,w/o Association,12,12,2,0,14,0.86,1.0,0.92
BAT_EXT_0023,Batteries,single,1,w/o Association,9,7,4,2,11,0.64,0.78,0.7
BAT_EXT_0024,Batteries,single,1,w/o Association,6,4,1,2,5,0.8,0.67,0.73
BAT_EXT_0025,Batteries,single,1,w/o Association,13,10,3,3,13,0.77,0.77,0.77
BAT_EXT_0026,Batteries,single,1,w/o Association,11,10,2,1,12,0.83,0.91,0.87
BAT_EXT_0027,Batteries,single,1,w/o Association,11,9,3,2,12,0.75,0.82,0.78
BAT_EXT_0028,Batteries,single,1,w/o Association,11,8,1,3,9,0.89,0.73,0.8
BAT_EXT_0029,Batteries,single,1,w/o Association,9,7,3,2,10,0.7,0.78,0.74
BAT_EXT_0030,Batteries,single,1,w/o Association,7,6,1,1,7,0.86,0.86,0.86
BAT_EXT_0031,Batteries,single,1,w/o Association,7,7,1,0,8,0.88,1.0,0.94
BAT_EXT_0032,Batteries,single,1,w/o Association,12,10,0,2,10,1.0,0.83,0.91
BAT_EXT_0033,Batteries,single,1,w/o Association,6,5,1,1,6,0.83,0.83,0.83
BAT_EXT_0034,Batteries,single,1,w/o Association,6,6,1,0,7,0.86,1.0,0.92
BAT_EXT_0035,Batteries,single,1,w/o Association,12,9,3,3,12,0.75,0.75,0.75
BAT_EXT_0036,Batteries,single,1,w/o Association,7,5,5,2,10,0.5,0.71,0.59
BAT_EXT_0037,Batteries,single,1,w/o Association,8,7,2,1,9,0.78,0.88,0.83
BAT_EXT_0038,Batteries,single,1,w/o Association,12,11,3,1,14,0.79,0.92,0.85
BAT_EXT_0039,Batteries,single,1,w/o Association,12,9,1,3,10,0.9,0.75,0.82
BAT_EXT_0040,Batteries,single,1,w/o Association,6,6,0,0,6,1.0,1.0,1.0
BAT_EXT_0041,Batteries,single,1,w/o Association,6,6,0,0,6,1.0,1.0,1.0
BAT_EXT_0042,Batteries,single,1,w/o Association,11,8,3,3,11,0.73,0.73,0.73
BAT_EXT_0043,Batteries,single,1,w/o Association,10,10,0,0,10,1.0,1.0,1.0
BAT_EXT_0044,Batteries,single,1,w/o Association,10,10,0,0,10,1.0,1.0,1.0
BAT_EXT_0045,Batteries,single,1,w/o Association,8,7,2,1,9,0.78,0.88,0.83
BAT_EXT_0046,Batteries,single,1,w/o Association,11,10,1,1,11,0.91,0.91,0.91
BAT_EXT_0047,Batteries,single,1,w/o Association,10,8,2,2,10,0.8,0.8,0.8
BAT_EXT_0048,Batteries,multi,1,w/o Association,21,15,4,6,19,0.79,0.71,0.75
BAT_EXT_0049,Batteries,single,1,w/o Association,12,10,2,2,12,0.83,0.83,0.83
BAT_EXT_0050,Batteries,multi,1,w/o Association,33,27,1,6,28,0.96,0.82,0.88
BAT_EXT_0051,Batteries,single,1,w/o Association,13,9,4,4,13,0.69,0.69,0.69
BAT_EXT_0052,Batteries,single,1,w/o Association,11,10,0,1,10,1.0,0.91,0.95
BAT_EXT_0053,Batteries,single,1,w/o Association,4,4,1,0,5,0.8,1.0,0.89
BAT_EXT_0054,Batteries,multi,1,w/o Association,25,17,6,8,23,0.74,0.68,0.71
BAT_EXT_0055,Batteries,single,1,w/o Association,8,0,1,8,1,0.0,0.0,0.0
BAT_EXT_0056,Batteries,single,1,w/o Association,9,8,1,1,9,0.89,0.89,0.89
BAT_EXT_0057,Batteries,multi,1,w/o Association,22,17,4,5,21,0.81,0.77,0.79
BAT_EXT_0058,Batteries,single,1,w/o Association,9,7,2,2,9,0.78,0.78,0.78
BAT_EXT_0059,Batteries,single,1,w/o Association,11,9,4,2,13,0.69,0.82,0.75
BAT_EXT_0060,Batteries,single,1,w/o Association,6,6,1,0,7,0.86,1.0,0.92
BAT_EXT_0061,Batteries,single,1,w/o Association,12,12,3,0,15,0.8,1.0,0.89
BAT_EXT_0062,Batteries,multi,1,w/o Association,27,19,8,8,27,0.7,0.7,0.7
BAT_EXT_0063,Batteries,single,1,w/o Association,8,6,4,2,10,0.6,0.75,0.67
BAT_EXT_0064,Batteries,single,1,w/o Association,6,6,0,0,6,1.0,1.0,1.0
BAT_EXT_0065,Batteries,single,1,w/o Association,10,7,4,3,11,0.64,0.7,0.67
BAT_EXT_0066,Batteries,single,1,w/o Association,8,7,0,1,7,1.0,0.88,0.94
BAT_EXT_0067,Batteries,single,1,w/o Association,10,10,0,0,10,1.0,1.0,1.0
BAT_EXT_0068,Batteries,single,1,w/o Association,9,8,2,1,10,0.8,0.89,0.84
BAT_EXT_0069,Batteries,single,1,w/o Association,10,9,2,1,11,0.82,0.9,0.86
BAT_EXT_0070,Batteries,single,1,w/o Association,10,9,2,1,11,0.82,0.9,0.86
BAT_EXT_0071,Batteries,single,1,w/o Association,12,11,0,1,11,1.0,0.92,0.96
BAT_EXT_0072,Batteries,single,1,w/o Association,12,9,2,3,11,0.82,0.75,0.78
BAT_EXT_0073,Batteries,single,1,w/o Association,7,6,2,1,8,0.75,0.86,0.8
BAT_EXT_0074,Batteries,single,1,w/o Association,13,9,3,4,12,0.75,0.69,0.72
BAT_EXT_0075,Batteries,single,1,w/o Association,6,5,2,1,7,0.71,0.83,0.77
BAT_EXT_0076,Batteries,single,1,w/o Association,8,6,2,2,8,0.75,0.75,0.75
BAT_EXT_0077,Batteries,single,1,w/o Association,11,8,2,3,10,0.8,0.73,0.76
BAT_EXT_0078,Batteries,single,1,w/o Association,8,6,3,2,9,0.67,0.75,0.71
BAT_EXT_0079,Batteries,single,1,w/o Association,9,8,0,1,8,1.0,0.89,0.94
BAT_EXT_0080,Batteries,single,1,w/o Association,8,6,1,2,7,0.86,0.75,0.8
BAT_EXT_0081,Batteries,single,1,w/o Association,6,6,1,0,7,0.86,1.0,0.92
BAT_EXT_0082,Batteries,single,1,w/o Association,6,5,1,1,6,0.83,0.83,0.83
BAT_EXT_0083,Batteries,single,1,w/o Association,9,8,1,1,9,0.89,0.89,0.89
BAT_EXT_0084,Batteries,single,1,w/o Association,8,8,2,0,10,0.8,1.0,0.89
BAT_EXT_0085,Batteries,single,1,w/o Association,8,7,1,1,8,0.88,0.88,0.88
BAT_EXT_0086,Batteries,multi,1,w/o Association,18,11,5,7,16,0.69,0.61,0.65
BAT_EXT_0087,Batteries,single,1,w/o Association,9,7,5,2,12,0.58,0.78,0.67
BAT_EXT_0088,Batteries,single,1,w/o Association,7,0,1,7,1,0.0,0.0,0.0
BAT_EXT_0089,Batteries,single,1,w/o Association,10,8,3,2,11,0.73,0.8,0.76
BAT_EXT_0090,Batteries,single,1,w/o Association,12,10,2,2,12,0.83,0.83,0.83
BAT_EXT_0091,Batteries,single,1,w/o Association,7,7,1,0,8,0.88,1.0,0.94
BAT_EXT_0092,Batteries,single,1,w/o Association,9,7,2,2,9,0.78,0.78,0.78
BAT_EXT_0093,Batteries,single,1,w/o Association,12,12,0,0,12,1.0,1.0,1.0
BAT_EXT_0094,Batteries,single,1,w/o Association,7,7,2,0,9,0.78,1.0,0.88
BAT_EXT_0095,Batteries,single,1,w/o Association,9,0,3,9,3,0.0,0.0,0.0
BAT_EXT_0096,Batteries,single,1,w/o Association,8,7,1,1,8,0.88,0.88,0.88
BAT_EXT_0097,Batteries,multi,1,w/o Association,21,17,6,4,23,0.74,0.81,0.77
BAT_EXT_0098,Batteries,single,1,w/o Association,7,7,2,0,9,0.78,1.0,0.88
BAT_EXT_0099,Batteries,single,1,w/o Association,9,8,3,1,11,0.73,0.89,0.8
BAT_EXT_0100,Batteries,multi,1,w/o Association,24,21,3,3,24,0.88,0.88,0.88
BAT_EXT_0101,Batteries,single,1,w/o Association,12,10,2,2,12,0.83,0.83,0.83
BAT_EXT_0102,Batteries,single,1,w/o Association,9,6,1,3,7,0.86,0.67,0.75
BAT_EXT_0103,Batteries,single,1,w/o Association,7,6,1,1,7,0.86,0.86,0.86
BAT_EXT_0104,Batteries,single,1,w/o Association,7,5,1,2,6,0.83,0.71,0.77
BAT_EXT_0105,Batteries,single,1,w/o Association,6,6,1,0,7,0.86,1.0,0.92
BAT_EXT_0106,Batteries,single,1,w/o Association,10,9,3,1,12,0.75,0.9,0.82
BAT_EXT_0107,Batteries,multi,1,w/o Association,20,15,3,5,18,0.83,0.75,0.79
BAT_EXT_0108,Batteries,single,1,w/o Association,12,10,3,2,13,0.77,0.83,0.8
BAT_EXT_0109,Batteries,single,1,w/o Association,8,7,5,1,12,0.58,0.88,0.7
BAT_EXT_0110,Batteries,multi,1,w/o Association,25,20,5,5,25,0.8,0.8,0.8
BAT_EXT_0111,Batteries,single,1,w/o Association,10,8,3,2,11,0.73,0.8,0.76
BAT_EXT_0112,Batteries,single,1,w/o Association,9,8,5,1,13,0.62,0.89,0.73
BAT_EXT_0113,Batteries,single,1,w/o Association,8,7,2,1,9,0.78,0.88,0.83
BAT_EXT_0114,Batteries,single,1,w/o Association,9,9,0,0,9,1.0,1.0,1.0
BAT_EXT_0115,Batteries,single,1,w/o Association,10,10,0,0,10,1.0,1.0,1.0
BAT_EXT_0116,Batteries,single,1,w/o Association,10,7,2,3,9,0.78,0.7,0.74
BAT_EXT_0117,Batteries,multi,1,w/o Association,24,18,4,6,22,0.82,0.75,0.78
BAT_EXT_0118,Batteries,single,1,w/o Association,11,8,0,3,8,1.0,0.73,0.84
BAT_EXT_0119,Batteries,single,1,w/o Association,12,12,1,0,13,0.92,1.0,0.96
BAT_EXT_0120,Batteries,multi,1,w/o Association,22,18,0,4,18,1.0,0.82,0.9
BAT_EXT_0121,Batteries,single,1,w/o Association,8,8,0,0,8,1.0,1.0,1.0
BAT_EXT_0122,Batteries,single,1,w/o Association,9,7,1,2,8,0.88,0.78,0.83
BAT_EXT_0123,Batteries,single,1,w/o Association,6,6,3,0,9,0.67,1.0,0.8
BAT_EXT_0124,Batteries,single,1,w/o Association,11,9,2,2,11,0.82,0.82,0.82
BAT_EXT_0125,Batteries,single,1,w/o Association,9,8,3,1,11,0.73,0.89,0.8
BAT_EXT_0126,Batteries,single,1,w/o Association,6,6,2,0,8,0.75,1.0,0.86
BAT_EXT_0127,Batteries,single,1,w/o Association,9,7,2,2,9,0.78,0.78,0.78
BAT_EXT_0128,Batteries,multi,1,w/o Association,32,25,7,7,32,0.78,0.78,0.78
BAT_EXT_0129,Batteries,multi,1,w/o Association,28,22,7,6,29,0.76,0.79,0.77
BAT_EXT_0130,Batteries,single,1,w/o Association,12,9,3,3,12,0.75,0.75,0.75
BAT_EXT_0131,Batteries,single,1,w/o Association,9,8,3,1,11,0.73,0.89,0.8
BAT_EXT_0132,Batteries,single,1,w/o Association,9,8,3,1,11,0.73,0.89,0.8
BAT_EXT_0133,Batteries,single,1,w/o Association,4,4,3,0,7,0.57,1.0,0.73
BAT_EXT_0134,Batteries,single,1,w/o Association,7,5,1,2,6,0.83,0.71,0.77
BAT_EXT_0135,Batteries,single,1,w/o Association,8,7,4,1,11,0.64,0.88,0.74
BAT_EXT_0136,Batteries,single,1,w/o Association,7,6,3,1,9,0.67,0.86,0.75
BAT_EXT_0137,Batteries,single,1,w/o Association,6,6,2,0,8,0.75,1.0,0.86
BAT_EXT_0138,Batteries,multi,1,w/o Association,24,12,6,12,18,0.67,0.5,0.57
BAT_EXT_0139,Batteries,single,1,w/o Association,9,9,3,0,12,0.75,1.0,0.86
BAT_EXT_0140,Batteries,single,1,w/o Association,9,8,1,1,9,0.89,0.89,0.89
BAT_EXT_0141,Batteries,single,1,w/o Association,14,11,4,3,15,0.73,0.79,0.76
BAT_EXT_0142,Batteries,single,1,w/o Association,8,6,2,2,8,0.75,0.75,0.75
BAT_EXT_0143,Batteries,single,1,w/o Association,9,6,4,3,10,0.6,0.67,0.63
BAT_EXT_0144,Batteries,single,1,w/o Association,6,6,4,0,10,0.6,1.0,0.75
BAT_EXT_0145,Batteries,single,1,w/o Association,6,5,1,1,6,0.83,0.83,0.83
BAT_EXT_0146,Batteries,single,1,w/o Association,11,9,2,2,11,0.82,0.82,0.82
BAT_EXT_0147,Batteries,single,1,w/o Association,6,6,3,0,9,0.67,1.0,0.8
BAT_EXT_0148,Batteries,single,1,w/o Association,7,5,5,2,10,0.5,0.71,0.59
BAT_EXT_0149,Batteries,single,1,w/o Association,7,7,0,0,7,1.0,1.0,1.0
BAT_EXT_0150,Batteries,single,1,w/o Association,12,8,2,4,10,0.8,0.67,0.73
BAT_EXT_0151,Batteries,single,1,w/o Association,4,4,3,0,7,0.57,1.0,0.73
BAT_EXT_0152,Batteries,single,1,w/o Association,12,10,2,2,12,0.83,0.83,0.83
BAT_EXT_0153,Batteries,single,1,w/o Association,6,5,1,1,6,0.83,0.83,0.83
BAT_EXT_0154,Batteries,single,1,w/o Association,6,5,3,1,8,0.62,0.83,0.71
BAT_EXT_0155,Batteries,single,1,w/o Association,11,9,0,2,9,1.0,0.82,0.9
BAT_EXT_0156,Batteries,single,1,w/o Association,6,6,4,0,10,0.6,1.0,0.75
BAT_EXT_0157,Batteries,multi,1,w/o Association,24,18,9,6,27,0.67,0.75,0.71
BAT_EXT_0158,Batteries,single,1,w/o Association,7,5,2,2,7,0.71,0.71,0.71
BAT_EXT_0159,Batteries,single,1,w/o Association,11,10,4,1,14,0.71,0.91,0.8
BAT_EXT_0160,Batteries,single,1,w/o Association,8,7,2,1,9,0.78,0.88,0.83
BAT_EXT_0161,Batteries,single,1,w/o Association,10,8,3,2,11,0.73,0.8,0.76
BAT_EXT_0162,Batteries,single,1,w/o Association,8,6,4,2,10,0.6,0.75,0.67
BAT_EXT_0163,Batteries,multi,1,w/o Association,23,18,6,5,24,0.75,0.78,0.76
BAT_EXT_0164,Batteries,single,1,w/o Association,11,9,2,2,11,0.82,0.82,0.82
BAT_EXT_0165,Batteries,single,1,w/o Association,8,6,2,2,8,0.75,0.75,0.75
BAT_EXT_0166,Batteries,single,1,w/o Association,12,11,2,1,13,0.85,0.92,0.88
BAT_EXT_0167,Batteries,single,1,w/o Association,9,7,3,2,10,0.7,0.78,0.74
BAT_EXT_0168,Batteries,single,1,w/o Association,6,6,3,0,9,0.67,1.0,0.8
BAT_EXT_0169,Batteries,multi,1,w/o Association,25,24,3,1,27,0.89,0.96,0.92
BAT_EXT_0170,Batteries,single,1,w/o Association,6,6,4,0,10,0.6,1.0,0.75
BAT_EXT_0171,Batteries,single,1,w/o Association,10,8,2,2,10,0.8,0.8,0.8
BAT_EXT_0172,Batteries,multi,1,w/o Association,26,21,4,5,25,0.84,0.81,0.82
BAT_EXT_0173,Batteries,single,1,w/o Association,9,9,0,0,9,1.0,1.0,1.0
BAT_EXT_0174,Batteries,single,1,w/o Association,11,10,4,1,14,0.71,0.91,0.8
BAT_EXT_0175,Batteries,single,1,w/o Association,8,8,0,0,8,1.0,1.0,1.0
BAT_EXT_0176,Batteries,single,1,w/o Association,12,10,3,2,13,0.77,0.83,0.8
BAT_EXT_0177,Batteries,single,1,w/o Association,12,9,2,3,11,0.82,0.75,0.78
BAT_EXT_0178,Batteries,single,1,w/o Association,6,6,2,0,8,0.75,1.0,0.86
BAT_EXT_0179,Batteries,single,1,w/o Association,11,8,2,3,10,0.8,0.73,0.76
BAT_EXT_0180,Batteries,single,1,w/o Association,12,8,4,4,12,0.67,0.67,0.67
BAT_EXT_0181,Batteries,multi,1,w/o Association,22,14,7,8,21,0.67,0.64,0.65
BAT_EXT_0182,Batteries,single,1,w/o Association,10,9,2,1,11,0.82,0.9,0.86
BAT_EXT_0183,Batteries,single,1,w/o Association,9,8,1,1,9,0.89,0.89,0.89
BAT_EXT_0184,Batteries,single,1,w/o Association,7,0,3,7,3,0.0,0.0,0.0
BAT_EXT_0185,Batteries,single,1,w/o Association,10,8,2,2,10,0.8,0.8,0.8
BAT_EXT_0186,Batteries,single,1,w/o Association,11,10,1,1,11,0.91,0.91,0.91
BAT_EXT_0187,Batteries,single,1,w/o Association,12,11,2,1,13,0.85,0.92,0.88
BAT_EXT_0188,Batteries,single,1,w/o Association,7,7,1,0,8,0.88,1.0,0.94
BAT_EXT_0189,Batteries,single,1,w/o Association,8,8,1,0,9,0.89,1.0,0.94
BAT_EXT_0190,Batteries,single,1,w/o Association,8,5,3,3,8,0.62,0.62,0.62
BAT_EXT_0191,Batteries,single,1,w/o Association,12,10,3,2,13,0.77,0.83,0.8
BAT_EXT_0192,Batteries,single,1,w/o Association,12,10,1,2,11,0.91,0.83,0.87
BAT_EXT_0193,Batteries,single,1,w/o Association,11,9,3,2,12,0.75,0.82,0.78
BAT_EXT_0194,Batteries,single,1,w/o Association,6,6,4,0,10,0.6,1.0,0.75
BAT_EXT_0195,Batteries,single,1,w/o Association,10,8,2,2,10,0.8,0.8,0.8
BAT_EXT_0196,Batteries,single,1,w/o Association,11,10,3,1,13,0.77,0.91,0.83
BAT_EXT_0197,Batteries,single,1,w/o Association,9,7,2,2,9,0.78,0.78,0.78
BAT_EXT_0198,Batteries,multi,1,w/o Association,19,13,6,6,19,0.68,0.68,0.68
BAT_EXT_0199,Batteries,single,1,w/o Association,11,8,2,3,10,0.8,0.73,0.76
BAT_EXT_0200,Batteries,single,1,w/o Association,7,4,3,3,7,0.57,0.57,0.57
BAT_EXT_0201,Batteries,single,1,w/o Association,10,10,0,0,10,1.0,1.0,1.0
BAT_EXT_0202,Batteries,single,1,w/o Association,8,8,2,0,10,0.8,1.0,0.89
BAT_EXT_0203,Batteries,single,1,w/o Association,12,7,4,5,11,0.64,0.58,0.61
BAT_EXT_0204,Batteries,single,1,w/o Association,12,11,4,1,15,0.73,0.92,0.81
BAT_EXT_0205,Batteries,single,1,w/o Association,6,5,1,1,6,0.83,0.83,0.83
BAT_EXT_0206,Batteries,single,1,w/o Association,8,7,2,1,9,0.78,0.88,0.83
SUP_EXT_0001,Superalloys,single,2,w/o Association,7,6,1,1,7,0.86,0.86,0.86
SUP_EXT_0002,Superalloys,single,2,w/o Association,6,4,3,2,7,0.57,0.67,0.62
SUP_EXT_0003,Superalloys,single,2,w/o Association,7,7,4,0,11,0.64,1.0,0.78
SUP_EXT_0004,Superalloys,single,2,w/o Association,7,6,1,1,7,0.86,0.86,0.86
SUP_EXT_0005,Superalloys,multi,2,w/o Association,35,22,9,13,31,0.71,0.63,0.67
SUP_EXT_0006,Superalloys,single,2,w/o Association,9,6,2,3,8,0.75,0.67,0.71
SUP_EXT_0007,Superalloys,single,2,w/o Association,6,4,1,2,5,0.8,0.67,0.73
SUP_EXT_0008,Superalloys,single,2,w/o Association,7,7,1,0,8,0.88,1.0,0.94
SUP_EXT_0009,Superalloys,single,2,w/o Association,6,5,2,1,7,0.71,0.83,0.77
SUP_EXT_0010,Superalloys,multi,2,w/o Association,29,24,2,5,26,0.92,0.83,0.87
SUP_EXT_0011,Superalloys,single,2,w/o Association,6,6,2,0,8,0.75,1.0,0.86
SUP_EXT_0012,Superalloys,single,2,w/o Association,10,7,2,3,9,0.78,0.7,0.74
SUP_EXT_0013,Superalloys,single,2,w/o Association,6,6,0,0,6,1.0,1.0,1.0
SUP_EXT_0014,Superalloys,single,2,w/o Association,10,8,1,2,9,0.89,0.8,0.84
SUP_EXT_0015,Superalloys,single,2,w/o Association,11,10,3,1,13,0.77,0.91,0.83
SUP_EXT_0016,Superalloys,single,2,w/o Association,8,6,3,2,9,0.67,0.75,0.71
SUP_EXT_0017,Superalloys,multi,2,w/o Association,27,20,5,7,25,0.8,0.74,0.77
SUP_EXT_0018,Superalloys,single,2,w/o Association,9,7,3,2,10,0.7,0.78,0.74
SUP_EXT_0019,Superalloys,single,2,w/o Association,11,9,1,2,10,0.9,0.82,0.86
SUP_EXT_0020,Superalloys,single,2,w/o Association,12,9,1,3,10,0.9,0.75,0.82
SUP_EXT_0021,Superalloys,single,2,w/o Association,9,8,3,1,11,0.73,0.89,0.8
SUP_EXT_0022,Superalloys,single,2,w/o Association,9,7,2,2,9,0.78,0.78,0.78
SUP_EXT_0023,Superalloys,single,2,w/o Association,11,9,3,2,12,0.75,0.82,0.78
SUP_EXT_0024,Superalloys,single,2,w/o Association,7,7,0,0,7,1.0,1.0,1.0
SUP_EXT_0025,Superalloys,single,2,w/o Association,6,6,1,0,7,0.86,1.0,0.92
SUP_EXT_0026,Superalloys,multi,2,w/o Association,28,19,10,9,29,0.66,0.68,0.67
SUP_EXT_0027,Superalloys,single,2,w/o Association,7,7,1,0,8,0.88,1.0,0.94
SUP_EXT_0028,Superalloys,multi,2,w/o Association,38,26,8,12,34,0.76,0.68,0.72
SUP_EXT_0029,Superalloys,multi,2,w/o Association,21,15,5,6,20,0.75,0.71,0.73
SUP_EXT_0030,Superalloys,single,2,w/o Association,8,8,0,0,8,1.0,1.0,1.0
SUP_EXT_0031,Superalloys,single,2,w/o Association,8,7,2,1,9,0.78,0.88,0.83
SUP_EXT_0032,Superalloys,single,2,w/o Association,10,6,4,4,10,0.6,0.6,0.6
SUP_EXT_0033,Superalloys,multi,2,w/o Association,21,13,8,8,21,0.62,0.62,0.62
SUP_EXT_0034,Superalloys,single,2,w/o Association,4,1,2,3,3,0.33,0.25,0.28
SUP_EXT_0035,Superalloys,single,2,w/o Association,10,9,3,1,12,0.75,0.9,0.82
SUP_EXT_0036,Superalloys,single,2,w/o Association,7,5,3,2,8,0.62,0.71,0.66
SUP_EXT_0037,Superalloys,single,2,w/o Association,7,6,2,1,8,0.75,0.86,0.8
SUP_EXT_0038,Superalloys,single,2,w/o Association,9,9,2,0,11,0.82,1.0,0.9
SUP_EXT_0039,Superalloys,single,2,w/o Association,6,6,1,0,7,0.86,1.0,0.92
SUP_EXT_0040,Superalloys,single,2,w/o Association,7,6,1,1,7,0.86,0.86,0.86
SUP_EXT_0041,Superalloys,single,2,w/o Association,12,9,2,3,11,0.82,0.75,0.78
SUP_EXT_0042,Superalloys,single,2,w/o Association,10,9,3,1,12,0.75,0.9,0.82
SUP_EXT_0043,Superalloys,single,2,w/o Association,7,6,1,1,7,0.86,0.86,0.86
SUP_EXT_0044,Superalloys,single,2,w/o Association,6,4,1,2,5,0.8,0.67,0.73
SUP_EXT_0045,Superalloys,single,2,w/o Association,6,6,2,0,8,0.75,1.0,0.86
SUP_EXT_0046,Superalloys,single,2,w/o Association,8,6,4,2,10,0.6,0.75,0.67
SUP_EXT_0047,Superalloys,single,2,w/o Association,9,6,1,3,7,0.86,0.67,0.75
SUP_EXT_0048,Superalloys,single,2,w/o Association,6,6,1,0,7,0.86,1.0,0.92
SUP_EXT_0049,Superalloys,single,2,w/o Association,7,6,1,1,7,0.86,0.86,0.86
SUP_EXT_0050,Superalloys,single,2,w/o Association,6,5,1,1,6,0.83,0.83,0.83
SUP_EXT_0051,Superalloys,single,2,w/o Association,7,7,1,0,8,0.88,1.0,0.94
SUP_EXT_0052,Superalloys,single,2,w/o Association,11,9,5,2,14,0.64,0.82,0.72
SUP_EXT_0053,Superalloys,single,2,w/o Association,6,6,2,0,8,0.75,1.0,0.86
SUP_EXT_0054,Superalloys,single,2,w/o Association,11,11,1,0,12,0.92,1.0,0.96
SUP_EXT_0055,Superalloys,single,2,w/o Association,15,14,2,1,16,0.88,0.93,0.9
SUP_EXT_0056,Superalloys,single,2,w/o Association,11,8,3,3,11,0.73,0.73,0.73
SUP_EXT_0057,Superalloys,single,2,w/o Association,9,6,1,3,7,0.86,0.67,0.75
SUP_EXT_0058,Superalloys,single,2,w/o Association,9,8,0,1,8,1.0,0.89,0.94
SUP_EXT_0059,Superalloys,single,2,w/o Association,8,8,1,0,9,0.89,1.0,0.94
SUP_EXT_0060,Superalloys,single,2,w/o Association,12,11,2,1,13,0.85,0.92,0.88
SUP_EXT_0061,Superalloys,single,2,w/o Association,11,11,2,0,13,0.85,1.0,0.92
SUP_EXT_0062,Superalloys,single,2,w/o Association,9,8,2,1,10,0.8,0.89,0.84
SUP_EXT_0063,Superalloys,single,2,w/o Association,7,0,3,7,3,0.0,0.0,0.0
SUP_EXT_0064,Superalloys,single,2,w/o Association,8,6,2,2,8,0.75,0.75,0.75
SUP_EXT_0065,Superalloys,single,2,w/o Association,7,4,2,3,6,0.67,0.57,0.62
SUP_EXT_0066,Superalloys,single,2,w/o Association,6,6,1,0,7,0.86,1.0,0.92
SUP_EXT_0067,Superalloys,single,2,w/o Association,10,9,1,1,10,0.9,0.9,0.9
SUP_EXT_0068,Superalloys,multi,2,w/o Association,27,24,3,3,27,0.89,0.89,0.89
SUP_EXT_0069,Superalloys,single,2,w/o Association,8,6,2,2,8,0.75,0.75,0.75
SUP_EXT_0070,Superalloys,single,2,w/o Association,12,9,4,3,13,0.69,0.75,0.72
SUP_EXT_0071,Superalloys,single,2,w/o Association,10,10,1,0,11,0.91,1.0,0.95
SUP_EXT_0072,Superalloys,single,2,w/o Association,11,11,1,0,12,0.92,1.0,0.96
SUP_EXT_0073,Superalloys,single,2,w/o Association,8,5,1,3,6,0.83,0.62,0.71
SUP_EXT_0074,Superalloys,single,2,w/o Association,13,12,3,1,15,0.8,0.92,0.86
SUP_EXT_0075,Superalloys,single,2,w/o Association,9,9,0,0,9,1.0,1.0,1.0
SUP_EXT_0076,Superalloys,single,2,w/o Association,9,7,1,2,8,0.88,0.78,0.83
SUP_EXT_0077,Superalloys,single,2,w/o Association,12,10,3,2,13,0.77,0.83,0.8
SUP_EXT_0078,Superalloys,single,2,w/o Association,6,5,1,1,6,0.83,0.83,0.83
SUP_EXT_0079,Superalloys,single,2,w/o Association,9,9,4,0,13,0.69,1.0,0.82
SUP_EXT_0080,Superalloys,single,2,w/o Association,8,6,3,2,9,0.67,0.75,0.71
SUP_EXT_0081,Superalloys,single,2,w/o Association,13,0,2,13,2,0.0,0.0,0.0
SUP_EXT_0082,Superalloys,single,2,w/o Association,9,8,1,1,9,0.89,0.89,0.89
SUP_EXT_0083,Superalloys,single,2,w/o Association,10,9,0,1,9,1.0,0.9,0.95
SUP_EXT_0084,Superalloys,single,2,w/o Association,14,14,0,0,14,1.0,1.0,1.0
SUP_EXT_0085,Superalloys,single,2,w/o Association,10,10,0,0,10,1.0,1.0,1.0
SUP_EXT_0086,Superalloys,multi,2,w/o Association,22,16,7,6,23,0.7,0.73,0.71
SUP_EXT_0087,Superalloys,single,2,w/o Association,8,6,2,2,8,0.75,0.75,0.75
SUP_EXT_0088,Superalloys,single,2,w/o Association,10,8,4,2,12,0.67,0.8,0.73
SUP_EXT_0089,Superalloys,single,2,w/o Association,7,5,1,2,6,0.83,0.71,0.77
SUP_EXT_0090,Superalloys,multi,2,w/o Association,31,25,5,6,30,0.83,0.81,0.82
SUP_EXT_0091,Superalloys,single,2,w/o Association,6,6,0,0,6,1.0,1.0,1.0
SUP_EXT_0092,Superalloys,single,2,w/o Association,11,9,2,2,11,0.82,0.82,0.82
SUP_EXT_0093,Superalloys,multi,2,w/o Association,23,16,7,7,23,0.7,0.7,0.7
SUP_EXT_0094,Superalloys,single,2,w/o Association,12,10,2,2,12,0.83,0.83,0.83
SUP_EXT_0095,Superalloys,single,2,w/o Association,11,10,1,1,11,0.91,0.91,0.91
SUP_EXT_0096,Superalloys,single,2,w/o Association,13,11,2,2,13,0.85,0.85,0.85
SUP_EXT_0097,Superalloys,single,2,w/o Association,6,6,2,0,8,0.75,1.0,0.86
SUP_EXT_0098,Superalloys,multi,2,w/o Association,21,16,3,5,19,0.84,0.76,0.8
SUP_EXT_0099,Superalloys,single,2,w/o Association,11,9,4,2,13,0.69,0.82,0.75
SUP_EXT_0100,Superalloys,single,2,w/o Association,12,10,2,2,12,0.83,0.83,0.83
SUP_EXT_0101,Superalloys,single,2,w/o Association,6,6,0,0,6,1.0,1.0,1.0
SUP_EXT_0102,Superalloys,single,2,w/o Association,14,12,3,2,15,0.8,0.86,0.83
SUP_EXT_0103,Superalloys,single,2,w/o Association,9,7,2,2,9,0.78,0.78,0.78
SUP_EXT_0104,Superalloys,single,2,w/o Association,12,11,4,1,15,0.73,0.92,0.81
SUP_EXT_0105,Superalloys,single,2,w/o Association,12,9,4,3,13,0.69,0.75,0.72
SUP_EXT_0106,Superalloys,single,2,w/o Association,11,8,1,3,9,0.89,0.73,0.8
SUP_EXT_0107,Superalloys,single,2,w/o Association,11,9,2,2,11,0.82,0.82,0.82
SUP_EXT_0108,Superalloys,single,2,w/o Association,12,11,0,1,11,1.0,0.92,0.96
SUP_EXT_0109,Superalloys,single,2,w/o Association,12,9,4,3,13,0.69,0.75,0.72
SUP_EXT_0110,Superalloys,single,2,w/o Association,9,7,0,2,7,1.0,0.78,0.88
SUP_EXT_0111,Superalloys,single,2,w/o Association,6,6,2,0,8,0.75,1.0,0.86
SUP_EXT_0112,Superalloys,single,2,w/o Association,6,6,1,0,7,0.86,1.0,0.92
SUP_EXT_0113,Superalloys,multi,2,w/o Association,23,18,5,5,23,0.78,0.78,0.78
SUP_EXT_0114,Superalloys,single,2,w/o Association,11,9,1,2,10,0.9,0.82,0.86
SUP_EXT_0115,Superalloys,single,2,w/o Association,10,10,1,0,11,0.91,1.0,0.95
SUP_EXT_0116,Superalloys,single,2,w/o Association,7,5,1,2,6,0.83,0.71,0.77
SUP_EXT_0117,Superalloys,single,2,w/o Association,11,10,3,1,13,0.77,0.91,0.83
SUP_EXT_0118,Superalloys,single,2,w/o Association,11,7,2,4,9,0.78,0.64,0.7
SUP_EXT_0119,Superalloys,single,2,w/o Association,6,6,3,0,9,0.67,1.0,0.8
SUP_EXT_0120,Superalloys,single,2,w/o Association,11,9,3,2,12,0.75,0.82,0.78
SUP_EXT_0121,Superalloys,multi,2,w/o Association,25,20,2,5,22,0.91,0.8,0.85
SUP_EXT_0122,Superalloys,single,2,w/o Association,11,8,4,3,12,0.67,0.73,0.7
SUP_EXT_0123,Superalloys,single,2,w/o Association,11,10,2,1,12,0.83,0.91,0.87
SUP_EXT_0124,Superalloys,single,2,w/o Association,12,10,5,2,15,0.67,0.83,0.74
SUP_EXT_0125,Superalloys,multi,2,w/o Association,24,19,4,5,23,0.83,0.79,0.81
SUP_EXT_0126,Superalloys,single,2,w/o Association,10,8,3,2,11,0.73,0.8,0.76
SUP_EXT_0127,Superalloys,single,2,w/o Association,9,8,1,1,9,0.89,0.89,0.89
SUP_EXT_0128,Superalloys,single,2,w/o Association,6,6,1,0,7,0.86,1.0,0.92
SUP_EXT_0129,Superalloys,single,2,w/o Association,11,7,5,4,12,0.58,0.64,0.61
SUP_EXT_0130,Superalloys,multi,2,w/o Association,27,27,0,0,27,1.0,1.0,1.0
SUP_EXT_0131,Superalloys,single,2,w/o Association,8,7,1,1,8,0.88,0.88,0.88
SUP_EXT_0132,Superalloys,single,2,w/o Association,11,10,0,1,10,1.0,0.91,0.95
SUP_EXT_0133,Superalloys,single,2,w/o Association,10,9,1,1,10,0.9,0.9,0.9
SUP_EXT_0134,Superalloys,single,2,w/o Association,11,10,1,1,11,0.91,0.91,0.91
SUP_EXT_0135,Superalloys,single,2,w/o Association,8,6,2,2,8,0.75,0.75,0.75
SUP_EXT_0136,Superalloys,single,2,w/o Association,12,11,3,1,14,0.79,0.92,0.85
SUP_EXT_0137,Superalloys,single,2,w/o Association,8,7,2,1,9,0.78,0.88,0.83
SUP_EXT_0138,Superalloys,multi,2,w/o Association,21,13,6,8,19,0.68,0.62,0.65
SUP_EXT_0139,Superalloys,single,2,w/o Association,9,7,5,2,12,0.58,0.78,0.67
SUP_EXT_0140,Superalloys,single,2,w/o Association,6,5,1,1,6,0.83,0.83,0.83
SUP_EXT_0141,Superalloys,single,2,w/o Association,11,8,4,3,12,0.67,0.73,0.7
SUP_EXT_0142,Superalloys,multi,2,w/o Association,24,15,7,9,22,0.68,0.62,0.65
SUP_EXT_0143,Superalloys,single,2,w/o Association,12,9,2,3,11,0.82,0.75,0.78
SUP_EXT_0144,Superalloys,single,2,w/o Association,12,10,2,2,12,0.83,0.83,0.83
SUP_EXT_0145,Superalloys,single,2,w/o Association,6,5,1,1,6,0.83,0.83,0.83
SUP_EXT_0146,Superalloys,multi,2,w/o Association,21,18,3,3,21,0.86,0.86,0.86
SUP_EXT_0147,Superalloys,single,2,w/o Association,8,7,2,1,9,0.78,0.88,0.83
SUP_EXT_0148,Superalloys,multi,2,w/o Association,18,15,2,3,17,0.88,0.83,0.85
SUP_EXT_0149,Superalloys,single,2,w/o Association,9,6,5,3,11,0.55,0.67,0.6
SUP_EXT_0150,Superalloys,single,2,w/o Association,8,7,2,1,9,0.78,0.88,0.83
SUP_EXT_0151,Superalloys,single,2,w/o Association,11,9,3,2,12,0.75,0.82,0.78
SUP_EXT_0152,Superalloys,single,2,w/o Association,10,10,0,0,10,1.0,1.0,1.0
SUP_EXT_0153,Superalloys,single,2,w/o Association,8,6,2,2,8,0.75,0.75,0.75
SUP_EXT_0154,Superalloys,single,2,w/o Association,8,6,2,2,8,0.75,0.75,0.75
SUP_EXT_0155,Superalloys,single,2,w/o Association,10,7,5,3,12,0.58,0.7,0.63
SUP_EXT_0156,Superalloys,single,2,w/o Association,10,10,3,0,13,0.77,1.0,0.87
SUP_EXT_0157,Superalloys,single,2,w/o Association,8,8,2,0,10,0.8,1.0,0.89
SUP_EXT_0158,Superalloys,single,2,w/o Association,10,10,1,0,11,0.91,1.0,0.95
SUP_EXT_0159,Superalloys,single,2,w/o Association,12,10,5,2,15,0.67,0.83,0.74
SUP_EXT_0160,Superalloys,single,2,w/o Association,11,9,2,2,11,0.82,0.82,0.82
SUP_EXT_0161,Superalloys,single,2,w/o Association,7,6,1,1,7,0.86,0.86,0.86
SUP_EXT_0162,Superalloys,single,2,w/o Association,9,9,2,0,11,0.82,1.0,0.9
SUP_EXT_0163,Superalloys,single,2,w/o Association,12,12,4,0,16,0.75,1.0,0.86
SUP_EXT_0164,Superalloys,single,2,w/o Association,7,5,2,2,7,0.71,0.71,0.71
SUP_EXT_0165,Superalloys,single,2,w/o Association,11,9,2,2,11,0.82,0.82,0.82
SUP_EXT_0166,Superalloys,single,2,w/o Association,10,9,3,1,12,0.75,0.9,0.82
SUP_EXT_0167,Superalloys,single,2,w/o Association,11,10,1,1,11,0.91,0.91,0.91
SUP_EXT_0168,Superalloys,single,2,w/o Association,6,6,4,0,10,0.6,1.0,0.75
SUP_EXT_0169,Superalloys,single,2,w/o Association,6,6,0,0,6,1.0,1.0,1.0
SUP_EXT_0170,Superalloys,single,2,w/o Association,6,6,3,0,9,0.67,1.0,0.8
SUP_EXT_0171,Superalloys,single,2,w/o Association,11,10,2,1,12,0.83,0.91,0.87
SUP_EXT_0172,Superalloys,multi,2,w/o Association,24,0,3,24,3,0.0,0.0,0.0
SUP_EXT_0173,Superalloys,single,2,w/o Association,7,6,3,1,9,0.67,0.86,0.75
SUP_EXT_0174,Superalloys,single,2,w/o Association,12,10,2,2,12,0.83,0.83,0.83
SUP_EXT_0175,Superalloys,single,2,w/o Association,10,7,4,3,11,0.64,0.7,0.67
SUP_EXT_0176,Superalloys,single,2,w/o Association,6,6,1,0,7,0.86,1.0,0.92
SUP_EXT_0177,Superalloys,multi,2,w/o Association,20,15,3,5,18,0.83,0.75,0.79
SUP_EXT_0178,Superalloys,single,2,w/o Association,6,5,1,1,6,0.83,0.83,0.83
SUP_EXT_0179,Superalloys,single,2,w/o Association,11,8,1,3,9,0.89,0.73,0.8
SUP_EXT_0180,Superalloys,multi,2,w/o Association,18,16,1,2,17,0.94,0.89,0.91
SUP_EXT_0181,Superalloys,single,2,w/o Association,10,8,3,2,11,0.73,0.8,0.76
SUP_EXT_0182,Superalloys,single,2,w/o Association,11,9,1,2,10,0.9,0.82,0.86
SUP_EXT_0183,Superalloys,single,2,w/o Association,11,9,2,2,11,0.82,0.82,0.82
SUP_EXT_0184,Superalloys,single,2,w/o Association,6,6,3,0,9,0.67,1.0,0.8
SUP_EXT_0185,Superalloys,single,2,w/o Association,8,6,2,2,8,0.75,0.75,0.75
SUP_EXT_0186,Superalloys,single,2,w/o Association,13,9,4,4,13,0.69,0.69,0.69
SUP_EXT_0187,Superalloys,single,2,w/o Association,11,9,2,2,11,0.82,0.82,0.82
SUP_EXT_0188,Superalloys,single,2,w/o Association,9,8,2,1,10,0.8,0.89,0.84
SUP_EXT_0189,Superalloys,single,2,w/o Association,5,5,1,0,6,0.83,1.0,0.91
SUP_EXT_0190,Superalloys,single,2,w/o Association,15,11,3,4,14,0.79,0.73,0.76
SUP_EXT_0191,Superalloys,single,2,w/o Association,7,6,1,1,7,0.86,0.86,0.86
SUP_EXT_0192,Superalloys,single,2,w/o Association,10,9,1,1,10,0.9,0.9,0.9
SUP_EXT_0193,Superalloys,single,2,w/o Association,9,6,5,3,11,0.55,0.67,0.6
SUP_EXT_0194,Superalloys,single,2,w/o Association,12,11,2,1,13,0.85,0.92,0.88
SUP_EXT_0195,Superalloys,single,2,w/o Association,7,5,1,2,6,0.83,0.71,0.77
SUP_EXT_0196,Superalloys,single,2,w/o Association,11,8,2,3,10,0.8,0.73,0.76
SUP_EXT_0197,Superalloys,single,2,w/o Association,10,8,0,2,8,1.0,0.8,0.89
SUP_EXT_0198,Superalloys,single,2,w/o Association,11,10,4,1,14,0.71,0.91,0.8
SUP_EXT_0199,Superalloys,single,2,w/o Association,8,7,3,1,10,0.7,0.88,0.78
SUP_EXT_0200,Superalloys,single,2,w/o Association,8,6,3,2,9,0.67,0.75,0.71
SUP_EXT_0201,Superalloys,multi,2,w/o Association,21,19,1,2,20,0.95,0.9,0.92
SUP_EXT_0202,Superalloys,single,2,w/o Association,9,8,2,1,10,0.8,0.89,0.84
SUP_EXT_0203,Superalloys,single,2,w/o Association,10,9,2,1,11,0.82,0.9,0.86
SUP_EXT_0204,Superalloys,single,2,w/o Association,10,7,5,3,12,0.58,0.7,0.63
SUP_EXT_0205,Superalloys,single,2,w/o Association,8,7,2,1,9,0.78,0.88,0.83
SUP_EXT_0206,Superalloys,single,2,w/o Association,10,8,3,2,11,0.73,0.8,0.76
SUP_EXT_0207,Superalloys,single,2,w/o Association,9,8,2,1,10,0.8,0.89,0.84
SUP_EXT_0208,Superalloys,single,2,w/o Association,12,12,1,0,13,0.92,1.0,0.96
SUP_EXT_0209,Superalloys,single,2,w/o Association,10,8,2,2,10,0.8,0.8,0.8
SUP_EXT_0210,Superalloys,single,2,w/o Association,10,8,3,2,11,0.73,0.8,0.76
SUP_EXT_0211,Superalloys,single,2,w/o Association,10,9,2,1,11,0.82,0.9,0.86
SUP_EXT_0212,Superalloys,single,2,w/o Association,8,8,2,0,10,0.8,1.0,0.89
SUP_EXT_0213,Superalloys,single,2,w/o Association,12,10,6,2,16,0.62,0.83,0.71
SUP_EXT_0214,Superalloys,single,2,w/o Association,4,1,2,3,3,0.33,0.25,0.28
SEM_EXT_0001,Semiconductors,single,2,w/o Association,6,4,1,2,5,0.8,0.67,0.73
SEM_EXT_0002,Semiconductors,single,2,w/o Association,8,8,0,0,8,1.0,1.0,1.0
SEM_EXT_0003,Semiconductors,single,2,w/o Association,9,8,1,1,9,0.89,0.89,0.89
SEM_EXT_0004,Semiconductors,single,2,w/o Association,11,11,0,0,11,1.0,1.0,1.0
SEM_EXT_0005,Semiconductors,single,2,w/o Association,10,0,2,10,2,0.0,0.0,0.0
SEM_EXT_0006,Semiconductors,single,2,w/o Association,8,7,3,1,10,0.7,0.88,0.78
SEM_EXT_0007,Semiconductors,single,2,w/o Association,12,0,3,12,3,0.0,0.0,0.0
SEM_EXT_0008,Semiconductors,single,2,w/o Association,9,9,2,0,11,0.82,1.0,0.9
SEM_EXT_0009,Semiconductors,single,2,w/o Association,10,7,2,3,9,0.78,0.7,0.74
SEM_EXT_0010,Semiconductors,single,2,w/o Association,9,9,1,0,10,0.9,1.0,0.95
SEM_EXT_0011,Semiconductors,single,2,w/o Association,12,11,0,1,11,1.0,0.92,0.96
SEM_EXT_0012,Semiconductors,single,2,w/o Association,7,7,2,0,9,0.78,1.0,0.88
SEM_EXT_0013,Semiconductors,single,2,w/o Association,12,10,0,2,10,1.0,0.83,0.91
SEM_EXT_0014,Semiconductors,single,2,w/o Association,11,8,2,3,10,0.8,0.73,0.76
SEM_EXT_0015,Semiconductors,single,2,w/o Association,12,10,1,2,11,0.91,0.83,0.87
SEM_EXT_0016,Semiconductors,multi,2,w/o Association,29,23,1,6,24,0.96,0.79,0.87
SEM_EXT_0017,Semiconductors,single,2,w/o Association,8,6,1,2,7,0.86,0.75,0.8
SEM_EXT_0018,Semiconductors,single,2,w/o Association,11,7,4,4,11,0.64,0.64,0.64
SEM_EXT_0019,Semiconductors,single,2,w/o Association,15,14,2,1,16,0.88,0.93,0.9
SEM_EXT_0020,Semiconductors,single,2,w/o Association,12,9,3,3,12,0.75,0.75,0.75
SEM_EXT_0021,Semiconductors,single,2,w/o Association,8,6,1,2,7,0.86,0.75,0.8
SEM_EXT_0022,Semiconductors,multi,2,w/o Association,22,16,5,6,21,0.76,0.73,0.74
SEM_EXT_0023,Semiconductors,single,2,w/o Association,13,12,2,1,14,0.86,0.92,0.89
SEM_EXT_0024,Semiconductors,single,2,w/o Association,6,6,1,0,7,0.86,1.0,0.92
SEM_EXT_0025,Semiconductors,single,2,w/o Association,6,5,1,1,6,0.83,0.83,0.83
SEM_EXT_0026,Semiconductors,single,2,w/o Association,6,6,1,0,7,0.86,1.0,0.92
SEM_EXT_0027,Semiconductors,single,2,w/o Association,10,8,5,2,13,0.62,0.8,0.7
SEM_EXT_0028,Semiconductors,single,2,w/o Association,10,9,1,1,10,0.9,0.9,0.9
SEM_EXT_0029,Semiconductors,single,2,w/o Association,15,13,4,2,17,0.76,0.87,0.81
SEM_EXT_0030,Semiconductors,multi,2,w/o Association,33,26,4,7,30,0.87,0.79,0.83
SEM_EXT_0031,Semiconductors,single,2,w/o Association,7,7,0,0,7,1.0,1.0,1.0
SEM_EXT_0032,Semiconductors,single,2,w/o Association,9,9,0,0,9,1.0,1.0,1.0
SEM_EXT_0033,Semiconductors,single,2,w/o Association,9,7,2,2,9,0.78,0.78,0.78
SEM_EXT_0034,Semiconductors,single,2,w/o Association,12,9,2,3,11,0.82,0.75,0.78
SEM_EXT_0035,Semiconductors,single,2,w/o Association,12,10,4,2,14,0.71,0.83,0.77
SEM_EXT_0036,Semiconductors,single,2,w/o Association,8,6,3,2,9,0.67,0.75,0.71
SEM_EXT_0037,Semiconductors,single,2,w/o Association,12,11,1,1,12,0.92,0.92,0.92
SEM_EXT_0038,Semiconductors,single,2,w/o Association,12,10,1,2,11,0.91,0.83,0.87
SEM_EXT_0039,Semiconductors,single,2,w/o Association,9,7,1,2,8,0.88,0.78,0.83
SEM_EXT_0040,Semiconductors,single,2,w/o Association,12,10,3,2,13,0.77,0.83,0.8
SEM_EXT_0041,Semiconductors,multi,2,w/o Association,36,28,9,8,37,0.76,0.78,0.77
SEM_EXT_0042,Semiconductors,single,2,w/o Association,6,6,0,0,6,1.0,1.0,1.0
SEM_EXT_0043,Semiconductors,single,2,w/o Association,11,11,0,0,11,1.0,1.0,1.0
SEM_EXT_0044,Semiconductors,single,2,w/o Association,12,11,1,1,12,0.92,0.92,0.92
SEM_EXT_0045,Semiconductors,single,2,w/o Association,8,6,3,2,9,0.67,0.75,0.71
SEM_EXT_0046,Semiconductors,multi,2,w/o Association,24,22,3,2,25,0.88,0.92,0.9
SEM_EXT_0047,Semiconductors,single,2,w/o Association,7,7,1,0,8,0.88,1.0,0.94
SEM_EXT_0048,Semiconductors,single,2,w/o Association,8,8,2,0,10,0.8,1.0,0.89
SEM_EXT_0049,Semiconductors,single,2,w/o Association,12,10,2,2,12,0.83,0.83,0.83
SEM_EXT_0050,Semiconductors,single,2,w/o Association,6,6,0,0,6,1.0,1.0,1.0
SEM_EXT_0051,Semiconductors,single,2,w/o Association,11,8,3,3,11,0.73,0.73,0.73
SEM_EXT_0052,Semiconductors,single,2,w/o Association,8,5,1,3,6,0.83,0.62,0.71
SEM_EXT_0053,Semiconductors,single,2,w/o Association,9,8,3,1,11,0.73,0.89,0.8
SEM_EXT_0054,Semiconductors,multi,2,w/o Association,30,26,5,4,31,0.84,0.87,0.85
SEM_EXT_0055,Semiconductors,multi,2,w/o Association,31,23,8,8,31,0.74,0.74,0.74
SEM_EXT_0056,Semiconductors,single,2,w/o Association,6,6,1,0,7,0.86,1.0,0.92
SEM_EXT_0057,Semiconductors,single,2,w/o Association,10,8,1,2,9,0.89,0.8,0.84
SEM_EXT_0058,Semiconductors,single,2,w/o Association,9,9,2,0,11,0.82,1.0,0.9
SEM_EXT_0059,Semiconductors,single,2,w/o Association,9,8,2,1,10,0.8,0.89,0.84
SEM_EXT_0060,Semiconductors,single,2,w/o Association,11,8,2,3,10,0.8,0.73,0.76
SEM_EXT_0061,Semiconductors,single,2,w/o Association,12,11,2,1,13,0.85,0.92,0.88
SEM_EXT_0062,Semiconductors,single,2,w/o Association,6,6,1,0,7,0.86,1.0,0.92
SEM_EXT_0063,Semiconductors,single,2,w/o Association,8,7,3,1,10,0.7,0.88,0.78
SEM_EXT_0064,Semiconductors,single,2,w/o Association,7,5,2,2,7,0.71,0.71,0.71
SEM_EXT_0065,Semiconductors,single,2,w/o Association,9,9,1,0,10,0.9,1.0,0.95
SEM_EXT_0066,Semiconductors,single,2,w/o Association,11,9,2,2,11,0.82,0.82,0.82
SEM_EXT_0067,Semiconductors,single,2,w/o Association,10,8,2,2,10,0.8,0.8,0.8
SEM_EXT_0068,Semiconductors,single,2,w/o Association,7,7,1,0,8,0.88,1.0,0.94
SEM_EXT_0069,Semiconductors,single,2,w/o Association,8,7,2,1,9,0.78,0.88,0.83
SEM_EXT_0070,Semiconductors,single,2,w/o Association,6,6,1,0,7,0.86,1.0,0.92
SEM_EXT_0071,Semiconductors,single,2,w/o Association,12,12,0,0,12,1.0,1.0,1.0
SEM_EXT_0072,Semiconductors,single,2,w/o Association,10,7,2,3,9,0.78,0.7,0.74
SEM_EXT_0073,Semiconductors,single,2,w/o Association,8,5,1,3,6,0.83,0.62,0.71
SEM_EXT_0074,Semiconductors,single,2,w/o Association,6,6,2,0,8,0.75,1.0,0.86
SEM_EXT_0075,Semiconductors,single,2,w/o Association,8,7,1,1,8,0.88,0.88,0.88
SEM_EXT_0076,Semiconductors,single,2,w/o Association,10,8,1,2,9,0.89,0.8,0.84
SEM_EXT_0077,Semiconductors,multi,2,w/o Association,25,19,5,6,24,0.79,0.76,0.77
SEM_EXT_0078,Semiconductors,single,2,w/o Association,9,7,1,2,8,0.88,0.78,0.83
SEM_EXT_0079,Semiconductors,single,2,w/o Association,10,10,1,0,11,0.91,1.0,0.95
SEM_EXT_0080,Semiconductors,single,2,w/o Association,9,7,1,2,8,0.88,0.78,0.83
SEM_EXT_0081,Semiconductors,single,2,w/o Association,14,12,3,2,15,0.8,0.86,0.83
SEM_EXT_0082,Semiconductors,multi,2,w/o Association,28,21,3,7,24,0.88,0.75,0.81
SEM_EXT_0083,Semiconductors,single,2,w/o Association,9,6,3,3,9,0.67,0.67,0.67
SEM_EXT_0084,Semiconductors,single,2,w/o Association,6,6,2,0,8,0.75,1.0,0.86
SEM_EXT_0085,Semiconductors,single,2,w/o Association,11,10,2,1,12,0.83,0.91,0.87
SEM_EXT_0086,Semiconductors,single,2,w/o Association,9,5,1,4,6,0.83,0.56,0.67
SEM_EXT_0087,Semiconductors,single,2,w/o Association,8,8,1,0,9,0.89,1.0,0.94
SEM_EXT_0088,Semiconductors,single,2,w/o Association,11,9,4,2,13,0.69,0.82,0.75
SEM_EXT_0089,Semiconductors,single,2,w/o Association,8,7,1,1,8,0.88,0.88,0.88
SEM_EXT_0090,Semiconductors,single,2,w/o Association,9,7,2,2,9,0.78,0.78,0.78
SEM_EXT_0091,Semiconductors,single,2,w/o Association,12,11,2,1,13,0.85,0.92,0.88
SEM_EXT_0092,Semiconductors,single,2,w/o Association,9,8,2,1,10,0.8,0.89,0.84
SEM_EXT_0093,Semiconductors,single,2,w/o Association,8,7,1,1,8,0.88,0.88,0.88
SEM_EXT_0094,Semiconductors,multi,2,w/o Association,19,14,4,5,18,0.78,0.74,0.76
SEM_EXT_0095,Semiconductors,single,2,w/o Association,10,6,3,4,9,0.67,0.6,0.63
SEM_EXT_0096,Semiconductors,single,2,w/o Association,11,8,3,3,11,0.73,0.73,0.73
SEM_EXT_0097,Semiconductors,multi,2,w/o Association,25,23,4,2,27,0.85,0.92,0.88
SEM_EXT_0098,Semiconductors,single,2,w/o Association,10,8,5,2,13,0.62,0.8,0.7
SEM_EXT_0099,Semiconductors,single,2,w/o Association,11,9,1,2,10,0.9,0.82,0.86
SEM_EXT_0100,Semiconductors,single,2,w/o Association,13,8,1,5,9,0.89,0.62,0.73
SEM_EXT_0101,Semiconductors,single,2,w/o Association,7,4,1,3,5,0.8,0.57,0.67
SEM_EXT_0102,Semiconductors,single,2,w/o Association,8,6,1,2,7,0.86,0.75,0.8
SEM_EXT_0103,Semiconductors,single,2,w/o Association,8,6,2,2,8,0.75,0.75,0.75
SEM_EXT_0104,Semiconductors,single,2,w/o Association,7,7,2,0,9,0.78,1.0,0.88
SEM_EXT_0105,Semiconductors,single,2,w/o Association,10,9,0,1,9,1.0,0.9,0.95
SEM_EXT_0106,Semiconductors,single,2,w/o Association,9,7,2,2,9,0.78,0.78,0.78
SEM_EXT_0107,Semiconductors,single,2,w/o Association,6,0,0,6,0,0.0,0.0,0.0
SEM_EXT_0108,Semiconductors,single,2,w/o Association,12,11,0,1,11,1.0,0.92,0.96
SEM_EXT_0109,Semiconductors,single,2,w/o Association,10,9,1,1,10,0.9,0.9,0.9
SEM_EXT_0110,Semiconductors,single,2,w/o Association,11,10,0,1,10,1.0,0.91,0.95
SEM_EXT_0111,Semiconductors,single,2,w/o Association,12,11,1,1,12,0.92,0.92,0.92
SEM_EXT_0112,Semiconductors,multi,2,w/o Association,28,20,8,8,28,0.71,0.71,0.71
SEM_EXT_0113,Semiconductors,single,2,w/o Association,9,7,1,2,8,0.88,0.78,0.83
SEM_EXT_0114,Semiconductors,single,2,w/o Association,12,9,6,3,15,0.6,0.75,0.67
SEM_EXT_0115,Semiconductors,multi,2,w/o Association,28,24,4,4,28,0.86,0.86,0.86
SEM_EXT_0116,Semiconductors,single,2,w/o Association,11,10,1,1,11,0.91,0.91,0.91
SEM_EXT_0117,Semiconductors,single,2,w/o Association,10,8,2,2,10,0.8,0.8,0.8
SEM_EXT_0118,Semiconductors,single,2,w/o Association,12,10,2,2,12,0.83,0.83,0.83
SEM_EXT_0119,Semiconductors,single,2,w/o Association,12,11,2,1,13,0.85,0.92,0.88
SEM_EXT_0120,Semiconductors,single,2,w/o Association,11,8,3,3,11,0.73,0.73,0.73
SEM_EXT_0121,Semiconductors,single,2,w/o Association,11,8,2,3,10,0.8,0.73,0.76
SEM_EXT_0122,Semiconductors,single,2,w/o Association,10,8,2,2,10,0.8,0.8,0.8
SEM_EXT_0123,Semiconductors,single,2,w/o Association,6,4,2,2,6,0.67,0.67,0.67
SEM_EXT_0124,Semiconductors,multi,2,w/o Association,26,22,0,4,22,1.0,0.85,0.92
SEM_EXT_0125,Semiconductors,single,2,w/o Association,12,8,3,4,11,0.73,0.67,0.7
SEM_EXT_0126,Semiconductors,single,2,w/o Association,8,6,1,2,7,0.86,0.75,0.8
SEM_EXT_0127,Semiconductors,single,2,w/o Association,4,0,1,4,1,0.0,0.0,0.0
SEM_EXT_0128,Semiconductors,single,2,w/o Association,8,7,1,1,8,0.88,0.88,0.88
SEM_EXT_0129,Semiconductors,single,2,w/o Association,13,11,1,2,12,0.92,0.85,0.88
SEM_EXT_0130,Semiconductors,single,2,w/o Association,12,12,0,0,12,1.0,1.0,1.0
SEM_EXT_0131,Semiconductors,single,2,w/o Association,10,7,2,3,9,0.78,0.7,0.74
SEM_EXT_0132,Semiconductors,single,2,w/o Association,14,12,3,2,15,0.8,0.86,0.83
SEM_EXT_0133,Semiconductors,single,2,w/o Association,8,5,1,3,6,0.83,0.62,0.71
SEM_EXT_0134,Semiconductors,single,2,w/o Association,9,7,3,2,10,0.7,0.78,0.74
SEM_EXT_0135,Semiconductors,single,2,w/o Association,12,12,0,0,12,1.0,1.0,1.0
SEM_EXT_0136,Semiconductors,multi,2,w/o Association,38,30,5,8,35,0.86,0.79,0.82
SEM_EXT_0137,Semiconductors,single,2,w/o Association,9,6,3,3,9,0.67,0.67,0.67
SEM_EXT_0138,Semiconductors,single,2,w/o Association,7,5,2,2,7,0.71,0.71,0.71
SEM_EXT_0139,Semiconductors,single,2,w/o Association,8,6,4,2,10,0.6,0.75,0.67
SEM_EXT_0140,Semiconductors,single,2,w/o Association,10,10,3,0,13,0.77,1.0,0.87
SEM_EXT_0141,Semiconductors,multi,2,w/o Association,28,23,6,5,29,0.79,0.82,0.8
SEM_EXT_0142,Semiconductors,single,2,w/o Association,6,6,2,0,8,0.75,1.0,0.86
SEM_EXT_0143,Semiconductors,single,2,w/o Association,9,7,1,2,8,0.88,0.78,0.83
SEM_EXT_0144,Semiconductors,single,2,w/o Association,8,6,1,2,7,0.86,0.75,0.8
SEM_EXT_0145,Semiconductors,single,2,w/o Association,10,10,1,0,11,0.91,1.0,0.95
SEM_EXT_0146,Semiconductors,single,2,w/o Association,11,9,1,2,10,0.9,0.82,0.86
SEM_EXT_0147,Semiconductors,single,2,w/o Association,12,10,2,2,12,0.83,0.83,0.83
SEM_EXT_0148,Semiconductors,single,2,w/o Association,10,9,3,1,12,0.75,0.9,0.82
SEM_EXT_0149,Semiconductors,single,2,w/o Association,6,6,1,0,7,0.86,1.0,0.92
SEM_EXT_0150,Semiconductors,single,2,w/o Association,11,7,4,4,11,0.64,0.64,0.64
SEM_EXT_0151,Semiconductors,single,2,w/o Association,7,6,0,1,6,1.0,0.86,0.92
SEM_EXT_0152,Semiconductors,single,2,w/o Association,9,7,2,2,9,0.78,0.78,0.78
SEM_EXT_0153,Semiconductors,single,2,w/o Association,11,11,2,0,13,0.85,1.0,0.92
SEM_EXT_0154,Semiconductors,multi,2,w/o Association,23,17,2,6,19,0.89,0.74,0.81
SEM_EXT_0155,Semiconductors,single,2,w/o Association,11,0,0,11,0,0.0,0.0,0.0
SEM_EXT_0156,Semiconductors,single,2,w/o Association,11,11,2,0,13,0.85,1.0,0.92
SEM_EXT_0157,Semiconductors,single,2,w/o Association,9,7,0,2,7,1.0,0.78,0.88
SEM_EXT_0158,Semiconductors,single,2,w/o Association,6,0,3,6,3,0.0,0.0,0.0
SEM_EXT_0159,Semiconductors,single,2,w/o Association,12,8,3,4,11,0.73,0.67,0.7
SEM_EXT_0160,Semiconductors,single,2,w/o Association,9,7,1,2,8,0.88,0.78,0.83
SEM_EXT_0161,Semiconductors,single,2,w/o Association,12,11,2,1,13,0.85,0.92,0.88
SEM_EXT_0162,Semiconductors,multi,2,w/o Association,32,28,5,4,33,0.85,0.88,0.86
SEM_EXT_0163,Semiconductors,single,2,w/o Association,7,7,2,0,9,0.78,1.0,0.88
SEM_EXT_0164,Semiconductors,single,2,w/o Association,7,6,0,1,6,1.0,0.86,0.92
SEM_EXT_0165,Semiconductors,single,2,w/o Association,6,6,1,0,7,0.86,1.0,0.92
SEM_EXT_0166,Semiconductors,single,2,w/o Association,10,8,3,2,11,0.73,0.8,0.76
SEM_EXT_0167,Semiconductors,single,2,w/o Association,7,7,0,0,7,1.0,1.0,1.0
SEM_EXT_0168,Semiconductors,single,2,w/o Association,12,10,4,2,14,0.71,0.83,0.77
SEM_EXT_0169,Semiconductors,single,2,w/o Association,11,8,3,3,11,0.73,0.73,0.73
SEM_EXT_0170,Semiconductors,single,2,w/o Association,6,6,2,0,8,0.75,1.0,0.86
SEM_EXT_0171,Semiconductors,single,2,w/o Association,8,8,2,0,10,0.8,1.0,0.89
SEM_EXT_0172,Semiconductors,single,2,w/o Association,12,9,2,3,11,0.82,0.75,0.78
SEM_EXT_0173,Semiconductors,single,2,w/o Association,6,6,0,0,6,1.0,1.0,1.0
SEM_EXT_0174,Semiconductors,multi,2,w/o Association,24,19,3,5,22,0.86,0.79,0.82
SEM_EXT_0175,Semiconductors,single,2,w/o Association,8,7,2,1,9,0.78,0.88,0.83
SEM_EXT_0176,Semiconductors,single,2,w/o Association,8,7,4,1,11,0.64,0.88,0.74
SEM_EXT_0177,Semiconductors,multi,2,w/o Association,36,30,9,6,39,0.77,0.83,0.8
SEM_EXT_0178,Semiconductors,single,2,w/o Association,12,10,6,2,16,0.62,0.83,0.71
SEM_EXT_0179,Semiconductors,single,2,w/o Association,9,6,4,3,10,0.6,0.67,0.63
SEM_EXT_0180,Semiconductors,single,2,w/o Association,11,8,1,3,9,0.89,0.73,0.8
SEM_EXT_0181,Semiconductors,single,2,w/o Association,10,8,1,2,9,0.89,0.8,0.84
SEM_EXT_0182,Semiconductors,multi,2,w/o Association,25,18,5,7,23,0.78,0.72,0.75
SEM_EXT_0183,Semiconductors,single,2,w/o Association,15,11,4,4,15,0.73,0.73,0.73
SEM_EXT_0184,Semiconductors,multi,2,w/o Association,20,13,7,7,20,0.65,0.65,0.65
SEM_EXT_0185,Semiconductors,single,2,w/o Association,6,6,0,0,6,1.0,1.0,1.0
SEM_EXT_0186,Semiconductors,single,2,w/o Association,8,8,1,0,9,0.89,1.0,0.94
SEM_EXT_0187,Semiconductors,single,2,w/o Association,7,6,1,1,7,0.86,0.86,0.86
SEM_EXT_0188,Semiconductors,single,2,w/o Association,7,6,2,1,8,0.75,0.86,0.8
SEM_EXT_0189,Semiconductors,single,2,w/o Association,6,5,1,1,6,0.83,0.83,0.83
SEM_EXT_0190,Semiconductors,single,2,w/o Association,7,7,1,0,8,0.88,1.0,0.94
SEM_EXT_0191,Semiconductors,single,2,w/o Association,6,5,2,1,7,0.71,0.83,0.77
SEM_EXT_0192,Semiconductors,single,2,w/o Association,15,12,0,3,12,1.0,0.8,0.89
SEM_EXT_0193,Semiconductors,single,2,w/o Association,10,8,2,2,10,0.8,0.8,0.8
SEM_EXT_0194,Semiconductors,single,2,w/o Association,6,6,3,0,9,0.67,1.0,0.8
SEM_EXT_0195,Semiconductors,single,2,w/o Association,10,7,0,3,7,1.0,0.7,0.82
SEM_EXT_0196,Semiconductors,single,2,w/o Association,11,8,2,3,10,0.8,0.73,0.76
SEM_EXT_0197,Semiconductors,single,2,w/o Association,8,6,1,2,7,0.86,0.75,0.8
SEM_EXT_0198,Semiconductors,single,2,w/o Association,6,6,3,0,9,0.67,1.0,0.8
BAT_EXT_0001,Batteries,single,2,w/o Association,8,6,3,2,9,0.67,0.75,0.71
BAT_EXT_0002,Batteries,single,2,w/o Association,11,11,1,0,12,0.92,1.0,0.96
BAT_EXT_0003,Batteries,single,2,w/o Association,12,10,4,2,14,0.71,0.83,0.77
BAT_EXT_0004,Batteries,single,2,w/o Association,10,8,3,2,11,0.73,0.8,0.76
BAT_EXT_0005,Batteries,single,2,w/o Association,6,6,2,0,8,0.75,1.0,0.86
BAT_EXT_0006,Batteries,single,2,w/o Association,6,5,1,1,6,0.83,0.83,0.83
BAT_EXT_0007,Batteries,single,2,w/o Association,12,12,3,0,15,0.8,1.0,0.89
BAT_EXT_0008,Batteries,single,2,w/o Association,12,11,3,1,14,0.79,0.92,0.85
BAT_EXT_0009,Batteries,single,2,w/o Association,7,6,1,1,7,0.86,0.86,0.86
BAT_EXT_0010,Batteries,single,2,w/o Association,9,7,1,2,8,0.88,0.78,0.83
BAT_EXT_0011,Batteries,single,2,w/o Association,10,8,1,2,9,0.89,0.8,0.84
BAT_EXT_0012,Batteries,single,2,w/o Association,6,6,1,0,7,0.86,1.0,0.92
BAT_EXT_0013,Batteries,single,2,w/o Association,8,6,1,2,7,0.86,0.75,0.8
BAT_EXT_0014,Batteries,single,2,w/o Association,9,7,3,2,10,0.7,0.78,0.74
BAT_EXT_0015,Batteries,single,2,w/o Association,6,6,0,0,6,1.0,1.0,1.0
BAT_EXT_0016,Batteries,multi,2,w/o Association,18,15,4,3,19,0.79,0.83,0.81
BAT_EXT_0017,Batteries,single,2,w/o Association,9,8,2,1,10,0.8,0.89,0.84
BAT_EXT_0018,Batteries,single,2,w/o Association,11,6,4,5,10,0.6,0.55,0.57
BAT_EXT_0019,Batteries,multi,2,w/o Association,22,15,8,7,23,0.65,0.68,0.66
BAT_EXT_0020,Batteries,single,2,w/o Association,12,10,3,2,13,0.77,0.83,0.8
BAT_EXT_0021,Batteries,single,2,w/o Association,8,0,2,8,2,0.0,0.0,0.0
BAT_EXT_0022,Batteries,single,2,w/o Association,12,12,0,0,12,1.0,1.0,1.0
BAT_EXT_0023,Batteries,single,2,w/o Association,9,7,3,2,10,0.7,0.78,0.74
BAT_EXT_0024,Batteries,single,2,w/o Association,6,5,1,1,6,0.83,0.83,0.83
BAT_EXT_0025,Batteries,single,2,w/o Association,13,11,4,2,15,0.73,0.85,0.79
BAT_EXT_0026,Batteries,single,2,w/o Association,11,9,2,2,11,0.82,0.82,0.82
BAT_EXT_0027,Batteries,single,2,w/o Association,11,7,3,4,10,0.7,0.64,0.67
BAT_EXT_0028,Batteries,single,2,w/o Association,11,10,1,1,11,0.91,0.91,0.91
BAT_EXT_0029,Batteries,single,2,w/o Association,9,8,4,1,12,0.67,0.89,0.76
BAT_EXT_0030,Batteries,single,2,w/o Association,7,6,3,1,9,0.67,0.86,0.75
BAT_EXT_0031,Batteries,single,2,w/o Association,7,5,1,2,6,0.83,0.71,0.77
BAT_EXT_0032,Batteries,single,2,w/o Association,12,12,0,0,12,1.0,1.0,1.0
BAT_EXT_0033,Batteries,single,2,w/o Association,6,6,0,0,6,1.0,1.0,1.0
BAT_EXT_0034,Batteries,single,2,w/o Association,6,6,1,0,7,0.86,1.0,0.92
BAT_EXT_0035,Batteries,single,2,w/o Association,12,11,2,1,13,0.85,0.92,0.88
BAT_EXT_0036,Batteries,single,2,w/o Association,7,6,2,1,8,0.75,0.86,0.8
BAT_EXT_0037,Batteries,single,2,w/o Association,8,7,3,1,10,0.7,0.88,0.78
BAT_EXT_0038,Batteries,single,2,w/o Association,12,11,1,1,12,0.92,0.92,0.92
BAT_EXT_0039,Batteries,single,2,w/o Association,12,11,1,1,12,0.92,0.92,0.92
BAT_EXT_0040,Batteries,single,2,w/o Association,6,5,2,1,7,0.71,0.83,0.77
BAT_EXT_0041,Batteries,single,2,w/o Association,6,5,1,1,6,0.83,0.83,0.83
BAT_EXT_0042,Batteries,single,2,w/o Association,11,11,1,0,12,0.92,1.0,0.96
BAT_EXT_0043,Batteries,single,2,w/o Association,10,8,2,2,10,0.8,0.8,0.8
BAT_EXT_0044,Batteries,single,2,w/o Association,10,9,3,1,12,0.75,0.9,0.82
BAT_EXT_0045,Batteries,single,2,w/o Association,8,8,1,0,9,0.89,1.0,0.94
BAT_EXT_0046,Batteries,single,2,w/o Association,11,9,3,2,12,0.75,0.82,0.78
BAT_EXT_0047,Batteries,single,2,w/o Association,10,10,2,0,12,0.83,1.0,0.91
BAT_EXT_0048,Batteries,multi,2,w/o Association,21,17,5,4,22,0.77,0.81,0.79
BAT_EXT_0049,Batteries,single,2,w/o Association,12,10,2,2,12,0.83,0.83,0.83
BAT_EXT_0050,Batteries,multi,2,w/o Association,33,24,2,9,26,0.92,0.73,0.81
BAT_EXT_0051,Batteries,single,2,w/o Association,13,9,4,4,13,0.69,0.69,0.69
BAT_EXT_0052,Batteries,single,2,w/o Association,11,10,0,1,10,1.0,0.91,0.95
BAT_EXT_0053,Batteries,single,2,w/o Association,4,2,2,2,4,0.5,0.5,0.5
BAT_EXT_0054,Batteries,multi,2,w/o Association,25,20,5,5,25,0.8,0.8,0.8
BAT_EXT_0055,Batteries,single,2,w/o Association,8,7,1,1,8,0.88,0.88,0.88
BAT_EXT_0056,Batteries,single,2,w/o Association,9,8,2,1,10,0.8,0.89,0.84
BAT_EXT_0057,Batteries,multi,2,w/o Association,22,20,6,2,26,0.77,0.91,0.83
BAT_EXT_0058,Batteries,single,2,w/o Association,9,8,1,1,9,0.89,0.89,0.89
BAT_EXT_0059,Batteries,single,2,w/o Association,11,10,1,1,11,0.91,0.91,0.91
BAT_EXT_0060,Batteries,single,2,w/o Association,6,5,4,1,9,0.56,0.83,0.67
BAT_EXT_0061,Batteries,single,2,w/o Association,12,11,0,1,11,1.0,0.92,0.96
BAT_EXT_0062,Batteries,multi,2,w/o Association,27,19,10,8,29,0.66,0.7,0.68
BAT_EXT_0063,Batteries,single,2,w/o Association,8,4,2,4,6,0.67,0.5,0.57
BAT_EXT_0064,Batteries,single,2,w/o Association,6,6,2,0,8,0.75,1.0,0.86
BAT_EXT_0065,Batteries,single,2,w/o Association,10,8,4,2,12,0.67,0.8,0.73
BAT_EXT_0066,Batteries,single,2,w/o Association,8,6,1,2,7,0.86,0.75,0.8
BAT_EXT_0067,Batteries,single,2,w/o Association,10,10,2,0,12,0.83,1.0,0.91
BAT_EXT_0068,Batteries,single,2,w/o Association,9,8,1,1,9,0.89,0.89,0.89
BAT_EXT_0069,Batteries,single,2,w/o Association,10,9,0,1,9,1.0,0.9,0.95
BAT_EXT_0070,Batteries,single,2,w/o Association,10,6,1,4,7,0.86,0.6,0.71
BAT_EXT_0071,Batteries,single,2,w/o Association,12,11,2,1,13,0.85,0.92,0.88
BAT_EXT_0072,Batteries,single,2,w/o Association,12,10,3,2,13,0.77,0.83,0.8
BAT_EXT_0073,Batteries,single,2,w/o Association,7,6,2,1,8,0.75,0.86,0.8
BAT_EXT_0074,Batteries,single,2,w/o Association,13,11,5,2,16,0.69,0.85,0.76
BAT_EXT_0075,Batteries,single,2,w/o Association,6,6,1,0,7,0.86,1.0,0.92
BAT_EXT_0076,Batteries,single,2,w/o Association,8,6,2,2,8,0.75,0.75,0.75
BAT_EXT_0077,Batteries,single,2,w/o Association,11,9,4,2,13,0.69,0.82,0.75
BAT_EXT_0078,Batteries,single,2,w/o Association,8,7,3,1,10,0.7,0.88,0.78
BAT_EXT_0079,Batteries,single,2,w/o Association,9,8,3,1,11,0.73,0.89,0.8
BAT_EXT_0080,Batteries,single,2,w/o Association,8,6,3,2,9,0.67,0.75,0.71
BAT_EXT_0081,Batteries,single,2,w/o Association,6,5,1,1,6,0.83,0.83,0.83
BAT_EXT_0082,Batteries,single,2,w/o Association,6,6,0,0,6,1.0,1.0,1.0
BAT_EXT_0083,Batteries,single,2,w/o Association,9,9,0,0,9,1.0,1.0,1.0
BAT_EXT_0084,Batteries,single,2,w/o Association,8,7,2,1,9,0.78,0.88,0.83
BAT_EXT_0085,Batteries,single,2,w/o Association,8,7,2,1,9,0.78,0.88,0.83
BAT_EXT_0086,Batteries,multi,2,w/o Association,18,12,3,6,15,0.8,0.67,0.73
BAT_EXT_0087,Batteries,single,2,w/o Association,9,8,3,1,11,0.73,0.89,0.8
BAT_EXT_0088,Batteries,single,2,w/o Association,7,0,3,7,3,0.0,0.0,0.0
BAT_EXT_0089,Batteries,single,2,w/o Association,10,8,3,2,11,0.73,0.8,0.76
BAT_EXT_0090,Batteries,single,2,w/o Association,12,10,1,2,11,0.91,0.83,0.87
BAT_EXT_0091,Batteries,single,2,w/o Association,7,7,2,0,9,0.78,1.0,0.88
BAT_EXT_0092,Batteries,single,2,w/o Association,9,9,2,0,11,0.82,1.0,0.9
BAT_EXT_0093,Batteries,single,2,w/o Association,12,10,0,2,10,1.0,0.83,0.91
BAT_EXT_0094,Batteries,single,2,w/o Association,7,6,1,1,7,0.86,0.86,0.86
BAT_EXT_0095,Batteries,single,2,w/o Association,9,6,3,3,9,0.67,0.67,0.67
BAT_EXT_0096,Batteries,single,2,w/o Association,8,7,3,1,10,0.7,0.88,0.78
BAT_EXT_0097,Batteries,multi,2,w/o Association,21,19,4,2,23,0.83,0.9,0.86
BAT_EXT_0098,Batteries,single,2,w/o Association,7,6,1,1,7,0.86,0.86,0.86
BAT_EXT_0099,Batteries,single,2,w/o Association,9,8,0,1,8,1.0,0.89,0.94
BAT_EXT_0100,Batteries,multi,2,w/o Association,24,19,6,5,25,0.76,0.79,0.77
BAT_EXT_0101,Batteries,single,2,w/o Association,12,10,2,2,12,0.83,0.83,0.83
BAT_EXT_0102,Batteries,single,2,w/o Association,9,8,3,1,11,0.73,0.89,0.8
BAT_EXT_0103,Batteries,single,2,w/o Association,7,7,0,0,7,1.0,1.0,1.0
BAT_EXT_0104,Batteries,single,2,w/o Association,7,6,1,1,7,0.86,0.86,0.86
BAT_EXT_0105,Batteries,single,2,w/o Association,6,5,1,1,6,0.83,0.83,0.83
BAT_EXT_0106,Batteries,single,2,w/o Association,10,8,2,2,10,0.8,0.8,0.8
BAT_EXT_0107,Batteries,multi,2,w/o Association,20,16,3,4,19,0.84,0.8,0.82
BAT_EXT_0108,Batteries,single,2,w/o Association,12,11,2,1,13,0.85,0.92,0.88
BAT_EXT_0109,Batteries,single,2,w/o Association,8,8,0,0,8,1.0,1.0,1.0
BAT_EXT_0110,Batteries,multi,2,w/o Association,25,19,6,6,25,0.76,0.76,0.76
BAT_EXT_0111,Batteries,single,2,w/o Association,10,7,3,3,10,0.7,0.7,0.7
BAT_EXT_0112,Batteries,single,2,w/o Association,9,7,1,2,8,0.88,0.78,0.83
BAT_EXT_0113,Batteries,single,2,w/o Association,8,6,1,2,7,0.86,0.75,0.8
BAT_EXT_0114,Batteries,single,2,w/o Association,9,8,4,1,12,0.67,0.89,0.76
BAT_EXT_0115,Batteries,single,2,w/o Association,10,9,1,1,10,0.9,0.9,0.9
BAT_EXT_0116,Batteries,single,2,w/o Association,10,8,2,2,10,0.8,0.8,0.8
BAT_EXT_0117,Batteries,multi,2,w/o Association,24,18,3,6,21,0.86,0.75,0.8
BAT_EXT_0118,Batteries,single,2,w/o Association,11,10,0,1,10,1.0,0.91,0.95
BAT_EXT_0119,Batteries,single,2,w/o Association,12,12,1,0,13,0.92,1.0,0.96
BAT_EXT_0120,Batteries,multi,2,w/o Association,22,19,2,3,21,0.9,0.86,0.88
BAT_EXT_0121,Batteries,single,2,w/o Association,8,7,1,1,8,0.88,0.88,0.88
BAT_EXT_0122,Batteries,single,2,w/o Association,9,8,2,1,10,0.8,0.89,0.84
BAT_EXT_0123,Batteries,single,2,w/o Association,6,5,1,1,6,0.83,0.83,0.83
BAT_EXT_0124,Batteries,single,2,w/o Association,11,9,2,2,11,0.82,0.82,0.82
BAT_EXT_0125,Batteries,single,2,w/o Association,9,5,1,4,6,0.83,0.56,0.67
BAT_EXT_0126,Batteries,single,2,w/o Association,6,5,2,1,7,0.71,0.83,0.77
BAT_EXT_0127,Batteries,single,2,w/o Association,9,7,5,2,12,0.58,0.78,0.67
BAT_EXT_0128,Batteries,multi,2,w/o Association,32,24,8,8,32,0.75,0.75,0.75
BAT_EXT_0129,Batteries,multi,2,w/o Association,28,24,5,4,29,0.83,0.86,0.84
BAT_EXT_0130,Batteries,single,2,w/o Association,12,11,2,1,13,0.85,0.92,0.88
BAT_EXT_0131,Batteries,single,2,w/o Association,9,7,2,2,9,0.78,0.78,0.78
BAT_EXT_0132,Batteries,single,2,w/o Association,9,8,2,1,10,0.8,0.89,0.84
BAT_EXT_0133,Batteries,single,2,w/o Association,4,1,2,3,3,0.33,0.25,0.28
BAT_EXT_0134,Batteries,single,2,w/o Association,7,7,2,0,9,0.78,1.0,0.88
BAT_EXT_0135,Batteries,single,2,w/o Association,8,6,3,2,9,0.67,0.75,0.71
BAT_EXT_0136,Batteries,single,2,w/o Association,7,6,2,1,8,0.75,0.86,0.8
BAT_EXT_0137,Batteries,single,2,w/o Association,6,6,2,0,8,0.75,1.0,0.86
BAT_EXT_0138,Batteries,multi,2,w/o Association,24,16,7,8,23,0.7,0.67,0.68
BAT_EXT_0139,Batteries,single,2,w/o Association,9,7,1,2,8,0.88,0.78,0.83
BAT_EXT_0140,Batteries,single,2,w/o Association,9,8,1,1,9,0.89,0.89,0.89
BAT_EXT_0141,Batteries,single,2,w/o Association,14,10,3,4,13,0.77,0.71,0.74
BAT_EXT_0142,Batteries,single,2,w/o Association,8,6,2,2,8,0.75,0.75,0.75
BAT_EXT_0143,Batteries,single,2,w/o Association,9,6,4,3,10,0.6,0.67,0.63
BAT_EXT_0144,Batteries,single,2,w/o Association,6,5,1,1,6,0.83,0.83,0.83
BAT_EXT_0145,Batteries,single,2,w/o Association,6,6,1,0,7,0.86,1.0,0.92
BAT_EXT_0146,Batteries,single,2,w/o Association,11,9,2,2,11,0.82,0.82,0.82
BAT_EXT_0147,Batteries,single,2,w/o Association,6,4,2,2,6,0.67,0.67,0.67
BAT_EXT_0148,Batteries,single,2,w/o Association,7,7,3,0,10,0.7,1.0,0.82
BAT_EXT_0149,Batteries,single,2,w/o Association,7,7,1,0,8,0.88,1.0,0.94
BAT_EXT_0150,Batteries,single,2,w/o Association,12,10,2,2,12,0.83,0.83,0.83
BAT_EXT_0151,Batteries,single,2,w/o Association,4,3,2,1,5,0.6,0.75,0.67
BAT_EXT_0152,Batteries,single,2,w/o Association,12,10,3,2,13,0.77,0.83,0.8
BAT_EXT_0153,Batteries,single,2,w/o Association,6,5,1,1,6,0.83,0.83,0.83
BAT_EXT_0154,Batteries,single,2,w/o Association,6,6,0,0,6,1.0,1.0,1.0
BAT_EXT_0155,Batteries,single,2,w/o Association,11,9,1,2,10,0.9,0.82,0.86
BAT_EXT_0156,Batteries,single,2,w/o Association,6,6,3,0,9,0.67,1.0,0.8
BAT_EXT_0157,Batteries,multi,2,w/o Association,24,18,7,6,25,0.72,0.75,0.73
BAT_EXT_0158,Batteries,single,2,w/o Association,7,7,3,0,10,0.7,1.0,0.82
BAT_EXT_0159,Batteries,single,2,w/o Association,11,7,3,4,10,0.7,0.64,0.67
BAT_EXT_0160,Batteries,single,2,w/o Association,8,7,2,1,9,0.78,0.88,0.83
BAT_EXT_0161,Batteries,single,2,w/o Association,10,8,3,2,11,0.73,0.8,0.76
BAT_EXT_0162,Batteries,single,2,w/o Association,8,7,1,1,8,0.88,0.88,0.88
BAT_EXT_0163,Batteries,multi,2,w/o Association,23,21,3,2,24,0.88,0.91,0.89
BAT_EXT_0164,Batteries,single,2,w/o Association,11,10,3,1,13,0.77,0.91,0.83
BAT_EXT_0165,Batteries,single,2,w/o Association,8,7,0,1,7,1.0,0.88,0.94
BAT_EXT_0166,Batteries,single,2,w/o Association,12,7,1,5,8,0.88,0.58,0.7
BAT_EXT_0167,Batteries,single,2,w/o Association,9,6,3,3,9,0.67,0.67,0.67
BAT_EXT_0168,Batteries,single,2,w/o Association,6,6,1,0,7,0.86,1.0,0.92
BAT_EXT_0169,Batteries,multi,2,w/o Association,25,21,3,4,24,0.88,0.84,0.86
BAT_EXT_0170,Batteries,single,2,w/o Association,6,0,3,6,3,0.0,0.0,0.0
BAT_EXT_0171,Batteries,single,2,w/o Association,10,7,7,3,14,0.5,0.7,0.58
BAT_EXT_0172,Batteries,multi,2,w/o Association,26,23,4,3,27,0.85,0.88,0.86
BAT_EXT_0173,Batteries,single,2,w/o Association,9,9,1,0,10,0.9,1.0,0.95
BAT_EXT_0174,Batteries,single,2,w/o Association,11,10,2,1,12,0.83,0.91,0.87
BAT_EXT_0175,Batteries,single,2,w/o Association,8,8,1,0,9,0.89,1.0,0.94
BAT_EXT_0176,Batteries,single,2,w/o Association,12,7,4,5,11,0.64,0.58,0.61
BAT_EXT_0177,Batteries,single,2,w/o Association,12,10,3,2,13,0.77,0.83,0.8
BAT_EXT_0178,Batteries,single,2,w/o Association,6,6,1,0,7,0.86,1.0,0.92
BAT_EXT_0179,Batteries,single,2,w/o Association,11,7,1,4,8,0.88,0.64,0.74
BAT_EXT_0180,Batteries,single,2,w/o Association,12,7,3,5,10,0.7,0.58,0.63
BAT_EXT_0181,Batteries,multi,2,w/o Association,22,12,7,10,19,0.63,0.55,0.59
BAT_EXT_0182,Batteries,single,2,w/o Association,10,7,5,3,12,0.58,0.7,0.63
BAT_EXT_0183,Batteries,single,2,w/o Association,9,9,0,0,9,1.0,1.0,1.0
BAT_EXT_0184,Batteries,single,2,w/o Association,7,6,4,1,10,0.6,0.86,0.71
BAT_EXT_0185,Batteries,single,2,w/o Association,10,8,3,2,11,0.73,0.8,0.76
BAT_EXT_0186,Batteries,single,2,w/o Association,11,10,2,1,12,0.83,0.91,0.87
BAT_EXT_0187,Batteries,single,2,w/o Association,12,12,2,0,14,0.86,1.0,0.92
BAT_EXT_0188,Batteries,single,2,w/o Association,7,7,0,0,7,1.0,1.0,1.0
BAT_EXT_0189,Batteries,single,2,w/o Association,8,8,1,0,9,0.89,1.0,0.94
BAT_EXT_0190,Batteries,single,2,w/o Association,8,0,1,8,1,0.0,0.0,0.0
BAT_EXT_0191,Batteries,single,2,w/o Association,12,11,3,1,14,0.79,0.92,0.85
BAT_EXT_0192,Batteries,single,2,w/o Association,12,11,3,1,14,0.79,0.92,0.85
BAT_EXT_0193,Batteries,single,2,w/o Association,11,10,1,1,11,0.91,0.91,0.91
BAT_EXT_0194,Batteries,single,2,w/o Association,6,6,2,0,8,0.75,1.0,0.86
BAT_EXT_0195,Batteries,single,2,w/o Association,10,9,0,1,9,1.0,0.9,0.95
BAT_EXT_0196,Batteries,single,2,w/o Association,11,8,3,3,11,0.73,0.73,0.73
BAT_EXT_0197,Batteries,single,2,w/o Association,9,7,1,2,8,0.88,0.78,0.83
BAT_EXT_0198,Batteries,multi,2,w/o Association,19,15,5,4,20,0.75,0.79,0.77
BAT_EXT_0199,Batteries,single,2,w/o Association,11,7,3,4,10,0.7,0.64,0.67
BAT_EXT_0200,Batteries,single,2,w/o Association,7,7,3,0,10,0.7,1.0,0.82
BAT_EXT_0201,Batteries,single,2,w/o Association,10,10,2,0,12,0.83,1.0,0.91
BAT_EXT_0202,Batteries,single,2,w/o Association,8,7,2,1,9,0.78,0.88,0.83
BAT_EXT_0203,Batteries,single,2,w/o Association,12,9,5,3,14,0.64,0.75,0.69
BAT_EXT_0204,Batteries,single,2,w/o Association,12,10,2,2,12,0.83,0.83,0.83
BAT_EXT_0205,Batteries,single,2,w/o Association,6,6,3,0,9,0.67,1.0,0.8
BAT_EXT_0206,Batteries,single,2,w/o Association,8,6,3,2,9,0.67,0.75,0.71
SUP_EXT_0001,Superalloys,single,3,w/o Association,7,5,2,2,7,0.71,0.71,0.71
SUP_EXT_0002,Superalloys,single,3,w/o Association,6,6,1,0,7,0.86,1.0,0.92
SUP_EXT_0003,Superalloys,single,3,w/o Association,7,6,1,1,7,0.86,0.86,0.86
SUP_EXT_0004,Superalloys,single,3,w/o Association,7,5,3,2,8,0.62,0.71,0.66
SUP_EXT_0005,Superalloys,multi,3,w/o Association,35,24,13,11,37,0.65,0.69,0.67
SUP_EXT_0006,Superalloys,single,3,w/o Association,9,7,2,2,9,0.78,0.78,0.78
SUP_EXT_0007,Superalloys,single,3,w/o Association,6,6,3,0,9,0.67,1.0,0.8
SUP_EXT_0008,Superalloys,single,3,w/o Association,7,3,2,4,5,0.6,0.43,0.5
SUP_EXT_0009,Superalloys,single,3,w/o Association,6,6,1,0,7,0.86,1.0,0.92
SUP_EXT_0010,Superalloys,multi,3,w/o Association,29,24,3,5,27,0.89,0.83,0.86
SUP_EXT_0011,Superalloys,single,3,w/o Association,6,0,2,6,2,0.0,0.0,0.0
SUP_EXT_0012,Superalloys,single,3,w/o Association,10,8,3,2,11,0.73,0.8,0.76
SUP_EXT_0013,Superalloys,single,3,w/o Association,6,5,1,1,6,0.83,0.83,0.83
SUP_EXT_0014,Superalloys,single,3,w/o Association,10,9,2,1,11,0.82,0.9,0.86
SUP_EXT_0015,Superalloys,single,3,w/o Association,11,9,3,2,12,0.75,0.82,0.78
SUP_EXT_0016,Superalloys,single,3,w/o Association,8,6,1,2,7,0.86,0.75,0.8
SUP_EXT_0017,Superalloys,multi,3,w/o Association,27,18,4,9,22,0.82,0.67,0.74
SUP_EXT_0018,Superalloys,single,3,w/o Association,9,7,1,2,8,0.88,0.78,0.83
SUP_EXT_0019,Superalloys,single,3,w/o Association,11,11,0,0,11,1.0,1.0,1.0
SUP_EXT_0020,Superalloys,single,3,w/o Association,12,10,2,2,12,0.83,0.83,0.83
SUP_EXT_0021,Superalloys,single,3,w/o Association,9,7,3,2,10,0.7,0.78,0.74
SUP_EXT_0022,Superalloys,single,3,w/o Association,9,6,2,3,8,0.75,0.67,0.71
SUP_EXT_0023,Superalloys,single,3,w/o Association,11,9,1,2,10,0.9,0.82,0.86
SUP_EXT_0024,Superalloys,single,3,w/o Association,7,6,1,1,7,0.86,0.86,0.86
SUP_EXT_0025,Superalloys,single,3,w/o Association,6,4,2,2,6,0.67,0.67,0.67
SUP_EXT_0026,Superalloys,multi,3,w/o Association,28,23,8,5,31,0.74,0.82,0.78
SUP_EXT_0027,Superalloys,single,3,w/o Association,7,7,1,0,8,0.88,1.0,0.94
SUP_EXT_0028,Superalloys,multi,3,w/o Association,38,30,8,8,38,0.79,0.79,0.79
SUP_EXT_0029,Superalloys,multi,3,w/o Association,21,15,4,6,19,0.79,0.71,0.75
SUP_EXT_0030,Superalloys,single,3,w/o Association,8,6,1,2,7,0.86,0.75,0.8
SUP_EXT_0031,Superalloys,single,3,w/o Association,8,7,2,1,9,0.78,0.88,0.83
SUP_EXT_0032,Superalloys,single,3,w/o Association,10,7,4,3,11,0.64,0.7,0.67
SUP_EXT_0033,Superalloys,multi,3,w/o Association,21,13,9,8,22,0.59,0.62,0.6
SUP_EXT_0034,Superalloys,single,3,w/o Association,4,4,0,0,4,1.0,1.0,1.0
SUP_EXT_0035,Superalloys,single,3,w/o Association,10,8,3,2,11,0.73,0.8,0.76
SUP_EXT_0036,Superalloys,single,3,w/o Association,7,7,0,0,7,1.0,1.0,1.0
SUP_EXT_0037,Superalloys,single,3,w/o Association,7,5,2,2,7,0.71,0.71,0.71
SUP_EXT_0038,Superalloys,single,3,w/o Association,9,9,0,0,9,1.0,1.0,1.0
SUP_EXT_0039,Superalloys,single,3,w/o Association,6,6,0,0,6,1.0,1.0,1.0
SUP_EXT_0040,Superalloys,single,3,w/o Association,7,5,1,2,6,0.83,0.71,0.77
SUP_EXT_0041,Superalloys,single,3,w/o Association,12,11,1,1,12,0.92,0.92,0.92
SUP_EXT_0042,Superalloys,single,3,w/o Association,10,9,2,1,11,0.82,0.9,0.86
SUP_EXT_0043,Superalloys,single,3,w/o Association,7,7,2,0,9,0.78,1.0,0.88
SUP_EXT_0044,Superalloys,single,3,w/o Association,6,6,1,0,7,0.86,1.0,0.92
SUP_EXT_0045,Superalloys,single,3,w/o Association,6,6,1,0,7,0.86,1.0,0.92
SUP_EXT_0046,Superalloys,single,3,w/o Association,8,7,3,1,10,0.7,0.88,0.78
SUP_EXT_0047,Superalloys,single,3,w/o Association,9,7,1,2,8,0.88,0.78,0.83
SUP_EXT_0048,Superalloys,single,3,w/o Association,6,6,1,0,7,0.86,1.0,0.92
SUP_EXT_0049,Superalloys,single,3,w/o Association,7,6,1,1,7,0.86,0.86,0.86
SUP_EXT_0050,Superalloys,single,3,w/o Association,6,6,2,0,8,0.75,1.0,0.86
SUP_EXT_0051,Superalloys,single,3,w/o Association,7,7,2,0,9,0.78,1.0,0.88
SUP_EXT_0052,Superalloys,single,3,w/o Association,11,9,4,2,13,0.69,0.82,0.75
SUP_EXT_0053,Superalloys,single,3,w/o Association,6,5,3,1,8,0.62,0.83,0.71
SUP_EXT_0054,Superalloys,single,3,w/o Association,11,10,1,1,11,0.91,0.91,0.91
SUP_EXT_0055,Superalloys,single,3,w/o Association,15,14,2,1,16,0.88,0.93,0.9
SUP_EXT_0056,Superalloys,single,3,w/o Association,11,10,2,1,12,0.83,0.91,0.87
SUP_EXT_0057,Superalloys,single,3,w/o Association,9,6,1,3,7,0.86,0.67,0.75
SUP_EXT_0058,Superalloys,single,3,w/o Association,9,8,2,1,10,0.8,0.89,0.84
SUP_EXT_0059,Superalloys,single,3,w/o Association,8,8,1,0,9,0.89,1.0,0.94
SUP_EXT_0060,Superalloys,single,3,w/o Association,12,10,1,2,11,0.91,0.83,0.87
SUP_EXT_0061,Superalloys,single,3,w/o Association,11,10,0,1,10,1.0,0.91,0.95
SUP_EXT_0062,Superalloys,single,3,w/o Association,9,8,1,1,9,0.89,0.89,0.89
SUP_EXT_0063,Superalloys,single,3,w/o Association,7,5,1,2,6,0.83,0.71,0.77
SUP_EXT_0064,Superalloys,single,3,w/o Association,8,7,1,1,8,0.88,0.88,0.88
SUP_EXT_0065,Superalloys,single,3,w/o Association,7,6,2,1,8,0.75,0.86,0.8
SUP_EXT_0066,Superalloys,single,3,w/o Association,6,6,1,0,7,0.86,1.0,0.92
SUP_EXT_0067,Superalloys,single,3,w/o Association,10,10,1,0,11,0.91,1.0,0.95
SUP_EXT_0068,Superalloys,multi,3,w/o Association,27,20,4,7,24,0.83,0.74,0.78
SUP_EXT_0069,Superalloys,single,3,w/o Association,8,6,3,2,9,0.67,0.75,0.71
SUP_EXT_0070,Superalloys,single,3,w/o Association,12,9,3,3,12,0.75,0.75,0.75
SUP_EXT_0071,Superalloys,single,3,w/o Association,10,10,1,0,11,0.91,1.0,0.95
SUP_EXT_0072,Superalloys,single,3,w/o Association,11,11,0,0,11,1.0,1.0,1.0
SUP_EXT_0073,Superalloys,single,3,w/o Association,8,5,1,3,6,0.83,0.62,0.71
SUP_EXT_0074,Superalloys,single,3,w/o Association,13,11,2,2,13,0.85,0.85,0.85
SUP_EXT_0075,Superalloys,single,3,w/o Association,9,9,0,0,9,1.0,1.0,1.0
SUP_EXT_0076,Superalloys,single,3,w/o Association,9,7,1,2,8,0.88,0.78,0.83
SUP_EXT_0077,Superalloys,single,3,w/o Association,12,10,3,2,13,0.77,0.83,0.8
SUP_EXT_0078,Superalloys,single,3,w/o Association,6,5,5,1,10,0.5,0.83,0.62
SUP_EXT_0079,Superalloys,single,3,w/o Association,9,8,2,1,10,0.8,0.89,0.84
SUP_EXT_0080,Superalloys,single,3,w/o Association,8,0,3,8,3,0.0,0.0,0.0
SUP_EXT_0081,Superalloys,single,3,w/o Association,13,0,1,13,1,0.0,0.0,0.0
SUP_EXT_0082,Superalloys,single,3,w/o Association,9,6,1,3,7,0.86,0.67,0.75
SUP_EXT_0083,Superalloys,single,3,w/o Association,10,10,0,0,10,1.0,1.0,1.0
SUP_EXT_0084,Superalloys,single,3,w/o Association,14,14,0,0,14,1.0,1.0,1.0
SUP_EXT_0085,Superalloys,single,3,w/o Association,10,10,0,0,10,1.0,1.0,1.0
SUP_EXT_0086,Superalloys,multi,3,w/o Association,22,13,5,9,18,0.72,0.59,0.65
SUP_EXT_0087,Superalloys,single,3,w/o Association,8,7,3,1,10,0.7,0.88,0.78
SUP_EXT_0088,Superalloys,single,3,w/o Association,10,9,4,1,13,0.69,0.9,0.78
SUP_EXT_0089,Superalloys,single,3,w/o Association,7,6,2,1,8,0.75,0.86,0.8
SUP_EXT_0090,Superalloys,multi,3,w/o Association,31,25,3,6,28,0.89,0.81,0.85
SUP_EXT_0091,Superalloys,single,3,w/o Association,6,6,1,0,7,0.86,1.0,0.92
SUP_EXT_0092,Superalloys,single,3,w/o Association,11,9,4,2,13,0.69,0.82,0.75
SUP_EXT_0093,Superalloys,multi,3,w/o Association,23,19,7,4,26,0.73,0.83,0.78
SUP_EXT_0094,Superalloys,single,3,w/o Association,12,11,0,1,11,1.0,0.92,0.96
SUP_EXT_0095,Superalloys,single,3,w/o Association,11,10,2,1,12,0.83,0.91,0.87
SUP_EXT_0096,Superalloys,single,3,w/o Association,13,11,4,2,15,0.73,0.85,0.79
SUP_EXT_0097,Superalloys,single,3,w/o Association,6,5,1,1,6,0.83,0.83,0.83
SUP_EXT_0098,Superalloys,multi,3,w/o Association,21,20,4,1,24,0.83,0.95,0.89
SUP_EXT_0099,Superalloys,single,3,w/o Association,11,9,4,2,13,0.69,0.82,0.75
SUP_EXT_0100,Superalloys,single,3,w/o Association,12,9,2,3,11,0.82,0.75,0.78
SUP_EXT_0101,Superalloys,single,3,w/o Association,6,4,2,2,6,0.67,0.67,0.67
SUP_EXT_0102,Superalloys,single,3,w/o Association,14,12,2,2,14,0.86,0.86,0.86
SUP_EXT_0103,Superalloys,single,3,w/o Association,9,8,0,1,8,1.0,0.89,0.94
SUP_EXT_0104,Superalloys,single,3,w/o Association,12,12,1,0,13,0.92,1.0,0.96
SUP_EXT_0105,Superalloys,single,3,w/o Association,12,9,4,3,13,0.69,0.75,0.72
SUP_EXT_0106,Superalloys,single,3,w/o Association,11,9,2,2,11,0.82,0.82,0.82
SUP_EXT_0107,Superalloys,single,3,w/o Association,11,8,6,3,14,0.57,0.73,0.64
SUP_EXT_0108,Superalloys,single,3,w/o Association,12,12,2,0,14,0.86,1.0,0.92
SUP_EXT_0109,Superalloys,single,3,w/o Association,12,10,3,2,13,0.77,0.83,0.8
SUP_EXT_0110,Superalloys,single,3,w/o Association,9,8,1,1,9,0.89,0.89,0.89
SUP_EXT_0111,Superalloys,single,3,w/o Association,6,4,2,2,6,0.67,0.67,0.67
SUP_EXT_0112,Superalloys,single,3,w/o Association,6,6,1,0,7,0.86,1.0,0.92
SUP_EXT_0113,Superalloys,multi,3,w/o Association,23,13,7,10,20,0.65,0.57,0.61
SUP_EXT_0114,Superalloys,single,3,w/o Association,11,9,1,2,10,0.9,0.82,0.86
SUP_EXT_0115,Superalloys,single,3,w/o Association,10,9,3,1,12,0.75,0.9,0.82
SUP_EXT_0116,Superalloys,single,3,w/o Association,7,7,2,0,9,0.78,1.0,0.88
SUP_EXT_0117,Superalloys,single,3,w/o Association,11,8,1,3,9,0.89,0.73,0.8
SUP_EXT_0118,Superalloys,single,3,w/o Association,11,10,1,1,11,0.91,0.91,0.91
SUP_EXT_0119,Superalloys,single,3,w/o Association,6,6,3,0,9,0.67,1.0,0.8
SUP_EXT_0120,Superalloys,single,3,w/o Association,11,10,2,1,12,0.83,0.91,0.87
SUP_EXT_0121,Superalloys,multi,3,w/o Association,25,24,1,1,25,0.96,0.96,0.96
SUP_EXT_0122,Superalloys,single,3,w/o Association,11,8,4,3,12,0.67,0.73,0.7
SUP_EXT_0123,Superalloys,single,3,w/o Association,11,9,2,2,11,0.82,0.82,0.82
SUP_EXT_0124,Superalloys,single,3,w/o Association,12,9,3,3,12,0.75,0.75,0.75
SUP_EXT_0125,Superalloys,multi,3,w/o Association,24,23,3,1,26,0.88,0.96,0.92
SUP_EXT_0126,Superalloys,single,3,w/o Association,10,8,1,2,9,0.89,0.8,0.84
SUP_EXT_0127,Superalloys,single,3,w/o Association,9,9,2,0,11,0.82,1.0,0.9
SUP_EXT_0128,Superalloys,single,3,w/o Association,6,6,1,0,7,0.86,1.0,0.92
SUP_EXT_0129,Superalloys,single,3,w/o Association,11,9,3,2,12,0.75,0.82,0.78
SUP_EXT_0130,Superalloys,multi,3,w/o Association,27,25,0,2,25,1.0,0.93,0.96
SUP_EXT_0131,Superalloys,single,3,w/o Association,8,5,2,3,7,0.71,0.62,0.66
SUP_EXT_0132,Superalloys,single,3,w/o Association,11,10,1,1,11,0.91,0.91,0.91
SUP_EXT_0133,Superalloys,single,3,w/o Association,10,9,1,1,10,0.9,0.9,0.9
SUP_EXT_0134,Superalloys,single,3,w/o Association,11,10,1,1,11,0.91,0.91,0.91
SUP_EXT_0135,Superalloys,single,3,w/o Association,8,6,1,2,7,0.86,0.75,0.8
SUP_EXT_0136,Superalloys,single,3,w/o Association,12,11,0,1,11,1.0,0.92,0.96
SUP_EXT_0137,Superalloys,single,3,w/o Association,8,7,1,1,8,0.88,0.88,0.88
SUP_EXT_0138,Superalloys,multi,3,w/o Association,21,17,6,4,23,0.74,0.81,0.77
SUP_EXT_0139,Superalloys,single,3,w/o Association,9,8,1,1,9,0.89,0.89,0.89
SUP_EXT_0140,Superalloys,single,3,w/o Association,6,6,2,0,8,0.75,1.0,0.86
SUP_EXT_0141,Superalloys,single,3,w/o Association,11,8,4,3,12,0.67,0.73,0.7
SUP_EXT_0142,Superalloys,multi,3,w/o Association,24,18,6,6,24,0.75,0.75,0.75
SUP_EXT_0143,Superalloys,single,3,w/o Association,12,11,4,1,15,0.73,0.92,0.81
SUP_EXT_0144,Superalloys,single,3,w/o Association,12,10,4,2,14,0.71,0.83,0.77
SUP_EXT_0145,Superalloys,single,3,w/o Association,6,5,2,1,7,0.71,0.83,0.77
SUP_EXT_0146,Superalloys,multi,3,w/o Association,21,17,5,4,22,0.77,0.81,0.79
SUP_EXT_0147,Superalloys,single,3,w/o Association,8,7,2,1,9,0.78,0.88,0.83
SUP_EXT_0148,Superalloys,multi,3,w/o Association,18,15,3,3,18,0.83,0.83,0.83
SUP_EXT_0149,Superalloys,single,3,w/o Association,9,6,2,3,8,0.75,0.67,0.71
SUP_EXT_0150,Superalloys,single,3,w/o Association,8,8,0,0,8,1.0,1.0,1.0
SUP_EXT_0151,Superalloys,single,3,w/o Association,11,9,5,2,14,0.64,0.82,0.72
SUP_EXT_0152,Superalloys,single,3,w/o Association,10,8,1,2,9,0.89,0.8,0.84
SUP_EXT_0153,Superalloys,single,3,w/o Association,8,5,3,3,8,0.62,0.62,0.62
SUP_EXT_0154,Superalloys,single,3,w/o Association,8,6,2,2,8,0.75,0.75,0.75
SUP_EXT_0155,Superalloys,single,3,w/o Association,10,9,2,1,11,0.82,0.9,0.86
SUP_EXT_0156,Superalloys,single,3,w/o Association,10,9,2,1,11,0.82,0.9,0.86
SUP_EXT_0157,Superalloys,single,3,w/o Association,8,8,0,0,8,1.0,1.0,1.0
SUP_EXT_0158,Superalloys,single,3,w/o Association,10,9,2,1,11,0.82,0.9,0.86
SUP_EXT_0159,Superalloys,single,3,w/o Association,12,9,3,3,12,0.75,0.75,0.75
SUP_EXT_0160,Superalloys,single,3,w/o Association,11,10,3,1,13,0.77,0.91,0.83
SUP_EXT_0161,Superalloys,single,3,w/o Association,7,4,2,3,6,0.67,0.57,0.62
SUP_EXT_0162,Superalloys,single,3,w/o Association,9,7,1,2,8,0.88,0.78,0.83
SUP_EXT_0163,Superalloys,single,3,w/o Association,12,9,3,3,12,0.75,0.75,0.75
SUP_EXT_0164,Superalloys,single,3,w/o Association,7,6,1,1,7,0.86,0.86,0.86
SUP_EXT_0165,Superalloys,single,3,w/o Association,11,9,2,2,11,0.82,0.82,0.82
SUP_EXT_0166,Superalloys,single,3,w/o Association,10,9,3,1,12,0.75,0.9,0.82
SUP_EXT_0167,Superalloys,single,3,w/o Association,11,10,3,1,13,0.77,0.91,0.83
SUP_EXT_0168,Superalloys,single,3,w/o Association,6,6,5,0,11,0.55,1.0,0.71
SUP_EXT_0169,Superalloys,single,3,w/o Association,6,4,3,2,7,0.57,0.67,0.62
SUP_EXT_0170,Superalloys,single,3,w/o Association,6,6,1,0,7,0.86,1.0,0.92
SUP_EXT_0171,Superalloys,single,3,w/o Association,11,9,4,2,13,0.69,0.82,0.75
SUP_EXT_0172,Superalloys,multi,3,w/o Association,24,16,10,8,26,0.62,0.67,0.64
SUP_EXT_0173,Superalloys,single,3,w/o Association,7,5,3,2,8,0.62,0.71,0.66
SUP_EXT_0174,Superalloys,single,3,w/o Association,12,11,2,1,13,0.85,0.92,0.88
SUP_EXT_0175,Superalloys,single,3,w/o Association,10,8,3,2,11,0.73,0.8,0.76
SUP_EXT_0176,Superalloys,single,3,w/o Association,6,6,1,0,7,0.86,1.0,0.92
SUP_EXT_0177,Superalloys,multi,3,w/o Association,20,15,6,5,21,0.71,0.75,0.73
SUP_EXT_0178,Superalloys,single,3,w/o Association,6,6,2,0,8,0.75,1.0,0.86
SUP_EXT_0179,Superalloys,single,3,w/o Association,11,10,3,1,13,0.77,0.91,0.83
SUP_EXT_0180,Superalloys,multi,3,w/o Association,18,16,0,2,16,1.0,0.89,0.94
SUP_EXT_0181,Superalloys,single,3,w/o Association,10,8,1,2,9,0.89,0.8,0.84
SUP_EXT_0182,Superalloys,single,3,w/o Association,11,11,1,0,12,0.92,1.0,0.96
SUP_EXT_0183,Superalloys,single,3,w/o Association,11,10,2,1,12,0.83,0.91,0.87
SUP_EXT_0184,Superalloys,single,3,w/o Association,6,6,1,0,7,0.86,1.0,0.92
SUP_EXT_0185,Superalloys,single,3,w/o Association,8,6,3,2,9,0.67,0.75,0.71
SUP_EXT_0186,Superalloys,single,3,w/o Association,13,11,3,2,14,0.79,0.85,0.82
SUP_EXT_0187,Superalloys,single,3,w/o Association,11,11,2,0,13,0.85,1.0,0.92
SUP_EXT_0188,Superalloys,single,3,w/o Association,9,8,3,1,11,0.73,0.89,0.8
SUP_EXT_0189,Superalloys,single,3,w/o Association,5,5,1,0,6,0.83,1.0,0.91
SUP_EXT_0190,Superalloys,single,3,w/o Association,15,12,2,3,14,0.86,0.8,0.83
SUP_EXT_0191,Superalloys,single,3,w/o Association,7,4,2,3,6,0.67,0.57,0.62
SUP_EXT_0192,Superalloys,single,3,w/o Association,10,8,5,2,13,0.62,0.8,0.7
SUP_EXT_0193,Superalloys,single,3,w/o Association,9,8,2,1,10,0.8,0.89,0.84
SUP_EXT_0194,Superalloys,single,3,w/o Association,12,10,3,2,13,0.77,0.83,0.8
SUP_EXT_0195,Superalloys,single,3,w/o Association,7,6,1,1,7,0.86,0.86,0.86
SUP_EXT_0196,Superalloys,single,3,w/o Association,11,9,5,2,14,0.64,0.82,0.72
SUP_EXT_0197,Superalloys,single,3,w/o Association,10,10,0,0,10,1.0,1.0,1.0
SUP_EXT_0198,Superalloys,single,3,w/o Association,11,10,3,1,13,0.77,0.91,0.83
SUP_EXT_0199,Superalloys,single,3,w/o Association,8,7,4,1,11,0.64,0.88,0.74
SUP_EXT_0200,Superalloys,single,3,w/o Association,8,6,2,2,8,0.75,0.75,0.75
SUP_EXT_0201,Superalloys,multi,3,w/o Association,21,20,1,1,21,0.95,0.95,0.95
SUP_EXT_0202,Superalloys,single,3,w/o Association,9,8,3,1,11,0.73,0.89,0.8
SUP_EXT_0203,Superalloys,single,3,w/o Association,10,6,2,4,8,0.75,0.6,0.67
SUP_EXT_0204,Superalloys,single,3,w/o Association,10,0,2,10,2,0.0,0.0,0.0
SUP_EXT_0205,Superalloys,single,3,w/o Association,8,5,4,3,9,0.56,0.62,0.59
SUP_EXT_0206,Superalloys,single,3,w/o Association,10,8,3,2,11,0.73,0.8,0.76
SUP_EXT_0207,Superalloys,single,3,w/o Association,9,8,2,1,10,0.8,0.89,0.84
SUP_EXT_0208,Superalloys,single,3,w/o Association,12,10,1,2,11,0.91,0.83,0.87
SUP_EXT_0209,Superalloys,single,3,w/o Association,10,7,3,3,10,0.7,0.7,0.7
SUP_EXT_0210,Superalloys,single,3,w/o Association,10,9,1,1,10,0.9,0.9,0.9
SUP_EXT_0211,Superalloys,single,3,w/o Association,10,7,3,3,10,0.7,0.7,0.7
SUP_EXT_0212,Superalloys,single,3,w/o Association,8,6,1,2,7,0.86,0.75,0.8
SUP_EXT_0213,Superalloys,single,3,w/o Association,12,8,3,4,11,0.73,0.67,0.7
SUP_EXT_0214,Superalloys,single,3,w/o Association,4,2,2,2,4,0.5,0.5,0.5
SEM_EXT_0001,Semiconductors,single,3,w/o Association,6,4,2,2,6,0.67,0.67,0.67
SEM_EXT_0002,Semiconductors,single,3,w/o Association,8,7,2,1,9,0.78,0.88,0.83
SEM_EXT_0003,Semiconductors,single,3,w/o Association,9,8,1,1,9,0.89,0.89,0.89
SEM_EXT_0004,Semiconductors,single,3,w/o Association,11,10,1,1,11,0.91,0.91,0.91
SEM_EXT_0005,Semiconductors,single,3,w/o Association,10,9,0,1,9,1.0,0.9,0.95
SEM_EXT_0006,Semiconductors,single,3,w/o Association,8,0,2,8,2,0.0,0.0,0.0
SEM_EXT_0007,Semiconductors,single,3,w/o Association,12,8,5,4,13,0.62,0.67,0.64
SEM_EXT_0008,Semiconductors,single,3,w/o Association,9,7,3,2,10,0.7,0.78,0.74
SEM_EXT_0009,Semiconductors,single,3,w/o Association,10,7,2,3,9,0.78,0.7,0.74
SEM_EXT_0010,Semiconductors,single,3,w/o Association,9,7,2,2,9,0.78,0.78,0.78
SEM_EXT_0011,Semiconductors,single,3,w/o Association,12,11,2,1,13,0.85,0.92,0.88
SEM_EXT_0012,Semiconductors,single,3,w/o Association,7,7,1,0,8,0.88,1.0,0.94
SEM_EXT_0013,Semiconductors,single,3,w/o Association,12,12,2,0,14,0.86,1.0,0.92
SEM_EXT_0014,Semiconductors,single,3,w/o Association,11,8,2,3,10,0.8,0.73,0.76
SEM_EXT_0015,Semiconductors,single,3,w/o Association,12,9,2,3,11,0.82,0.75,0.78
SEM_EXT_0016,Semiconductors,multi,3,w/o Association,29,28,2,1,30,0.93,0.97,0.95
SEM_EXT_0017,Semiconductors,single,3,w/o Association,8,7,2,1,9,0.78,0.88,0.83
SEM_EXT_0018,Semiconductors,single,3,w/o Association,11,9,3,2,12,0.75,0.82,0.78
SEM_EXT_0019,Semiconductors,single,3,w/o Association,15,13,2,2,15,0.87,0.87,0.87
SEM_EXT_0020,Semiconductors,single,3,w/o Association,12,9,4,3,13,0.69,0.75,0.72
SEM_EXT_0021,Semiconductors,single,3,w/o Association,8,8,1,0,9,0.89,1.0,0.94
SEM_EXT_0022,Semiconductors,multi,3,w/o Association,22,16,6,6,22,0.73,0.73,0.73
SEM_EXT_0023,Semiconductors,single,3,w/o Association,13,13,2,0,15,0.87,1.0,0.93
SEM_EXT_0024,Semiconductors,single,3,w/o Association,6,4,1,2,5,0.8,0.67,0.73
SEM_EXT_0025,Semiconductors,single,3,w/o Association,6,6,3,0,9,0.67,1.0,0.8
SEM_EXT_0026,Semiconductors,single,3,w/o Association,6,5,1,1,6,0.83,0.83,0.83
SEM_EXT_0027,Semiconductors,single,3,w/o Association,10,9,3,1,12,0.75,0.9,0.82
SEM_EXT_0028,Semiconductors,single,3,w/o Association,10,7,2,3,9,0.78,0.7,0.74
SEM_EXT_0029,Semiconductors,single,3,w/o Association,15,11,5,4,16,0.69,0.73,0.71
SEM_EXT_0030,Semiconductors,multi,3,w/o Association,33,29,4,4,33,0.88,0.88,0.88
SEM_EXT_0031,Semiconductors,single,3,w/o Association,7,4,1,3,5,0.8,0.57,0.67
SEM_EXT_0032,Semiconductors,single,3,w/o Association,9,8,0,1,8,1.0,0.89,0.94
SEM_EXT_0033,Semiconductors,single,3,w/o Association,9,7,2,2,9,0.78,0.78,0.78
SEM_EXT_0034,Semiconductors,single,3,w/o Association,12,11,3,1,14,0.79,0.92,0.85
SEM_EXT_0035,Semiconductors,single,3,w/o Association,12,9,4,3,13,0.69,0.75,0.72
SEM_EXT_0036,Semiconductors,single,3,w/o Association,8,7,4,1,11,0.64,0.88,0.74
SEM_EXT_0037,Semiconductors,single,3,w/o Association,12,11,2,1,13,0.85,0.92,0.88
SEM_EXT_0038,Semiconductors,single,3,w/o Association,12,10,1,2,11,0.91,0.83,0.87
SEM_EXT_0039,Semiconductors,single,3,w/o Association,9,7,3,2,10,0.7,0.78,0.74
SEM_EXT_0040,Semiconductors,single,3,w/o Association,12,9,1,3,10,0.9,0.75,0.82
SEM_EXT_0041,Semiconductors,multi,3,w/o Association,36,27,10,9,37,0.73,0.75,0.74
SEM_EXT_0042,Semiconductors,single,3,w/o Association,6,4,2,2,6,0.67,0.67,0.67
SEM_EXT_0043,Semiconductors,single,3,w/o Association,11,9,0,2,9,1.0,0.82,0.9
SEM_EXT_0044,Semiconductors,single,3,w/o Association,12,11,2,1,13,0.85,0.92,0.88
SEM_EXT_0045,Semiconductors,single,3,w/o Association,8,7,2,1,9,0.78,0.88,0.83
SEM_EXT_0046,Semiconductors,multi,3,w/o Association,24,21,0,3,21,1.0,0.88,0.94
SEM_EXT_0047,Semiconductors,single,3,w/o Association,7,6,5,1,11,0.55,0.86,0.67
SEM_EXT_0048,Semiconductors,single,3,w/o Association,8,7,2,1,9,0.78,0.88,0.83
SEM_EXT_0049,Semiconductors,single,3,w/o Association,12,11,2,1,13,0.85,0.92,0.88
SEM_EXT_0050,Semiconductors,single,3,w/o Association,6,4,2,2,6,0.67,0.67,0.67
SEM_EXT_0051,Semiconductors,single,3,w/o Association,11,7,3,4,10,0.7,0.64,0.67
SEM_EXT_0052,Semiconductors,single,3,w/o Association,8,7,1,1,8,0.88,0.88,0.88
SEM_EXT_0053,Semiconductors,single,3,w/o Association,9,8,2,1,10,0.8,0.89,0.84
SEM_EXT_0054,Semiconductors,multi,3,w/o Association,30,24,7,6,31,0.77,0.8,0.78
SEM_EXT_0055,Semiconductors,multi,3,w/o Association,31,28,3,3,31,0.9,0.9,0.9
SEM_EXT_0056,Semiconductors,single,3,w/o Association,6,5,1,1,6,0.83,0.83,0.83
SEM_EXT_0057,Semiconductors,single,3,w/o Association,10,10,3,0,13,0.77,1.0,0.87
SEM_EXT_0058,Semiconductors,single,3,w/o Association,9,9,1,0,10,0.9,1.0,0.95
SEM_EXT_0059,Semiconductors,single,3,w/o Association,9,8,1,1,9,0.89,0.89,0.89
SEM_EXT_0060,Semiconductors,single,3,w/o Association,11,9,3,2,12,0.75,0.82,0.78
SEM_EXT_0061,Semiconductors,single,3,w/o Association,12,9,2,3,11,0.82,0.75,0.78
SEM_EXT_0062,Semiconductors,single,3,w/o Association,6,5,1,1,6,0.83,0.83,0.83
SEM_EXT_0063,Semiconductors,single,3,w/o Association,8,7,0,1,7,1.0,0.88,0.94
SEM_EXT_0064,Semiconductors,single,3,w/o Association,7,7,0,0,7,1.0,1.0,1.0
SEM_EXT_0065,Semiconductors,single,3,w/o Association,9,8,2,1,10,0.8,0.89,0.84
SEM_EXT_0066,Semiconductors,single,3,w/o Association,11,9,2,2,11,0.82,0.82,0.82
SEM_EXT_0067,Semiconductors,single,3,w/o Association,10,9,1,1,10,0.9,0.9,0.9
SEM_EXT_0068,Semiconductors,single,3,w/o Association,7,6,1,1,7,0.86,0.86,0.86
SEM_EXT_0069,Semiconductors,single,3,w/o Association,8,7,3,1,10,0.7,0.88,0.78
SEM_EXT_0070,Semiconductors,single,3,w/o Association,6,5,1,1,6,0.83,0.83,0.83
SEM_EXT_0071,Semiconductors,single,3,w/o Association,12,10,0,2,10,1.0,0.83,0.91
SEM_EXT_0072,Semiconductors,single,3,w/o Association,10,9,4,1,13,0.69,0.9,0.78
SEM_EXT_0073,Semiconductors,single,3,w/o Association,8,8,1,0,9,0.89,1.0,0.94
SEM_EXT_0074,Semiconductors,single,3,w/o Association,6,5,2,1,7,0.71,0.83,0.77
SEM_EXT_0075,Semiconductors,single,3,w/o Association,8,8,1,0,9,0.89,1.0,0.94
SEM_EXT_0076,Semiconductors,single,3,w/o Association,10,9,1,1,10,0.9,0.9,0.9
SEM_EXT_0077,Semiconductors,multi,3,w/o Association,25,18,6,7,24,0.75,0.72,0.73
SEM_EXT_0078,Semiconductors,single,3,w/o Association,9,9,1,0,10,0.9,1.0,0.95
SEM_EXT_0079,Semiconductors,single,3,w/o Association,10,10,0,0,10,1.0,1.0,1.0
SEM_EXT_0080,Semiconductors,single,3,w/o Association,9,8,2,1,10,0.8,0.89,0.84
SEM_EXT_0081,Semiconductors,single,3,w/o Association,14,14,2,0,16,0.88,1.0,0.94
SEM_EXT_0082,Semiconductors,multi,3,w/o Association,28,23,1,5,24,0.96,0.82,0.88
SEM_EXT_0083,Semiconductors,single,3,w/o Association,9,8,4,1,12,0.67,0.89,0.76
SEM_EXT_0084,Semiconductors,single,3,w/o Association,6,5,1,1,6,0.83,0.83,0.83
SEM_EXT_0085,Semiconductors,single,3,w/o Association,11,10,2,1,12,0.83,0.91,0.87
SEM_EXT_0086,Semiconductors,single,3,w/o Association,9,7,3,2,10,0.7,0.78,0.74
SEM_EXT_0087,Semiconductors,single,3,w/o Association,8,5,1,3,6,0.83,0.62,0.71
SEM_EXT_0088,Semiconductors,single,3,w/o Association,11,10,1,1,11,0.91,0.91,0.91
SEM_EXT_0089,Semiconductors,single,3,w/o Association,8,5,2,3,7,0.71,0.62,0.66
SEM_EXT_0090,Semiconductors,single,3,w/o Association,9,7,2,2,9,0.78,0.78,0.78
SEM_EXT_0091,Semiconductors,single,3,w/o Association,12,9,3,3,12,0.75,0.75,0.75
SEM_EXT_0092,Semiconductors,single,3,w/o Association,9,9,1,0,10,0.9,1.0,0.95
SEM_EXT_0093,Semiconductors,single,3,w/o Association,8,8,0,0,8,1.0,1.0,1.0
SEM_EXT_0094,Semiconductors,multi,3,w/o Association,19,14,3,5,17,0.82,0.74,0.78
SEM_EXT_0095,Semiconductors,single,3,w/o Association,10,0,3,10,3,0.0,0.0,0.0
SEM_EXT_0096,Semiconductors,single,3,w/o Association,11,9,1,2,10,0.9,0.82,0.86
SEM_EXT_0097,Semiconductors,multi,3,w/o Association,25,20,4,5,24,0.83,0.8,0.81
SEM_EXT_0098,Semiconductors,single,3,w/o Association,10,7,2,3,9,0.78,0.7,0.74
SEM_EXT_0099,Semiconductors,single,3,w/o Association,11,9,1,2,10,0.9,0.82,0.86
SEM_EXT_0100,Semiconductors,single,3,w/o Association,13,9,4,4,13,0.69,0.69,0.69
SEM_EXT_0101,Semiconductors,single,3,w/o Association,7,4,1,3,5,0.8,0.57,0.67
SEM_EXT_0102,Semiconductors,single,3,w/o Association,8,7,2,1,9,0.78,0.88,0.83
SEM_EXT_0103,Semiconductors,single,3,w/o Association,8,7,3,1,10,0.7,0.88,0.78
SEM_EXT_0104,Semiconductors,single,3,w/o Association,7,7,2,0,9,0.78,1.0,0.88
SEM_EXT_0105,Semiconductors,single,3,w/o Association,10,8,1,2,9,0.89,0.8,0.84
SEM_EXT_0106,Semiconductors,single,3,w/o Association,9,7,2,2,9,0.78,0.78,0.78
SEM_EXT_0107,Semiconductors,single,3,w/o Association,6,5,4,1,9,0.56,0.83,0.67
SEM_EXT_0108,Semiconductors,single,3,w/o Association,12,11,1,1,12,0.92,0.92,0.92
SEM_EXT_0109,Semiconductors,single,3,w/o Association,10,9,0,1,9,1.0,0.9,0.95
SEM_EXT_0110,Semiconductors,single,3,w/o Association,11,11,1,0,12,0.92,1.0,0.96
SEM_EXT_0111,Semiconductors,single,3,w/o Association,12,10,3,2,13,0.77,0.83,0.8
SEM_EXT_0112,Semiconductors,multi,3,w/o Association,28,22,6,6,28,0.79,0.79,0.79
SEM_EXT_0113,Semiconductors,single,3,w/o Association,9,8,1,1,9,0.89,0.89,0.89
SEM_EXT_0114,Semiconductors,single,3,w/o Association,12,11,3,1,14,0.79,0.92,0.85
SEM_EXT_0115,Semiconductors,multi,3,w/o Association,28,24,6,4,30,0.8,0.86,0.83
SEM_EXT_0116,Semiconductors,single,3,w/o Association,11,11,0,0,11,1.0,1.0,1.0
SEM_EXT_0117,Semiconductors,single,3,w/o Association,10,8,1,2,9,0.89,0.8,0.84
SEM_EXT_0118,Semiconductors,single,3,w/o Association,12,9,2,3,11,0.82,0.75,0.78
SEM_EXT_0119,Semiconductors,single,3,w/o Association,12,11,6,1,17,0.65,0.92,0.76
SEM_EXT_0120,Semiconductors,single,3,w/o Association,11,10,2,1,12,0.83,0.91,0.87
SEM_EXT_0121,Semiconductors,single,3,w/o Association,11,8,2,3,10,0.8,0.73,0.76
SEM_EXT_0122,Semiconductors,single,3,w/o Association,10,9,0,1,9,1.0,0.9,0.95
SEM_EXT_0123,Semiconductors,single,3,w/o Association,6,5,1,1,6,0.83,0.83,0.83
SEM_EXT_0124,Semiconductors,multi,3,w/o Association,26,24,1,2,25,0.96,0.92,0.94
SEM_EXT_0125,Semiconductors,single,3,w/o Association,12,9,3,3,12,0.75,0.75,0.75
SEM_EXT_0126,Semiconductors,single,3,w/o Association,8,6,1,2,7,0.86,0.75,0.8
SEM_EXT_0127,Semiconductors,single,3,w/o Association,4,1,2,3,3,0.33,0.25,0.28
SEM_EXT_0128,Semiconductors,single,3,w/o Association,8,5,3,3,8,0.62,0.62,0.62
SEM_EXT_0129,Semiconductors,single,3,w/o Association,13,10,4,3,14,0.71,0.77,0.74
SEM_EXT_0130,Semiconductors,single,3,w/o Association,12,12,1,0,13,0.92,1.0,0.96
SEM_EXT_0131,Semiconductors,single,3,w/o Association,10,7,2,3,9,0.78,0.7,0.74
SEM_EXT_0132,Semiconductors,single,3,w/o Association,14,12,2,2,14,0.86,0.86,0.86
SEM_EXT_0133,Semiconductors,single,3,w/o Association,8,7,3,1,10,0.7,0.88,0.78
SEM_EXT_0134,Semiconductors,single,3,w/o Association,9,8,2,1,10,0.8,0.89,0.84
SEM_EXT_0135,Semiconductors,single,3,w/o Association,12,8,0,4,8,1.0,0.67,0.8
SEM_EXT_0136,Semiconductors,multi,3,w/o Association,38,28,3,10,31,0.9,0.74,0.81
SEM_EXT_0137,Semiconductors,single,3,w/o Association,9,7,1,2,8,0.88,0.78,0.83
SEM_EXT_0138,Semiconductors,single,3,w/o Association,7,0,0,7,0,0.0,0.0,0.0
SEM_EXT_0139,Semiconductors,single,3,w/o Association,8,6,2,2,8,0.75,0.75,0.75
SEM_EXT_0140,Semiconductors,single,3,w/o Association,10,10,2,0,12,0.83,1.0,0.91
SEM_EXT_0141,Semiconductors,multi,3,w/o Association,28,24,6,4,30,0.8,0.86,0.83
SEM_EXT_0142,Semiconductors,single,3,w/o Association,6,6,1,0,7,0.86,1.0,0.92
SEM_EXT_0143,Semiconductors,single,3,w/o Association,9,6,1,3,7,0.86,0.67,0.75
SEM_EXT_0144,Semiconductors,single,3,w/o Association,8,6,1,2,7,0.86,0.75,0.8
SEM_EXT_0145,Semiconductors,single,3,w/o Association,10,10,3,0,13,0.77,1.0,0.87
SEM_EXT_0146,Semiconductors,single,3,w/o Association,11,9,2,2,11,0.82,0.82,0.82
SEM_EXT_0147,Semiconductors,single,3,w/o Association,12,9,1,3,10,0.9,0.75,0.82
SEM_EXT_0148,Semiconductors,single,3,w/o Association,10,6,2,4,8,0.75,0.6,0.67
SEM_EXT_0149,Semiconductors,single,3,w/o Association,6,6,2,0,8,0.75,1.0,0.86
SEM_EXT_0150,Semiconductors,single,3,w/o Association,11,9,4,2,13,0.69,0.82,0.75
SEM_EXT_0151,Semiconductors,single,3,w/o Association,7,6,1,1,7,0.86,0.86,0.86
SEM_EXT_0152,Semiconductors,single,3,w/o Association,9,8,1,1,9,0.89,0.89,0.89
SEM_EXT_0153,Semiconductors,single,3,w/o Association,11,11,1,0,12,0.92,1.0,0.96
SEM_EXT_0154,Semiconductors,multi,3,w/o Association,23,21,3,2,24,0.88,0.91,0.89
SEM_EXT_0155,Semiconductors,single,3,w/o Association,11,8,3,3,11,0.73,0.73,0.73
SEM_EXT_0156,Semiconductors,single,3,w/o Association,11,10,2,1,12,0.83,0.91,0.87
SEM_EXT_0157,Semiconductors,single,3,w/o Association,9,7,1,2,8,0.88,0.78,0.83
SEM_EXT_0158,Semiconductors,single,3,w/o Association,6,6,1,0,7,0.86,1.0,0.92
SEM_EXT_0159,Semiconductors,single,3,w/o Association,12,9,2,3,11,0.82,0.75,0.78
SEM_EXT_0160,Semiconductors,single,3,w/o Association,9,7,2,2,9,0.78,0.78,0.78
SEM_EXT_0161,Semiconductors,single,3,w/o Association,12,10,2,2,12,0.83,0.83,0.83
SEM_EXT_0162,Semiconductors,multi,3,w/o Association,32,27,6,5,33,0.82,0.84,0.83
SEM_EXT_0163,Semiconductors,single,3,w/o Association,7,7,1,0,8,0.88,1.0,0.94
SEM_EXT_0164,Semiconductors,single,3,w/o Association,7,6,1,1,7,0.86,0.86,0.86
SEM_EXT_0165,Semiconductors,single,3,w/o Association,6,5,1,1,6,0.83,0.83,0.83
SEM_EXT_0166,Semiconductors,single,3,w/o Association,10,8,3,2,11,0.73,0.8,0.76
SEM_EXT_0167,Semiconductors,single,3,w/o Association,7,6,3,1,9,0.67,0.86,0.75
SEM_EXT_0168,Semiconductors,single,3,w/o Association,12,9,3,3,12,0.75,0.75,0.75
SEM_EXT_0169,Semiconductors,single,3,w/o Association,11,7,2,4,9,0.78,0.64,0.7
SEM_EXT_0170,Semiconductors,single,3,w/o Association,6,6,1,0,7,0.86,1.0,0.92
SEM_EXT_0171,Semiconductors,single,3,w/o Association,8,6,1,2,7,0.86,0.75,0.8
SEM_EXT_0172,Semiconductors,single,3,w/o Association,12,10,3,2,13,0.77,0.83,0.8
SEM_EXT_0173,Semiconductors,single,3,w/o Association,6,6,1,0,7,0.86,1.0,0.92
SEM_EXT_0174,Semiconductors,multi,3,w/o Association,24,20,2,4,22,0.91,0.83,0.87
SEM_EXT_0175,Semiconductors,single,3,w/o Association,8,6,2,2,8,0.75,0.75,0.75
SEM_EXT_0176,Semiconductors,single,3,w/o Association,8,7,0,1,7,1.0,0.88,0.94
SEM_EXT_0177,Semiconductors,multi,3,w/o Association,36,30,6,6,36,0.83,0.83,0.83
SEM_EXT_0178,Semiconductors,single,3,w/o Association,12,11,3,1,14,0.79,0.92,0.85
SEM_EXT_0179,Semiconductors,single,3,w/o Association,9,6,3,3,9,0.67,0.67,0.67
SEM_EXT_0180,Semiconductors,single,3,w/o Association,11,9,2,2,11,0.82,0.82,0.82
SEM_EXT_0181,Semiconductors,single,3,w/o Association,10,9,2,1,11,0.82,0.9,0.86
SEM_EXT_0182,Semiconductors,multi,3,w/o Association,25,18,5,7,23,0.78,0.72,0.75
SEM_EXT_0183,Semiconductors,single,3,w/o Association,15,10,6,5,16,0.62,0.67,0.64
SEM_EXT_0184,Semiconductors,multi,3,w/o Association,20,0,3,20,3,0.0,0.0,0.0
SEM_EXT_0185,Semiconductors,single,3,w/o Association,6,5,1,1,6,0.83,0.83,0.83
SEM_EXT_0186,Semiconductors,single,3,w/o Association,8,8,1,0,9,0.89,1.0,0.94
SEM_EXT_0187,Semiconductors,single,3,w/o Association,7,6,4,1,10,0.6,0.86,0.71
SEM_EXT_0188,Semiconductors,single,3,w/o Association,7,7,0,0,7,1.0,1.0,1.0
SEM_EXT_0189,Semiconductors,single,3,w/o Association,6,5,2,1,7,0.71,0.83,0.77
SEM_EXT_0190,Semiconductors,single,3,w/o Association,7,7,0,0,7,1.0,1.0,1.0
SEM_EXT_0191,Semiconductors,single,3,w/o Association,6,6,1,0,7,0.86,1.0,0.92
SEM_EXT_0192,Semiconductors,single,3,w/o Association,15,15,2,0,17,0.88,1.0,0.94
SEM_EXT_0193,Semiconductors,single,3,w/o Association,10,9,2,1,11,0.82,0.9,0.86
SEM_EXT_0194,Semiconductors,single,3,w/o Association,6,4,2,2,6,0.67,0.67,0.67
SEM_EXT_0195,Semiconductors,single,3,w/o Association,10,8,0,2,8,1.0,0.8,0.89
SEM_EXT_0196,Semiconductors,single,3,w/o Association,11,7,3,4,10,0.7,0.64,0.67
SEM_EXT_0197,Semiconductors,single,3,w/o Association,8,8,1,0,9,0.89,1.0,0.94
SEM_EXT_0198,Semiconductors,single,3,w/o Association,6,6,2,0,8,0.75,1.0,0.86
BAT_EXT_0001,Batteries,single,3,w/o Association,8,6,1,2,7,0.86,0.75,0.8
BAT_EXT_0002,Batteries,single,3,w/o Association,11,10,6,1,16,0.62,0.91,0.74
BAT_EXT_0003,Batteries,single,3,w/o Association,12,8,3,4,11,0.73,0.67,0.7
BAT_EXT_0004,Batteries,single,3,w/o Association,10,8,3,2,11,0.73,0.8,0.76
BAT_EXT_0005,Batteries,single,3,w/o Association,6,6,1,0,7,0.86,1.0,0.92
BAT_EXT_0006,Batteries,single,3,w/o Association,6,6,1,0,7,0.86,1.0,0.92
BAT_EXT_0007,Batteries,single,3,w/o Association,12,10,2,2,12,0.83,0.83,0.83
BAT_EXT_0008,Batteries,single,3,w/o Association,12,10,3,2,13,0.77,0.83,0.8
BAT_EXT_0009,Batteries,single,3,w/o Association,7,6,1,1,7,0.86,0.86,0.86
BAT_EXT_0010,Batteries,single,3,w/o Association,9,8,0,1,8,1.0,0.89,0.94
BAT_EXT_0011,Batteries,single,3,w/o Association,10,7,4,3,11,0.64,0.7,0.67
BAT_EXT_0012,Batteries,single,3,w/o Association,6,6,2,0,8,0.75,1.0,0.86
BAT_EXT_0013,Batteries,single,3,w/o Association,8,7,0,1,7,1.0,0.88,0.94
BAT_EXT_0014,Batteries,single,3,w/o Association,9,6,3,3,9,0.67,0.67,0.67
BAT_EXT_0015,Batteries,single,3,w/o Association,6,6,1,0,7,0.86,1.0,0.92
BAT_EXT_0016,Batteries,multi,3,w/o Association,18,14,6,4,20,0.7,0.78,0.74
BAT_EXT_0017,Batteries,single,3,w/o Association,9,8,1,1,9,0.89,0.89,0.89
BAT_EXT_0018,Batteries,single,3,w/o Association,11,9,3,2,12,0.75,0.82,0.78
BAT_EXT_0019,Batteries,multi,3,w/o Association,22,16,6,6,22,0.73,0.73,0.73
BAT_EXT_0020,Batteries,single,3,w/o Association,12,9,1,3,10,0.9,0.75,0.82
BAT_EXT_0021,Batteries,single,3,w/o Association,8,5,3,3,8,0.62,0.62,0.62
BAT_EXT_0022,Batteries,single,3,w/o Association,12,12,1,0,13,0.92,1.0,0.96
BAT_EXT_0023,Batteries,single,3,w/o Association,9,8,2,1,10,0.8,0.89,0.84
BAT_EXT_0024,Batteries,single,3,w/o Association,6,5,3,1,8,0.62,0.83,0.71
BAT_EXT_0025,Batteries,single,3,w/o Association,13,12,3,1,15,0.8,0.92,0.86
BAT_EXT_0026,Batteries,single,3,w/o Association,11,11,5,0,16,0.69,1.0,0.82
BAT_EXT_0027,Batteries,single,3,w/o Association,11,10,3,1,13,0.77,0.91,0.83
BAT_EXT_0028,Batteries,single,3,w/o Association,11,10,1,1,11,0.91,0.91,0.91
BAT_EXT_0029,Batteries,single,3,w/o Association,9,7,2,2,9,0.78,0.78,0.78
BAT_EXT_0030,Batteries,single,3,w/o Association,7,5,2,2,7,0.71,0.71,0.71
BAT_EXT_0031,Batteries,single,3,w/o Association,7,5,1,2,6,0.83,0.71,0.77
BAT_EXT_0032,Batteries,single,3,w/o Association,12,12,1,0,13,0.92,1.0,0.96
BAT_EXT_0033,Batteries,single,3,w/o Association,6,6,1,0,7,0.86,1.0,0.92
BAT_EXT_0034,Batteries,single,3,w/o Association,6,6,1,0,7,0.86,1.0,0.92
BAT_EXT_0035,Batteries,single,3,w/o Association,12,10,2,2,12,0.83,0.83,0.83
BAT_EXT_0036,Batteries,single,3,w/o Association,7,5,1,2,6,0.83,0.71,0.77
BAT_EXT_0037,Batteries,single,3,w/o Association,8,5,2,3,7,0.71,0.62,0.66
BAT_EXT_0038,Batteries,single,3,w/o Association,12,10,3,2,13,0.77,0.83,0.8
BAT_EXT_0039,Batteries,single,3,w/o Association,12,11,2,1,13,0.85,0.92,0.88
BAT_EXT_0040,Batteries,single,3,w/o Association,6,6,1,0,7,0.86,1.0,0.92
BAT_EXT_0041,Batteries,single,3,w/o Association,6,4,2,2,6,0.67,0.67,0.67
BAT_EXT_0042,Batteries,single,3,w/o Association,11,11,1,0,12,0.92,1.0,0.96
BAT_EXT_0043,Batteries,single,3,w/o Association,10,10,0,0,10,1.0,1.0,1.0
BAT_EXT_0044,Batteries,single,3,w/o Association,10,10,1,0,11,0.91,1.0,0.95
BAT_EXT_0045,Batteries,single,3,w/o Association,8,8,1,0,9,0.89,1.0,0.94
BAT_EXT_0046,Batteries,single,3,w/o Association,11,9,4,2,13,0.69,0.82,0.75
BAT_EXT_0047,Batteries,single,3,w/o Association,10,10,2,0,12,0.83,1.0,0.91
BAT_EXT_0048,Batteries,multi,3,w/o Association,21,16,5,5,21,0.76,0.76,0.76
BAT_EXT_0049,Batteries,single,3,w/o Association,12,11,2,1,13,0.85,0.92,0.88
BAT_EXT_0050,Batteries,multi,3,w/o Association,33,33,0,0,33,1.0,1.0,1.0
BAT_EXT_0051,Batteries,single,3,w/o Association,13,11,2,2,13,0.85,0.85,0.85
BAT_EXT_0052,Batteries,single,3,w/o Association,11,9,2,2,11,0.82,0.82,0.82
BAT_EXT_0053,Batteries,single,3,w/o Association,4,1,2,3,3,0.33,0.25,0.28
BAT_EXT_0054,Batteries,multi,3,w/o Association,25,18,6,7,24,0.75,0.72,0.73
BAT_EXT_0055,Batteries,single,3,w/o Association,8,6,2,2,8,0.75,0.75,0.75
BAT_EXT_0056,Batteries,single,3,w/o Association,9,9,2,0,11,0.82,1.0,0.9
BAT_EXT_0057,Batteries,multi,3,w/o Association,22,16,4,6,20,0.8,0.73,0.76
BAT_EXT_0058,Batteries,single,3,w/o Association,9,8,3,1,11,0.73,0.89,0.8
BAT_EXT_0059,Batteries,single,3,w/o Association,11,9,2,2,11,0.82,0.82,0.82
BAT_EXT_0060,Batteries,single,3,w/o Association,6,6,1,0,7,0.86,1.0,0.92
BAT_EXT_0061,Batteries,single,3,w/o Association,12,11,1,1,12,0.92,0.92,0.92
BAT_EXT_0062,Batteries,multi,3,w/o Association,27,17,10,10,27,0.63,0.63,0.63
BAT_EXT_0063,Batteries,single,3,w/o Association,8,6,4,2,10,0.6,0.75,0.67
BAT_EXT_0064,Batteries,single,3,w/o Association,6,5,1,1,6,0.83,0.83,0.83
BAT_EXT_0065,Batteries,single,3,w/o Association,10,8,2,2,10,0.8,0.8,0.8
BAT_EXT_0066,Batteries,single,3,w/o Association,8,6,1,2,7,0.86,0.75,0.8
BAT_EXT_0067,Batteries,single,3,w/o Association,10,8,2,2,10,0.8,0.8,0.8
BAT_EXT_0068,Batteries,single,3,w/o Association,9,8,2,1,10,0.8,0.89,0.84
BAT_EXT_0069,Batteries,single,3,w/o Association,10,10,1,0,11,0.91,1.0,0.95
BAT_EXT_0070,Batteries,single,3,w/o Association,10,10,2,0,12,0.83,1.0,0.91
BAT_EXT_0071,Batteries,single,3,w/o Association,12,11,1,1,12,0.92,0.92,0.92
BAT_EXT_0072,Batteries,single,3,w/o Association,12,8,3,4,11,0.73,0.67,0.7
BAT_EXT_0073,Batteries,single,3,w/o Association,7,6,1,1,7,0.86,0.86,0.86
BAT_EXT_0074,Batteries,single,3,w/o Association,13,10,3,3,13,0.77,0.77,0.77
BAT_EXT_0075,Batteries,single,3,w/o Association,6,4,4,2,8,0.5,0.67,0.57
BAT_EXT_0076,Batteries,single,3,w/o Association,8,6,3,2,9,0.67,0.75,0.71
BAT_EXT_0077,Batteries,single,3,w/o Association,11,7,1,4,8,0.88,0.64,0.74
BAT_EXT_0078,Batteries,single,3,w/o Association,8,6,3,2,9,0.67,0.75,0.71
BAT_EXT_0079,Batteries,single,3,w/o Association,9,7,1,2,8,0.88,0.78,0.83
BAT_EXT_0080,Batteries,single,3,w/o Association,8,8,1,0,9,0.89,1.0,0.94
BAT_EXT_0081,Batteries,single,3,w/o Association,6,6,1,0,7,0.86,1.0,0.92
BAT_EXT_0082,Batteries,single,3,w/o Association,6,5,1,1,6,0.83,0.83,0.83
BAT_EXT_0083,Batteries,single,3,w/o Association,9,5,1,4,6,0.83,0.56,0.67
BAT_EXT_0084,Batteries,single,3,w/o Association,8,6,1,2,7,0.86,0.75,0.8
BAT_EXT_0085,Batteries,single,3,w/o Association,8,5,1,3,6,0.83,0.62,0.71
BAT_EXT_0086,Batteries,multi,3,w/o Association,18,14,4,4,18,0.78,0.78,0.78
BAT_EXT_0087,Batteries,single,3,w/o Association,9,9,0,0,9,1.0,1.0,1.0
BAT_EXT_0088,Batteries,single,3,w/o Association,7,0,0,7,0,0.0,0.0,0.0
BAT_EXT_0089,Batteries,single,3,w/o Association,10,9,3,1,12,0.75,0.9,0.82
BAT_EXT_0090,Batteries,single,3,w/o Association,12,11,2,1,13,0.85,0.92,0.88
BAT_EXT_0091,Batteries,single,3,w/o Association,7,5,2,2,7,0.71,0.71,0.71
BAT_EXT_0092,Batteries,single,3,w/o Association,9,8,3,1,11,0.73,0.89,0.8
BAT_EXT_0093,Batteries,single,3,w/o Association,12,12,1,0,13,0.92,1.0,0.96
BAT_EXT_0094,Batteries,single,3,w/o Association,7,5,1,2,6,0.83,0.71,0.77
BAT_EXT_0095,Batteries,single,3,w/o Association,9,6,3,3,9,0.67,0.67,0.67
BAT_EXT_0096,Batteries,single,3,w/o Association,8,8,3,0,11,0.73,1.0,0.84
BAT_EXT_0097,Batteries,multi,3,w/o Association,21,15,5,6,20,0.75,0.71,0.73
BAT_EXT_0098,Batteries,single,3,w/o Association,7,6,5,1,11,0.55,0.86,0.67
BAT_EXT_0099,Batteries,single,3,w/o Association,9,7,0,2,7,1.0,0.78,0.88
BAT_EXT_0100,Batteries,multi,3,w/o Association,24,19,3,5,22,0.86,0.79,0.82
BAT_EXT_0101,Batteries,single,3,w/o Association,12,11,1,1,12,0.92,0.92,0.92
BAT_EXT_0102,Batteries,single,3,w/o Association,9,7,2,2,9,0.78,0.78,0.78
BAT_EXT_0103,Batteries,single,3,w/o Association,7,6,3,1,9,0.67,0.86,0.75
BAT_EXT_0104,Batteries,single,3,w/o Association,7,6,1,1,7,0.86,0.86,0.86
BAT_EXT_0105,Batteries,single,3,w/o Association,6,6,1,0,7,0.86,1.0,0.92
BAT_EXT_0106,Batteries,single,3,w/o Association,10,8,1,2,9,0.89,0.8,0.84
BAT_EXT_0107,Batteries,multi,3,w/o Association,20,17,4,3,21,0.81,0.85,0.83
BAT_EXT_0108,Batteries,single,3,w/o Association,12,10,5,2,15,0.67,0.83,0.74
BAT_EXT_0109,Batteries,single,3,w/o Association,8,5,2,3,7,0.71,0.62,0.66
BAT_EXT_0110,Batteries,multi,3,w/o Association,25,18,4,7,22,0.82,0.72,0.77
BAT_EXT_0111,Batteries,single,3,w/o Association,10,8,2,2,10,0.8,0.8,0.8
BAT_EXT_0112,Batteries,single,3,w/o Association,9,7,1,2,8,0.88,0.78,0.83
BAT_EXT_0113,Batteries,single,3,w/o Association,8,8,0,0,8,1.0,1.0,1.0
BAT_EXT_0114,Batteries,single,3,w/o Association,9,9,2,0,11,0.82,1.0,0.9
BAT_EXT_0115,Batteries,single,3,w/o Association,10,8,1,2,9,0.89,0.8,0.84
BAT_EXT_0116,Batteries,single,3,w/o Association,10,9,5,1,14,0.64,0.9,0.75
BAT_EXT_0117,Batteries,multi,3,w/o Association,24,15,5,9,20,0.75,0.62,0.68
BAT_EXT_0118,Batteries,single,3,w/o Association,11,10,1,1,11,0.91,0.91,0.91
BAT_EXT_0119,Batteries,single,3,w/o Association,12,10,0,2,10,1.0,0.83,0.91
BAT_EXT_0120,Batteries,multi,3,w/o Association,22,17,1,5,18,0.94,0.77,0.85
BAT_EXT_0121,Batteries,single,3,w/o Association,8,8,1,0,9,0.89,1.0,0.94
BAT_EXT_0122,Batteries,single,3,w/o Association,9,9,1,0,10,0.9,1.0,0.95
BAT_EXT_0123,Batteries,single,3,w/o Association,6,6,1,0,7,0.86,1.0,0.92
BAT_EXT_0124,Batteries,single,3,w/o Association,11,8,3,3,11,0.73,0.73,0.73
BAT_EXT_0125,Batteries,single,3,w/o Association,9,8,1,1,9,0.89,0.89,0.89
BAT_EXT_0126,Batteries,single,3,w/o Association,6,5,1,1,6,0.83,0.83,0.83
BAT_EXT_0127,Batteries,single,3,w/o Association,9,0,0,9,0,0.0,0.0,0.0
BAT_EXT_0128,Batteries,multi,3,w/o Association,32,22,8,10,30,0.73,0.69,0.71
BAT_EXT_0129,Batteries,multi,3,w/o Association,28,22,6,6,28,0.79,0.79,0.79
BAT_EXT_0130,Batteries,single,3,w/o Association,12,10,2,2,12,0.83,0.83,0.83
BAT_EXT_0131,Batteries,single,3,w/o Association,9,8,2,1,10,0.8,0.89,0.84
BAT_EXT_0132,Batteries,single,3,w/o Association,9,8,4,1,12,0.67,0.89,0.76
BAT_EXT_0133,Batteries,single,3,w/o Association,4,1,2,3,3,0.33,0.25,0.28
BAT_EXT_0134,Batteries,single,3,w/o Association,7,6,1,1,7,0.86,0.86,0.86
BAT_EXT_0135,Batteries,single,3,w/o Association,8,7,5,1,12,0.58,0.88,0.7
BAT_EXT_0136,Batteries,single,3,w/o Association,7,6,1,1,7,0.86,0.86,0.86
BAT_EXT_0137,Batteries,single,3,w/o Association,6,6,1,0,7,0.86,1.0,0.92
BAT_EXT_0138,Batteries,multi,3,w/o Association,24,19,6,5,25,0.76,0.79,0.77
BAT_EXT_0139,Batteries,single,3,w/o Association,9,6,3,3,9,0.67,0.67,0.67
BAT_EXT_0140,Batteries,single,3,w/o Association,9,7,4,2,11,0.64,0.78,0.7
BAT_EXT_0141,Batteries,single,3,w/o Association,14,10,3,4,13,0.77,0.71,0.74
BAT_EXT_0142,Batteries,single,3,w/o Association,8,7,1,1,8,0.88,0.88,0.88
BAT_EXT_0143,Batteries,single,3,w/o Association,9,7,4,2,11,0.64,0.78,0.7
BAT_EXT_0144,Batteries,single,3,w/o Association,6,6,1,0,7,0.86,1.0,0.92
BAT_EXT_0145,Batteries,single,3,w/o Association,6,6,2,0,8,0.75,1.0,0.86
BAT_EXT_0146,Batteries,single,3,w/o Association,11,6,3,5,9,0.67,0.55,0.6
BAT_EXT_0147,Batteries,single,3,w/o Association,6,6,1,0,7,0.86,1.0,0.92
BAT_EXT_0148,Batteries,single,3,w/o Association,7,5,2,2,7,0.71,0.71,0.71
BAT_EXT_0149,Batteries,single,3,w/o Association,7,7,0,0,7,1.0,1.0,1.0
BAT_EXT_0150,Batteries,single,3,w/o Association,12,10,2,2,12,0.83,0.83,0.83
BAT_EXT_0151,Batteries,single,3,w/o Association,4,1,2,3,3,0.33,0.25,0.28
BAT_EXT_0152,Batteries,single,3,w/o Association,12,10,4,2,14,0.71,0.83,0.77
BAT_EXT_0153,Batteries,single,3,w/o Association,6,6,1,0,7,0.86,1.0,0.92
BAT_EXT_0154,Batteries,single,3,w/o Association,6,6,1,0,7,0.86,1.0,0.92
BAT_EXT_0155,Batteries,single,3,w/o Association,11,11,4,0,15,0.73,1.0,0.84
BAT_EXT_0156,Batteries,single,3,w/o Association,6,5,4,1,9,0.56,0.83,0.67
BAT_EXT_0157,Batteries,multi,3,w/o Association,24,18,7,6,25,0.72,0.75,0.73
BAT_EXT_0158,Batteries,single,3,w/o Association,7,7,0,0,7,1.0,1.0,1.0
BAT_EXT_0159,Batteries,single,3,w/o Association,11,10,2,1,12,0.83,0.91,0.87
BAT_EXT_0160,Batteries,single,3,w/o Association,8,7,5,1,12,0.58,0.88,0.7
BAT_EXT_0161,Batteries,single,3,w/o Association,10,8,4,2,12,0.67,0.8,0.73
BAT_EXT_0162,Batteries,single,3,w/o Association,8,7,3,1,10,0.7,0.88,0.78
BAT_EXT_0163,Batteries,multi,3,w/o Association,23,17,6,6,23,0.74,0.74,0.74
BAT_EXT_0164,Batteries,single,3,w/o Association,11,6,2,5,8,0.75,0.55,0.63
BAT_EXT_0165,Batteries,single,3,w/o Association,8,8,0,0,8,1.0,1.0,1.0
BAT_EXT_0166,Batteries,single,3,w/o Association,12,8,1,4,9,0.89,0.67,0.76
BAT_EXT_0167,Batteries,single,3,w/o Association,9,8,5,1,13,0.62,0.89,0.73
BAT_EXT_0168,Batteries,single,3,w/o Association,6,5,1,1,6,0.83,0.83,0.83
BAT_EXT_0169,Batteries,multi,3,w/o Association,25,21,5,4,26,0.81,0.84,0.82
BAT_EXT_0170,Batteries,single,3,w/o Association,6,0,0,6,0,0.0,0.0,0.0
BAT_EXT_0171,Batteries,single,3,w/o Association,10,8,2,2,10,0.8,0.8,0.8
BAT_EXT_0172,Batteries,multi,3,w/o Association,26,19,8,7,27,0.7,0.73,0.71
BAT_EXT_0173,Batteries,single,3,w/o Association,9,8,0,1,8,1.0,0.89,0.94
BAT_EXT_0174,Batteries,single,3,w/o Association,11,10,3,1,13,0.77,0.91,0.83
BAT_EXT_0175,Batteries,single,3,w/o Association,8,7,0,1,7,1.0,0.88,0.94
BAT_EXT_0176,Batteries,single,3,w/o Association,12,9,3,3,12,0.75,0.75,0.75
BAT_EXT_0177,Batteries,single,3,w/o Association,12,10,7,2,17,0.59,0.83,0.69
BAT_EXT_0178,Batteries,single,3,w/o Association,6,6,1,0,7,0.86,1.0,0.92
BAT_EXT_0179,Batteries,single,3,w/o Association,11,10,1,1,11,0.91,0.91,0.91
BAT_EXT_0180,Batteries,single,3,w/o Association,12,10,4,2,14,0.71,0.83,0.77
BAT_EXT_0181,Batteries,multi,3,w/o Association,22,18,5,4,23,0.78,0.82,0.8
BAT_EXT_0182,Batteries,single,3,w/o Association,10,7,3,3,10,0.7,0.7,0.7
BAT_EXT_0183,Batteries,single,3,w/o Association,9,9,1,0,10,0.9,1.0,0.95
BAT_EXT_0184,Batteries,single,3,w/o Association,7,6,2,1,8,0.75,0.86,0.8
BAT_EXT_0185,Batteries,single,3,w/o Association,10,9,4,1,13,0.69,0.9,0.78
BAT_EXT_0186,Batteries,single,3,w/o Association,11,10,5,1,15,0.67,0.91,0.77
BAT_EXT_0187,Batteries,single,3,w/o Association,12,8,3,4,11,0.73,0.67,0.7
BAT_EXT_0188,Batteries,single,3,w/o Association,7,6,1,1,7,0.86,0.86,0.86
BAT_EXT_0189,Batteries,single,3,w/o Association,8,8,0,0,8,1.0,1.0,1.0
BAT_EXT_0190,Batteries,single,3,w/o Association,8,7,3,1,10,0.7,0.88,0.78
BAT_EXT_0191,Batteries,single,3,w/o Association,12,9,2,3,11,0.82,0.75,0.78
BAT_EXT_0192,Batteries,single,3,w/o Association,12,11,1,1,12,0.92,0.92,0.92
BAT_EXT_0193,Batteries,single,3,w/o Association,11,8,2,3,10,0.8,0.73,0.76
BAT_EXT_0194,Batteries,single,3,w/o Association,6,5,1,1,6,0.83,0.83,0.83
BAT_EXT_0195,Batteries,single,3,w/o Association,10,10,0,0,10,1.0,1.0,1.0
BAT_EXT_0196,Batteries,single,3,w/o Association,11,9,3,2,12,0.75,0.82,0.78
BAT_EXT_0197,Batteries,single,3,w/o Association,9,9,0,0,9,1.0,1.0,1.0
BAT_EXT_0198,Batteries,multi,3,w/o Association,19,14,6,5,20,0.7,0.74,0.72
BAT_EXT_0199,Batteries,single,3,w/o Association,11,10,4,1,14,0.71,0.91,0.8
BAT_EXT_0200,Batteries,single,3,w/o Association,7,0,2,7,2,0.0,0.0,0.0
BAT_EXT_0201,Batteries,single,3,w/o Association,10,8,2,2,10,0.8,0.8,0.8
BAT_EXT_0202,Batteries,single,3,w/o Association,8,7,1,1,8,0.88,0.88,0.88
BAT_EXT_0203,Batteries,single,3,w/o Association,12,11,4,1,15,0.73,0.92,0.81
BAT_EXT_0204,Batteries,single,3,w/o Association,12,9,2,3,11,0.82,0.75,0.78
BAT_EXT_0205,Batteries,single,3,w/o Association,6,6,3,0,9,0.67,1.0,0.8
BAT_EXT_0206,Batteries,single,3,w/o Association,8,7,3,1,10,0.7,0.88,0.78
