query_id,domain,question_type,run,method,faithfulness,answer_relevancy,context_recall,context_precision
SUP_QA_0001,Superalloys,single,1,w/o Structure,0.8576,0.7907,0.8274,0.854
SUP_QA_0002,Superalloys,multi,1,w/o Structure,0.9471,0.9507,0.992,0.9207
SUP_QA_0003,Superalloys,multi,1,w/o Structure,0.7326,0.7177,0.5929,0.6596
SUP_QA_0004,Superalloys,multi,1,w/o Structure,0.6488,0.7293,0.887,0.8296
SUP_QA_0005,Superalloys,single,1,w/o Structure,0.6695,0.6847,0.7599,0.6814
SUP_QA_0006,Superalloys,single,1,w/o Structure,0.955,0.995,0.8471,0.9681
SUP_QA_0007,Superalloys,single,1,w/o Structure,0.995,0.9752,0.9704,0.9511
SUP_QA_0008,Superalloys,single,1,w/o Structure,0.9819,0.9309,0.995,0.9193
SUP_QA_0009,Superalloys,single,1,w/o Structure,0.9845,0.9794,0.995,0.9322
SUP_QA_0010,Superalloys,single,1,w/o Structure,0.8871,0.8491,0.9697,0.8828
SUP_QA_0011,Superalloys,single,1,w/o Structure,0.9754,0.7852,0.995,0.8527
SUP_QA_0012,Superalloys,single,1,w/o Structure,0.813,0.8338,0.8594,0.8192
SUP_QA_0013,Superalloys,multi,1,w/o Structure,0.8215,0.7286,0.8167,0.8529
SUP_QA_0014,Superalloys,single,1,w/o Structure,0.926,0.7564,0.9542,0.836
SUP_QA_0015,Superalloys,single,1,w/o Structure,0.9554,0.8868,0.9678,0.9196
SUP_QA_0016,Superalloys,single,1,w/o Structure,0.9115,0.793,0.7731,0.7606
SUP_QA_0017,Superalloys,single,1,w/o Structure,0.9935,0.9792,0.9245,0.9087
SUP_QA_0018,Superalloys,single,1,w/o Structure,0.9744,0.995,0.9705,0.9369
SUP_QA_0019,Superalloys,single,1,w/o Structure,0.995,0.9701,0.995,0.9281
SUP_QA_0020,Superalloys,single,1,w/o Structure,0.9628,0.9515,0.995,0.9101
SUP_QA_0021,Superalloys,multi,1,w/o Structure,0.995,0.9653,0.9896,0.928
SUP_QA_0022,Superalloys,single,1,w/o Structure,0.8935,0.7883,0.8368,0.8672
SUP_QA_0023,Superalloys,single,1,w/o Structure,0.9266,0.995,0.995,0.9317
SUP_QA_0024,Superalloys,single,1,w/o Structure,0.8929,0.8694,0.9346,0.8272
SUP_QA_0025,Superalloys,single,1,w/o Structure,0.9383,0.995,0.995,0.9681
SUP_QA_0026,Superalloys,single,1,w/o Structure,0.9103,0.995,0.9818,0.9275
SUP_QA_0027,Superalloys,multi,1,w/o Structure,0.6785,0.6603,0.8313,0.6171
SUP_QA_0028,Superalloys,multi,1,w/o Structure,0.9607,0.9326,0.9735,0.9626
SUP_QA_0029,Superalloys,single,1,w/o Structure,0.8711,0.7993,0.995,0.8934
SUP_QA_0030,Superalloys,multi,1,w/o Structure,0.8029,0.6817,0.8061,0.739
SUP_QA_0031,Superalloys,single,1,w/o Structure,0.995,0.995,0.995,0.9262
SUP_QA_0032,Superalloys,single,1,w/o Structure,0.8325,0.7582,0.9685,0.9681
SUP_QA_0033,Superalloys,single,1,w/o Structure,0.8097,0.7705,0.9137,0.7926
SUP_QA_0034,Superalloys,multi,1,w/o Structure,0.9669,0.9856,0.8128,0.9331
SUP_QA_0035,Superalloys,single,1,w/o Structure,0.9697,0.9731,0.995,0.9312
SUP_QA_0036,Superalloys,single,1,w/o Structure,0.9797,0.995,0.995,0.9431
SUP_QA_0037,Superalloys,single,1,w/o Structure,0.9371,0.995,0.995,0.9586
SUP_QA_0038,Superalloys,single,1,w/o Structure,0.9922,0.995,0.9884,0.9681
SUP_QA_0039,Superalloys,single,1,w/o Structure,0.9866,0.7806,0.8858,0.8769
SUP_QA_0040,Superalloys,multi,1,w/o Structure,0.9761,0.995,0.9458,0.8777
SUP_QA_0041,Superalloys,single,1,w/o Structure,0.9369,0.9665,0.9346,0.9681
SUP_QA_0042,Superalloys,single,1,w/o Structure,0.9307,0.9214,0.995,0.9111
SUP_QA_0043,Superalloys,single,1,w/o Structure,0.7953,0.728,0.788,0.8468
SUP_QA_0044,Superalloys,multi,1,w/o Structure,0.9746,0.804,0.9428,0.9402
SUP_QA_0045,Superalloys,single,1,w/o Structure,0.7617,0.7168,0.7823,0.7753
SUP_QA_0046,Superalloys,single,1,w/o Structure,0.6511,0.5572,0.6792,0.6253
SUP_QA_0047,Superalloys,multi,1,w/o Structure,0.9441,0.7967,0.9738,0.8959
SUP_QA_0048,Superalloys,single,1,w/o Structure,0.995,0.9297,0.995,0.9425
SUP_QA_0049,Superalloys,multi,1,w/o Structure,0.8398,0.7918,0.9534,0.8293
SUP_QA_0050,Superalloys,single,1,w/o Structure,0.9894,0.9284,0.995,0.898
SUP_QA_0051,Superalloys,single,1,w/o Structure,0.9512,0.9542,0.995,0.8809
SUP_QA_0052,Superalloys,single,1,w/o Structure,0.81,0.7745,0.748,0.881
SUP_QA_0053,Superalloys,single,1,w/o Structure,0.9155,0.7793,0.9732,0.9556
SUP_QA_0054,Superalloys,multi,1,w/o Structure,0.9478,0.8904,0.9799,0.9108
SUP_QA_0055,Superalloys,single,1,w/o Structure,0.8215,0.7542,0.876,0.8719
SUP_QA_0056,Superalloys,single,1,w/o Structure,0.8638,0.8773,0.9356,0.811
SUP_QA_0057,Superalloys,single,1,w/o Structure,0.8278,0.8786,0.8811,0.8173
SUP_QA_0058,Superalloys,single,1,w/o Structure,0.8341,0.8732,0.89,0.9071
SUP_QA_0059,Superalloys,single,1,w/o Structure,0.995,0.9673,0.983,0.9383
SUP_QA_0060,Superalloys,single,1,w/o Structure,0.7801,0.6687,0.8321,0.7045
SUP_QA_0061,Superalloys,single,1,w/o Structure,0.7942,0.8371,0.9222,0.8421
SUP_QA_0062,Superalloys,multi,1,w/o Structure,0.5976,0.4615,0.7278,0.5787
SUP_QA_0063,Superalloys,single,1,w/o Structure,0.9871,0.995,0.995,0.9681
SUP_QA_0064,Superalloys,multi,1,w/o Structure,0.9725,0.9597,0.995,0.9247
SUP_QA_0065,Superalloys,single,1,w/o Structure,0.9923,0.995,0.995,0.9503
SUP_QA_0066,Superalloys,single,1,w/o Structure,0.993,0.995,0.995,0.9169
SUP_QA_0067,Superalloys,multi,1,w/o Structure,0.9029,0.719,0.8743,0.8494
SUP_QA_0068,Superalloys,single,1,w/o Structure,0.995,0.9871,0.9425,0.9209
SUP_QA_0069,Superalloys,single,1,w/o Structure,0.8733,0.814,0.9255,0.8653
SUP_QA_0070,Superalloys,multi,1,w/o Structure,0.7557,0.7166,0.8193,0.7392
SUP_QA_0071,Superalloys,single,1,w/o Structure,0.887,0.7476,0.7825,0.8779
SUP_QA_0072,Superalloys,multi,1,w/o Structure,0.9603,0.8191,0.995,0.8854
SUP_QA_0073,Superalloys,multi,1,w/o Structure,0.6698,0.5807,0.6201,0.566
SUP_QA_0074,Superalloys,multi,1,w/o Structure,0.9627,0.8876,0.951,0.8766
SUP_QA_0075,Superalloys,single,1,w/o Structure,0.9539,0.8916,0.9888,0.9319
SUP_QA_0076,Superalloys,single,1,w/o Structure,0.9094,0.8193,0.9165,0.8476
SUP_QA_0077,Superalloys,multi,1,w/o Structure,0.9944,0.991,0.9817,0.8939
SUP_QA_0078,Superalloys,single,1,w/o Structure,0.5531,0.5802,0.6154,0.5538
SUP_QA_0079,Superalloys,single,1,w/o Structure,0.9913,0.879,0.995,0.8957
SUP_QA_0080,Superalloys,multi,1,w/o Structure,0.9871,0.995,0.995,0.9108
SUP_QA_0081,Superalloys,multi,1,w/o Structure,0.7675,0.7575,0.8168,0.7432
SUP_QA_0082,Superalloys,multi,1,w/o Structure,0.9687,0.995,0.995,0.9606
SUP_QA_0083,Superalloys,single,1,w/o Structure,0.7193,0.6239,0.7654,0.4434
SUP_QA_0084,Superalloys,single,1,w/o Structure,0.995,0.995,0.9669,0.9033
SUP_QA_0085,Superalloys,single,1,w/o Structure,0.9532,0.995,0.995,0.9573
SUP_QA_0086,Superalloys,single,1,w/o Structure,0.9635,0.9815,0.995,0.9339
SUP_QA_0087,Superalloys,multi,1,w/o Structure,0.9626,0.995,0.995,0.9098
SUP_QA_0088,Superalloys,single,1,w/o Structure,0.8174,0.8045,0.8669,0.8372
SUP_QA_0089,Superalloys,single,1,w/o Structure,0.995,0.8312,0.995,0.946
SUP_QA_0090,Superalloys,single,1,w/o Structure,0.7785,0.8781,0.9153,0.8708
SUP_QA_0091,Superalloys,multi,1,w/o Structure,0.9327,0.7244,0.8061,0.8726
SUP_QA_0092,Superalloys,single,1,w/o Structure,0.646,0.3946,0.5827,0.6096
SUP_QA_0093,Superalloys,multi,1,w/o Structure,0.9734,0.8811,0.9461,0.9092
SUP_QA_0094,Superalloys,multi,1,w/o Structure,0.995,0.9643,0.9311,0.8862
SUP_QA_0095,Superalloys,multi,1,w/o Structure,0.9716,0.7309,0.787,0.9294
SUP_QA_0096,Superalloys,single,1,w/o Structure,0.9851,0.968,0.9224,0.8849
SUP_QA_0097,Superalloys,multi,1,w/o Structure,0.841,0.7586,0.8881,0.8846
SUP_QA_0098,Superalloys,single,1,w/o Structure,0.5885,0.5552,0.7337,0.5338
SUP_QA_0099,Superalloys,single,1,w/o Structure,0.9853,0.995,0.995,0.9483
SUP_QA_0100,Superalloys,multi,1,w/o Structure,0.604,0.5362,0.6665,0.6755
SUP_QA_0101,Superalloys,single,1,w/o Structure,0.8785,0.8389,0.995,0.8516
SUP_QA_0102,Superalloys,multi,1,w/o Structure,0.9648,0.9284,0.9131,0.913
SUP_QA_0103,Superalloys,multi,1,w/o Structure,0.9716,0.9674,0.995,0.9296
SUP_QA_0104,Superalloys,single,1,w/o Structure,0.6846,0.7721,0.8556,0.7379
SUP_QA_0105,Superalloys,single,1,w/o Structure,0.995,0.9868,0.995,0.9316
SUP_QA_0106,Superalloys,single,1,w/o Structure,0.8922,0.7842,0.8566,0.9163
SUP_QA_0107,Superalloys,single,1,w/o Structure,0.859,0.7885,0.9678,0.756
SUP_QA_0108,Superalloys,single,1,w/o Structure,0.8715,0.8982,0.9324,0.8193
SUP_QA_0109,Superalloys,single,1,w/o Structure,0.908,0.9462,0.7945,0.8721
SUP_QA_0110,Superalloys,single,1,w/o Structure,0.9871,0.9628,0.9922,0.8746
SUP_QA_0111,Superalloys,single,1,w/o Structure,0.9946,0.8276,0.9362,0.8581
SUP_QA_0112,Superalloys,multi,1,w/o Structure,0.9449,0.977,0.995,0.9344
SUP_QA_0113,Superalloys,single,1,w/o Structure,0.7875,0.8788,0.7974,0.93
SUP_QA_0114,Superalloys,single,1,w/o Structure,0.5538,0.4976,0.5628,0.5026
SUP_QA_0115,Superalloys,multi,1,w/o Structure,0.854,0.8499,0.9363,0.8866
SUP_QA_0116,Superalloys,multi,1,w/o Structure,0.995,0.9119,0.9545,0.9002
SUP_QA_0117,Superalloys,multi,1,w/o Structure,0.9579,0.9375,0.995,0.9681
SUP_QA_0118,Superalloys,single,1,w/o Structure,0.8831,0.7378,0.8508,0.8745
SUP_QA_0119,Superalloys,single,1,w/o Structure,0.9849,0.9778,0.995,0.942
SUP_QA_0120,Superalloys,single,1,w/o Structure,0.7412,0.5953,0.7449,0.8006
SUP_QA_0121,Superalloys,single,1,w/o Structure,0.607,0.628,0.7504,0.5615
SUP_QA_0122,Superalloys,single,1,w/o Structure,0.9867,0.995,0.9641,0.9346
SUP_QA_0123,Superalloys,single,1,w/o Structure,0.9736,0.995,0.995,0.9351
SUP_QA_0124,Superalloys,single,1,w/o Structure,0.5518,0.6195,0.7087,0.7195
SUP_QA_0125,Superalloys,multi,1,w/o Structure,0.8374,0.922,0.8611,0.9056
SUP_QA_0126,Superalloys,multi,1,w/o Structure,0.7752,0.6418,0.711,0.6841
SUP_QA_0127,Superalloys,single,1,w/o Structure,0.9848,0.9383,0.9898,0.8623
SUP_QA_0128,Superalloys,multi,1,w/o Structure,0.9381,0.9379,0.9662,0.8357
SUP_QA_0129,Superalloys,multi,1,w/o Structure,0.6652,0.7287,0.9023,0.7605
SUP_QA_0130,Superalloys,multi,1,w/o Structure,0.995,0.9882,0.995,0.9105
SUP_QA_0131,Superalloys,single,1,w/o Structure,0.9841,0.8482,0.995,0.9405
SUP_QA_0132,Superalloys,multi,1,w/o Structure,0.979,0.9755,0.9496,0.8694
SEM_QA_0001,Semiconductors,single,1,w/o Structure,0.8086,0.9278,0.8774,0.7357
SEM_QA_0002,Semiconductors,single,1,w/o Structure,0.995,0.8439,0.866,0.9358
SEM_QA_0003,Semiconductors,single,1,w/o Structure,0.8142,0.7849,0.7143,0.7984
SEM_QA_0004,Semiconductors,single,1,w/o Structure,0.995,0.995,0.995,0.9512
SEM_QA_0005,Semiconductors,multi,1,w/o Structure,0.9138,0.8304,0.9008,0.8248
SEM_QA_0006,Semiconductors,multi,1,w/o Structure,0.7158,0.8226,0.9411,0.8441
SEM_QA_0007,Semiconductors,single,1,w/o Structure,0.8292,0.8983,0.9029,0.892
SEM_QA_0008,Semiconductors,single,1,w/o Structure,0.7742,0.9005,0.9206,0.7441
SEM_QA_0009,Semiconductors,single,1,w/o Structure,0.9431,0.9731,0.995,0.932
SEM_QA_0010,Semiconductors,single,1,w/o Structure,0.7275,0.7655,0.7861,0.6373
SEM_QA_0011,Semiconductors,single,1,w/o Structure,0.472,0.3067,0.4266,0.4237
SEM_QA_0012,Semiconductors,single,1,w/o Structure,0.9701,0.8669,0.8141,0.8206
SEM_QA_0013,Semiconductors,multi,1,w/o Structure,0.963,0.9931,0.995,0.9221
SEM_QA_0014,Semiconductors,single,1,w/o Structure,0.995,0.9422,0.9524,0.8665
SEM_QA_0015,Semiconductors,multi,1,w/o Structure,0.995,0.9803,0.9715,0.8876
SEM_QA_0016,Semiconductors,single,1,w/o Structure,0.7409,0.5949,0.6274,0.6584
SEM_QA_0017,Semiconductors,single,1,w/o Structure,0.893,0.9612,0.9228,0.8677
SEM_QA_0018,Semiconductors,multi,1,w/o Structure,0.9075,0.8488,0.8537,0.8577
SEM_QA_0019,Semiconductors,single,1,w/o Structure,0.9907,0.9889,0.995,0.9017
SEM_QA_0020,Semiconductors,single,1,w/o Structure,0.8206,0.8834,0.8738,0.8811
SEM_QA_0021,Semiconductors,single,1,w/o Structure,0.8863,0.8386,0.966,0.9125
SEM_QA_0022,Semiconductors,single,1,w/o Structure,0.9533,0.9754,0.9894,0.9662
SEM_QA_0023,Semiconductors,single,1,w/o Structure,0.7815,0.6409,0.7792,0.8648
SEM_QA_0024,Semiconductors,multi,1,w/o Structure,0.5913,0.6563,0.5791,0.6215
SEM_QA_0025,Semiconductors,single,1,w/o Structure,0.9367,0.8475,0.9923,0.9163
SEM_QA_0026,Semiconductors,single,1,w/o Structure,0.9423,0.9577,0.9045,0.9325
SEM_QA_0027,Semiconductors,single,1,w/o Structure,0.9493,0.9773,0.995,0.9585
SEM_QA_0028,Semiconductors,multi,1,w/o Structure,0.9816,0.9334,0.9083,0.8748
SEM_QA_0029,Semiconductors,single,1,w/o Structure,0.9341,0.8542,0.995,0.9013
SEM_QA_0030,Semiconductors,single,1,w/o Structure,0.7997,0.7472,0.8663,0.7705
SEM_QA_0031,Semiconductors,multi,1,w/o Structure,0.995,0.995,0.995,0.9681
SEM_QA_0032,Semiconductors,single,1,w/o Structure,0.9177,0.91,0.939,0.8597
SEM_QA_0033,Semiconductors,multi,1,w/o Structure,0.7381,0.7175,0.6927,0.6649
SEM_QA_0034,Semiconductors,multi,1,w/o Structure,0.7821,0.8513,0.7341,0.7029
SEM_QA_0035,Semiconductors,single,1,w/o Structure,0.995,0.995,0.995,0.9681
SEM_QA_0036,Semiconductors,single,1,w/o Structure,0.995,0.9716,0.9808,0.8814
SEM_QA_0037,Semiconductors,multi,1,w/o Structure,0.9681,0.9642,0.995,0.9307
SEM_QA_0038,Semiconductors,single,1,w/o Structure,0.7033,0.536,0.6032,0.789
SEM_QA_0039,Semiconductors,multi,1,w/o Structure,0.6903,0.6976,0.6961,0.734
SEM_QA_0040,Semiconductors,multi,1,w/o Structure,0.9092,0.8498,0.9039,0.8076
SEM_QA_0041,Semiconductors,single,1,w/o Structure,0.8552,0.8249,0.9409,0.9331
SEM_QA_0042,Semiconductors,multi,1,w/o Structure,0.9909,0.9884,0.995,0.9202
SEM_QA_0043,Semiconductors,multi,1,w/o Structure,0.7937,0.8578,0.7598,0.788
SEM_QA_0044,Semiconductors,multi,1,w/o Structure,0.6059,0.7299,0.7138,0.7136
SEM_QA_0045,Semiconductors,single,1,w/o Structure,0.9028,0.9322,0.995,0.8868
SEM_QA_0046,Semiconductors,single,1,w/o Structure,0.7974,0.7458,0.8674,0.7926
SEM_QA_0047,Semiconductors,single,1,w/o Structure,0.9605,0.9934,0.995,0.8789
SEM_QA_0048,Semiconductors,multi,1,w/o Structure,0.879,0.8926,0.8396,0.8461
SEM_QA_0049,Semiconductors,multi,1,w/o Structure,0.541,0.5338,0.552,0.7781
SEM_QA_0050,Semiconductors,single,1,w/o Structure,0.7659,0.7698,0.7529,0.7047
SEM_QA_0051,Semiconductors,single,1,w/o Structure,0.9427,0.9146,0.995,0.8644
SEM_QA_0052,Semiconductors,single,1,w/o Structure,0.9377,0.995,0.9729,0.9681
SEM_QA_0053,Semiconductors,single,1,w/o Structure,0.703,0.7712,0.72,0.6608
SEM_QA_0054,Semiconductors,single,1,w/o Structure,0.6958,0.5856,0.7685,0.6639
SEM_QA_0055,Semiconductors,multi,1,w/o Structure,0.6834,0.5833,0.5238,0.5334
SEM_QA_0056,Semiconductors,multi,1,w/o Structure,0.9476,0.995,0.9715,0.9132
SEM_QA_0057,Semiconductors,multi,1,w/o Structure,0.7753,0.7119,0.8464,0.742
SEM_QA_0058,Semiconductors,multi,1,w/o Structure,0.9605,0.995,0.995,0.9681
SEM_QA_0059,Semiconductors,single,1,w/o Structure,0.7336,0.7684,0.7629,0.7235
SEM_QA_0060,Semiconductors,single,1,w/o Structure,0.8491,0.6241,0.7965,0.8006
SEM_QA_0061,Semiconductors,single,1,w/o Structure,0.9339,0.9886,0.9822,0.9476
SEM_QA_0062,Semiconductors,single,1,w/o Structure,0.9661,0.9504,0.9207,0.8941
SEM_QA_0063,Semiconductors,multi,1,w/o Structure,0.9236,0.97,0.9839,0.935
SEM_QA_0064,Semiconductors,multi,1,w/o Structure,0.6631,0.8709,0.7388,0.6684
SEM_QA_0065,Semiconductors,single,1,w/o Structure,0.7272,0.7497,0.7191,0.824
SEM_QA_0066,Semiconductors,multi,1,w/o Structure,0.8002,0.9716,0.9739,0.9681
SEM_QA_0067,Semiconductors,single,1,w/o Structure,0.9726,0.9813,0.9915,0.885
SEM_QA_0068,Semiconductors,multi,1,w/o Structure,0.9695,0.9805,0.995,0.9365
SEM_QA_0069,Semiconductors,multi,1,w/o Structure,0.9312,0.7948,0.776,0.8276
SEM_QA_0070,Semiconductors,single,1,w/o Structure,0.9383,0.9915,0.995,0.8659
SEM_QA_0071,Semiconductors,single,1,w/o Structure,0.9404,0.995,0.8769,0.9323
SEM_QA_0072,Semiconductors,single,1,w/o Structure,0.9221,0.9811,0.9423,0.8564
SEM_QA_0073,Semiconductors,single,1,w/o Structure,0.9854,0.9934,0.995,0.9003
SEM_QA_0074,Semiconductors,single,1,w/o Structure,0.9037,0.9715,0.9663,0.8564
SEM_QA_0075,Semiconductors,single,1,w/o Structure,0.8571,0.9088,0.8389,0.948
SEM_QA_0076,Semiconductors,multi,1,w/o Structure,0.7757,0.7973,0.8215,0.843
SEM_QA_0077,Semiconductors,single,1,w/o Structure,0.9376,0.8857,0.9125,0.8591
SEM_QA_0078,Semiconductors,single,1,w/o Structure,0.995,0.9538,0.995,0.9347
SEM_QA_0079,Semiconductors,multi,1,w/o Structure,0.9584,0.9499,0.9814,0.8602
SEM_QA_0080,Semiconductors,single,1,w/o Structure,0.9578,0.8421,0.995,0.8994
SEM_QA_0081,Semiconductors,single,1,w/o Structure,0.9201,0.9115,0.995,0.8333
SEM_QA_0082,Semiconductors,single,1,w/o Structure,0.981,0.9741,0.995,0.9488
SEM_QA_0083,Semiconductors,single,1,w/o Structure,0.6291,0.6281,0.5079,0.5314
SEM_QA_0084,Semiconductors,multi,1,w/o Structure,0.7835,0.7979,0.9869,0.9349
SEM_QA_0085,Semiconductors,single,1,w/o Structure,0.9585,0.995,0.995,0.96
SEM_QA_0086,Semiconductors,multi,1,w/o Structure,0.718,0.7174,0.8302,0.6877
SEM_QA_0087,Semiconductors,multi,1,w/o Structure,0.8304,0.9363,0.8934,0.8258
SEM_QA_0088,Semiconductors,single,1,w/o Structure,0.8204,0.8766,0.9741,0.8244
SEM_QA_0089,Semiconductors,single,1,w/o Structure,0.875,0.8743,0.8903,0.8268
SEM_QA_0090,Semiconductors,single,1,w/o Structure,0.9465,0.9774,0.995,0.9033
SEM_QA_0091,Semiconductors,single,1,w/o Structure,0.7337,0.5902,0.6323,0.7338
SEM_QA_0092,Semiconductors,single,1,w/o Structure,0.795,0.7723,0.8824,0.8448
SEM_QA_0093,Semiconductors,single,1,w/o Structure,0.9709,0.9597,0.995,0.9204
SEM_QA_0094,Semiconductors,single,1,w/o Structure,0.9932,0.995,0.995,0.9231
SEM_QA_0095,Semiconductors,multi,1,w/o Structure,0.6097,0.6525,0.5571,0.7264
SEM_QA_0096,Semiconductors,multi,1,w/o Structure,0.995,0.9468,0.9869,0.8822
SEM_QA_0097,Semiconductors,single,1,w/o Structure,0.995,0.995,0.995,0.9681
SEM_QA_0098,Semiconductors,single,1,w/o Structure,0.9701,0.9926,0.9681,0.9087
SEM_QA_0099,Semiconductors,single,1,w/o Structure,0.995,0.9375,0.994,0.9307
SEM_QA_0100,Semiconductors,multi,1,w/o Structure,0.8883,0.9767,0.9044,0.9056
SEM_QA_0101,Semiconductors,single,1,w/o Structure,0.9285,0.995,0.9844,0.8827
SEM_QA_0102,Semiconductors,single,1,w/o Structure,0.995,0.9178,0.9588,0.9675
SEM_QA_0103,Semiconductors,multi,1,w/o Structure,0.9695,0.9779,0.995,0.9082
SEM_QA_0104,Semiconductors,single,1,w/o Structure,0.7968,0.7343,0.8225,0.6938
SEM_QA_0105,Semiconductors,multi,1,w/o Structure,0.7767,0.7889,0.6975,0.8388
SEM_QA_0106,Semiconductors,multi,1,w/o Structure,0.9765,0.9921,0.9713,0.9681
SEM_QA_0107,Semiconductors,single,1,w/o Structure,0.995,0.9935,0.9668,0.9184
SEM_QA_0108,Semiconductors,multi,1,w/o Structure,0.738,0.7708,0.7877,0.6372
SEM_QA_0109,Semiconductors,single,1,w/o Structure,0.9552,0.9689,0.9907,0.9407
SEM_QA_0110,Semiconductors,multi,1,w/o Structure,0.5684,0.713,0.699,0.6384
SEM_QA_0111,Semiconductors,single,1,w/o Structure,0.9384,0.9675,0.9904,0.9453
SEM_QA_0112,Semiconductors,single,1,w/o Structure,0.916,0.8821,0.9155,0.8997
SEM_QA_0113,Semiconductors,single,1,w/o Structure,0.8161,0.886,0.7734,0.7613
SEM_QA_0114,Semiconductors,single,1,w/o Structure,0.9558,0.9779,0.958,0.9216
SEM_QA_0115,Semiconductors,multi,1,w/o Structure,0.856,0.779,0.6833,0.6536
SEM_QA_0116,Semiconductors,single,1,w/o Structure,0.995,0.995,0.995,0.9051
SEM_QA_0117,Semiconductors,multi,1,w/o Structure,0.9645,0.9244,0.995,0.9342
SEM_QA_0118,Semiconductors,single,1,w/o Structure,0.9935,0.9382,0.9901,0.9681
SEM_QA_0119,Semiconductors,single,1,w/o Structure,0.9712,0.9365,0.995,0.9503
SEM_QA_0120,Semiconductors,single,1,w/o Structure,0.7524,0.8052,0.6935,0.7697
SEM_QA_0121,Semiconductors,single,1,w/o Structure,0.5798,0.5557,0.7046,0.5922
SEM_QA_0122,Semiconductors,single,1,w/o Structure,0.995,0.9575,0.9174,0.9681
SEM_QA_0123,Semiconductors,single,1,w/o Structure,0.8906,0.995,0.9227,0.9659
SEM_QA_0124,Semiconductors,single,1,w/o Structure,0.976,0.995,0.8729,0.9399
SEM_QA_0125,Semiconductors,single,1,w/o Structure,0.995,0.995,0.9767,0.9508
SEM_QA_0126,Semiconductors,multi,1,w/o Structure,0.9493,0.9703,0.9865,0.9275
BAT_QA_0001,Batteries,single,1,w/o Structure,0.8149,0.7691,0.8069,0.7487
BAT_QA_0002,Batteries,single,1,w/o Structure,0.995,0.995,0.995,0.9681
BAT_QA_0003,Batteries,multi,1,w/o Structure,0.995,0.995,0.995,0.8979
BAT_QA_0004,Batteries,single,1,w/o Structure,0.8028,0.9585,0.9636,0.8836
BAT_QA_0005,Batteries,single,1,w/o Structure,0.9666,0.9945,0.995,0.9329
BAT_QA_0006,Batteries,single,1,w/o Structure,0.9763,0.9861,0.959,0.9215
BAT_QA_0007,Batteries,multi,1,w/o Structure,0.9537,0.8215,0.9585,0.9154
BAT_QA_0008,Batteries,single,1,w/o Structure,0.995,0.995,0.9828,0.948
BAT_QA_0009,Batteries,single,1,w/o Structure,0.9707,0.95,0.9285,0.9101
BAT_QA_0010,Batteries,single,1,w/o Structure,0.9864,0.995,0.9773,0.904
BAT_QA_0011,Batteries,single,1,w/o Structure,0.9073,0.8098,0.9118,0.9306
BAT_QA_0012,Batteries,single,1,w/o Structure,0.813,0.8846,0.9281,0.7835
BAT_QA_0013,Batteries,single,1,w/o Structure,0.9784,0.995,0.995,0.9328
BAT_QA_0014,Batteries,multi,1,w/o Structure,0.995,0.8978,0.9627,0.9106
BAT_QA_0015,Batteries,multi,1,w/o Structure,0.9807,0.9787,0.995,0.9224
BAT_QA_0016,Batteries,single,1,w/o Structure,0.664,0.4901,0.7114,0.5262
BAT_QA_0017,Batteries,multi,1,w/o Structure,0.5791,0.8426,0.8785,0.8205
BAT_QA_0018,Batteries,single,1,w/o Structure,0.5098,0.5784,0.4999,0.5087
BAT_QA_0019,Batteries,single,1,w/o Structure,0.9322,0.987,0.9289,0.8616
BAT_QA_0020,Batteries,single,1,w/o Structure,0.3685,0.3489,0.4495,0.289
BAT_QA_0021,Batteries,single,1,w/o Structure,0.6305,0.6731,0.611,0.7497
BAT_QA_0022,Batteries,multi,1,w/o Structure,0.6161,0.6641,0.6834,0.7468
BAT_QA_0023,Batteries,single,1,w/o Structure,0.995,0.9175,0.9755,0.9452
BAT_QA_0024,Batteries,single,1,w/o Structure,0.8574,0.9604,0.8919,0.96
BAT_QA_0025,Batteries,single,1,w/o Structure,0.9745,0.9649,0.9293,0.8992
BAT_QA_0026,Batteries,multi,1,w/o Structure,0.8117,0.7776,0.8958,0.7441
BAT_QA_0027,Batteries,single,1,w/o Structure,0.995,0.995,0.991,0.9349
BAT_QA_0028,Batteries,single,1,w/o Structure,0.9766,0.9571,0.995,0.8507
BAT_QA_0029,Batteries,single,1,w/o Structure,0.995,0.9878,0.995,0.9563
BAT_QA_0030,Batteries,single,1,w/o Structure,0.995,0.9801,0.995,0.9173
BAT_QA_0031,Batteries,multi,1,w/o Structure,0.9556,0.9825,0.9897,0.9385
BAT_QA_0032,Batteries,multi,1,w/o Structure,0.993,0.9635,0.8591,0.9592
BAT_QA_0033,Batteries,single,1,w/o Structure,0.9892,0.9947,0.995,0.9681
BAT_QA_0034,Batteries,single,1,w/o Structure,0.906,0.9296,0.8402,0.7949
BAT_QA_0035,Batteries,multi,1,w/o Structure,0.9544,0.9933,0.9133,0.9681
BAT_QA_0036,Batteries,single,1,w/o Structure,0.9872,0.995,0.995,0.9637
BAT_QA_0037,Batteries,multi,1,w/o Structure,0.8306,0.6921,0.7691,0.7498
BAT_QA_0038,Batteries,single,1,w/o Structure,0.995,0.8436,0.9122,0.9159
BAT_QA_0039,Batteries,multi,1,w/o Structure,0.7584,0.811,0.6655,0.7638
BAT_QA_0040,Batteries,single,1,w/o Structure,0.995,0.9843,0.979,0.9234
BAT_QA_0041,Batteries,single,1,w/o Structure,0.8023,0.6118,0.7859,0.8329
BAT_QA_0042,Batteries,multi,1,w/o Structure,0.7893,0.8721,0.8159,0.8898
BAT_QA_0043,Batteries,single,1,w/o Structure,0.92,0.995,0.9665,0.9328
BAT_QA_0044,Batteries,single,1,w/o Structure,0.846,0.936,0.995,0.8992
BAT_QA_0045,Batteries,multi,1,w/o Structure,0.995,0.995,0.995,0.9178
BAT_QA_0046,Batteries,multi,1,w/o Structure,0.6789,0.6552,0.8179,0.5027
BAT_QA_0047,Batteries,single,1,w/o Structure,0.8558,0.8627,0.8273,0.8631
BAT_QA_0048,Batteries,single,1,w/o Structure,0.995,0.9235,0.9265,0.9408
BAT_QA_0049,Batteries,single,1,w/o Structure,0.9088,0.8618,0.868,0.8628
BAT_QA_0050,Batteries,single,1,w/o Structure,0.8447,0.776,0.8654,0.8371
BAT_QA_0051,Batteries,single,1,w/o Structure,0.7751,0.7378,0.7502,0.6611
BAT_QA_0052,Batteries,single,1,w/o Structure,0.8693,0.767,0.6987,0.6923
BAT_QA_0053,Batteries,single,1,w/o Structure,0.7827,0.8292,0.7706,0.8282
BAT_QA_0054,Batteries,single,1,w/o Structure,0.995,0.9705,0.99,0.9121
BAT_QA_0055,Batteries,single,1,w/o Structure,0.7907,0.7015,0.7384,0.8539
BAT_QA_0056,Batteries,single,1,w/o Structure,0.9339,0.8696,0.9548,0.8855
BAT_QA_0057,Batteries,multi,1,w/o Structure,0.9402,0.9234,0.9937,0.9074
BAT_QA_0058,Batteries,single,1,w/o Structure,0.9639,0.9498,0.7874,0.8602
BAT_QA_0059,Batteries,single,1,w/o Structure,0.968,0.9327,0.9753,0.9556
BAT_QA_0060,Batteries,multi,1,w/o Structure,0.7087,0.6988,0.7581,0.8267
BAT_QA_0061,Batteries,single,1,w/o Structure,0.7295,0.6959,0.7791,0.6933
BAT_QA_0062,Batteries,multi,1,w/o Structure,0.6991,0.5452,0.7042,0.6616
BAT_QA_0063,Batteries,single,1,w/o Structure,0.9473,0.8874,0.9119,0.9677
BAT_QA_0064,Batteries,single,1,w/o Structure,0.9671,0.995,0.9583,0.9081
BAT_QA_0065,Batteries,single,1,w/o Structure,0.9831,0.9601,0.995,0.9147
BAT_QA_0066,Batteries,single,1,w/o Structure,0.7406,0.7215,0.7734,0.7123
BAT_QA_0067,Batteries,single,1,w/o Structure,0.823,0.8923,0.8063,0.8133
BAT_QA_0068,Batteries,multi,1,w/o Structure,0.9537,0.8807,0.967,0.9224
BAT_QA_0069,Batteries,single,1,w/o Structure,0.6929,0.5909,0.7135,0.6617
BAT_QA_0070,Batteries,multi,1,w/o Structure,0.9837,0.9403,0.9913,0.9681
BAT_QA_0071,Batteries,single,1,w/o Structure,0.9297,0.8574,0.8667,0.909
BAT_QA_0072,Batteries,multi,1,w/o Structure,0.948,0.9252,0.995,0.894
BAT_QA_0073,Batteries,single,1,w/o Structure,0.9656,0.995,0.995,0.9211
BAT_QA_0074,Batteries,multi,1,w/o Structure,0.6746,0.5235,0.6852,0.6289
BAT_QA_0075,Batteries,single,1,w/o Structure,0.9105,0.983,0.9943,0.9681
BAT_QA_0076,Batteries,multi,1,w/o Structure,0.8131,0.6193,0.8598,0.7338
BAT_QA_0077,Batteries,single,1,w/o Structure,0.995,0.995,0.9691,0.9214
BAT_QA_0078,Batteries,single,1,w/o Structure,0.8967,0.923,0.9783,0.9551
BAT_QA_0079,Batteries,multi,1,w/o Structure,0.8019,0.7258,0.7675,0.6403
BAT_QA_0080,Batteries,single,1,w/o Structure,0.9821,0.9779,0.979,0.9403
BAT_QA_0081,Batteries,single,1,w/o Structure,0.9386,0.8861,0.8723,0.9266
BAT_QA_0082,Batteries,multi,1,w/o Structure,0.995,0.8866,0.9916,0.9428
BAT_QA_0083,Batteries,single,1,w/o Structure,0.5242,0.6907,0.819,0.6787
BAT_QA_0084,Batteries,single,1,w/o Structure,0.8822,0.815,0.9252,0.9409
BAT_QA_0085,Batteries,multi,1,w/o Structure,0.7254,0.6152,0.6428,0.6751
BAT_QA_0086,Batteries,multi,1,w/o Structure,0.8505,0.9941,0.9135,0.8856
BAT_QA_0087,Batteries,single,1,w/o Structure,0.995,0.995,0.995,0.9176
BAT_QA_0088,Batteries,single,1,w/o Structure,0.8984,0.7965,0.7981,0.7424
BAT_QA_0089,Batteries,single,1,w/o Structure,0.9647,0.995,0.9844,0.8568
BAT_QA_0090,Batteries,single,1,w/o Structure,0.9273,0.9337,0.995,0.8793
BAT_QA_0091,Batteries,single,1,w/o Structure,0.995,0.9882,0.995,0.896
BAT_QA_0092,Batteries,single,1,w/o Structure,0.7298,0.7799,0.7527,0.8559
BAT_QA_0093,Batteries,single,1,w/o Structure,0.8729,0.7751,0.7934,0.9681
BAT_QA_0094,Batteries,single,1,w/o Structure,0.7562,0.6345,0.7563,0.7452
BAT_QA_0095,Batteries,single,1,w/o Structure,0.9783,0.9681,0.8675,0.922
BAT_QA_0096,Batteries,single,1,w/o Structure,0.9912,0.9758,0.9871,0.9094
BAT_QA_0097,Batteries,multi,1,w/o Structure,0.7532,0.6413,0.7103,0.7495
BAT_QA_0098,Batteries,multi,1,w/o Structure,0.8541,0.6843,0.7025,0.7039
BAT_QA_0099,Batteries,single,1,w/o Structure,0.8352,0.7221,0.8533,0.8662
BAT_QA_0100,Batteries,multi,1,w/o Structure,0.9679,0.8565,0.9598,0.854
BAT_QA_0101,Batteries,single,1,w/o Structure,0.9438,0.9506,0.995,0.8698
BAT_QA_0102,Batteries,multi,1,w/o Structure,0.8774,0.8605,0.9678,0.9269
BAT_QA_0103,Batteries,single,1,w/o Structure,0.995,0.9631,0.8677,0.9525
BAT_QA_0104,Batteries,multi,1,w/o Structure,0.8327,0.7811,0.7454,0.7853
BAT_QA_0105,Batteries,single,1,w/o Structure,0.8529,0.7498,0.8347,0.8532
BAT_QA_0106,Batteries,multi,1,w/o Structure,0.8572,0.7651,0.9052,0.8623
BAT_QA_0107,Batteries,multi,1,w/o Structure,0.8403,0.8419,0.7937,0.8398
BAT_QA_0108,Batteries,single,1,w/o Structure,0.942,0.9418,0.8782,0.7978
BAT_QA_0109,Batteries,single,1,w/o Structure,0.8984,0.739,0.7279,0.8226
BAT_QA_0110,Batteries,single,1,w/o Structure,0.8892,0.8559,0.8461,0.8308
BAT_QA_0111,Batteries,multi,1,w/o Structure,0.9525,0.9475,0.995,0.9184
BAT_QA_0112,Batteries,single,1,w/o Structure,0.9886,0.9539,0.995,0.9221
BAT_QA_0113,Batteries,multi,1,w/o Structure,0.9249,0.831,0.995,0.9529
BAT_QA_0114,Batteries,multi,1,w/o Structure,0.8151,0.7568,0.8521,0.6498
BAT_QA_0115,Batteries,multi,1,w/o Structure,0.9626,0.9775,0.995,0.8977
BAT_QA_0116,Batteries,single,1,w/o Structure,0.974,0.995,0.987,0.8967
BAT_QA_0117,Batteries,multi,1,w/o Structure,0.7086,0.787,0.7161,0.7566
BAT_QA_0118,Batteries,single,1,w/o Structure,0.8781,0.7851,0.8779,0.8503
BAT_QA_0119,Batteries,single,1,w/o Structure,0.7128,0.7078,0.6558,0.617
BAT_QA_0120,Batteries,single,1,w/o Structure,0.9865,0.9642,0.8637,0.8992
BAT_QA_0121,Batteries,single,1,w/o Structure,0.9021,0.7863,0.7862,0.9295
BAT_QA_0122,Batteries,single,1,w/o Structure,0.995,0.9148,0.995,0.9293
BAT_QA_0123,Batteries,single,1,w/o Structure,0.9811,0.9732,0.9211,0.9277
BAT_QA_0124,Batteries,single,1,w/o Structure,0.6572,0.6804,0.6845,0.7113
SUP_QA_0001,Superalloys,single,2,w/o Structure,0.8708,0.792,0.8257,0.8627
SUP_QA_0002,Superalloys,multi,2,w/o Structure,0.9816,0.9691,0.9515,0.9769
SUP_QA_0003,Superalloys,multi,2,w/o Structure,0.7193,0.6646,0.5548,0.6958
SUP_QA_0004,Superalloys,multi,2,w/o Structure,0.5907,0.8674,0.869,0.8411
SUP_QA_0005,Superalloys,single,2,w/o Structure,0.6245,0.6264,0.7764,0.6718
SUP_QA_0006,Superalloys,single,2,w/o Structure,0.9343,0.995,0.8408,0.9053
SUP_QA_0007,Superalloys,single,2,w/o Structure,0.9836,0.9902,0.9803,0.9483
SUP_QA_0008,Superalloys,single,2,w/o Structure,0.9685,0.9521,0.9751,0.9765
SUP_QA_0009,Superalloys,single,2,w/o Structure,0.995,0.9944,0.9842,0.976
SUP_QA_0010,Superalloys,single,2,w/o Structure,0.861,0.8659,0.8981,0.9058
SUP_QA_0011,Superalloys,single,2,w/o Structure,0.8744,0.8243,0.9197,0.901
SUP_QA_0012,Superalloys,single,2,w/o Structure,0.7718,0.7631,0.7957,0.8613
SUP_QA_0013,Superalloys,multi,2,w/o Structure,0.8181,0.7713,0.8014,0.7806
SUP_QA_0014,Superalloys,single,2,w/o Structure,0.9135,0.7427,0.9531,0.8714
SUP_QA_0015,Superalloys,single,2,w/o Structure,0.96,0.9175,0.9801,0.9848
SUP_QA_0016,Superalloys,single,2,w/o Structure,0.8557,0.8137,0.8559,0.7998
SUP_QA_0017,Superalloys,single,2,w/o Structure,0.9742,0.9572,0.9503,0.9196
SUP_QA_0018,Superalloys,single,2,w/o Structure,0.9927,0.9901,0.995,0.9204
SUP_QA_0019,Superalloys,single,2,w/o Structure,0.995,0.9906,0.9734,0.9706
SUP_QA_0020,Superalloys,single,2,w/o Structure,0.9527,0.995,0.9445,0.9395
SUP_QA_0021,Superalloys,multi,2,w/o Structure,0.995,0.995,0.995,0.9808
SUP_QA_0022,Superalloys,single,2,w/o Structure,0.7488,0.8444,0.8108,0.8597
SUP_QA_0023,Superalloys,single,2,w/o Structure,0.9352,0.9894,0.995,0.9437
SUP_QA_0024,Superalloys,single,2,w/o Structure,0.7841,0.862,0.8664,0.9013
SUP_QA_0025,Superalloys,single,2,w/o Structure,0.9148,0.9688,0.995,0.9803
SUP_QA_0026,Superalloys,single,2,w/o Structure,0.8356,0.9743,0.9884,0.9459
SUP_QA_0027,Superalloys,multi,2,w/o Structure,0.6886,0.7647,0.8076,0.6398
SUP_QA_0028,Superalloys,multi,2,w/o Structure,0.995,0.995,0.995,0.9358
SUP_QA_0029,Superalloys,single,2,w/o Structure,0.8429,0.8731,0.9103,0.8397
SUP_QA_0030,Superalloys,multi,2,w/o Structure,0.756,0.7955,0.7423,0.7786
SUP_QA_0031,Superalloys,single,2,w/o Structure,0.9659,0.995,0.995,0.9232
SUP_QA_0032,Superalloys,single,2,w/o Structure,0.8235,0.7411,0.8913,0.9025
SUP_QA_0033,Superalloys,single,2,w/o Structure,0.7729,0.7586,0.8852,0.8697
SUP_QA_0034,Superalloys,multi,2,w/o Structure,0.971,0.995,0.826,0.9468
SUP_QA_0035,Superalloys,single,2,w/o Structure,0.9029,0.995,0.995,0.9599
SUP_QA_0036,Superalloys,single,2,w/o Structure,0.995,0.995,0.9848,0.995
SUP_QA_0037,Superalloys,single,2,w/o Structure,0.9667,0.9826,0.9913,0.9645
SUP_QA_0038,Superalloys,single,2,w/o Structure,0.9847,0.9796,0.995,0.9858
SUP_QA_0039,Superalloys,single,2,w/o Structure,0.9532,0.8136,0.8593,0.9082
SUP_QA_0040,Superalloys,multi,2,w/o Structure,0.9933,0.995,0.8277,0.9588
SUP_QA_0041,Superalloys,single,2,w/o Structure,0.9587,0.995,0.9209,0.9709
SUP_QA_0042,Superalloys,single,2,w/o Structure,0.9446,0.995,0.9565,0.9759
SUP_QA_0043,Superalloys,single,2,w/o Structure,0.7937,0.8014,0.7286,0.8233
SUP_QA_0044,Superalloys,multi,2,w/o Structure,0.923,0.8712,0.98,0.929
SUP_QA_0045,Superalloys,single,2,w/o Structure,0.7263,0.674,0.7888,0.8577
SUP_QA_0046,Superalloys,single,2,w/o Structure,0.5217,0.6343,0.6656,0.6245
SUP_QA_0047,Superalloys,multi,2,w/o Structure,0.8855,0.7538,0.8398,0.9305
SUP_QA_0048,Superalloys,single,2,w/o Structure,0.9453,0.9273,0.995,0.995
SUP_QA_0049,Superalloys,multi,2,w/o Structure,0.7793,0.8808,0.8692,0.8496
SUP_QA_0050,Superalloys,single,2,w/o Structure,0.9405,0.9224,0.9541,0.9434
SUP_QA_0051,Superalloys,single,2,w/o Structure,0.8419,0.9883,0.995,0.8892
SUP_QA_0052,Superalloys,single,2,w/o Structure,0.8271,0.7456,0.7668,0.8807
SUP_QA_0053,Superalloys,single,2,w/o Structure,0.8674,0.8853,0.9368,0.9582
SUP_QA_0054,Superalloys,multi,2,w/o Structure,0.9042,0.9344,0.8944,0.8983
SUP_QA_0055,Superalloys,single,2,w/o Structure,0.7628,0.7727,0.8024,0.8972
SUP_QA_0056,Superalloys,single,2,w/o Structure,0.8187,0.8285,0.9231,0.8551
SUP_QA_0057,Superalloys,single,2,w/o Structure,0.8167,0.8308,0.8918,0.862
SUP_QA_0058,Superalloys,single,2,w/o Structure,0.8553,0.9744,0.9187,0.8679
SUP_QA_0059,Superalloys,single,2,w/o Structure,0.9546,0.9766,0.9781,0.9839
SUP_QA_0060,Superalloys,single,2,w/o Structure,0.7531,0.591,0.7591,0.7625
SUP_QA_0061,Superalloys,single,2,w/o Structure,0.8073,0.7838,0.9273,0.8791
SUP_QA_0062,Superalloys,multi,2,w/o Structure,0.528,0.5096,0.6505,0.5753
SUP_QA_0063,Superalloys,single,2,w/o Structure,0.995,0.995,0.9813,0.9691
SUP_QA_0064,Superalloys,multi,2,w/o Structure,0.995,0.995,0.995,0.9716
SUP_QA_0065,Superalloys,single,2,w/o Structure,0.995,0.995,0.995,0.995
SUP_QA_0066,Superalloys,single,2,w/o Structure,0.995,0.9871,0.995,0.9546
SUP_QA_0067,Superalloys,multi,2,w/o Structure,0.9186,0.6917,0.872,0.8667
SUP_QA_0068,Superalloys,single,2,w/o Structure,0.995,0.9913,0.9591,0.921
SUP_QA_0069,Superalloys,single,2,w/o Structure,0.8938,0.779,0.8622,0.853
SUP_QA_0070,Superalloys,multi,2,w/o Structure,0.706,0.7774,0.8199,0.7852
SUP_QA_0071,Superalloys,single,2,w/o Structure,0.8906,0.8329,0.8234,0.8377
SUP_QA_0072,Superalloys,multi,2,w/o Structure,0.8833,0.8474,0.9804,0.8711
SUP_QA_0073,Superalloys,multi,2,w/o Structure,0.6387,0.5555,0.5522,0.6485
SUP_QA_0074,Superalloys,multi,2,w/o Structure,0.9556,0.9412,0.916,0.9475
SUP_QA_0075,Superalloys,single,2,w/o Structure,0.9802,0.9335,0.9239,0.9806
SUP_QA_0076,Superalloys,single,2,w/o Structure,0.8443,0.8356,0.9073,0.8526
SUP_QA_0077,Superalloys,multi,2,w/o Structure,0.9464,0.9744,0.8868,0.9247
SUP_QA_0078,Superalloys,single,2,w/o Structure,0.5976,0.6325,0.616,0.5517
SUP_QA_0079,Superalloys,single,2,w/o Structure,0.9472,0.8767,0.9245,0.8883
SUP_QA_0080,Superalloys,multi,2,w/o Structure,0.9333,0.9732,0.995,0.9473
SUP_QA_0081,Superalloys,multi,2,w/o Structure,0.8082,0.7737,0.8267,0.7763
SUP_QA_0082,Superalloys,multi,2,w/o Structure,0.9566,0.9811,0.995,0.995
SUP_QA_0083,Superalloys,single,2,w/o Structure,0.7406,0.6364,0.7119,0.4328
SUP_QA_0084,Superalloys,single,2,w/o Structure,0.995,0.9795,0.995,0.9621
SUP_QA_0085,Superalloys,single,2,w/o Structure,0.995,0.9744,0.995,0.995
SUP_QA_0086,Superalloys,single,2,w/o Structure,0.995,0.995,0.995,0.9488
SUP_QA_0087,Superalloys,multi,2,w/o Structure,0.9911,0.987,0.995,0.9476
SUP_QA_0088,Superalloys,single,2,w/o Structure,0.8125,0.8157,0.8169,0.8064
SUP_QA_0089,Superalloys,single,2,w/o Structure,0.9612,0.8866,0.9881,0.9756
SUP_QA_0090,Superalloys,single,2,w/o Structure,0.7421,0.9304,0.8848,0.9492
SUP_QA_0091,Superalloys,multi,2,w/o Structure,0.9271,0.7883,0.8824,0.8276
SUP_QA_0092,Superalloys,single,2,w/o Structure,0.6001,0.5238,0.5427,0.5871
SUP_QA_0093,Superalloys,multi,2,w/o Structure,0.933,0.9902,0.9736,0.8916
SUP_QA_0094,Superalloys,multi,2,w/o Structure,0.9491,0.944,0.9807,0.995
SUP_QA_0095,Superalloys,multi,2,w/o Structure,0.9357,0.7162,0.7785,0.913
SUP_QA_0096,Superalloys,single,2,w/o Structure,0.9914,0.995,0.9321,0.9677
SUP_QA_0097,Superalloys,multi,2,w/o Structure,0.8705,0.694,0.8215,0.9086
SUP_QA_0098,Superalloys,single,2,w/o Structure,0.5956,0.5812,0.6026,0.5746
SUP_QA_0099,Superalloys,single,2,w/o Structure,0.9783,0.9797,0.9791,0.995
SUP_QA_0100,Superalloys,multi,2,w/o Structure,0.5966,0.6233,0.6213,0.7729
SUP_QA_0101,Superalloys,single,2,w/o Structure,0.8799,0.8872,0.8656,0.8566
SUP_QA_0102,Superalloys,multi,2,w/o Structure,0.8407,0.9648,0.9061,0.8493
SUP_QA_0103,Superalloys,multi,2,w/o Structure,0.991,0.995,0.954,0.9516
SUP_QA_0104,Superalloys,single,2,w/o Structure,0.7044,0.7953,0.8087,0.7756
SUP_QA_0105,Superalloys,single,2,w/o Structure,0.995,0.995,0.9916,0.9796
SUP_QA_0106,Superalloys,single,2,w/o Structure,0.9083,0.8054,0.8202,0.8097
SUP_QA_0107,Superalloys,single,2,w/o Structure,0.8604,0.8398,0.9224,0.7121
SUP_QA_0108,Superalloys,single,2,w/o Structure,0.8067,0.8133,0.9012,0.897
SUP_QA_0109,Superalloys,single,2,w/o Structure,0.8672,0.8855,0.8094,0.8831
SUP_QA_0110,Superalloys,single,2,w/o Structure,0.9775,0.9568,0.9449,0.9102
SUP_QA_0111,Superalloys,single,2,w/o Structure,0.9474,0.9088,0.898,0.8942
SUP_QA_0112,Superalloys,multi,2,w/o Structure,0.89,0.995,0.9767,0.969
SUP_QA_0113,Superalloys,single,2,w/o Structure,0.7959,0.842,0.8327,0.9068
SUP_QA_0114,Superalloys,single,2,w/o Structure,0.538,0.5227,0.5854,0.4918
SUP_QA_0115,Superalloys,multi,2,w/o Structure,0.8887,0.8579,0.8709,0.8896
SUP_QA_0116,Superalloys,multi,2,w/o Structure,0.9567,0.9484,0.8774,0.9087
SUP_QA_0117,Superalloys,multi,2,w/o Structure,0.886,0.9787,0.995,0.9548
SUP_QA_0118,Superalloys,single,2,w/o Structure,0.8943,0.8486,0.8651,0.8913
SUP_QA_0119,Superalloys,single,2,w/o Structure,0.995,0.9535,0.995,0.993
SUP_QA_0120,Superalloys,single,2,w/o Structure,0.6808,0.64,0.7491,0.7908
SUP_QA_0121,Superalloys,single,2,w/o Structure,0.6604,0.6743,0.6967,0.607
SUP_QA_0122,Superalloys,single,2,w/o Structure,0.96,0.9823,0.9324,0.9596
SUP_QA_0123,Superalloys,single,2,w/o Structure,0.944,0.995,0.9897,0.9779
SUP_QA_0124,Superalloys,single,2,w/o Structure,0.6363,0.6663,0.6501,0.7821
SUP_QA_0125,Superalloys,multi,2,w/o Structure,0.8409,0.9392,0.8364,0.9444
SUP_QA_0126,Superalloys,multi,2,w/o Structure,0.7411,0.6805,0.5983,0.7008
SUP_QA_0127,Superalloys,single,2,w/o Structure,0.9915,0.995,0.995,0.9762
SUP_QA_0128,Superalloys,multi,2,w/o Structure,0.9204,0.8592,0.9175,0.889
SUP_QA_0129,Superalloys,multi,2,w/o Structure,0.5953,0.7915,0.8128,0.7943
SUP_QA_0130,Superalloys,multi,2,w/o Structure,0.995,0.995,0.9875,0.9527
SUP_QA_0131,Superalloys,single,2,w/o Structure,0.995,0.9445,0.9939,0.961
SUP_QA_0132,Superalloys,multi,2,w/o Structure,0.9725,0.9776,0.9862,0.8253
SEM_QA_0001,Semiconductors,single,2,w/o Structure,0.8723,0.8968,0.8128,0.7694
SEM_QA_0002,Semiconductors,single,2,w/o Structure,0.9841,0.9278,0.829,0.9642
SEM_QA_0003,Semiconductors,single,2,w/o Structure,0.8145,0.8929,0.7293,0.8785
SEM_QA_0004,Semiconductors,single,2,w/o Structure,0.995,0.995,0.947,0.9782
SEM_QA_0005,Semiconductors,multi,2,w/o Structure,0.8924,0.8964,0.8717,0.8262
SEM_QA_0006,Semiconductors,multi,2,w/o Structure,0.7129,0.8014,0.769,0.8834
SEM_QA_0007,Semiconductors,single,2,w/o Structure,0.8069,0.9239,0.8494,0.812
SEM_QA_0008,Semiconductors,single,2,w/o Structure,0.7059,0.8414,0.8755,0.8004
SEM_QA_0009,Semiconductors,single,2,w/o Structure,0.9868,0.995,0.9533,0.9607
SEM_QA_0010,Semiconductors,single,2,w/o Structure,0.7008,0.7441,0.6989,0.6977
SEM_QA_0011,Semiconductors,single,2,w/o Structure,0.4816,0.4106,0.424,0.3965
SEM_QA_0012,Semiconductors,single,2,w/o Structure,0.995,0.8282,0.8551,0.8202
SEM_QA_0013,Semiconductors,multi,2,w/o Structure,0.995,0.9813,0.995,0.9508
SEM_QA_0014,Semiconductors,single,2,w/o Structure,0.9545,0.9747,0.9329,0.9114
SEM_QA_0015,Semiconductors,multi,2,w/o Structure,0.9732,0.9631,0.9614,0.9417
SEM_QA_0016,Semiconductors,single,2,w/o Structure,0.7518,0.6391,0.6405,0.6645
SEM_QA_0017,Semiconductors,single,2,w/o Structure,0.8852,0.9683,0.9614,0.9546
SEM_QA_0018,Semiconductors,multi,2,w/o Structure,0.8243,0.8312,0.9418,0.8672
SEM_QA_0019,Semiconductors,single,2,w/o Structure,0.9928,0.9655,0.9756,0.9504
SEM_QA_0020,Semiconductors,single,2,w/o Structure,0.7762,0.8912,0.8614,0.8869
SEM_QA_0021,Semiconductors,single,2,w/o Structure,0.8889,0.8659,0.8848,0.995
SEM_QA_0022,Semiconductors,single,2,w/o Structure,0.864,0.9888,0.985,0.9736
SEM_QA_0023,Semiconductors,single,2,w/o Structure,0.7221,0.694,0.729,0.8745
SEM_QA_0024,Semiconductors,multi,2,w/o Structure,0.602,0.6189,0.554,0.6457
SEM_QA_0025,Semiconductors,single,2,w/o Structure,0.8584,0.96,0.9699,0.9312
SEM_QA_0026,Semiconductors,single,2,w/o Structure,0.9402,0.995,0.9356,0.995
SEM_QA_0027,Semiconductors,single,2,w/o Structure,0.995,0.9797,0.944,0.9775
SEM_QA_0028,Semiconductors,multi,2,w/o Structure,0.9949,0.9648,0.9315,0.9472
SEM_QA_0029,Semiconductors,single,2,w/o Structure,0.8384,0.8725,0.9389,0.8425
SEM_QA_0030,Semiconductors,single,2,w/o Structure,0.8067,0.8175,0.8766,0.8082
SEM_QA_0031,Semiconductors,multi,2,w/o Structure,0.995,0.9768,0.995,0.926
SEM_QA_0032,Semiconductors,single,2,w/o Structure,0.9463,0.9141,0.9241,0.9361
SEM_QA_0033,Semiconductors,multi,2,w/o Structure,0.711,0.7421,0.6963,0.6502
SEM_QA_0034,Semiconductors,multi,2,w/o Structure,0.8069,0.8538,0.7413,0.8198
SEM_QA_0035,Semiconductors,single,2,w/o Structure,0.995,0.995,0.973,0.995
SEM_QA_0036,Semiconductors,single,2,w/o Structure,0.9487,0.9361,0.995,0.9001
SEM_QA_0037,Semiconductors,multi,2,w/o Structure,0.995,0.9783,0.967,0.9401
SEM_QA_0038,Semiconductors,single,2,w/o Structure,0.686,0.5204,0.6652,0.7124
SEM_QA_0039,Semiconductors,multi,2,w/o Structure,0.6473,0.7192,0.6573,0.7314
SEM_QA_0040,Semiconductors,multi,2,w/o Structure,0.912,0.9497,0.9671,0.8458
SEM_QA_0041,Semiconductors,single,2,w/o Structure,0.8668,0.8412,0.9622,0.9124
SEM_QA_0042,Semiconductors,multi,2,w/o Structure,0.9785,0.995,0.995,0.9193
SEM_QA_0043,Semiconductors,multi,2,w/o Structure,0.8002,0.8634,0.7095,0.7994
SEM_QA_0044,Semiconductors,multi,2,w/o Structure,0.6587,0.7109,0.6141,0.678
SEM_QA_0045,Semiconductors,single,2,w/o Structure,0.9026,0.9158,0.9445,0.9391
SEM_QA_0046,Semiconductors,single,2,w/o Structure,0.7511,0.8068,0.811,0.7884
SEM_QA_0047,Semiconductors,single,2,w/o Structure,0.9477,0.995,0.9752,0.907
SEM_QA_0048,Semiconductors,multi,2,w/o Structure,0.8376,0.9591,0.8504,0.8654
SEM_QA_0049,Semiconductors,multi,2,w/o Structure,0.561,0.6197,0.5653,0.6938
SEM_QA_0050,Semiconductors,single,2,w/o Structure,0.7743,0.8635,0.7396,0.7478
SEM_QA_0051,Semiconductors,single,2,w/o Structure,0.8677,0.9079,0.948,0.9268
SEM_QA_0052,Semiconductors,single,2,w/o Structure,0.9949,0.9654,0.9831,0.995
SEM_QA_0053,Semiconductors,single,2,w/o Structure,0.6771,0.7913,0.6793,0.7058
SEM_QA_0054,Semiconductors,single,2,w/o Structure,0.6489,0.5521,0.7926,0.7034
SEM_QA_0055,Semiconductors,multi,2,w/o Structure,0.6408,0.6556,0.5314,0.599
SEM_QA_0056,Semiconductors,multi,2,w/o Structure,0.9095,0.9808,0.8763,0.9526
SEM_QA_0057,Semiconductors,multi,2,w/o Structure,0.8242,0.7538,0.7502,0.8259
SEM_QA_0058,Semiconductors,multi,2,w/o Structure,0.995,0.9876,0.995,0.951
SEM_QA_0059,Semiconductors,single,2,w/o Structure,0.7618,0.7493,0.7921,0.7615
SEM_QA_0060,Semiconductors,single,2,w/o Structure,0.7993,0.6141,0.7445,0.8091
SEM_QA_0061,Semiconductors,single,2,w/o Structure,0.8317,0.9791,0.944,0.9769
SEM_QA_0062,Semiconductors,single,2,w/o Structure,0.9336,0.995,0.9255,0.9282
SEM_QA_0063,Semiconductors,multi,2,w/o Structure,0.9008,0.9936,0.9731,0.9405
SEM_QA_0064,Semiconductors,multi,2,w/o Structure,0.6421,0.8738,0.6876,0.7215
SEM_QA_0065,Semiconductors,single,2,w/o Structure,0.6604,0.7496,0.7019,0.8513
SEM_QA_0066,Semiconductors,multi,2,w/o Structure,0.8173,0.9345,0.9484,0.9817
SEM_QA_0067,Semiconductors,single,2,w/o Structure,0.995,0.995,0.9432,0.995
SEM_QA_0068,Semiconductors,multi,2,w/o Structure,0.983,0.995,0.9588,0.9507
SEM_QA_0069,Semiconductors,multi,2,w/o Structure,0.82,0.8678,0.7997,0.8409
SEM_QA_0070,Semiconductors,single,2,w/o Structure,0.995,0.9779,0.9677,0.9735
SEM_QA_0071,Semiconductors,single,2,w/o Structure,0.9162,0.995,0.9101,0.9811
SEM_QA_0072,Semiconductors,single,2,w/o Structure,0.9036,0.9576,0.9386,0.911
SEM_QA_0073,Semiconductors,single,2,w/o Structure,0.9741,0.9935,0.9763,0.9624
SEM_QA_0074,Semiconductors,single,2,w/o Structure,0.8873,0.995,0.8456,0.8779
SEM_QA_0075,Semiconductors,single,2,w/o Structure,0.7875,0.9492,0.8971,0.9199
SEM_QA_0076,Semiconductors,multi,2,w/o Structure,0.6924,0.8309,0.8085,0.7471
SEM_QA_0077,Semiconductors,single,2,w/o Structure,0.8991,0.9177,0.8085,0.8755
SEM_QA_0078,Semiconductors,single,2,w/o Structure,0.995,0.995,0.9624,0.9926
SEM_QA_0079,Semiconductors,multi,2,w/o Structure,0.9133,0.958,0.8931,0.8828
SEM_QA_0080,Semiconductors,single,2,w/o Structure,0.8653,0.97,0.9534,0.9376
SEM_QA_0081,Semiconductors,single,2,w/o Structure,0.9503,0.9262,0.9291,0.9498
SEM_QA_0082,Semiconductors,single,2,w/o Structure,0.995,0.995,0.995,0.9569
SEM_QA_0083,Semiconductors,single,2,w/o Structure,0.6313,0.7051,0.4896,0.5975
SEM_QA_0084,Semiconductors,multi,2,w/o Structure,0.8201,0.7855,0.9403,0.8766
SEM_QA_0085,Semiconductors,single,2,w/o Structure,0.995,0.995,0.995,0.9606
SEM_QA_0086,Semiconductors,multi,2,w/o Structure,0.6827,0.7564,0.8509,0.6825
SEM_QA_0087,Semiconductors,multi,2,w/o Structure,0.7962,0.917,0.8231,0.8547
SEM_QA_0088,Semiconductors,single,2,w/o Structure,0.8563,0.9184,0.9088,0.8565
SEM_QA_0089,Semiconductors,single,2,w/o Structure,0.9272,0.9799,0.8999,0.9053
SEM_QA_0090,Semiconductors,single,2,w/o Structure,0.866,0.9786,0.9887,0.9478
SEM_QA_0091,Semiconductors,single,2,w/o Structure,0.6619,0.5855,0.641,0.7276
SEM_QA_0092,Semiconductors,single,2,w/o Structure,0.7479,0.8249,0.9041,0.7873
SEM_QA_0093,Semiconductors,single,2,w/o Structure,0.9737,0.995,0.9942,0.995
SEM_QA_0094,Semiconductors,single,2,w/o Structure,0.966,0.995,0.995,0.9796
SEM_QA_0095,Semiconductors,multi,2,w/o Structure,0.6016,0.7621,0.5344,0.7587
SEM_QA_0096,Semiconductors,multi,2,w/o Structure,0.9583,0.9761,0.9365,0.9881
SEM_QA_0097,Semiconductors,single,2,w/o Structure,0.995,0.981,0.974,0.9929
SEM_QA_0098,Semiconductors,single,2,w/o Structure,0.9183,0.995,0.9883,0.9764
SEM_QA_0099,Semiconductors,single,2,w/o Structure,0.9639,0.9887,0.995,0.9799
SEM_QA_0100,Semiconductors,multi,2,w/o Structure,0.9291,0.9818,0.8593,0.9119
SEM_QA_0101,Semiconductors,single,2,w/o Structure,0.8159,0.995,0.9883,0.9794
SEM_QA_0102,Semiconductors,single,2,w/o Structure,0.995,0.9198,0.9225,0.9852
SEM_QA_0103,Semiconductors,multi,2,w/o Structure,0.9603,0.9783,0.9585,0.9583
SEM_QA_0104,Semiconductors,single,2,w/o Structure,0.7601,0.7121,0.8484,0.7369
SEM_QA_0105,Semiconductors,multi,2,w/o Structure,0.737,0.8527,0.6796,0.8423
SEM_QA_0106,Semiconductors,multi,2,w/o Structure,0.995,0.995,0.9797,0.9464
SEM_QA_0107,Semiconductors,single,2,w/o Structure,0.9896,0.995,0.9935,0.9358
SEM_QA_0108,Semiconductors,multi,2,w/o Structure,0.6628,0.8764,0.7939,0.631
SEM_QA_0109,Semiconductors,single,2,w/o Structure,0.9854,0.995,0.9375,0.9849
SEM_QA_0110,Semiconductors,multi,2,w/o Structure,0.5397,0.7787,0.7083,0.6183
SEM_QA_0111,Semiconductors,single,2,w/o Structure,0.9227,0.995,0.9682,0.9464
SEM_QA_0112,Semiconductors,single,2,w/o Structure,0.874,0.9082,0.9098,0.8992
SEM_QA_0113,Semiconductors,single,2,w/o Structure,0.7487,0.8245,0.7846,0.7464
SEM_QA_0114,Semiconductors,single,2,w/o Structure,0.9057,0.9826,0.8728,0.9918
SEM_QA_0115,Semiconductors,multi,2,w/o Structure,0.7831,0.7903,0.7282,0.6389
SEM_QA_0116,Semiconductors,single,2,w/o Structure,0.995,0.995,0.995,0.9594
SEM_QA_0117,Semiconductors,multi,2,w/o Structure,0.9766,0.9795,0.995,0.9829
SEM_QA_0118,Semiconductors,single,2,w/o Structure,0.9327,0.9639,0.9338,0.9667
SEM_QA_0119,Semiconductors,single,2,w/o Structure,0.995,0.995,0.995,0.97
SEM_QA_0120,Semiconductors,single,2,w/o Structure,0.768,0.8875,0.6889,0.7424
SEM_QA_0121,Semiconductors,single,2,w/o Structure,0.4918,0.6158,0.6589,0.6525
SEM_QA_0122,Semiconductors,single,2,w/o Structure,0.9576,0.9621,0.9921,0.9664
SEM_QA_0123,Semiconductors,single,2,w/o Structure,0.8979,0.9911,0.9581,0.9894
SEM_QA_0124,Semiconductors,single,2,w/o Structure,0.9709,0.9924,0.7919,0.9497
SEM_QA_0125,Semiconductors,single,2,w/o Structure,0.995,0.9901,0.987,0.9788
SEM_QA_0126,Semiconductors,multi,2,w/o Structure,0.8502,0.9495,0.9755,0.9258
BAT_QA_0001,Batteries,single,2,w/o Structure,0.812,0.7526,0.7461,0.8139
BAT_QA_0002,Batteries,single,2,w/o Structure,0.995,0.995,0.946,0.995
BAT_QA_0003,Batteries,multi,2,w/o Structure,0.8729,0.9789,0.9899,0.9441
BAT_QA_0004,Batteries,single,2,w/o Structure,0.7763,0.9753,0.9591,0.995
BAT_QA_0005,Batteries,single,2,w/o Structure,0.9872,0.995,0.995,0.9759
BAT_QA_0006,Batteries,single,2,w/o Structure,0.9768,0.9924,0.9673,0.9424
BAT_QA_0007,Batteries,multi,2,w/o Structure,0.9789,0.9549,0.8751,0.9176
BAT_QA_0008,Batteries,single,2,w/o Structure,0.985,0.9807,0.995,0.9659
BAT_QA_0009,Batteries,single,2,w/o Structure,0.866,0.9606,0.848,0.9575
BAT_QA_0010,Batteries,single,2,w/o Structure,0.965,0.9906,0.9804,0.9407
BAT_QA_0011,Batteries,single,2,w/o Structure,0.9195,0.8627,0.9282,0.9421
BAT_QA_0012,Batteries,single,2,w/o Structure,0.7763,0.8662,0.8771,0.8475
BAT_QA_0013,Batteries,single,2,w/o Structure,0.971,0.995,0.976,0.9546
BAT_QA_0014,Batteries,multi,2,w/o Structure,0.9845,0.867,0.9752,0.995
BAT_QA_0015,Batteries,multi,2,w/o Structure,0.9762,0.995,0.9811,0.9722
BAT_QA_0016,Batteries,single,2,w/o Structure,0.6195,0.6474,0.5064,0.4942
BAT_QA_0017,Batteries,multi,2,w/o Structure,0.6235,0.8799,0.8776,0.8226
BAT_QA_0018,Batteries,single,2,w/o Structure,0.5451,0.6261,0.5496,0.5774
BAT_QA_0019,Batteries,single,2,w/o Structure,0.9279,0.9382,0.995,0.9111
BAT_QA_0020,Batteries,single,2,w/o Structure,0.3716,0.357,0.2201,0.2901
BAT_QA_0021,Batteries,single,2,w/o Structure,0.6265,0.5804,0.6187,0.7827
BAT_QA_0022,Batteries,multi,2,w/o Structure,0.5979,0.7153,0.6522,0.7543
BAT_QA_0023,Batteries,single,2,w/o Structure,0.9919,0.9594,0.9377,0.944
BAT_QA_0024,Batteries,single,2,w/o Structure,0.8013,0.995,0.9594,0.9025
BAT_QA_0025,Batteries,single,2,w/o Structure,0.9399,0.9543,0.8409,0.9762
BAT_QA_0026,Batteries,multi,2,w/o Structure,0.7048,0.7454,0.7762,0.7607
BAT_QA_0027,Batteries,single,2,w/o Structure,0.995,0.995,0.995,0.995
BAT_QA_0028,Batteries,single,2,w/o Structure,0.9731,0.9526,0.9696,0.9209
BAT_QA_0029,Batteries,single,2,w/o Structure,0.995,0.9769,0.995,0.995
BAT_QA_0030,Batteries,single,2,w/o Structure,0.9945,0.995,0.9243,0.9148
BAT_QA_0031,Batteries,multi,2,w/o Structure,0.995,0.995,0.9504,0.995
BAT_QA_0032,Batteries,multi,2,w/o Structure,0.9342,0.9619,0.8686,0.9689
BAT_QA_0033,Batteries,single,2,w/o Structure,0.9609,0.995,0.9877,0.9514
BAT_QA_0034,Batteries,single,2,w/o Structure,0.895,0.995,0.7836,0.8539
BAT_QA_0035,Batteries,multi,2,w/o Structure,0.95,0.9764,0.9596,0.9654
BAT_QA_0036,Batteries,single,2,w/o Structure,0.995,0.995,0.9834,0.995
BAT_QA_0037,Batteries,multi,2,w/o Structure,0.8183,0.8039,0.7233,0.7606
BAT_QA_0038,Batteries,single,2,w/o Structure,0.9224,0.9322,0.9173,0.93
BAT_QA_0039,Batteries,multi,2,w/o Structure,0.6973,0.7503,0.6777,0.795
BAT_QA_0040,Batteries,single,2,w/o Structure,0.9918,0.995,0.9932,0.9629
BAT_QA_0041,Batteries,single,2,w/o Structure,0.7848,0.6799,0.7247,0.7914
BAT_QA_0042,Batteries,multi,2,w/o Structure,0.8084,0.9259,0.8903,0.9528
BAT_QA_0043,Batteries,single,2,w/o Structure,0.8802,0.9776,0.9751,0.994
BAT_QA_0044,Batteries,single,2,w/o Structure,0.8573,0.9766,0.8734,0.7985
BAT_QA_0045,Batteries,multi,2,w/o Structure,0.995,0.9579,0.995,0.9895
BAT_QA_0046,Batteries,multi,2,w/o Structure,0.7045,0.753,0.8069,0.5595
BAT_QA_0047,Batteries,single,2,w/o Structure,0.8925,0.9266,0.8966,0.829
BAT_QA_0048,Batteries,single,2,w/o Structure,0.9287,0.9251,0.8635,0.8904
BAT_QA_0049,Batteries,single,2,w/o Structure,0.8106,0.8209,0.8119,0.8378
BAT_QA_0050,Batteries,single,2,w/o Structure,0.8168,0.7608,0.8096,0.8165
BAT_QA_0051,Batteries,single,2,w/o Structure,0.7933,0.6921,0.7323,0.7139
BAT_QA_0052,Batteries,single,2,w/o Structure,0.8078,0.8069,0.6947,0.6941
BAT_QA_0053,Batteries,single,2,w/o Structure,0.7267,0.8888,0.8287,0.8415
BAT_QA_0054,Batteries,single,2,w/o Structure,0.9764,0.995,0.9593,0.9662
BAT_QA_0055,Batteries,single,2,w/o Structure,0.7703,0.7391,0.7211,0.8149
BAT_QA_0056,Batteries,single,2,w/o Structure,0.9478,0.9433,0.8846,0.9107
BAT_QA_0057,Batteries,multi,2,w/o Structure,0.9795,0.9737,0.9134,0.9388
BAT_QA_0058,Batteries,single,2,w/o Structure,0.9612,0.995,0.8152,0.8582
BAT_QA_0059,Batteries,single,2,w/o Structure,0.9439,0.9328,0.9689,0.9762
BAT_QA_0060,Batteries,multi,2,w/o Structure,0.7329,0.7766,0.7228,0.7069
BAT_QA_0061,Batteries,single,2,w/o Structure,0.7415,0.6825,0.7683,0.7907
BAT_QA_0062,Batteries,multi,2,w/o Structure,0.6643,0.6075,0.656,0.6621
BAT_QA_0063,Batteries,single,2,w/o Structure,0.9452,0.9186,0.8904,0.9021
BAT_QA_0064,Batteries,single,2,w/o Structure,0.9945,0.995,0.993,0.958
BAT_QA_0065,Batteries,single,2,w/o Structure,0.9662,0.9687,0.9837,0.9555
BAT_QA_0066,Batteries,single,2,w/o Structure,0.6982,0.74,0.8051,0.7041
BAT_QA_0067,Batteries,single,2,w/o Structure,0.7767,0.8479,0.7737,0.8156
BAT_QA_0068,Batteries,multi,2,w/o Structure,0.962,0.8852,0.994,0.9801
BAT_QA_0069,Batteries,single,2,w/o Structure,0.632,0.6433,0.6664,0.7381
BAT_QA_0070,Batteries,multi,2,w/o Structure,0.9703,0.9036,0.9876,0.9703
BAT_QA_0071,Batteries,single,2,w/o Structure,0.8981,0.851,0.8865,0.9076
BAT_QA_0072,Batteries,multi,2,w/o Structure,0.9486,0.9226,0.9264,0.9202
BAT_QA_0073,Batteries,single,2,w/o Structure,0.9723,0.995,0.9734,0.9484
BAT_QA_0074,Batteries,multi,2,w/o Structure,0.6793,0.5795,0.5717,0.6972
BAT_QA_0075,Batteries,single,2,w/o Structure,0.8822,0.995,0.9172,0.995
BAT_QA_0076,Batteries,multi,2,w/o Structure,0.7266,0.8016,0.7706,0.7395
BAT_QA_0077,Batteries,single,2,w/o Structure,0.995,0.9908,0.995,0.995
BAT_QA_0078,Batteries,single,2,w/o Structure,0.832,0.8865,0.9365,0.995
BAT_QA_0079,Batteries,multi,2,w/o Structure,0.8527,0.7854,0.7865,0.6778
BAT_QA_0080,Batteries,single,2,w/o Structure,0.995,0.9664,0.973,0.9559
BAT_QA_0081,Batteries,single,2,w/o Structure,0.9263,0.8688,0.8878,0.9069
BAT_QA_0082,Batteries,multi,2,w/o Structure,0.9427,0.9672,0.9844,0.9664
BAT_QA_0083,Batteries,single,2,w/o Structure,0.4864,0.7459,0.7255,0.7628
BAT_QA_0084,Batteries,single,2,w/o Structure,0.8881,0.9376,0.934,0.9679
BAT_QA_0085,Batteries,multi,2,w/o Structure,0.6907,0.7272,0.594,0.7379
BAT_QA_0086,Batteries,multi,2,w/o Structure,0.8834,0.995,0.9055,0.9095
BAT_QA_0087,Batteries,single,2,w/o Structure,0.995,0.995,0.995,0.978
BAT_QA_0088,Batteries,single,2,w/o Structure,0.775,0.7947,0.6964,0.7521
BAT_QA_0089,Batteries,single,2,w/o Structure,0.995,0.989,0.9937,0.9223
BAT_QA_0090,Batteries,single,2,w/o Structure,0.9353,0.8793,0.927,0.9022
BAT_QA_0091,Batteries,single,2,w/o Structure,0.989,0.9913,0.995,0.9605
BAT_QA_0092,Batteries,single,2,w/o Structure,0.6746,0.7878,0.6993,0.787
BAT_QA_0093,Batteries,single,2,w/o Structure,0.8091,0.8467,0.7847,0.8827
BAT_QA_0094,Batteries,single,2,w/o Structure,0.6494,0.6493,0.7419,0.7359
BAT_QA_0095,Batteries,single,2,w/o Structure,0.995,0.9799,0.7963,0.9651
BAT_QA_0096,Batteries,single,2,w/o Structure,0.995,0.995,0.9891,0.9681
BAT_QA_0097,Batteries,multi,2,w/o Structure,0.6896,0.5956,0.6438,0.736
BAT_QA_0098,Batteries,multi,2,w/o Structure,0.8149,0.7973,0.6562,0.7504
BAT_QA_0099,Batteries,single,2,w/o Structure,0.814,0.8449,0.9064,0.8913
BAT_QA_0100,Batteries,multi,2,w/o Structure,0.9927,0.8868,0.8956,0.9108
BAT_QA_0101,Batteries,single,2,w/o Structure,0.8913,0.8862,0.995,0.9411
BAT_QA_0102,Batteries,multi,2,w/o Structure,0.9469,0.8832,0.8617,0.8531
BAT_QA_0103,Batteries,single,2,w/o Structure,0.974,0.9283,0.8962,0.9919
BAT_QA_0104,Batteries,multi,2,w/o Structure,0.7204,0.8633,0.7179,0.8404
BAT_QA_0105,Batteries,single,2,w/o Structure,0.8264,0.7963,0.7599,0.8477
BAT_QA_0106,Batteries,multi,2,w/o Structure,0.8922,0.8476,0.8966,0.908
BAT_QA_0107,Batteries,multi,2,w/o Structure,0.772,0.8137,0.8005,0.8865
BAT_QA_0108,Batteries,single,2,w/o Structure,0.8829,0.9314,0.905,0.8349
BAT_QA_0109,Batteries,single,2,w/o Structure,0.7695,0.8401,0.6923,0.8031
BAT_QA_0110,Batteries,single,2,w/o Structure,0.8823,0.8486,0.8798,0.9061
BAT_QA_0111,Batteries,multi,2,w/o Structure,0.995,0.995,0.995,0.9657
BAT_QA_0112,Batteries,single,2,w/o Structure,0.9807,0.9909,0.995,0.9257
BAT_QA_0113,Batteries,multi,2,w/o Structure,0.916,0.907,0.9525,0.9713
BAT_QA_0114,Batteries,multi,2,w/o Structure,0.8591,0.7934,0.6646,0.658
BAT_QA_0115,Batteries,multi,2,w/o Structure,0.9698,0.995,0.9739,0.9407
BAT_QA_0116,Batteries,single,2,w/o Structure,0.995,0.9835,0.9735,0.995
BAT_QA_0117,Batteries,multi,2,w/o Structure,0.5635,0.7421,0.7783,0.8174
BAT_QA_0118,Batteries,single,2,w/o Structure,0.936,0.7814,0.7746,0.9191
BAT_QA_0119,Batteries,single,2,w/o Structure,0.6152,0.6512,0.552,0.6331
BAT_QA_0120,Batteries,single,2,w/o Structure,0.8844,0.9411,0.8566,0.901
BAT_QA_0121,Batteries,single,2,w/o Structure,0.8672,0.8641,0.9185,0.8387
BAT_QA_0122,Batteries,single,2,w/o Structure,0.9116,0.9386,0.995,0.9454
BAT_QA_0123,Batteries,single,2,w/o Structure,0.9611,0.9552,0.8579,0.9702
BAT_QA_0124,Batteries,single,2,w/o Structure,0.7196,0.7295,0.6684,0.7162
SUP_QA_0001,Superalloys,single,3,w/o Structure,0.8748,0.8173,0.7975,0.8502
SUP_QA_0002,Superalloys,multi,3,w/o Structure,0.9723,0.9947,0.9638,0.927
SUP_QA_0003,Superalloys,multi,3,w/o Structure,0.6913,0.6596,0.6081,0.6202
SUP_QA_0004,Superalloys,multi,3,w/o Structure,0.693,0.7735,0.9014,0.8274
SUP_QA_0005,Superalloys,single,3,w/o Structure,0.6323,0.6428,0.8501,0.5953
SUP_QA_0006,Superalloys,single,3,w/o Structure,0.9435,0.995,0.8828,0.9359
SUP_QA_0007,Superalloys,single,3,w/o Structure,0.9913,0.995,0.9946,0.9348
SUP_QA_0008,Superalloys,single,3,w/o Structure,0.995,0.9671,0.9741,0.9389
SUP_QA_0009,Superalloys,single,3,w/o Structure,0.9617,0.9361,0.953,0.995
SUP_QA_0010,Superalloys,single,3,w/o Structure,0.8672,0.857,0.9834,0.9552
SUP_QA_0011,Superalloys,single,3,w/o Structure,0.9235,0.786,0.9381,0.9312
SUP_QA_0012,Superalloys,single,3,w/o Structure,0.8439,0.7595,0.866,0.8372
SUP_QA_0013,Superalloys,multi,3,w/o Structure,0.9008,0.7627,0.8397,0.7828
SUP_QA_0014,Superalloys,single,3,w/o Structure,0.9437,0.8836,0.977,0.8415
SUP_QA_0015,Superalloys,single,3,w/o Structure,0.9828,0.9846,0.9946,0.9323
SUP_QA_0016,Superalloys,single,3,w/o Structure,0.8491,0.82,0.8553,0.7673
SUP_QA_0017,Superalloys,single,3,w/o Structure,0.9716,0.9863,0.9428,0.927
SUP_QA_0018,Superalloys,single,3,w/o Structure,0.9718,0.995,0.9946,0.9558
SUP_QA_0019,Superalloys,single,3,w/o Structure,0.9658,0.995,0.9946,0.9471
SUP_QA_0020,Superalloys,single,3,w/o Structure,0.9347,0.995,0.9946,0.9351
SUP_QA_0021,Superalloys,multi,3,w/o Structure,0.995,0.995,0.9877,0.995
SUP_QA_0022,Superalloys,single,3,w/o Structure,0.8862,0.7703,0.7849,0.8057
SUP_QA_0023,Superalloys,single,3,w/o Structure,0.9431,0.9698,0.9649,0.9907
SUP_QA_0024,Superalloys,single,3,w/o Structure,0.848,0.77,0.9105,0.8427
SUP_QA_0025,Superalloys,single,3,w/o Structure,0.9415,0.9487,0.9946,0.995
SUP_QA_0026,Superalloys,single,3,w/o Structure,0.8936,0.9391,0.9429,0.9417
SUP_QA_0027,Superalloys,multi,3,w/o Structure,0.6602,0.6391,0.7415,0.6198
SUP_QA_0028,Superalloys,multi,3,w/o Structure,0.995,0.995,0.9747,0.9916
SUP_QA_0029,Superalloys,single,3,w/o Structure,0.8595,0.8434,0.9163,0.8675
SUP_QA_0030,Superalloys,multi,3,w/o Structure,0.8241,0.7144,0.7814,0.7927
SUP_QA_0031,Superalloys,single,3,w/o Structure,0.995,0.9919,0.9723,0.9795
SUP_QA_0032,Superalloys,single,3,w/o Structure,0.8644,0.7961,0.9198,0.9388
SUP_QA_0033,Superalloys,single,3,w/o Structure,0.793,0.7559,0.8741,0.8072
SUP_QA_0034,Superalloys,multi,3,w/o Structure,0.9763,0.995,0.8229,0.9793
SUP_QA_0035,Superalloys,single,3,w/o Structure,0.982,0.995,0.9903,0.9448
SUP_QA_0036,Superalloys,single,3,w/o Structure,0.9824,0.995,0.9946,0.9678
SUP_QA_0037,Superalloys,single,3,w/o Structure,0.9718,0.977,0.9627,0.9716
SUP_QA_0038,Superalloys,single,3,w/o Structure,0.9821,0.9857,0.9741,0.9695
SUP_QA_0039,Superalloys,single,3,w/o Structure,0.9671,0.8033,0.8721,0.8394
SUP_QA_0040,Superalloys,multi,3,w/o Structure,0.9778,0.937,0.9558,0.9442
SUP_QA_0041,Superalloys,single,3,w/o Structure,0.9878,0.995,0.9611,0.9557
SUP_QA_0042,Superalloys,single,3,w/o Structure,0.9487,0.8936,0.9946,0.9705
SUP_QA_0043,Superalloys,single,3,w/o Structure,0.773,0.7708,0.8742,0.8913
SUP_QA_0044,Superalloys,multi,3,w/o Structure,0.9934,0.8937,0.8854,0.8972
SUP_QA_0045,Superalloys,single,3,w/o Structure,0.7179,0.6484,0.7859,0.7277
SUP_QA_0046,Superalloys,single,3,w/o Structure,0.6287,0.5691,0.7165,0.603
SUP_QA_0047,Superalloys,multi,3,w/o Structure,0.995,0.7603,0.9135,0.9466
SUP_QA_0048,Superalloys,single,3,w/o Structure,0.9548,0.9176,0.9559,0.995
SUP_QA_0049,Superalloys,multi,3,w/o Structure,0.8508,0.7988,0.929,0.8439
SUP_QA_0050,Superalloys,single,3,w/o Structure,0.9404,0.939,0.9704,0.995
SUP_QA_0051,Superalloys,single,3,w/o Structure,0.8559,0.9408,0.9641,0.8463
SUP_QA_0052,Superalloys,single,3,w/o Structure,0.8159,0.7772,0.8379,0.7853
SUP_QA_0053,Superalloys,single,3,w/o Structure,0.9268,0.8697,0.9387,0.9622
SUP_QA_0054,Superalloys,multi,3,w/o Structure,0.9812,0.8764,0.9854,0.9335
SUP_QA_0055,Superalloys,single,3,w/o Structure,0.8228,0.7901,0.8995,0.8523
SUP_QA_0056,Superalloys,single,3,w/o Structure,0.8889,0.9126,0.9829,0.808
SUP_QA_0057,Superalloys,single,3,w/o Structure,0.774,0.8545,0.8598,0.9568
SUP_QA_0058,Superalloys,single,3,w/o Structure,0.8362,0.8946,0.9376,0.8997
SUP_QA_0059,Superalloys,single,3,w/o Structure,0.995,0.9758,0.9679,0.9817
SUP_QA_0060,Superalloys,single,3,w/o Structure,0.6869,0.5682,0.8307,0.7087
SUP_QA_0061,Superalloys,single,3,w/o Structure,0.7924,0.7816,0.9214,0.8888
SUP_QA_0062,Superalloys,multi,3,w/o Structure,0.4724,0.5066,0.628,0.5566
SUP_QA_0063,Superalloys,single,3,w/o Structure,0.995,0.995,0.9946,0.9741
SUP_QA_0064,Superalloys,multi,3,w/o Structure,0.995,0.995,0.9946,0.9805
SUP_QA_0065,Superalloys,single,3,w/o Structure,0.995,0.995,0.9782,0.995
SUP_QA_0066,Superalloys,single,3,w/o Structure,0.9841,0.9673,0.9946,0.9661
SUP_QA_0067,Superalloys,multi,3,w/o Structure,0.9398,0.7579,0.8389,0.8705
SUP_QA_0068,Superalloys,single,3,w/o Structure,0.9885,0.995,0.9593,0.9359
SUP_QA_0069,Superalloys,single,3,w/o Structure,0.8803,0.802,0.927,0.8283
SUP_QA_0070,Superalloys,multi,3,w/o Structure,0.7759,0.6846,0.8656,0.7125
SUP_QA_0071,Superalloys,single,3,w/o Structure,0.8944,0.757,0.8812,0.8719
SUP_QA_0072,Superalloys,multi,3,w/o Structure,0.9263,0.798,0.9946,0.8742
SUP_QA_0073,Superalloys,multi,3,w/o Structure,0.5943,0.5086,0.6074,0.5788
SUP_QA_0074,Superalloys,multi,3,w/o Structure,0.9436,0.9371,0.9793,0.9754
SUP_QA_0075,Superalloys,single,3,w/o Structure,0.9625,0.9253,0.9946,0.9949
SUP_QA_0076,Superalloys,single,3,w/o Structure,0.8557,0.8631,0.8555,0.8606
SUP_QA_0077,Superalloys,multi,3,w/o Structure,0.995,0.9724,0.9285,0.9485
SUP_QA_0078,Superalloys,single,3,w/o Structure,0.5513,0.5592,0.6159,0.522
SUP_QA_0079,Superalloys,single,3,w/o Structure,0.9877,0.8885,0.983,0.9149
SUP_QA_0080,Superalloys,multi,3,w/o Structure,0.995,0.9655,0.9868,0.9245
SUP_QA_0081,Superalloys,multi,3,w/o Structure,0.7994,0.7131,0.8584,0.783
SUP_QA_0082,Superalloys,multi,3,w/o Structure,0.995,0.995,0.9862,0.995
SUP_QA_0083,Superalloys,single,3,w/o Structure,0.7021,0.585,0.7201,0.3766
SUP_QA_0084,Superalloys,single,3,w/o Structure,0.995,0.995,0.9918,0.95
SUP_QA_0085,Superalloys,single,3,w/o Structure,0.995,0.995,0.9946,0.995
SUP_QA_0086,Superalloys,single,3,w/o Structure,0.981,0.995,0.9946,0.995
SUP_QA_0087,Superalloys,multi,3,w/o Structure,0.9843,0.9764,0.9946,0.9221
SUP_QA_0088,Superalloys,single,3,w/o Structure,0.7687,0.8115,0.8894,0.8629
SUP_QA_0089,Superalloys,single,3,w/o Structure,0.9498,0.8564,0.9792,0.961
SUP_QA_0090,Superalloys,single,3,w/o Structure,0.7475,0.8627,0.9847,0.9199
SUP_QA_0091,Superalloys,multi,3,w/o Structure,0.8975,0.8131,0.855,0.8203
SUP_QA_0092,Superalloys,single,3,w/o Structure,0.5983,0.4413,0.5552,0.6009
SUP_QA_0093,Superalloys,multi,3,w/o Structure,0.9105,0.9287,0.9715,0.9344
SUP_QA_0094,Superalloys,multi,3,w/o Structure,0.9766,0.991,0.9522,0.9547
SUP_QA_0095,Superalloys,multi,3,w/o Structure,0.8998,0.82,0.7725,0.8864
SUP_QA_0096,Superalloys,single,3,w/o Structure,0.9723,0.995,0.9524,0.9541
SUP_QA_0097,Superalloys,multi,3,w/o Structure,0.8785,0.7416,0.8443,0.9093
SUP_QA_0098,Superalloys,single,3,w/o Structure,0.5873,0.5168,0.6409,0.5487
SUP_QA_0099,Superalloys,single,3,w/o Structure,0.9872,0.995,0.9446,0.995
SUP_QA_0100,Superalloys,multi,3,w/o Structure,0.5311,0.4866,0.6727,0.6509
SUP_QA_0101,Superalloys,single,3,w/o Structure,0.8624,0.8637,0.9315,0.8246
SUP_QA_0102,Superalloys,multi,3,w/o Structure,0.9501,0.9183,0.879,0.786
SUP_QA_0103,Superalloys,multi,3,w/o Structure,0.982,0.995,0.97,0.9568
SUP_QA_0104,Superalloys,single,3,w/o Structure,0.6877,0.7481,0.9409,0.7183
SUP_QA_0105,Superalloys,single,3,w/o Structure,0.995,0.995,0.9501,0.9593
SUP_QA_0106,Superalloys,single,3,w/o Structure,0.91,0.8204,0.8352,0.762
SUP_QA_0107,Superalloys,single,3,w/o Structure,0.8369,0.7919,0.8879,0.807
SUP_QA_0108,Superalloys,single,3,w/o Structure,0.8673,0.8719,0.886,0.8378
SUP_QA_0109,Superalloys,single,3,w/o Structure,0.8164,0.8925,0.8377,0.8706
SUP_QA_0110,Superalloys,single,3,w/o Structure,0.995,0.995,0.9561,0.9402
SUP_QA_0111,Superalloys,single,3,w/o Structure,0.9512,0.8628,0.9639,0.7905
SUP_QA_0112,Superalloys,multi,3,w/o Structure,0.9709,0.9766,0.9352,0.9871
SUP_QA_0113,Superalloys,single,3,w/o Structure,0.8097,0.8541,0.8657,0.9312
SUP_QA_0114,Superalloys,single,3,w/o Structure,0.584,0.4814,0.5516,0.5014
SUP_QA_0115,Superalloys,multi,3,w/o Structure,0.8875,0.8673,0.8899,0.8746
SUP_QA_0116,Superalloys,multi,3,w/o Structure,0.9894,0.9353,0.8853,0.8931
SUP_QA_0117,Superalloys,multi,3,w/o Structure,0.9561,0.9445,0.9757,0.9658
SUP_QA_0118,Superalloys,single,3,w/o Structure,0.915,0.8186,0.8679,0.9558
SUP_QA_0119,Superalloys,single,3,w/o Structure,0.9794,0.9566,0.9495,0.9838
SUP_QA_0120,Superalloys,single,3,w/o Structure,0.8122,0.6102,0.7543,0.7812
SUP_QA_0121,Superalloys,single,3,w/o Structure,0.6876,0.5581,0.7311,0.517
SUP_QA_0122,Superalloys,single,3,w/o Structure,0.9474,0.9687,0.9324,0.9526
SUP_QA_0123,Superalloys,single,3,w/o Structure,0.949,0.995,0.9876,0.944
SUP_QA_0124,Superalloys,single,3,w/o Structure,0.6003,0.6281,0.7243,0.7063
SUP_QA_0125,Superalloys,multi,3,w/o Structure,0.8286,0.9552,0.8637,0.9342
SUP_QA_0126,Superalloys,multi,3,w/o Structure,0.6654,0.695,0.6248,0.6806
SUP_QA_0127,Superalloys,single,3,w/o Structure,0.9657,0.9909,0.9946,0.898
SUP_QA_0128,Superalloys,multi,3,w/o Structure,0.9188,0.8922,0.9836,0.8906
SUP_QA_0129,Superalloys,multi,3,w/o Structure,0.7116,0.7879,0.8366,0.8271
SUP_QA_0130,Superalloys,multi,3,w/o Structure,0.9648,0.995,0.978,0.9332
SUP_QA_0131,Superalloys,single,3,w/o Structure,0.9792,0.8986,0.9946,0.9396
SUP_QA_0132,Superalloys,multi,3,w/o Structure,0.9694,0.9904,0.9461,0.8206
SEM_QA_0001,Semiconductors,single,3,w/o Structure,0.8343,0.8619,0.8105,0.7766
SEM_QA_0002,Semiconductors,single,3,w/o Structure,0.9628,0.8827,0.7627,0.9538
SEM_QA_0003,Semiconductors,single,3,w/o Structure,0.8701,0.8509,0.7531,0.8112
SEM_QA_0004,Semiconductors,single,3,w/o Structure,0.995,0.995,0.9803,0.9925
SEM_QA_0005,Semiconductors,multi,3,w/o Structure,0.9273,0.7993,0.8629,0.8125
SEM_QA_0006,Semiconductors,multi,3,w/o Structure,0.7393,0.8689,0.8393,0.7936
SEM_QA_0007,Semiconductors,single,3,w/o Structure,0.8553,0.8905,0.8535,0.8398
SEM_QA_0008,Semiconductors,single,3,w/o Structure,0.7553,0.9294,0.8791,0.7686
SEM_QA_0009,Semiconductors,single,3,w/o Structure,0.995,0.995,0.9622,0.8574
SEM_QA_0010,Semiconductors,single,3,w/o Structure,0.68,0.7197,0.7727,0.7125
SEM_QA_0011,Semiconductors,single,3,w/o Structure,0.4648,0.3731,0.4367,0.3776
SEM_QA_0012,Semiconductors,single,3,w/o Structure,0.9871,0.8349,0.8868,0.868
SEM_QA_0013,Semiconductors,multi,3,w/o Structure,0.9576,0.995,0.9946,0.9533
SEM_QA_0014,Semiconductors,single,3,w/o Structure,0.9521,0.995,0.9946,0.8685
SEM_QA_0015,Semiconductors,multi,3,w/o Structure,0.995,0.995,0.9517,0.9375
SEM_QA_0016,Semiconductors,single,3,w/o Structure,0.739,0.6534,0.6843,0.6044
SEM_QA_0017,Semiconductors,single,3,w/o Structure,0.9476,0.9711,0.9236,0.8677
SEM_QA_0018,Semiconductors,multi,3,w/o Structure,0.9209,0.8601,0.9292,0.8694
SEM_QA_0019,Semiconductors,single,3,w/o Structure,0.9777,0.995,0.9595,0.995
SEM_QA_0020,Semiconductors,single,3,w/o Structure,0.7741,0.9391,0.869,0.8721
SEM_QA_0021,Semiconductors,single,3,w/o Structure,0.8494,0.8616,0.9232,0.8768
SEM_QA_0022,Semiconductors,single,3,w/o Structure,0.9032,0.9404,0.9294,0.9916
SEM_QA_0023,Semiconductors,single,3,w/o Structure,0.7269,0.6288,0.8097,0.8297
SEM_QA_0024,Semiconductors,multi,3,w/o Structure,0.5309,0.5538,0.6342,0.6216
SEM_QA_0025,Semiconductors,single,3,w/o Structure,0.8567,0.9412,0.9768,0.8921
SEM_QA_0026,Semiconductors,single,3,w/o Structure,0.9412,0.8744,0.9946,0.9229
SEM_QA_0027,Semiconductors,single,3,w/o Structure,0.9849,0.934,0.9414,0.965
SEM_QA_0028,Semiconductors,multi,3,w/o Structure,0.995,0.9568,0.9946,0.8811
SEM_QA_0029,Semiconductors,single,3,w/o Structure,0.8841,0.8428,0.9455,0.9222
SEM_QA_0030,Semiconductors,single,3,w/o Structure,0.8351,0.8374,0.8257,0.8304
SEM_QA_0031,Semiconductors,multi,3,w/o Structure,0.995,0.9787,0.9934,0.9481
SEM_QA_0032,Semiconductors,single,3,w/o Structure,0.8993,0.8881,0.9551,0.8752
SEM_QA_0033,Semiconductors,multi,3,w/o Structure,0.7605,0.6982,0.6332,0.7288
SEM_QA_0034,Semiconductors,multi,3,w/o Structure,0.8014,0.8124,0.7231,0.6967
SEM_QA_0035,Semiconductors,single,3,w/o Structure,0.995,0.995,0.9526,0.995
SEM_QA_0036,Semiconductors,single,3,w/o Structure,0.9657,0.9708,0.9296,0.8973
SEM_QA_0037,Semiconductors,multi,3,w/o Structure,0.995,0.9802,0.986,0.995
SEM_QA_0038,Semiconductors,single,3,w/o Structure,0.6949,0.4643,0.6101,0.6635
SEM_QA_0039,Semiconductors,multi,3,w/o Structure,0.6632,0.7292,0.7448,0.6808
SEM_QA_0040,Semiconductors,multi,3,w/o Structure,0.949,0.9064,0.953,0.8745
SEM_QA_0041,Semiconductors,single,3,w/o Structure,0.8912,0.8328,0.9832,0.8285
SEM_QA_0042,Semiconductors,multi,3,w/o Structure,0.9877,0.9718,0.9627,0.9619
SEM_QA_0043,Semiconductors,multi,3,w/o Structure,0.7811,0.9065,0.7151,0.7482
SEM_QA_0044,Semiconductors,multi,3,w/o Structure,0.6655,0.7485,0.7216,0.7052
SEM_QA_0045,Semiconductors,single,3,w/o Structure,0.8934,0.8771,0.9477,0.8847
SEM_QA_0046,Semiconductors,single,3,w/o Structure,0.7449,0.7808,0.8824,0.8162
SEM_QA_0047,Semiconductors,single,3,w/o Structure,0.9659,0.995,0.9268,0.9041
SEM_QA_0048,Semiconductors,multi,3,w/o Structure,0.8884,0.9003,0.8233,0.8703
SEM_QA_0049,Semiconductors,multi,3,w/o Structure,0.675,0.4898,0.5423,0.6512
SEM_QA_0050,Semiconductors,single,3,w/o Structure,0.6844,0.8146,0.7419,0.6877
SEM_QA_0051,Semiconductors,single,3,w/o Structure,0.8704,0.9154,0.9747,0.9483
SEM_QA_0052,Semiconductors,single,3,w/o Structure,0.9437,0.995,0.9946,0.9814
SEM_QA_0053,Semiconductors,single,3,w/o Structure,0.6831,0.7645,0.8045,0.7003
SEM_QA_0054,Semiconductors,single,3,w/o Structure,0.6994,0.6376,0.7311,0.6676
SEM_QA_0055,Semiconductors,multi,3,w/o Structure,0.6146,0.6135,0.5649,0.5924
SEM_QA_0056,Semiconductors,multi,3,w/o Structure,0.9729,0.995,0.96,0.9433
SEM_QA_0057,Semiconductors,multi,3,w/o Structure,0.833,0.7775,0.8176,0.7572
SEM_QA_0058,Semiconductors,multi,3,w/o Structure,0.9844,0.995,0.9946,0.995
SEM_QA_0059,Semiconductors,single,3,w/o Structure,0.7575,0.6515,0.7586,0.7428
SEM_QA_0060,Semiconductors,single,3,w/o Structure,0.8156,0.6342,0.81,0.744
SEM_QA_0061,Semiconductors,single,3,w/o Structure,0.9342,0.9917,0.9946,0.9682
SEM_QA_0062,Semiconductors,single,3,w/o Structure,0.9801,0.995,0.9535,0.8983
SEM_QA_0063,Semiconductors,multi,3,w/o Structure,0.9807,0.9879,0.9564,0.9357
SEM_QA_0064,Semiconductors,multi,3,w/o Structure,0.7066,0.8319,0.7555,0.7021
SEM_QA_0065,Semiconductors,single,3,w/o Structure,0.6578,0.6938,0.7746,0.8136
SEM_QA_0066,Semiconductors,multi,3,w/o Structure,0.8127,0.995,0.9491,0.9147
SEM_QA_0067,Semiconductors,single,3,w/o Structure,0.9601,0.9696,0.974,0.995
SEM_QA_0068,Semiconductors,multi,3,w/o Structure,0.9665,0.9749,0.9878,0.995
SEM_QA_0069,Semiconductors,multi,3,w/o Structure,0.8836,0.8164,0.7753,0.8337
SEM_QA_0070,Semiconductors,single,3,w/o Structure,0.995,0.995,0.9472,0.9511
SEM_QA_0071,Semiconductors,single,3,w/o Structure,0.9255,0.9528,0.9386,0.9386
SEM_QA_0072,Semiconductors,single,3,w/o Structure,0.8107,0.9091,0.8899,0.8169
SEM_QA_0073,Semiconductors,single,3,w/o Structure,0.992,0.995,0.9668,0.9697
SEM_QA_0074,Semiconductors,single,3,w/o Structure,0.9434,0.9328,0.9418,0.8645
SEM_QA_0075,Semiconductors,single,3,w/o Structure,0.8466,0.9927,0.9228,0.9133
SEM_QA_0076,Semiconductors,multi,3,w/o Structure,0.6828,0.7026,0.7809,0.775
SEM_QA_0077,Semiconductors,single,3,w/o Structure,0.9631,0.9018,0.9133,0.8431
SEM_QA_0078,Semiconductors,single,3,w/o Structure,0.9706,0.9786,0.9946,0.9717
SEM_QA_0079,Semiconductors,multi,3,w/o Structure,0.9748,0.8856,0.856,0.8062
SEM_QA_0080,Semiconductors,single,3,w/o Structure,0.9745,0.8964,0.9867,0.8155
SEM_QA_0081,Semiconductors,single,3,w/o Structure,0.9492,0.9284,0.9112,0.933
SEM_QA_0082,Semiconductors,single,3,w/o Structure,0.995,0.995,0.9609,0.995
SEM_QA_0083,Semiconductors,single,3,w/o Structure,0.6161,0.598,0.4888,0.5445
SEM_QA_0084,Semiconductors,multi,3,w/o Structure,0.8416,0.8649,0.9214,0.8646
SEM_QA_0085,Semiconductors,single,3,w/o Structure,0.995,0.995,0.9903,0.995
SEM_QA_0086,Semiconductors,multi,3,w/o Structure,0.6182,0.7317,0.8246,0.6646
SEM_QA_0087,Semiconductors,multi,3,w/o Structure,0.8594,0.9253,0.8423,0.8641
SEM_QA_0088,Semiconductors,single,3,w/o Structure,0.7959,0.8905,0.9339,0.8969
SEM_QA_0089,Semiconductors,single,3,w/o Structure,0.9018,0.8729,0.8684,0.935
SEM_QA_0090,Semiconductors,single,3,w/o Structure,0.8809,0.995,0.9753,0.9353
SEM_QA_0091,Semiconductors,single,3,w/o Structure,0.7086,0.5557,0.7187,0.7799
SEM_QA_0092,Semiconductors,single,3,w/o Structure,0.7917,0.8838,0.9097,0.7435
SEM_QA_0093,Semiconductors,single,3,w/o Structure,0.9862,0.995,0.9902,0.944
SEM_QA_0094,Semiconductors,single,3,w/o Structure,0.9569,0.995,0.9946,0.9751
SEM_QA_0095,Semiconductors,multi,3,w/o Structure,0.6893,0.7132,0.6224,0.7172
SEM_QA_0096,Semiconductors,multi,3,w/o Structure,0.995,0.9457,0.9863,0.9604
SEM_QA_0097,Semiconductors,single,3,w/o Structure,0.995,0.995,0.9946,0.9742
SEM_QA_0098,Semiconductors,single,3,w/o Structure,0.9651,0.995,0.9661,0.9264
SEM_QA_0099,Semiconductors,single,3,w/o Structure,0.995,0.9818,0.985,0.9408
SEM_QA_0100,Semiconductors,multi,3,w/o Structure,0.9138,0.9554,0.9176,0.8592
SEM_QA_0101,Semiconductors,single,3,w/o Structure,0.9509,0.9853,0.9492,0.9638
SEM_QA_0102,Semiconductors,single,3,w/o Structure,0.9267,0.9023,0.9356,0.9346
SEM_QA_0103,Semiconductors,multi,3,w/o Structure,0.9564,0.995,0.9946,0.995
SEM_QA_0104,Semiconductors,single,3,w/o Structure,0.823,0.7045,0.8028,0.7591
SEM_QA_0105,Semiconductors,multi,3,w/o Structure,0.7267,0.7596,0.8218,0.7878
SEM_QA_0106,Semiconductors,multi,3,w/o Structure,0.993,0.995,0.9778,0.9365
SEM_QA_0107,Semiconductors,single,3,w/o Structure,0.995,0.985,0.9603,0.9284
SEM_QA_0108,Semiconductors,multi,3,w/o Structure,0.6419,0.8045,0.7672,0.659
SEM_QA_0109,Semiconductors,single,3,w/o Structure,0.8999,0.9929,0.9519,0.9275
SEM_QA_0110,Semiconductors,multi,3,w/o Structure,0.5205,0.6619,0.7442,0.5848
SEM_QA_0111,Semiconductors,single,3,w/o Structure,0.9484,0.9662,0.9511,0.9799
SEM_QA_0112,Semiconductors,single,3,w/o Structure,0.907,0.9226,0.9561,0.8723
SEM_QA_0113,Semiconductors,single,3,w/o Structure,0.8114,0.9024,0.8081,0.6921
SEM_QA_0114,Semiconductors,single,3,w/o Structure,0.9691,0.9566,0.9366,0.9563
SEM_QA_0115,Semiconductors,multi,3,w/o Structure,0.8221,0.7412,0.6269,0.657
SEM_QA_0116,Semiconductors,single,3,w/o Structure,0.9871,0.995,0.9854,0.9425
SEM_QA_0117,Semiconductors,multi,3,w/o Structure,0.9518,0.9846,0.9824,0.9864
SEM_QA_0118,Semiconductors,single,3,w/o Structure,0.9654,0.9861,0.9752,0.9653
SEM_QA_0119,Semiconductors,single,3,w/o Structure,0.9921,0.9781,0.9946,0.9639
SEM_QA_0120,Semiconductors,single,3,w/o Structure,0.8369,0.8827,0.6882,0.7425
SEM_QA_0121,Semiconductors,single,3,w/o Structure,0.4082,0.5794,0.6233,0.648
SEM_QA_0122,Semiconductors,single,3,w/o Structure,0.8825,0.9908,0.9674,0.9253
SEM_QA_0123,Semiconductors,single,3,w/o Structure,0.9049,0.995,0.9471,0.995
SEM_QA_0124,Semiconductors,single,3,w/o Structure,0.9664,0.9034,0.8421,0.9148
SEM_QA_0125,Semiconductors,single,3,w/o Structure,0.9892,0.995,0.9667,0.9723
SEM_QA_0126,Semiconductors,multi,3,w/o Structure,0.9139,0.9377,0.9946,0.9018
BAT_QA_0001,Batteries,single,3,w/o Structure,0.7607,0.7456,0.757,0.7848
BAT_QA_0002,Batteries,single,3,w/o Structure,0.995,0.9945,0.9946,0.9896
BAT_QA_0003,Batteries,multi,3,w/o Structure,0.8789,0.995,0.9822,0.9338
BAT_QA_0004,Batteries,single,3,w/o Structure,0.7461,0.995,0.9421,0.9335
BAT_QA_0005,Batteries,single,3,w/o Structure,0.995,0.995,0.9946,0.995
BAT_QA_0006,Batteries,single,3,w/o Structure,0.9913,0.995,0.956,0.9681
BAT_QA_0007,Batteries,multi,3,w/o Structure,0.9831,0.9502,0.8881,0.9853
BAT_QA_0008,Batteries,single,3,w/o Structure,0.995,0.995,0.9946,0.9633
BAT_QA_0009,Batteries,single,3,w/o Structure,0.9276,0.9496,0.9824,0.908
BAT_QA_0010,Batteries,single,3,w/o Structure,0.995,0.9169,0.9884,0.9426
BAT_QA_0011,Batteries,single,3,w/o Structure,0.9689,0.8402,0.8591,0.9591
BAT_QA_0012,Batteries,single,3,w/o Structure,0.8052,0.898,0.8781,0.8392
BAT_QA_0013,Batteries,single,3,w/o Structure,0.9734,0.9805,0.9693,0.9664
BAT_QA_0014,Batteries,multi,3,w/o Structure,0.937,0.8873,0.9498,0.995
BAT_QA_0015,Batteries,multi,3,w/o Structure,0.995,0.995,0.9946,0.9803
BAT_QA_0016,Batteries,single,3,w/o Structure,0.6462,0.5055,0.5442,0.5552
BAT_QA_0017,Batteries,multi,3,w/o Structure,0.6771,0.8508,0.8375,0.8462
BAT_QA_0018,Batteries,single,3,w/o Structure,0.5542,0.4799,0.4692,0.4873
BAT_QA_0019,Batteries,single,3,w/o Structure,0.9054,0.896,0.9859,0.9183
BAT_QA_0020,Batteries,single,3,w/o Structure,0.311,0.3478,0.1782,0.2815
BAT_QA_0021,Batteries,single,3,w/o Structure,0.6474,0.6245,0.6473,0.7036
BAT_QA_0022,Batteries,multi,3,w/o Structure,0.639,0.7101,0.658,0.7567
BAT_QA_0023,Batteries,single,3,w/o Structure,0.9658,0.946,0.9946,0.9858
BAT_QA_0024,Batteries,single,3,w/o Structure,0.9065,0.9245,0.9643,0.9158
BAT_QA_0025,Batteries,single,3,w/o Structure,0.9337,0.9619,0.886,0.9701
BAT_QA_0026,Batteries,multi,3,w/o Structure,0.7314,0.7747,0.8142,0.7185
BAT_QA_0027,Batteries,single,3,w/o Structure,0.995,0.995,0.9946,0.995
BAT_QA_0028,Batteries,single,3,w/o Structure,0.9606,0.9803,0.9664,0.902
BAT_QA_0029,Batteries,single,3,w/o Structure,0.9623,0.995,0.9883,0.9585
BAT_QA_0030,Batteries,single,3,w/o Structure,0.995,0.9791,0.925,0.995
BAT_QA_0031,Batteries,multi,3,w/o Structure,0.9759,0.995,0.9668,0.9687
BAT_QA_0032,Batteries,multi,3,w/o Structure,0.9601,0.9264,0.9366,0.9822
BAT_QA_0033,Batteries,single,3,w/o Structure,0.995,0.995,0.9898,0.9552
BAT_QA_0034,Batteries,single,3,w/o Structure,0.9138,0.9302,0.7776,0.7782
BAT_QA_0035,Batteries,multi,3,w/o Structure,0.9259,0.995,0.9946,0.9494
BAT_QA_0036,Batteries,single,3,w/o Structure,0.9935,0.995,0.9704,0.995
BAT_QA_0037,Batteries,multi,3,w/o Structure,0.7521,0.7731,0.7719,0.7842
BAT_QA_0038,Batteries,single,3,w/o Structure,0.995,0.8615,0.8911,0.9473
BAT_QA_0039,Batteries,multi,3,w/o Structure,0.7157,0.691,0.7023,0.8101
BAT_QA_0040,Batteries,single,3,w/o Structure,0.995,0.9859,0.9694,0.9722
BAT_QA_0041,Batteries,single,3,w/o Structure,0.8245,0.6701,0.7418,0.7705
BAT_QA_0042,Batteries,multi,3,w/o Structure,0.8685,0.8944,0.9041,0.976
BAT_QA_0043,Batteries,single,3,w/o Structure,0.9437,0.995,0.9728,0.9686
BAT_QA_0044,Batteries,single,3,w/o Structure,0.9388,0.9395,0.8863,0.8172
BAT_QA_0045,Batteries,multi,3,w/o Structure,0.995,0.995,0.9684,0.9594
BAT_QA_0046,Batteries,multi,3,w/o Structure,0.6774,0.7126,0.7996,0.5178
BAT_QA_0047,Batteries,single,3,w/o Structure,0.905,0.8715,0.8734,0.8978
BAT_QA_0048,Batteries,single,3,w/o Structure,0.995,0.9295,0.926,0.8834
BAT_QA_0049,Batteries,single,3,w/o Structure,0.8372,0.8966,0.8266,0.8692
BAT_QA_0050,Batteries,single,3,w/o Structure,0.8434,0.793,0.7792,0.8024
BAT_QA_0051,Batteries,single,3,w/o Structure,0.835,0.7679,0.7013,0.6773
BAT_QA_0052,Batteries,single,3,w/o Structure,0.8357,0.7699,0.7036,0.6882
BAT_QA_0053,Batteries,single,3,w/o Structure,0.7321,0.8567,0.7403,0.8131
BAT_QA_0054,Batteries,single,3,w/o Structure,0.963,0.995,0.9946,0.9666
BAT_QA_0055,Batteries,single,3,w/o Structure,0.7504,0.684,0.8402,0.7814
BAT_QA_0056,Batteries,single,3,w/o Structure,0.9292,0.9299,0.965,0.8816
BAT_QA_0057,Batteries,multi,3,w/o Structure,0.9872,0.9753,0.9087,0.9301
BAT_QA_0058,Batteries,single,3,w/o Structure,0.9693,0.9887,0.8301,0.8577
BAT_QA_0059,Batteries,single,3,w/o Structure,0.995,0.995,0.9946,0.995
BAT_QA_0060,Batteries,multi,3,w/o Structure,0.7082,0.6542,0.7376,0.7501
BAT_QA_0061,Batteries,single,3,w/o Structure,0.6765,0.686,0.7767,0.7465
BAT_QA_0062,Batteries,multi,3,w/o Structure,0.6408,0.5002,0.7292,0.6145
BAT_QA_0063,Batteries,single,3,w/o Structure,0.9879,0.995,0.8576,0.9374
BAT_QA_0064,Batteries,single,3,w/o Structure,0.966,0.995,0.9774,0.9553
BAT_QA_0065,Batteries,single,3,w/o Structure,0.995,0.995,0.974,0.9622
BAT_QA_0066,Batteries,single,3,w/o Structure,0.7229,0.6593,0.7119,0.6762
BAT_QA_0067,Batteries,single,3,w/o Structure,0.773,0.8393,0.7526,0.8174
BAT_QA_0068,Batteries,multi,3,w/o Structure,0.953,0.829,0.9746,0.8903
BAT_QA_0069,Batteries,single,3,w/o Structure,0.7156,0.6349,0.672,0.6591
BAT_QA_0070,Batteries,multi,3,w/o Structure,0.9218,0.885,0.9946,0.9463
BAT_QA_0071,Batteries,single,3,w/o Structure,0.9847,0.8242,0.8399,0.8925
BAT_QA_0072,Batteries,multi,3,w/o Structure,0.9698,0.916,0.9347,0.9364
BAT_QA_0073,Batteries,single,3,w/o Structure,0.995,0.995,0.9758,0.9716
BAT_QA_0074,Batteries,multi,3,w/o Structure,0.6589,0.6168,0.6358,0.6344
BAT_QA_0075,Batteries,single,3,w/o Structure,0.995,0.995,0.9946,0.9797
BAT_QA_0076,Batteries,multi,3,w/o Structure,0.7492,0.777,0.8007,0.6989
BAT_QA_0077,Batteries,single,3,w/o Structure,0.9946,0.995,0.9946,0.9678
BAT_QA_0078,Batteries,single,3,w/o Structure,0.8957,0.9034,0.9876,0.9358
BAT_QA_0079,Batteries,multi,3,w/o Structure,0.8277,0.7529,0.7553,0.6627
BAT_QA_0080,Batteries,single,3,w/o Structure,0.9657,0.995,0.9702,0.9527
BAT_QA_0081,Batteries,single,3,w/o Structure,0.9468,0.8947,0.8671,0.9248
BAT_QA_0082,Batteries,multi,3,w/o Structure,0.9472,0.8943,0.9946,0.9566
BAT_QA_0083,Batteries,single,3,w/o Structure,0.5214,0.6942,0.8329,0.6999
BAT_QA_0084,Batteries,single,3,w/o Structure,0.8844,0.8982,0.9475,0.9127
BAT_QA_0085,Batteries,multi,3,w/o Structure,0.7526,0.5492,0.623,0.667
BAT_QA_0086,Batteries,multi,3,w/o Structure,0.8543,0.9219,0.8775,0.8571
BAT_QA_0087,Batteries,single,3,w/o Structure,0.9916,0.995,0.9946,0.9895
BAT_QA_0088,Batteries,single,3,w/o Structure,0.8328,0.7766,0.7569,0.779
BAT_QA_0089,Batteries,single,3,w/o Structure,0.9688,0.995,0.9946,0.9588
BAT_QA_0090,Batteries,single,3,w/o Structure,0.9384,0.9256,0.9914,0.9299
BAT_QA_0091,Batteries,single,3,w/o Structure,0.995,0.995,0.9863,0.9851
BAT_QA_0092,Batteries,single,3,w/o Structure,0.7489,0.8372,0.7512,0.7833
BAT_QA_0093,Batteries,single,3,w/o Structure,0.839,0.7895,0.7431,0.8723
BAT_QA_0094,Batteries,single,3,w/o Structure,0.7449,0.6822,0.6524,0.7065
BAT_QA_0095,Batteries,single,3,w/o Structure,0.9928,0.995,0.8064,0.9277
BAT_QA_0096,Batteries,single,3,w/o Structure,0.995,0.995,0.9589,0.9763
BAT_QA_0097,Batteries,multi,3,w/o Structure,0.7734,0.5465,0.6623,0.744
BAT_QA_0098,Batteries,multi,3,w/o Structure,0.7658,0.6793,0.7757,0.7293
BAT_QA_0099,Batteries,single,3,w/o Structure,0.8183,0.7767,0.9007,0.8529
BAT_QA_0100,Batteries,multi,3,w/o Structure,0.9732,0.9243,0.9513,0.8753
BAT_QA_0101,Batteries,single,3,w/o Structure,0.925,0.9603,0.9925,0.8533
BAT_QA_0102,Batteries,multi,3,w/o Structure,0.9347,0.87,0.8589,0.9267
BAT_QA_0103,Batteries,single,3,w/o Structure,0.955,0.9092,0.9409,0.969
BAT_QA_0104,Batteries,multi,3,w/o Structure,0.7263,0.8368,0.7715,0.8696
BAT_QA_0105,Batteries,single,3,w/o Structure,0.8512,0.8027,0.7877,0.8179
BAT_QA_0106,Batteries,multi,3,w/o Structure,0.8525,0.8492,0.8808,0.8173
BAT_QA_0107,Batteries,multi,3,w/o Structure,0.7855,0.7667,0.8057,0.8791
BAT_QA_0108,Batteries,single,3,w/o Structure,0.9583,0.8674,0.8423,0.7952
BAT_QA_0109,Batteries,single,3,w/o Structure,0.8248,0.7884,0.6989,0.8349
BAT_QA_0110,Batteries,single,3,w/o Structure,0.9217,0.7982,0.8722,0.847
BAT_QA_0111,Batteries,multi,3,w/o Structure,0.995,0.995,0.9698,0.9588
BAT_QA_0112,Batteries,single,3,w/o Structure,0.9853,0.9841,0.982,0.9418
BAT_QA_0113,Batteries,multi,3,w/o Structure,0.9145,0.8379,0.9946,0.9194
BAT_QA_0114,Batteries,multi,3,w/o Structure,0.7761,0.7394,0.7728,0.6384
BAT_QA_0115,Batteries,multi,3,w/o Structure,0.956,0.995,0.9773,0.9422
BAT_QA_0116,Batteries,single,3,w/o Structure,0.9346,0.995,0.9929,0.9203
BAT_QA_0117,Batteries,multi,3,w/o Structure,0.6703,0.6933,0.8024,0.7288
BAT_QA_0118,Batteries,single,3,w/o Structure,0.9056,0.8201,0.8542,0.8528
BAT_QA_0119,Batteries,single,3,w/o Structure,0.7,0.6719,0.6429,0.5647
BAT_QA_0120,Batteries,single,3,w/o Structure,0.898,0.9408,0.8246,0.8643
BAT_QA_0121,Batteries,single,3,w/o Structure,0.9119,0.8073,0.8459,0.8834
BAT_QA_0122,Batteries,single,3,w/o Structure,0.924,0.937,0.9575,0.9587
BAT_QA_0123,Batteries,single,3,w/o Structure,0.982,0.995,0.9265,0.9286
BAT_QA_0124,Batteries,single,3,w/o Structure,0.7316,0.6834,0.6739,0.7073
SUP_QA_0001,Superalloys,single,1,w/o Multimodal,0.835,0.7926,0.7542,0.88
SUP_QA_0002,Superalloys,multi,1,w/o Multimodal,0.9808,0.9891,0.9623,0.9302
SUP_QA_0003,Superalloys,multi,1,w/o Multimodal,0.7693,0.6573,0.68,0.7494
SUP_QA_0004,Superalloys,multi,1,w/o Multimodal,0.6302,0.7294,0.8149,0.8942
SUP_QA_0005,Superalloys,single,1,w/o Multimodal,0.6668,0.6405,0.6627,0.7348
SUP_QA_0006,Superalloys,single,1,w/o Multimodal,0.9796,0.9833,0.8037,0.9874
SUP_QA_0007,Superalloys,single,1,w/o Multimodal,0.9769,0.9891,0.9588,0.9361
SUP_QA_0008,Superalloys,single,1,w/o Multimodal,0.995,0.9366,0.9673,0.9619
SUP_QA_0009,Superalloys,single,1,w/o Multimodal,0.995,0.9891,0.9359,0.9399
SUP_QA_0010,Superalloys,single,1,w/o Multimodal,0.8379,0.8694,0.9314,0.9479
SUP_QA_0011,Superalloys,single,1,w/o Multimodal,0.995,0.8275,0.9389,0.8609
SUP_QA_0012,Superalloys,single,1,w/o Multimodal,0.8227,0.7812,0.817,0.8798
SUP_QA_0013,Superalloys,multi,1,w/o Multimodal,0.8118,0.6816,0.7636,0.7774
SUP_QA_0014,Superalloys,single,1,w/o Multimodal,0.8861,0.7336,0.9131,0.8663
SUP_QA_0015,Superalloys,single,1,w/o Multimodal,0.947,0.8654,0.8865,0.9678
SUP_QA_0016,Superalloys,single,1,w/o Multimodal,0.8881,0.7475,0.7495,0.8803
SUP_QA_0017,Superalloys,single,1,w/o Multimodal,0.995,0.962,0.9582,0.9682
SUP_QA_0018,Superalloys,single,1,w/o Multimodal,0.9946,0.9613,0.9167,0.9591
SUP_QA_0019,Superalloys,single,1,w/o Multimodal,0.9684,0.9774,0.9541,0.9867
SUP_QA_0020,Superalloys,single,1,w/o Multimodal,0.995,0.9624,0.9323,0.9874
SUP_QA_0021,Superalloys,multi,1,w/o Multimodal,0.9508,0.9866,0.9366,0.9841
SUP_QA_0022,Superalloys,single,1,w/o Multimodal,0.9013,0.7905,0.7838,0.8761
SUP_QA_0023,Superalloys,single,1,w/o Multimodal,0.9297,0.9824,0.924,0.9253
SUP_QA_0024,Superalloys,single,1,w/o Multimodal,0.8364,0.8239,0.889,0.954
SUP_QA_0025,Superalloys,single,1,w/o Multimodal,0.8808,0.9621,0.9436,0.9874
SUP_QA_0026,Superalloys,single,1,w/o Multimodal,0.927,0.957,0.9892,0.986
SUP_QA_0027,Superalloys,multi,1,w/o Multimodal,0.6706,0.6475,0.7322,0.6589
SUP_QA_0028,Superalloys,multi,1,w/o Multimodal,0.9847,0.9467,0.9182,0.9371
SUP_QA_0029,Superalloys,single,1,w/o Multimodal,0.8603,0.8235,0.9073,0.8798
SUP_QA_0030,Superalloys,multi,1,w/o Multimodal,0.7551,0.6934,0.6604,0.8054
SUP_QA_0031,Superalloys,single,1,w/o Multimodal,0.9854,0.9891,0.9478,0.9874
SUP_QA_0032,Superalloys,single,1,w/o Multimodal,0.8352,0.704,0.8878,0.9481
SUP_QA_0033,Superalloys,single,1,w/o Multimodal,0.8337,0.7267,0.8755,0.8879
SUP_QA_0034,Superalloys,multi,1,w/o Multimodal,0.995,0.9495,0.7144,0.9508
SUP_QA_0035,Superalloys,single,1,w/o Multimodal,0.9682,0.9481,0.974,0.9744
SUP_QA_0036,Superalloys,single,1,w/o Multimodal,0.9734,0.9593,0.9601,0.9657
SUP_QA_0037,Superalloys,single,1,w/o Multimodal,0.9331,0.9487,0.937,0.9874
SUP_QA_0038,Superalloys,single,1,w/o Multimodal,0.9835,0.9891,0.9893,0.9344
SUP_QA_0039,Superalloys,single,1,w/o Multimodal,0.995,0.743,0.8097,0.921
SUP_QA_0040,Superalloys,multi,1,w/o Multimodal,0.981,0.9891,0.9145,0.9566
SUP_QA_0041,Superalloys,single,1,w/o Multimodal,0.995,0.9891,0.9574,0.9539
SUP_QA_0042,Superalloys,single,1,w/o Multimodal,0.9602,0.9325,0.9347,0.9874
SUP_QA_0043,Superalloys,single,1,w/o Multimodal,0.8081,0.704,0.731,0.9346
SUP_QA_0044,Superalloys,multi,1,w/o Multimodal,0.9541,0.7868,0.8464,0.9525
SUP_QA_0045,Superalloys,single,1,w/o Multimodal,0.7783,0.7257,0.729,0.8387
SUP_QA_0046,Superalloys,single,1,w/o Multimodal,0.6594,0.5443,0.5651,0.7128
SUP_QA_0047,Superalloys,multi,1,w/o Multimodal,0.9076,0.8006,0.8655,0.9219
SUP_QA_0048,Superalloys,single,1,w/o Multimodal,0.9669,0.9392,0.9654,0.9869
SUP_QA_0049,Superalloys,multi,1,w/o Multimodal,0.7696,0.7688,0.887,0.8604
SUP_QA_0050,Superalloys,single,1,w/o Multimodal,0.9572,0.9002,0.9518,0.9736
SUP_QA_0051,Superalloys,single,1,w/o Multimodal,0.9922,0.9544,0.9339,0.9511
SUP_QA_0052,Superalloys,single,1,w/o Multimodal,0.8335,0.788,0.7339,0.8978
SUP_QA_0053,Superalloys,single,1,w/o Multimodal,0.9093,0.725,0.8496,0.9577
SUP_QA_0054,Superalloys,multi,1,w/o Multimodal,0.9339,0.8738,0.8988,0.9785
SUP_QA_0055,Superalloys,single,1,w/o Multimodal,0.8099,0.7201,0.779,0.8847
SUP_QA_0056,Superalloys,single,1,w/o Multimodal,0.851,0.8482,0.9037,0.8664
SUP_QA_0057,Superalloys,single,1,w/o Multimodal,0.8298,0.8707,0.8021,0.8773
SUP_QA_0058,Superalloys,single,1,w/o Multimodal,0.8394,0.8574,0.8165,0.9532
SUP_QA_0059,Superalloys,single,1,w/o Multimodal,0.9369,0.952,0.9401,0.9048
SUP_QA_0060,Superalloys,single,1,w/o Multimodal,0.6975,0.5506,0.6873,0.6973
SUP_QA_0061,Superalloys,single,1,w/o Multimodal,0.7869,0.8554,0.9222,0.8616
SUP_QA_0062,Superalloys,multi,1,w/o Multimodal,0.5361,0.4168,0.5633,0.6706
SUP_QA_0063,Superalloys,single,1,w/o Multimodal,0.9767,0.9703,0.952,0.9496
SUP_QA_0064,Superalloys,multi,1,w/o Multimodal,0.9853,0.9669,0.9893,0.9731
SUP_QA_0065,Superalloys,single,1,w/o Multimodal,0.995,0.9668,0.9688,0.963
SUP_QA_0066,Superalloys,single,1,w/o Multimodal,0.9801,0.9391,0.9182,0.9187
SUP_QA_0067,Superalloys,multi,1,w/o Multimodal,0.9184,0.7278,0.8619,0.9179
SUP_QA_0068,Superalloys,single,1,w/o Multimodal,0.9782,0.9711,0.9804,0.9623
SUP_QA_0069,Superalloys,single,1,w/o Multimodal,0.8543,0.8224,0.8637,0.8653
SUP_QA_0070,Superalloys,multi,1,w/o Multimodal,0.7512,0.6768,0.8001,0.8253
SUP_QA_0071,Superalloys,single,1,w/o Multimodal,0.9304,0.7142,0.8465,0.9378
SUP_QA_0072,Superalloys,multi,1,w/o Multimodal,0.9066,0.7942,0.9527,0.9389
SUP_QA_0073,Superalloys,multi,1,w/o Multimodal,0.6071,0.5227,0.4942,0.6611
SUP_QA_0074,Superalloys,multi,1,w/o Multimodal,0.95,0.8555,0.907,0.9779
SUP_QA_0075,Superalloys,single,1,w/o Multimodal,0.9271,0.8429,0.9187,0.9124
SUP_QA_0076,Superalloys,single,1,w/o Multimodal,0.8731,0.7948,0.8175,0.9257
SUP_QA_0077,Superalloys,multi,1,w/o Multimodal,0.995,0.9881,0.9391,0.9874
SUP_QA_0078,Superalloys,single,1,w/o Multimodal,0.5526,0.5182,0.5443,0.6063
SUP_QA_0079,Superalloys,single,1,w/o Multimodal,0.9604,0.8333,0.9893,0.9685
SUP_QA_0080,Superalloys,multi,1,w/o Multimodal,0.926,0.9401,0.9659,0.9874
SUP_QA_0081,Superalloys,multi,1,w/o Multimodal,0.7719,0.6704,0.7865,0.8137
SUP_QA_0082,Superalloys,multi,1,w/o Multimodal,0.9813,0.9891,0.9799,0.9874
SUP_QA_0083,Superalloys,single,1,w/o Multimodal,0.674,0.5819,0.7083,0.5349
SUP_QA_0084,Superalloys,single,1,w/o Multimodal,0.9685,0.9628,0.8882,0.9346
SUP_QA_0085,Superalloys,single,1,w/o Multimodal,0.995,0.9891,0.9851,0.9824
SUP_QA_0086,Superalloys,single,1,w/o Multimodal,0.9678,0.9891,0.9799,0.9696
SUP_QA_0087,Superalloys,multi,1,w/o Multimodal,0.995,0.9439,0.9079,0.9715
SUP_QA_0088,Superalloys,single,1,w/o Multimodal,0.8156,0.8132,0.7985,0.8974
SUP_QA_0089,Superalloys,single,1,w/o Multimodal,0.995,0.8408,0.8897,0.963
SUP_QA_0090,Superalloys,single,1,w/o Multimodal,0.7107,0.7792,0.8926,0.9275
SUP_QA_0091,Superalloys,multi,1,w/o Multimodal,0.9222,0.7068,0.7853,0.8889
SUP_QA_0092,Superalloys,single,1,w/o Multimodal,0.6217,0.405,0.5535,0.7073
SUP_QA_0093,Superalloys,multi,1,w/o Multimodal,0.9484,0.8902,0.9156,0.9874
SUP_QA_0094,Superalloys,multi,1,w/o Multimodal,0.995,0.964,0.9713,0.982
SUP_QA_0095,Superalloys,multi,1,w/o Multimodal,0.9577,0.7121,0.7437,0.9121
SUP_QA_0096,Superalloys,single,1,w/o Multimodal,0.9518,0.9733,0.9799,0.9873
SUP_QA_0097,Superalloys,multi,1,w/o Multimodal,0.84,0.7848,0.75,0.9259
SUP_QA_0098,Superalloys,single,1,w/o Multimodal,0.5772,0.5373,0.5399,0.6302
SUP_QA_0099,Superalloys,single,1,w/o Multimodal,0.9483,0.9742,0.8875,0.9587
SUP_QA_0100,Superalloys,multi,1,w/o Multimodal,0.5648,0.4813,0.6315,0.6722
SUP_QA_0101,Superalloys,single,1,w/o Multimodal,0.8435,0.8583,0.9103,0.8866
SUP_QA_0102,Superalloys,multi,1,w/o Multimodal,0.9739,0.9326,0.8159,0.9081
SUP_QA_0103,Superalloys,multi,1,w/o Multimodal,0.9367,0.9827,0.9396,0.9496
SUP_QA_0104,Superalloys,single,1,w/o Multimodal,0.7491,0.7384,0.8135,0.8281
SUP_QA_0105,Superalloys,single,1,w/o Multimodal,0.9864,0.9706,0.9045,0.9663
SUP_QA_0106,Superalloys,single,1,w/o Multimodal,0.8792,0.7862,0.8135,0.9134
SUP_QA_0107,Superalloys,single,1,w/o Multimodal,0.8443,0.7723,0.8643,0.87
SUP_QA_0108,Superalloys,single,1,w/o Multimodal,0.8962,0.8864,0.8717,0.9256
SUP_QA_0109,Superalloys,single,1,w/o Multimodal,0.8712,0.901,0.8285,0.9207
SUP_QA_0110,Superalloys,single,1,w/o Multimodal,0.9607,0.9891,0.9441,0.9442
SUP_QA_0111,Superalloys,single,1,w/o Multimodal,0.9299,0.8086,0.7933,0.9097
SUP_QA_0112,Superalloys,multi,1,w/o Multimodal,0.9639,0.9638,0.9591,0.943
SUP_QA_0113,Superalloys,single,1,w/o Multimodal,0.8294,0.8581,0.7622,0.9797
SUP_QA_0114,Superalloys,single,1,w/o Multimodal,0.5276,0.4735,0.4563,0.5961
SUP_QA_0115,Superalloys,multi,1,w/o Multimodal,0.8457,0.8915,0.9234,0.8905
SUP_QA_0116,Superalloys,multi,1,w/o Multimodal,0.995,0.9257,0.9035,0.9874
SUP_QA_0117,Superalloys,multi,1,w/o Multimodal,0.9076,0.9118,0.8951,0.9679
SUP_QA_0118,Superalloys,single,1,w/o Multimodal,0.8249,0.7881,0.8782,0.9625
SUP_QA_0119,Superalloys,single,1,w/o Multimodal,0.9744,0.952,0.9831,0.927
SUP_QA_0120,Superalloys,single,1,w/o Multimodal,0.7791,0.632,0.6706,0.8447
SUP_QA_0121,Superalloys,single,1,w/o Multimodal,0.6512,0.6316,0.6279,0.6337
SUP_QA_0122,Superalloys,single,1,w/o Multimodal,0.9464,0.978,0.9185,0.9581
SUP_QA_0123,Superalloys,single,1,w/o Multimodal,0.995,0.968,0.9893,0.9291
SUP_QA_0124,Superalloys,single,1,w/o Multimodal,0.5928,0.6265,0.6023,0.7661
SUP_QA_0125,Superalloys,multi,1,w/o Multimodal,0.828,0.899,0.7516,0.9564
SUP_QA_0126,Superalloys,multi,1,w/o Multimodal,0.7348,0.5996,0.7969,0.6694
SUP_QA_0127,Superalloys,single,1,w/o Multimodal,0.9728,0.9462,0.9323,0.9874
SUP_QA_0128,Superalloys,multi,1,w/o Multimodal,0.9048,0.8986,0.9365,0.9248
SUP_QA_0129,Superalloys,multi,1,w/o Multimodal,0.6319,0.7431,0.9211,0.8425
SUP_QA_0130,Superalloys,multi,1,w/o Multimodal,0.9408,0.9891,0.9557,0.9588
SUP_QA_0131,Superalloys,single,1,w/o Multimodal,0.9658,0.8486,0.9514,0.9565
SUP_QA_0132,Superalloys,multi,1,w/o Multimodal,0.9256,0.9377,0.9273,0.8981
SEM_QA_0001,Semiconductors,single,1,w/o Multimodal,0.7703,0.9193,0.8925,0.8427
SEM_QA_0002,Semiconductors,single,1,w/o Multimodal,0.985,0.818,0.8725,0.9227
SEM_QA_0003,Semiconductors,single,1,w/o Multimodal,0.7761,0.786,0.6846,0.8853
SEM_QA_0004,Semiconductors,single,1,w/o Multimodal,0.963,0.9472,0.9167,0.9564
SEM_QA_0005,Semiconductors,multi,1,w/o Multimodal,0.9456,0.7858,0.8175,0.8958
SEM_QA_0006,Semiconductors,multi,1,w/o Multimodal,0.7572,0.7954,0.7734,0.8019
SEM_QA_0007,Semiconductors,single,1,w/o Multimodal,0.7694,0.8328,0.808,0.875
SEM_QA_0008,Semiconductors,single,1,w/o Multimodal,0.7211,0.7863,0.8384,0.7833
SEM_QA_0009,Semiconductors,single,1,w/o Multimodal,0.9751,0.9891,0.9017,0.9748
SEM_QA_0010,Semiconductors,single,1,w/o Multimodal,0.7516,0.7061,0.6679,0.7167
SEM_QA_0011,Semiconductors,single,1,w/o Multimodal,0.473,0.3173,0.3857,0.5242
SEM_QA_0012,Semiconductors,single,1,w/o Multimodal,0.995,0.8282,0.717,0.8752
SEM_QA_0013,Semiconductors,multi,1,w/o Multimodal,0.9733,0.939,0.9295,0.9874
SEM_QA_0014,Semiconductors,single,1,w/o Multimodal,0.9599,0.9891,0.9405,0.9532
SEM_QA_0015,Semiconductors,multi,1,w/o Multimodal,0.9809,0.9881,0.9071,0.9478
SEM_QA_0016,Semiconductors,single,1,w/o Multimodal,0.695,0.5899,0.586,0.7797
SEM_QA_0017,Semiconductors,single,1,w/o Multimodal,0.8822,0.9346,0.906,0.9259
SEM_QA_0018,Semiconductors,multi,1,w/o Multimodal,0.9147,0.7792,0.7686,0.9031
SEM_QA_0019,Semiconductors,single,1,w/o Multimodal,0.9655,0.9823,0.9263,0.9874
SEM_QA_0020,Semiconductors,single,1,w/o Multimodal,0.859,0.892,0.9115,0.9326
SEM_QA_0021,Semiconductors,single,1,w/o Multimodal,0.8994,0.8231,0.9212,0.9652
SEM_QA_0022,Semiconductors,single,1,w/o Multimodal,0.9834,0.9694,0.9365,0.9652
SEM_QA_0023,Semiconductors,single,1,w/o Multimodal,0.7027,0.645,0.7444,0.9318
SEM_QA_0024,Semiconductors,multi,1,w/o Multimodal,0.6994,0.5863,0.4557,0.6755
SEM_QA_0025,Semiconductors,single,1,w/o Multimodal,0.9003,0.8368,0.9403,0.9602
SEM_QA_0026,Semiconductors,single,1,w/o Multimodal,0.9395,0.9684,0.959,0.958
SEM_QA_0027,Semiconductors,single,1,w/o Multimodal,0.9723,0.9596,0.9769,0.9874
SEM_QA_0028,Semiconductors,multi,1,w/o Multimodal,0.9738,0.9891,0.8664,0.9716
SEM_QA_0029,Semiconductors,single,1,w/o Multimodal,0.9132,0.8001,0.8973,0.8917
SEM_QA_0030,Semiconductors,single,1,w/o Multimodal,0.7647,0.7021,0.7511,0.8279
SEM_QA_0031,Semiconductors,multi,1,w/o Multimodal,0.984,0.9609,0.9469,0.9693
SEM_QA_0032,Semiconductors,single,1,w/o Multimodal,0.9354,0.8348,0.802,0.9026
SEM_QA_0033,Semiconductors,multi,1,w/o Multimodal,0.7503,0.7045,0.6603,0.7317
SEM_QA_0034,Semiconductors,multi,1,w/o Multimodal,0.7588,0.8447,0.6506,0.7844
SEM_QA_0035,Semiconductors,single,1,w/o Multimodal,0.983,0.9849,0.9031,0.95
SEM_QA_0036,Semiconductors,single,1,w/o Multimodal,0.9822,0.9622,0.9419,0.9651
SEM_QA_0037,Semiconductors,multi,1,w/o Multimodal,0.972,0.9891,0.936,0.9761
SEM_QA_0038,Semiconductors,single,1,w/o Multimodal,0.7124,0.4838,0.5124,0.7679
SEM_QA_0039,Semiconductors,multi,1,w/o Multimodal,0.6717,0.6618,0.6081,0.7364
SEM_QA_0040,Semiconductors,multi,1,w/o Multimodal,0.8742,0.8558,0.8796,0.8723
SEM_QA_0041,Semiconductors,single,1,w/o Multimodal,0.8878,0.8278,0.9893,0.9364
SEM_QA_0042,Semiconductors,multi,1,w/o Multimodal,0.97,0.9426,0.9425,0.9765
SEM_QA_0043,Semiconductors,multi,1,w/o Multimodal,0.7926,0.82,0.6839,0.8285
SEM_QA_0044,Semiconductors,multi,1,w/o Multimodal,0.7047,0.7025,0.6556,0.8036
SEM_QA_0045,Semiconductors,single,1,w/o Multimodal,0.9242,0.9108,0.8921,0.9206
SEM_QA_0046,Semiconductors,single,1,w/o Multimodal,0.7552,0.7266,0.7619,0.8506
SEM_QA_0047,Semiconductors,single,1,w/o Multimodal,0.9741,0.9287,0.9547,0.9408
SEM_QA_0048,Semiconductors,multi,1,w/o Multimodal,0.8506,0.822,0.7844,0.9208
SEM_QA_0049,Semiconductors,multi,1,w/o Multimodal,0.5461,0.5425,0.4759,0.7251
SEM_QA_0050,Semiconductors,single,1,w/o Multimodal,0.7615,0.8143,0.6699,0.7388
SEM_QA_0051,Semiconductors,single,1,w/o Multimodal,0.9224,0.9408,0.9423,0.9636
SEM_QA_0052,Semiconductors,single,1,w/o Multimodal,0.9496,0.9435,0.9681,0.9535
SEM_QA_0053,Semiconductors,single,1,w/o Multimodal,0.6612,0.7338,0.6605,0.6778
SEM_QA_0054,Semiconductors,single,1,w/o Multimodal,0.7029,0.5831,0.664,0.7024
SEM_QA_0055,Semiconductors,multi,1,w/o Multimodal,0.7133,0.5443,0.5401,0.636
SEM_QA_0056,Semiconductors,multi,1,w/o Multimodal,0.9495,0.9891,0.9195,0.9266
SEM_QA_0057,Semiconductors,multi,1,w/o Multimodal,0.7778,0.7318,0.7664,0.8165
SEM_QA_0058,Semiconductors,multi,1,w/o Multimodal,0.9771,0.9891,0.9581,0.9689
SEM_QA_0059,Semiconductors,single,1,w/o Multimodal,0.6965,0.7255,0.7085,0.8094
SEM_QA_0060,Semiconductors,single,1,w/o Multimodal,0.8482,0.6417,0.7602,0.8192
SEM_QA_0061,Semiconductors,single,1,w/o Multimodal,0.9263,0.9673,0.9817,0.9874
SEM_QA_0062,Semiconductors,single,1,w/o Multimodal,0.9818,0.9642,0.8735,0.9828
SEM_QA_0063,Semiconductors,multi,1,w/o Multimodal,0.8964,0.9476,0.9543,0.9752
SEM_QA_0064,Semiconductors,multi,1,w/o Multimodal,0.6417,0.863,0.8116,0.7531
SEM_QA_0065,Semiconductors,single,1,w/o Multimodal,0.7294,0.7133,0.7691,0.8634
SEM_QA_0066,Semiconductors,multi,1,w/o Multimodal,0.8159,0.9845,0.9064,0.9536
SEM_QA_0067,Semiconductors,single,1,w/o Multimodal,0.9874,0.9891,0.9209,0.9608
SEM_QA_0068,Semiconductors,multi,1,w/o Multimodal,0.9743,0.9213,0.9893,0.9583
SEM_QA_0069,Semiconductors,multi,1,w/o Multimodal,0.9331,0.773,0.7006,0.8985
SEM_QA_0070,Semiconductors,single,1,w/o Multimodal,0.9483,0.9561,0.961,0.9298
SEM_QA_0071,Semiconductors,single,1,w/o Multimodal,0.9187,0.9563,0.8415,0.9498
SEM_QA_0072,Semiconductors,single,1,w/o Multimodal,0.8848,0.9801,0.95,0.883
SEM_QA_0073,Semiconductors,single,1,w/o Multimodal,0.9697,0.9621,0.9491,0.9658
SEM_QA_0074,Semiconductors,single,1,w/o Multimodal,0.8916,0.9685,0.9544,0.8495
SEM_QA_0075,Semiconductors,single,1,w/o Multimodal,0.8192,0.8552,0.726,0.9549
SEM_QA_0076,Semiconductors,multi,1,w/o Multimodal,0.7323,0.813,0.6889,0.7832
SEM_QA_0077,Semiconductors,single,1,w/o Multimodal,0.912,0.8394,0.8223,0.9038
SEM_QA_0078,Semiconductors,single,1,w/o Multimodal,0.9607,0.9633,0.9446,0.9874
SEM_QA_0079,Semiconductors,multi,1,w/o Multimodal,0.966,0.9822,0.9315,0.8909
SEM_QA_0080,Semiconductors,single,1,w/o Multimodal,0.8827,0.8001,0.9384,0.9011
SEM_QA_0081,Semiconductors,single,1,w/o Multimodal,0.995,0.8926,0.928,0.9573
SEM_QA_0082,Semiconductors,single,1,w/o Multimodal,0.963,0.9645,0.9893,0.9449
SEM_QA_0083,Semiconductors,single,1,w/o Multimodal,0.6489,0.595,0.4728,0.6371
SEM_QA_0084,Semiconductors,multi,1,w/o Multimodal,0.7782,0.8069,0.955,0.8972
SEM_QA_0085,Semiconductors,single,1,w/o Multimodal,0.9916,0.9891,0.934,0.9497
SEM_QA_0086,Semiconductors,multi,1,w/o Multimodal,0.7072,0.7307,0.7488,0.7357
SEM_QA_0087,Semiconductors,multi,1,w/o Multimodal,0.849,0.8815,0.7968,0.8405
SEM_QA_0088,Semiconductors,single,1,w/o Multimodal,0.8454,0.8663,0.9195,0.8905
SEM_QA_0089,Semiconductors,single,1,w/o Multimodal,0.8668,0.857,0.858,0.8902
SEM_QA_0090,Semiconductors,single,1,w/o Multimodal,0.9732,0.9575,0.9734,0.977
SEM_QA_0091,Semiconductors,single,1,w/o Multimodal,0.6677,0.5554,0.5922,0.7656
SEM_QA_0092,Semiconductors,single,1,w/o Multimodal,0.7988,0.75,0.8239,0.8716
SEM_QA_0093,Semiconductors,single,1,w/o Multimodal,0.9861,0.9891,0.9235,0.9334
SEM_QA_0094,Semiconductors,single,1,w/o Multimodal,0.995,0.9891,0.9893,0.9874
SEM_QA_0095,Semiconductors,multi,1,w/o Multimodal,0.6394,0.6485,0.4609,0.7589
SEM_QA_0096,Semiconductors,multi,1,w/o Multimodal,0.9526,0.9655,0.864,0.928
SEM_QA_0097,Semiconductors,single,1,w/o Multimodal,0.995,0.9487,0.9364,0.9449
SEM_QA_0098,Semiconductors,single,1,w/o Multimodal,0.9841,0.9891,0.9615,0.9547
SEM_QA_0099,Semiconductors,single,1,w/o Multimodal,0.995,0.9698,0.9126,0.9386
SEM_QA_0100,Semiconductors,multi,1,w/o Multimodal,0.8396,0.9454,0.8467,0.9509
SEM_QA_0101,Semiconductors,single,1,w/o Multimodal,0.8896,0.9891,0.9138,0.9527
SEM_QA_0102,Semiconductors,single,1,w/o Multimodal,0.9632,0.8757,0.9298,0.9637
SEM_QA_0103,Semiconductors,multi,1,w/o Multimodal,0.9927,0.9665,0.914,0.9257
SEM_QA_0104,Semiconductors,single,1,w/o Multimodal,0.7472,0.673,0.7993,0.7511
SEM_QA_0105,Semiconductors,multi,1,w/o Multimodal,0.7197,0.814,0.6277,0.8809
SEM_QA_0106,Semiconductors,multi,1,w/o Multimodal,0.9746,0.9891,0.9707,0.9874
SEM_QA_0107,Semiconductors,single,1,w/o Multimodal,0.9689,0.9401,0.896,0.9363
SEM_QA_0108,Semiconductors,multi,1,w/o Multimodal,0.7225,0.7789,0.7965,0.7218
SEM_QA_0109,Semiconductors,single,1,w/o Multimodal,0.9602,0.9541,0.8779,0.9524
SEM_QA_0110,Semiconductors,multi,1,w/o Multimodal,0.5111,0.6957,0.5695,0.6605
SEM_QA_0111,Semiconductors,single,1,w/o Multimodal,0.9337,0.9487,0.9056,0.9576
SEM_QA_0112,Semiconductors,single,1,w/o Multimodal,0.9135,0.9171,0.8359,0.966
SEM_QA_0113,Semiconductors,single,1,w/o Multimodal,0.8533,0.8819,0.7554,0.8638
SEM_QA_0114,Semiconductors,single,1,w/o Multimodal,0.995,0.9795,0.9536,0.9657
SEM_QA_0115,Semiconductors,multi,1,w/o Multimodal,0.8441,0.7506,0.5882,0.7389
SEM_QA_0116,Semiconductors,single,1,w/o Multimodal,0.995,0.9606,0.9564,0.9874
SEM_QA_0117,Semiconductors,multi,1,w/o Multimodal,0.9409,0.9588,0.9426,0.9601
SEM_QA_0118,Semiconductors,single,1,w/o Multimodal,0.9932,0.934,0.9328,0.9874
SEM_QA_0119,Semiconductors,single,1,w/o Multimodal,0.995,0.9566,0.9517,0.9842
SEM_QA_0120,Semiconductors,single,1,w/o Multimodal,0.7948,0.8005,0.6252,0.82
SEM_QA_0121,Semiconductors,single,1,w/o Multimodal,0.4903,0.6003,0.6186,0.6848
SEM_QA_0122,Semiconductors,single,1,w/o Multimodal,0.995,0.9447,0.9311,0.926
SEM_QA_0123,Semiconductors,single,1,w/o Multimodal,0.8248,0.9891,0.9792,0.9631
SEM_QA_0124,Semiconductors,single,1,w/o Multimodal,0.9262,0.9851,0.8078,0.9874
SEM_QA_0125,Semiconductors,single,1,w/o Multimodal,0.9692,0.9825,0.9723,0.9562
SEM_QA_0126,Semiconductors,multi,1,w/o Multimodal,0.8992,0.9603,0.8778,0.9631
BAT_QA_0001,Batteries,single,1,w/o Multimodal,0.8253,0.7889,0.7277,0.8308
BAT_QA_0002,Batteries,single,1,w/o Multimodal,0.9712,0.9784,0.9194,0.9874
BAT_QA_0003,Batteries,multi,1,w/o Multimodal,0.9649,0.9554,0.9372,0.9581
BAT_QA_0004,Batteries,single,1,w/o Multimodal,0.8012,0.9854,0.937,0.9695
BAT_QA_0005,Batteries,single,1,w/o Multimodal,0.995,0.9833,0.98,0.9667
BAT_QA_0006,Batteries,single,1,w/o Multimodal,0.995,0.9638,0.937,0.9874
BAT_QA_0007,Batteries,multi,1,w/o Multimodal,0.9346,0.8157,0.9397,0.9507
BAT_QA_0008,Batteries,single,1,w/o Multimodal,0.965,0.9562,0.9641,0.9645
BAT_QA_0009,Batteries,single,1,w/o Multimodal,0.9561,0.913,0.8349,0.9288
BAT_QA_0010,Batteries,single,1,w/o Multimodal,0.9524,0.9831,0.927,0.9408
BAT_QA_0011,Batteries,single,1,w/o Multimodal,0.9512,0.8609,0.7658,0.9742
BAT_QA_0012,Batteries,single,1,w/o Multimodal,0.8322,0.8309,0.8745,0.8684
BAT_QA_0013,Batteries,single,1,w/o Multimodal,0.995,0.9666,0.9678,0.9874
BAT_QA_0014,Batteries,multi,1,w/o Multimodal,0.9318,0.8605,0.9572,0.9836
BAT_QA_0015,Batteries,multi,1,w/o Multimodal,0.9836,0.9574,0.8999,0.9534
BAT_QA_0016,Batteries,single,1,w/o Multimodal,0.64,0.5221,0.5398,0.5931
BAT_QA_0017,Batteries,multi,1,w/o Multimodal,0.5926,0.8224,0.7766,0.8886
BAT_QA_0018,Batteries,single,1,w/o Multimodal,0.533,0.5751,0.4415,0.59
BAT_QA_0019,Batteries,single,1,w/o Multimodal,0.8979,0.9693,0.9297,0.9482
BAT_QA_0020,Batteries,single,1,w/o Multimodal,0.3976,0.2655,0.2103,0.4156
BAT_QA_0021,Batteries,single,1,w/o Multimodal,0.6363,0.6644,0.5843,0.8406
BAT_QA_0022,Batteries,multi,1,w/o Multimodal,0.5918,0.6262,0.5522,0.7704
BAT_QA_0023,Batteries,single,1,w/o Multimodal,0.9481,0.9008,0.9067,0.9752
BAT_QA_0024,Batteries,single,1,w/o Multimodal,0.805,0.9077,0.8149,0.9798
BAT_QA_0025,Batteries,single,1,w/o Multimodal,0.9611,0.9394,0.8609,0.9874
BAT_QA_0026,Batteries,multi,1,w/o Multimodal,0.8254,0.7669,0.7843,0.892
BAT_QA_0027,Batteries,single,1,w/o Multimodal,0.995,0.9392,0.9852,0.9525
BAT_QA_0028,Batteries,single,1,w/o Multimodal,0.9424,0.9662,0.8677,0.8789
BAT_QA_0029,Batteries,single,1,w/o Multimodal,0.9809,0.9267,0.923,0.9477
BAT_QA_0030,Batteries,single,1,w/o Multimodal,0.9583,0.9623,0.9456,0.9781
BAT_QA_0031,Batteries,multi,1,w/o Multimodal,0.9905,0.9891,0.9088,0.9331
BAT_QA_0032,Batteries,multi,1,w/o Multimodal,0.9665,0.9532,0.8129,0.9572
BAT_QA_0033,Batteries,single,1,w/o Multimodal,0.995,0.9652,0.9893,0.9647
BAT_QA_0034,Batteries,single,1,w/o Multimodal,0.9007,0.8979,0.7363,0.8581
BAT_QA_0035,Batteries,multi,1,w/o Multimodal,0.9575,0.9462,0.7775,0.934
BAT_QA_0036,Batteries,single,1,w/o Multimodal,0.995,0.9413,0.9683,0.9874
BAT_QA_0037,Batteries,multi,1,w/o Multimodal,0.7719,0.6855,0.6667,0.7763
BAT_QA_0038,Batteries,single,1,w/o Multimodal,0.9151,0.8544,0.8656,0.9874
BAT_QA_0039,Batteries,multi,1,w/o Multimodal,0.781,0.7829,0.5892,0.7899
BAT_QA_0040,Batteries,single,1,w/o Multimodal,0.9535,0.9647,0.9536,0.9874
BAT_QA_0041,Batteries,single,1,w/o Multimodal,0.8346,0.6665,0.768,0.8817
BAT_QA_0042,Batteries,multi,1,w/o Multimodal,0.7887,0.8716,0.7379,0.8788
BAT_QA_0043,Batteries,single,1,w/o Multimodal,0.8759,0.9891,0.9893,0.9845
BAT_QA_0044,Batteries,single,1,w/o Multimodal,0.872,0.9425,0.9091,0.9705
BAT_QA_0045,Batteries,multi,1,w/o Multimodal,0.9669,0.959,0.9106,0.9805
BAT_QA_0046,Batteries,multi,1,w/o Multimodal,0.6687,0.6349,0.6794,0.5809
BAT_QA_0047,Batteries,single,1,w/o Multimodal,0.8808,0.874,0.8647,0.9489
BAT_QA_0048,Batteries,single,1,w/o Multimodal,0.9571,0.8892,0.8982,0.9781
BAT_QA_0049,Batteries,single,1,w/o Multimodal,0.8743,0.8459,0.7624,0.9624
BAT_QA_0050,Batteries,single,1,w/o Multimodal,0.8645,0.7121,0.7701,0.8755
BAT_QA_0051,Batteries,single,1,w/o Multimodal,0.7378,0.6541,0.5921,0.7287
BAT_QA_0052,Batteries,single,1,w/o Multimodal,0.8523,0.7719,0.6068,0.7563
BAT_QA_0053,Batteries,single,1,w/o Multimodal,0.7833,0.8335,0.6857,0.8958
BAT_QA_0054,Batteries,single,1,w/o Multimodal,0.9499,0.9891,0.9893,0.9874
BAT_QA_0055,Batteries,single,1,w/o Multimodal,0.8177,0.7414,0.7129,0.9195
BAT_QA_0056,Batteries,single,1,w/o Multimodal,0.9412,0.8417,0.9277,0.8815
BAT_QA_0057,Batteries,multi,1,w/o Multimodal,0.8987,0.9103,0.8987,0.9492
BAT_QA_0058,Batteries,single,1,w/o Multimodal,0.9156,0.9547,0.749,0.9603
BAT_QA_0059,Batteries,single,1,w/o Multimodal,0.938,0.9101,0.9046,0.9762
BAT_QA_0060,Batteries,multi,1,w/o Multimodal,0.736,0.663,0.689,0.8216
BAT_QA_0061,Batteries,single,1,w/o Multimodal,0.6877,0.6365,0.7003,0.7366
BAT_QA_0062,Batteries,multi,1,w/o Multimodal,0.6653,0.5252,0.5086,0.7049
BAT_QA_0063,Batteries,single,1,w/o Multimodal,0.9709,0.8592,0.8475,0.9628
BAT_QA_0064,Batteries,single,1,w/o Multimodal,0.988,0.95,0.9517,0.9722
BAT_QA_0065,Batteries,single,1,w/o Multimodal,0.9876,0.9891,0.9893,0.9205
BAT_QA_0066,Batteries,single,1,w/o Multimodal,0.7006,0.7614,0.6444,0.7639
BAT_QA_0067,Batteries,single,1,w/o Multimodal,0.8685,0.8174,0.7597,0.8529
BAT_QA_0068,Batteries,multi,1,w/o Multimodal,0.9806,0.8652,0.9456,0.9864
BAT_QA_0069,Batteries,single,1,w/o Multimodal,0.6622,0.5933,0.5709,0.7954
BAT_QA_0070,Batteries,multi,1,w/o Multimodal,0.939,0.9655,0.9163,0.9527
BAT_QA_0071,Batteries,single,1,w/o Multimodal,0.9081,0.8076,0.8319,0.9401
BAT_QA_0072,Batteries,multi,1,w/o Multimodal,0.9487,0.9026,0.8627,0.9305
BAT_QA_0073,Batteries,single,1,w/o Multimodal,0.995,0.9828,0.9051,0.932
BAT_QA_0074,Batteries,multi,1,w/o Multimodal,0.6415,0.4973,0.6123,0.661
BAT_QA_0075,Batteries,single,1,w/o Multimodal,0.871,0.9891,0.9431,0.958
BAT_QA_0076,Batteries,multi,1,w/o Multimodal,0.8477,0.624,0.8584,0.8175
BAT_QA_0077,Batteries,single,1,w/o Multimodal,0.9781,0.9805,0.9891,0.9874
BAT_QA_0078,Batteries,single,1,w/o Multimodal,0.8847,0.9211,0.941,0.9652
BAT_QA_0079,Batteries,multi,1,w/o Multimodal,0.8092,0.7163,0.6886,0.7224
BAT_QA_0080,Batteries,single,1,w/o Multimodal,0.9614,0.9565,0.9755,0.9273
BAT_QA_0081,Batteries,single,1,w/o Multimodal,0.9583,0.86,0.8141,0.9447
BAT_QA_0082,Batteries,multi,1,w/o Multimodal,0.9373,0.8799,0.949,0.9097
BAT_QA_0083,Batteries,single,1,w/o Multimodal,0.5375,0.6577,0.7194,0.7708
BAT_QA_0084,Batteries,single,1,w/o Multimodal,0.9385,0.8485,0.844,0.9488
BAT_QA_0085,Batteries,multi,1,w/o Multimodal,0.8332,0.5455,0.5846,0.7655
BAT_QA_0086,Batteries,multi,1,w/o Multimodal,0.913,0.977,0.8814,0.9678
BAT_QA_0087,Batteries,single,1,w/o Multimodal,0.9713,0.9891,0.9767,0.9874
BAT_QA_0088,Batteries,single,1,w/o Multimodal,0.8682,0.7788,0.6644,0.8199
BAT_QA_0089,Batteries,single,1,w/o Multimodal,0.995,0.9891,0.9503,0.9249
BAT_QA_0090,Batteries,single,1,w/o Multimodal,0.965,0.9309,0.9507,0.9043
BAT_QA_0091,Batteries,single,1,w/o Multimodal,0.9852,0.9847,0.9616,0.9874
BAT_QA_0092,Batteries,single,1,w/o Multimodal,0.7736,0.7586,0.7189,0.8634
BAT_QA_0093,Batteries,single,1,w/o Multimodal,0.8797,0.7811,0.7219,0.9552
BAT_QA_0094,Batteries,single,1,w/o Multimodal,0.6952,0.5949,0.6753,0.7887
BAT_QA_0095,Batteries,single,1,w/o Multimodal,0.9418,0.9453,0.7632,0.9874
BAT_QA_0096,Batteries,single,1,w/o Multimodal,0.995,0.9695,0.9575,0.9742
BAT_QA_0097,Batteries,multi,1,w/o Multimodal,0.7309,0.5552,0.624,0.749
BAT_QA_0098,Batteries,multi,1,w/o Multimodal,0.757,0.6351,0.5845,0.7307
BAT_QA_0099,Batteries,single,1,w/o Multimodal,0.8037,0.6993,0.8033,0.8609
BAT_QA_0100,Batteries,multi,1,w/o Multimodal,0.995,0.8543,0.8932,0.9401
BAT_QA_0101,Batteries,single,1,w/o Multimodal,0.902,0.9238,0.9434,0.8817
BAT_QA_0102,Batteries,multi,1,w/o Multimodal,0.8877,0.8427,0.891,0.9195
BAT_QA_0103,Batteries,single,1,w/o Multimodal,0.9676,0.9562,0.7671,0.972
BAT_QA_0104,Batteries,multi,1,w/o Multimodal,0.7793,0.7875,0.648,0.8003
BAT_QA_0105,Batteries,single,1,w/o Multimodal,0.8396,0.7584,0.7651,0.8343
BAT_QA_0106,Batteries,multi,1,w/o Multimodal,0.9597,0.784,0.8499,0.9329
BAT_QA_0107,Batteries,multi,1,w/o Multimodal,0.8346,0.8001,0.7367,0.8476
BAT_QA_0108,Batteries,single,1,w/o Multimodal,0.9322,0.8985,0.8134,0.8245
BAT_QA_0109,Batteries,single,1,w/o Multimodal,0.9183,0.7414,0.6582,0.8347
BAT_QA_0110,Batteries,single,1,w/o Multimodal,0.8707,0.8212,0.788,0.8464
BAT_QA_0111,Batteries,multi,1,w/o Multimodal,0.952,0.9298,0.8767,0.9333
BAT_QA_0112,Batteries,single,1,w/o Multimodal,0.9897,0.9337,0.9772,0.9734
BAT_QA_0113,Batteries,multi,1,w/o Multimodal,0.9195,0.8322,0.9206,0.9498
BAT_QA_0114,Batteries,multi,1,w/o Multimodal,0.8373,0.7521,0.8388,0.6867
BAT_QA_0115,Batteries,multi,1,w/o Multimodal,0.9782,0.9718,0.9557,0.9673
BAT_QA_0116,Batteries,single,1,w/o Multimodal,0.9764,0.9779,0.9888,0.9874
BAT_QA_0117,Batteries,multi,1,w/o Multimodal,0.6787,0.7323,0.6189,0.7867
BAT_QA_0118,Batteries,single,1,w/o Multimodal,0.8645,0.7691,0.7447,0.8963
BAT_QA_0119,Batteries,single,1,w/o Multimodal,0.6469,0.6929,0.5814,0.7004
BAT_QA_0120,Batteries,single,1,w/o Multimodal,0.9458,0.8837,0.7934,0.9087
BAT_QA_0121,Batteries,single,1,w/o Multimodal,0.8895,0.6951,0.7455,0.8912
BAT_QA_0122,Batteries,single,1,w/o Multimodal,0.9753,0.9235,0.9382,0.9183
BAT_QA_0123,Batteries,single,1,w/o Multimodal,0.9675,0.9713,0.8674,0.9484
BAT_QA_0124,Batteries,single,1,w/o Multimodal,0.6492,0.6917,0.6582,0.7992
SUP_QA_0001,Superalloys,single,2,w/o Multimodal,0.8413,0.7908,0.7593,0.7973
SUP_QA_0002,Superalloys,multi,2,w/o Multimodal,0.9885,0.995,0.995,0.9526
SUP_QA_0003,Superalloys,multi,2,w/o Multimodal,0.6884,0.6598,0.5534,0.6957
SUP_QA_0004,Superalloys,multi,2,w/o Multimodal,0.5777,0.846,0.89,0.8251
SUP_QA_0005,Superalloys,single,2,w/o Multimodal,0.6812,0.6229,0.7538,0.7976
SUP_QA_0006,Superalloys,single,2,w/o Multimodal,0.9417,0.995,0.8302,0.9191
SUP_QA_0007,Superalloys,single,2,w/o Multimodal,0.9744,0.995,0.995,0.9494
SUP_QA_0008,Superalloys,single,2,w/o Multimodal,0.9749,0.9265,0.995,0.9598
SUP_QA_0009,Superalloys,single,2,w/o Multimodal,0.9641,0.9702,0.9584,0.9426
SUP_QA_0010,Superalloys,single,2,w/o Multimodal,0.8846,0.8502,0.8842,0.9111
SUP_QA_0011,Superalloys,single,2,w/o Multimodal,0.8659,0.8084,0.9046,0.8846
SUP_QA_0012,Superalloys,single,2,w/o Multimodal,0.7438,0.7808,0.791,0.8713
SUP_QA_0013,Superalloys,multi,2,w/o Multimodal,0.8107,0.7388,0.7298,0.7633
SUP_QA_0014,Superalloys,single,2,w/o Multimodal,0.9084,0.6775,0.9534,0.8241
SUP_QA_0015,Superalloys,single,2,w/o Multimodal,0.9381,0.8611,0.9943,0.9181
SUP_QA_0016,Superalloys,single,2,w/o Multimodal,0.8231,0.7573,0.8349,0.8685
SUP_QA_0017,Superalloys,single,2,w/o Multimodal,0.995,0.995,0.9893,0.9492
SUP_QA_0018,Superalloys,single,2,w/o Multimodal,0.9754,0.9334,0.9275,0.9716
SUP_QA_0019,Superalloys,single,2,w/o Multimodal,0.951,0.995,0.995,0.9516
SUP_QA_0020,Superalloys,single,2,w/o Multimodal,0.9645,0.9501,0.9369,0.9568
SUP_QA_0021,Superalloys,multi,2,w/o Multimodal,0.9588,0.995,0.9805,0.9234
SUP_QA_0022,Superalloys,single,2,w/o Multimodal,0.7746,0.8135,0.8895,0.8412
SUP_QA_0023,Superalloys,single,2,w/o Multimodal,0.928,0.9449,0.9439,0.9548
SUP_QA_0024,Superalloys,single,2,w/o Multimodal,0.7826,0.8404,0.8961,0.8887
SUP_QA_0025,Superalloys,single,2,w/o Multimodal,0.9295,0.9465,0.9813,0.9084
SUP_QA_0026,Superalloys,single,2,w/o Multimodal,0.8327,0.9821,0.9791,0.9096
SUP_QA_0027,Superalloys,multi,2,w/o Multimodal,0.6538,0.6865,0.7478,0.6634
SUP_QA_0028,Superalloys,multi,2,w/o Multimodal,0.9764,0.993,0.9578,0.9489
SUP_QA_0029,Superalloys,single,2,w/o Multimodal,0.7965,0.8454,0.9462,0.8758
SUP_QA_0030,Superalloys,multi,2,w/o Multimodal,0.6945,0.7921,0.7497,0.7834
SUP_QA_0031,Superalloys,single,2,w/o Multimodal,0.995,0.995,0.995,0.9742
SUP_QA_0032,Superalloys,single,2,w/o Multimodal,0.8119,0.7478,0.8429,0.8888
SUP_QA_0033,Superalloys,single,2,w/o Multimodal,0.7908,0.7689,0.8677,0.8267
SUP_QA_0034,Superalloys,multi,2,w/o Multimodal,0.9445,0.9718,0.7808,0.9047
SUP_QA_0035,Superalloys,single,2,w/o Multimodal,0.9056,0.995,0.9627,0.9453
SUP_QA_0036,Superalloys,single,2,w/o Multimodal,0.9602,0.995,0.995,0.9526
SUP_QA_0037,Superalloys,single,2,w/o Multimodal,0.9783,0.9632,0.9626,0.9756
SUP_QA_0038,Superalloys,single,2,w/o Multimodal,0.995,0.995,0.995,0.9654
SUP_QA_0039,Superalloys,single,2,w/o Multimodal,0.9507,0.8257,0.8601,0.8517
SUP_QA_0040,Superalloys,multi,2,w/o Multimodal,0.9495,0.995,0.8901,0.9192
SUP_QA_0041,Superalloys,single,2,w/o Multimodal,0.9846,0.9772,0.9256,0.9313
SUP_QA_0042,Superalloys,single,2,w/o Multimodal,0.9592,0.9714,0.995,0.9756
SUP_QA_0043,Superalloys,single,2,w/o Multimodal,0.7849,0.7611,0.7058,0.8714
SUP_QA_0044,Superalloys,multi,2,w/o Multimodal,0.9075,0.8182,0.9128,0.9205
SUP_QA_0045,Superalloys,single,2,w/o Multimodal,0.6837,0.6676,0.8616,0.8697
SUP_QA_0046,Superalloys,single,2,w/o Multimodal,0.5391,0.5885,0.6881,0.6263
SUP_QA_0047,Superalloys,multi,2,w/o Multimodal,0.8999,0.7616,0.8688,0.9474
SUP_QA_0048,Superalloys,single,2,w/o Multimodal,0.9176,0.9351,0.955,0.9756
SUP_QA_0049,Superalloys,multi,2,w/o Multimodal,0.7699,0.9166,0.8732,0.8329
SUP_QA_0050,Superalloys,single,2,w/o Multimodal,0.9749,0.9793,0.9591,0.9746
SUP_QA_0051,Superalloys,single,2,w/o Multimodal,0.8828,0.995,0.9495,0.8631
SUP_QA_0052,Superalloys,single,2,w/o Multimodal,0.8428,0.7367,0.708,0.9102
SUP_QA_0053,Superalloys,single,2,w/o Multimodal,0.8485,0.8535,0.8495,0.8774
SUP_QA_0054,Superalloys,multi,2,w/o Multimodal,0.917,0.9274,0.9541,0.9381
SUP_QA_0055,Superalloys,single,2,w/o Multimodal,0.7381,0.7495,0.7667,0.8928
SUP_QA_0056,Superalloys,single,2,w/o Multimodal,0.864,0.8301,0.9294,0.8155
SUP_QA_0057,Superalloys,single,2,w/o Multimodal,0.7825,0.8115,0.8189,0.874
SUP_QA_0058,Superalloys,single,2,w/o Multimodal,0.8344,0.9137,0.8626,0.9113
SUP_QA_0059,Superalloys,single,2,w/o Multimodal,0.9178,0.9301,0.9781,0.9313
SUP_QA_0060,Superalloys,single,2,w/o Multimodal,0.67,0.5221,0.6827,0.7051
SUP_QA_0061,Superalloys,single,2,w/o Multimodal,0.7736,0.7532,0.9738,0.8667
SUP_QA_0062,Superalloys,multi,2,w/o Multimodal,0.4825,0.4968,0.5812,0.5967
SUP_QA_0063,Superalloys,single,2,w/o Multimodal,0.9653,0.9684,0.9743,0.9756
SUP_QA_0064,Superalloys,multi,2,w/o Multimodal,0.934,0.9753,0.995,0.9492
SUP_QA_0065,Superalloys,single,2,w/o Multimodal,0.995,0.9638,0.9772,0.9734
SUP_QA_0066,Superalloys,single,2,w/o Multimodal,0.9726,0.9468,0.9471,0.9756
SUP_QA_0067,Superalloys,multi,2,w/o Multimodal,0.9485,0.6752,0.893,0.8825
SUP_QA_0068,Superalloys,single,2,w/o Multimodal,0.9845,0.995,0.9635,0.9474
SUP_QA_0069,Superalloys,single,2,w/o Multimodal,0.877,0.7795,0.8716,0.8435
SUP_QA_0070,Superalloys,multi,2,w/o Multimodal,0.6633,0.7285,0.7491,0.8473
SUP_QA_0071,Superalloys,single,2,w/o Multimodal,0.9521,0.8026,0.9189,0.9069
SUP_QA_0072,Superalloys,multi,2,w/o Multimodal,0.8761,0.8614,0.9443,0.8846
SUP_QA_0073,Superalloys,multi,2,w/o Multimodal,0.607,0.5561,0.4752,0.6999
SUP_QA_0074,Superalloys,multi,2,w/o Multimodal,0.8893,0.9772,0.9189,0.904
SUP_QA_0075,Superalloys,single,2,w/o Multimodal,0.9643,0.9342,0.8941,0.9574
SUP_QA_0076,Superalloys,single,2,w/o Multimodal,0.8374,0.7867,0.8829,0.8308
SUP_QA_0077,Superalloys,multi,2,w/o Multimodal,0.9901,0.995,0.9275,0.9756
SUP_QA_0078,Superalloys,single,2,w/o Multimodal,0.4948,0.6295,0.5782,0.5466
SUP_QA_0079,Superalloys,single,2,w/o Multimodal,0.9668,0.8913,0.9811,0.8961
SUP_QA_0080,Superalloys,multi,2,w/o Multimodal,0.9879,0.9912,0.995,0.9476
SUP_QA_0081,Superalloys,multi,2,w/o Multimodal,0.8511,0.7915,0.8051,0.8048
SUP_QA_0082,Superalloys,multi,2,w/o Multimodal,0.9934,0.995,0.995,0.9343
SUP_QA_0083,Superalloys,single,2,w/o Multimodal,0.7782,0.578,0.6513,0.4704
SUP_QA_0084,Superalloys,single,2,w/o Multimodal,0.9298,0.968,0.9469,0.9224
SUP_QA_0085,Superalloys,single,2,w/o Multimodal,0.9705,0.995,0.995,0.968
SUP_QA_0086,Superalloys,single,2,w/o Multimodal,0.995,0.9912,0.9917,0.9445
SUP_QA_0087,Superalloys,multi,2,w/o Multimodal,0.9467,0.995,0.995,0.9565
SUP_QA_0088,Superalloys,single,2,w/o Multimodal,0.7766,0.7832,0.8235,0.8689
SUP_QA_0089,Superalloys,single,2,w/o Multimodal,0.9843,0.883,0.9447,0.9359
SUP_QA_0090,Superalloys,single,2,w/o Multimodal,0.7114,0.8902,0.9355,0.9756
SUP_QA_0091,Superalloys,multi,2,w/o Multimodal,0.9324,0.7895,0.8861,0.8195
SUP_QA_0092,Superalloys,single,2,w/o Multimodal,0.6051,0.5016,0.5863,0.5969
SUP_QA_0093,Superalloys,multi,2,w/o Multimodal,0.9433,0.9506,0.9633,0.9639
SUP_QA_0094,Superalloys,multi,2,w/o Multimodal,0.993,0.995,0.9875,0.9579
SUP_QA_0095,Superalloys,multi,2,w/o Multimodal,0.9216,0.7584,0.7503,0.8817
SUP_QA_0096,Superalloys,single,2,w/o Multimodal,0.995,0.995,0.995,0.9756
SUP_QA_0097,Superalloys,multi,2,w/o Multimodal,0.8415,0.7308,0.7444,0.9005
SUP_QA_0098,Superalloys,single,2,w/o Multimodal,0.5999,0.5499,0.5914,0.6211
SUP_QA_0099,Superalloys,single,2,w/o Multimodal,0.995,0.988,0.9181,0.9575
SUP_QA_0100,Superalloys,multi,2,w/o Multimodal,0.5697,0.5798,0.5852,0.6609
SUP_QA_0101,Superalloys,single,2,w/o Multimodal,0.8944,0.935,0.8685,0.8411
SUP_QA_0102,Superalloys,multi,2,w/o Multimodal,0.8407,0.9573,0.9235,0.8442
SUP_QA_0103,Superalloys,multi,2,w/o Multimodal,0.9713,0.995,0.9712,0.9721
SUP_QA_0104,Superalloys,single,2,w/o Multimodal,0.67,0.8478,0.8336,0.7549
SUP_QA_0105,Superalloys,single,2,w/o Multimodal,0.9624,0.9719,0.9682,0.9322
SUP_QA_0106,Superalloys,single,2,w/o Multimodal,0.869,0.7882,0.8216,0.8433
SUP_QA_0107,Superalloys,single,2,w/o Multimodal,0.8221,0.7797,0.8982,0.7016
SUP_QA_0108,Superalloys,single,2,w/o Multimodal,0.8268,0.8755,0.8993,0.8995
SUP_QA_0109,Superalloys,single,2,w/o Multimodal,0.8505,0.8835,0.7595,0.845
SUP_QA_0110,Superalloys,single,2,w/o Multimodal,0.934,0.9665,0.995,0.923
SUP_QA_0111,Superalloys,single,2,w/o Multimodal,0.9327,0.8487,0.8145,0.8913
SUP_QA_0112,Superalloys,multi,2,w/o Multimodal,0.9446,0.9772,0.9823,0.9564
SUP_QA_0113,Superalloys,single,2,w/o Multimodal,0.7849,0.8281,0.7995,0.8942
SUP_QA_0114,Superalloys,single,2,w/o Multimodal,0.5533,0.4745,0.4514,0.5208
SUP_QA_0115,Superalloys,multi,2,w/o Multimodal,0.8738,0.8753,0.9209,0.8741
SUP_QA_0116,Superalloys,multi,2,w/o Multimodal,0.9563,0.9608,0.9184,0.9053
SUP_QA_0117,Superalloys,multi,2,w/o Multimodal,0.8854,0.9274,0.9725,0.8845
SUP_QA_0118,Superalloys,single,2,w/o Multimodal,0.8431,0.8259,0.8965,0.8793
SUP_QA_0119,Superalloys,single,2,w/o Multimodal,0.995,0.945,0.995,0.9435
SUP_QA_0120,Superalloys,single,2,w/o Multimodal,0.6741,0.6063,0.682,0.8279
SUP_QA_0121,Superalloys,single,2,w/o Multimodal,0.6065,0.6443,0.6597,0.6162
SUP_QA_0122,Superalloys,single,2,w/o Multimodal,0.9735,0.9603,0.9377,0.9342
SUP_QA_0123,Superalloys,single,2,w/o Multimodal,0.8915,0.995,0.995,0.9756
SUP_QA_0124,Superalloys,single,2,w/o Multimodal,0.5952,0.6701,0.6429,0.7616
SUP_QA_0125,Superalloys,multi,2,w/o Multimodal,0.8909,0.9346,0.8053,0.9352
SUP_QA_0126,Superalloys,multi,2,w/o Multimodal,0.7263,0.6735,0.5825,0.7997
SUP_QA_0127,Superalloys,single,2,w/o Multimodal,0.9691,0.9858,0.995,0.9376
SUP_QA_0128,Superalloys,multi,2,w/o Multimodal,0.9221,0.8915,0.8694,0.8947
SUP_QA_0129,Superalloys,multi,2,w/o Multimodal,0.5698,0.7557,0.9003,0.8138
SUP_QA_0130,Superalloys,multi,2,w/o Multimodal,0.995,0.9602,0.987,0.9465
SUP_QA_0131,Superalloys,single,2,w/o Multimodal,0.995,0.9705,0.9934,0.9756
SUP_QA_0132,Superalloys,multi,2,w/o Multimodal,0.9549,0.9615,0.9737,0.8119
SEM_QA_0001,Semiconductors,single,2,w/o Multimodal,0.8307,0.8734,0.7739,0.7646
SEM_QA_0002,Semiconductors,single,2,w/o Multimodal,0.9629,0.895,0.7497,0.9492
SEM_QA_0003,Semiconductors,single,2,w/o Multimodal,0.8033,0.8767,0.7332,0.8766
SEM_QA_0004,Semiconductors,single,2,w/o Multimodal,0.9887,0.9648,0.995,0.9756
SEM_QA_0005,Semiconductors,multi,2,w/o Multimodal,0.8613,0.8253,0.8575,0.8191
SEM_QA_0006,Semiconductors,multi,2,w/o Multimodal,0.752,0.8288,0.7276,0.8217
SEM_QA_0007,Semiconductors,single,2,w/o Multimodal,0.7971,0.8924,0.8037,0.8153
SEM_QA_0008,Semiconductors,single,2,w/o Multimodal,0.6669,0.7418,0.8763,0.7818
SEM_QA_0009,Semiconductors,single,2,w/o Multimodal,0.995,0.9716,0.995,0.9616
SEM_QA_0010,Semiconductors,single,2,w/o Multimodal,0.6747,0.6768,0.6539,0.7101
SEM_QA_0011,Semiconductors,single,2,w/o Multimodal,0.4598,0.4248,0.4174,0.4555
SEM_QA_0012,Semiconductors,single,2,w/o Multimodal,0.9514,0.8773,0.8421,0.8567
SEM_QA_0013,Semiconductors,multi,2,w/o Multimodal,0.9743,0.9811,0.9458,0.9366
SEM_QA_0014,Semiconductors,single,2,w/o Multimodal,0.995,0.9856,0.9135,0.9596
SEM_QA_0015,Semiconductors,multi,2,w/o Multimodal,0.995,0.9625,0.9559,0.9355
SEM_QA_0016,Semiconductors,single,2,w/o Multimodal,0.6887,0.645,0.6019,0.7374
SEM_QA_0017,Semiconductors,single,2,w/o Multimodal,0.8772,0.9637,0.9743,0.9374
SEM_QA_0018,Semiconductors,multi,2,w/o Multimodal,0.8126,0.8177,0.9232,0.8845
SEM_QA_0019,Semiconductors,single,2,w/o Multimodal,0.9836,0.995,0.9646,0.9351
SEM_QA_0020,Semiconductors,single,2,w/o Multimodal,0.7798,0.9018,0.8947,0.9158
SEM_QA_0021,Semiconductors,single,2,w/o Multimodal,0.8683,0.8533,0.8458,0.9194
SEM_QA_0022,Semiconductors,single,2,w/o Multimodal,0.8655,0.9664,0.995,0.9756
SEM_QA_0023,Semiconductors,single,2,w/o Multimodal,0.68,0.6947,0.7227,0.8676
SEM_QA_0024,Semiconductors,multi,2,w/o Multimodal,0.6384,0.5904,0.5494,0.6304
SEM_QA_0025,Semiconductors,single,2,w/o Multimodal,0.8239,0.9141,0.9321,0.9264
SEM_QA_0026,Semiconductors,single,2,w/o Multimodal,0.9039,0.9279,0.9593,0.9483
SEM_QA_0027,Semiconductors,single,2,w/o Multimodal,0.995,0.9707,0.9802,0.9329
SEM_QA_0028,Semiconductors,multi,2,w/o Multimodal,0.9803,0.9374,0.9331,0.9423
SEM_QA_0029,Semiconductors,single,2,w/o Multimodal,0.8195,0.8488,0.917,0.8727
SEM_QA_0030,Semiconductors,single,2,w/o Multimodal,0.7774,0.8023,0.807,0.7951
SEM_QA_0031,Semiconductors,multi,2,w/o Multimodal,0.9611,0.9947,0.9729,0.9756
SEM_QA_0032,Semiconductors,single,2,w/o Multimodal,0.9084,0.8515,0.924,0.9427
SEM_QA_0033,Semiconductors,multi,2,w/o Multimodal,0.7084,0.7369,0.6833,0.6621
SEM_QA_0034,Semiconductors,multi,2,w/o Multimodal,0.8057,0.8391,0.683,0.7096
SEM_QA_0035,Semiconductors,single,2,w/o Multimodal,0.987,0.995,0.9858,0.9402
SEM_QA_0036,Semiconductors,single,2,w/o Multimodal,0.9878,0.958,0.9642,0.9039
SEM_QA_0037,Semiconductors,multi,2,w/o Multimodal,0.995,0.9771,0.9713,0.9663
SEM_QA_0038,Semiconductors,single,2,w/o Multimodal,0.6984,0.5215,0.548,0.7179
SEM_QA_0039,Semiconductors,multi,2,w/o Multimodal,0.5893,0.6876,0.5542,0.6983
SEM_QA_0040,Semiconductors,multi,2,w/o Multimodal,0.9659,0.9002,0.8956,0.8587
SEM_QA_0041,Semiconductors,single,2,w/o Multimodal,0.879,0.8343,0.995,0.9322
SEM_QA_0042,Semiconductors,multi,2,w/o Multimodal,0.9285,0.9399,0.995,0.9483
SEM_QA_0043,Semiconductors,multi,2,w/o Multimodal,0.7893,0.8657,0.6727,0.8196
SEM_QA_0044,Semiconductors,multi,2,w/o Multimodal,0.6413,0.7542,0.6143,0.7703
SEM_QA_0045,Semiconductors,single,2,w/o Multimodal,0.8213,0.951,0.8859,0.9383
SEM_QA_0046,Semiconductors,single,2,w/o Multimodal,0.706,0.8242,0.7452,0.7741
SEM_QA_0047,Semiconductors,single,2,w/o Multimodal,0.9769,0.9788,0.995,0.9421
SEM_QA_0048,Semiconductors,multi,2,w/o Multimodal,0.8708,0.9179,0.8289,0.8431
SEM_QA_0049,Semiconductors,multi,2,w/o Multimodal,0.5278,0.6028,0.4748,0.7777
SEM_QA_0050,Semiconductors,single,2,w/o Multimodal,0.7464,0.8573,0.7801,0.7876
SEM_QA_0051,Semiconductors,single,2,w/o Multimodal,0.9052,0.9249,0.9592,0.9463
SEM_QA_0052,Semiconductors,single,2,w/o Multimodal,0.9804,0.9513,0.9668,0.9706
SEM_QA_0053,Semiconductors,single,2,w/o Multimodal,0.6132,0.7245,0.8014,0.6931
SEM_QA_0054,Semiconductors,single,2,w/o Multimodal,0.6387,0.5219,0.7399,0.6992
SEM_QA_0055,Semiconductors,multi,2,w/o Multimodal,0.5817,0.6327,0.4803,0.5848
SEM_QA_0056,Semiconductors,multi,2,w/o Multimodal,0.8989,0.9543,0.8999,0.9226
SEM_QA_0057,Semiconductors,multi,2,w/o Multimodal,0.7333,0.7102,0.8102,0.8387
SEM_QA_0058,Semiconductors,multi,2,w/o Multimodal,0.9586,0.9434,0.9837,0.9756
SEM_QA_0059,Semiconductors,single,2,w/o Multimodal,0.7755,0.7483,0.7681,0.7943
SEM_QA_0060,Semiconductors,single,2,w/o Multimodal,0.787,0.6335,0.754,0.752
SEM_QA_0061,Semiconductors,single,2,w/o Multimodal,0.8349,0.995,0.9833,0.9756
SEM_QA_0062,Semiconductors,single,2,w/o Multimodal,0.9575,0.9843,0.9221,0.9566
SEM_QA_0063,Semiconductors,multi,2,w/o Multimodal,0.9301,0.9556,0.995,0.9756
SEM_QA_0064,Semiconductors,multi,2,w/o Multimodal,0.689,0.8844,0.804,0.774
SEM_QA_0065,Semiconductors,single,2,w/o Multimodal,0.7052,0.7792,0.7216,0.8834
SEM_QA_0066,Semiconductors,multi,2,w/o Multimodal,0.8072,0.923,0.9879,0.8701
SEM_QA_0067,Semiconductors,single,2,w/o Multimodal,0.995,0.9669,0.9924,0.9756
SEM_QA_0068,Semiconductors,multi,2,w/o Multimodal,0.995,0.995,0.995,0.9513
SEM_QA_0069,Semiconductors,multi,2,w/o Multimodal,0.8587,0.845,0.7479,0.846
SEM_QA_0070,Semiconductors,single,2,w/o Multimodal,0.9428,0.9758,0.9569,0.9203
SEM_QA_0071,Semiconductors,single,2,w/o Multimodal,0.9297,0.9415,0.9034,0.9339
SEM_QA_0072,Semiconductors,single,2,w/o Multimodal,0.9212,0.9383,0.8924,0.9047
SEM_QA_0073,Semiconductors,single,2,w/o Multimodal,0.9723,0.962,0.9756,0.9496
SEM_QA_0074,Semiconductors,single,2,w/o Multimodal,0.8892,0.9406,0.8592,0.849
SEM_QA_0075,Semiconductors,single,2,w/o Multimodal,0.8085,0.8701,0.8021,0.9467
SEM_QA_0076,Semiconductors,multi,2,w/o Multimodal,0.6783,0.7935,0.6958,0.7886
SEM_QA_0077,Semiconductors,single,2,w/o Multimodal,0.9076,0.8494,0.7537,0.8334
SEM_QA_0078,Semiconductors,single,2,w/o Multimodal,0.9838,0.995,0.995,0.9518
SEM_QA_0079,Semiconductors,multi,2,w/o Multimodal,0.9417,0.995,0.995,0.8696
SEM_QA_0080,Semiconductors,single,2,w/o Multimodal,0.8733,0.9217,0.9315,0.9496
SEM_QA_0081,Semiconductors,single,2,w/o Multimodal,0.995,0.9363,0.9805,0.9599
SEM_QA_0082,Semiconductors,single,2,w/o Multimodal,0.9848,0.9739,0.9871,0.9149
SEM_QA_0083,Semiconductors,single,2,w/o Multimodal,0.6175,0.6368,0.4724,0.7008
SEM_QA_0084,Semiconductors,multi,2,w/o Multimodal,0.8828,0.7825,0.9467,0.8601
SEM_QA_0085,Semiconductors,single,2,w/o Multimodal,0.9914,0.9656,0.995,0.9506
SEM_QA_0086,Semiconductors,multi,2,w/o Multimodal,0.6303,0.7678,0.7705,0.7312
SEM_QA_0087,Semiconductors,multi,2,w/o Multimodal,0.8309,0.8998,0.7505,0.8308
SEM_QA_0088,Semiconductors,single,2,w/o Multimodal,0.8492,0.9162,0.9322,0.8815
SEM_QA_0089,Semiconductors,single,2,w/o Multimodal,0.9092,0.9429,0.8588,0.9193
SEM_QA_0090,Semiconductors,single,2,w/o Multimodal,0.8494,0.985,0.9603,0.9756
SEM_QA_0091,Semiconductors,single,2,w/o Multimodal,0.6377,0.5428,0.6218,0.7223
SEM_QA_0092,Semiconductors,single,2,w/o Multimodal,0.728,0.8414,0.8531,0.7996
SEM_QA_0093,Semiconductors,single,2,w/o Multimodal,0.995,0.9606,0.9776,0.9458
SEM_QA_0094,Semiconductors,single,2,w/o Multimodal,0.9625,0.9736,0.995,0.9747
SEM_QA_0095,Semiconductors,multi,2,w/o Multimodal,0.6026,0.6775,0.4744,0.7456
SEM_QA_0096,Semiconductors,multi,2,w/o Multimodal,0.9415,0.9908,0.9648,0.9517
SEM_QA_0097,Semiconductors,single,2,w/o Multimodal,0.9562,0.9644,0.9879,0.9346
SEM_QA_0098,Semiconductors,single,2,w/o Multimodal,0.9662,0.995,0.995,0.9658
SEM_QA_0099,Semiconductors,single,2,w/o Multimodal,0.995,0.9383,0.9776,0.9654
SEM_QA_0100,Semiconductors,multi,2,w/o Multimodal,0.9177,0.9314,0.8539,0.8995
SEM_QA_0101,Semiconductors,single,2,w/o Multimodal,0.7969,0.9704,0.9517,0.9378
SEM_QA_0102,Semiconductors,single,2,w/o Multimodal,0.995,0.8859,0.995,0.9326
SEM_QA_0103,Semiconductors,multi,2,w/o Multimodal,0.989,0.995,0.9465,0.9756
SEM_QA_0104,Semiconductors,single,2,w/o Multimodal,0.767,0.6869,0.765,0.7177
SEM_QA_0105,Semiconductors,multi,2,w/o Multimodal,0.6944,0.8536,0.7876,0.9196
SEM_QA_0106,Semiconductors,multi,2,w/o Multimodal,0.9782,0.9798,0.995,0.9756
SEM_QA_0107,Semiconductors,single,2,w/o Multimodal,0.9677,0.9768,0.9656,0.958
SEM_QA_0108,Semiconductors,multi,2,w/o Multimodal,0.6808,0.8679,0.8524,0.6694
SEM_QA_0109,Semiconductors,single,2,w/o Multimodal,0.9367,0.9632,0.995,0.9059
SEM_QA_0110,Semiconductors,multi,2,w/o Multimodal,0.4671,0.7118,0.6258,0.6599
SEM_QA_0111,Semiconductors,single,2,w/o Multimodal,0.919,0.9345,0.9894,0.9625
SEM_QA_0112,Semiconductors,single,2,w/o Multimodal,0.8809,0.9834,0.9652,0.9145
SEM_QA_0113,Semiconductors,single,2,w/o Multimodal,0.7626,0.7992,0.8133,0.7945
SEM_QA_0114,Semiconductors,single,2,w/o Multimodal,0.888,0.9774,0.9306,0.9566
SEM_QA_0115,Semiconductors,multi,2,w/o Multimodal,0.805,0.8079,0.6589,0.6526
SEM_QA_0116,Semiconductors,single,2,w/o Multimodal,0.962,0.9649,0.995,0.9569
SEM_QA_0117,Semiconductors,multi,2,w/o Multimodal,0.9936,0.995,0.9877,0.8991
SEM_QA_0118,Semiconductors,single,2,w/o Multimodal,0.9565,0.995,0.9503,0.9756
SEM_QA_0119,Semiconductors,single,2,w/o Multimodal,0.9623,0.995,0.9805,0.971
SEM_QA_0120,Semiconductors,single,2,w/o Multimodal,0.7504,0.8889,0.667,0.7626
SEM_QA_0121,Semiconductors,single,2,w/o Multimodal,0.4291,0.5482,0.5973,0.6574
SEM_QA_0122,Semiconductors,single,2,w/o Multimodal,0.9507,0.9738,0.995,0.9756
SEM_QA_0123,Semiconductors,single,2,w/o Multimodal,0.9149,0.9672,0.935,0.9177
SEM_QA_0124,Semiconductors,single,2,w/o Multimodal,0.9561,0.995,0.8179,0.9034
SEM_QA_0125,Semiconductors,single,2,w/o Multimodal,0.995,0.995,0.9793,0.9679
SEM_QA_0126,Semiconductors,multi,2,w/o Multimodal,0.825,0.9296,0.9698,0.9417
BAT_QA_0001,Batteries,single,2,w/o Multimodal,0.8114,0.7555,0.7262,0.8451
BAT_QA_0002,Batteries,single,2,w/o Multimodal,0.995,0.9735,0.995,0.9735
BAT_QA_0003,Batteries,multi,2,w/o Multimodal,0.8868,0.9591,0.995,0.9245
BAT_QA_0004,Batteries,single,2,w/o Multimodal,0.7844,0.9695,0.9528,0.9413
BAT_QA_0005,Batteries,single,2,w/o Multimodal,0.995,0.995,0.9897,0.9644
BAT_QA_0006,Batteries,single,2,w/o Multimodal,0.9805,0.9467,0.9564,0.9724
BAT_QA_0007,Batteries,multi,2,w/o Multimodal,0.995,0.9162,0.8696,0.8806
BAT_QA_0008,Batteries,single,2,w/o Multimodal,0.9888,0.995,0.9774,0.9756
BAT_QA_0009,Batteries,single,2,w/o Multimodal,0.8053,0.9418,0.8383,0.9647
BAT_QA_0010,Batteries,single,2,w/o Multimodal,0.9777,0.9903,0.9303,0.9417
BAT_QA_0011,Batteries,single,2,w/o Multimodal,0.9136,0.8845,0.867,0.9451
BAT_QA_0012,Batteries,single,2,w/o Multimodal,0.781,0.8185,0.9228,0.8226
BAT_QA_0013,Batteries,single,2,w/o Multimodal,0.9463,0.9806,0.9889,0.9739
BAT_QA_0014,Batteries,multi,2,w/o Multimodal,0.9622,0.8693,0.9925,0.9513
BAT_QA_0015,Batteries,multi,2,w/o Multimodal,0.9846,0.9466,0.9552,0.9456
BAT_QA_0016,Batteries,single,2,w/o Multimodal,0.62,0.62,0.5168,0.5472
BAT_QA_0017,Batteries,multi,2,w/o Multimodal,0.5772,0.871,0.9366,0.8407
BAT_QA_0018,Batteries,single,2,w/o Multimodal,0.5063,0.5714,0.5015,0.64
BAT_QA_0019,Batteries,single,2,w/o Multimodal,0.9093,0.8655,0.995,0.9756
BAT_QA_0020,Batteries,single,2,w/o Multimodal,0.3712,0.3675,0.1604,0.3587
BAT_QA_0021,Batteries,single,2,w/o Multimodal,0.6339,0.5969,0.5439,0.7499
BAT_QA_0022,Batteries,multi,2,w/o Multimodal,0.553,0.6242,0.5621,0.7442
BAT_QA_0023,Batteries,single,2,w/o Multimodal,0.95,0.9083,0.8821,0.9488
BAT_QA_0024,Batteries,single,2,w/o Multimodal,0.7913,0.9825,0.8732,0.8751
BAT_QA_0025,Batteries,single,2,w/o Multimodal,0.9804,0.995,0.8543,0.9756
BAT_QA_0026,Batteries,multi,2,w/o Multimodal,0.7192,0.7718,0.7592,0.7602
BAT_QA_0027,Batteries,single,2,w/o Multimodal,0.9897,0.9913,0.995,0.969
BAT_QA_0028,Batteries,single,2,w/o Multimodal,0.9116,0.9473,0.8847,0.8782
BAT_QA_0029,Batteries,single,2,w/o Multimodal,0.9348,0.9471,0.9926,0.9342
BAT_QA_0030,Batteries,single,2,w/o Multimodal,0.995,0.995,0.9288,0.9637
BAT_QA_0031,Batteries,multi,2,w/o Multimodal,0.9468,0.9745,0.8906,0.9376
BAT_QA_0032,Batteries,multi,2,w/o Multimodal,0.9428,0.9566,0.8594,0.9421
BAT_QA_0033,Batteries,single,2,w/o Multimodal,0.995,0.9485,0.995,0.966
BAT_QA_0034,Batteries,single,2,w/o Multimodal,0.8192,0.9046,0.7082,0.8344
BAT_QA_0035,Batteries,multi,2,w/o Multimodal,0.9406,0.9593,0.8953,0.9122
BAT_QA_0036,Batteries,single,2,w/o Multimodal,0.995,0.9505,0.995,0.9756
BAT_QA_0037,Batteries,multi,2,w/o Multimodal,0.7781,0.7355,0.8012,0.7277
BAT_QA_0038,Batteries,single,2,w/o Multimodal,0.9569,0.9193,0.8254,0.9414
BAT_QA_0039,Batteries,multi,2,w/o Multimodal,0.6601,0.7055,0.5856,0.7784
BAT_QA_0040,Batteries,single,2,w/o Multimodal,0.9692,0.9786,0.995,0.9364
BAT_QA_0041,Batteries,single,2,w/o Multimodal,0.7887,0.7336,0.7481,0.8756
BAT_QA_0042,Batteries,multi,2,w/o Multimodal,0.8089,0.9001,0.9263,0.8937
BAT_QA_0043,Batteries,single,2,w/o Multimodal,0.8534,0.995,0.995,0.9678
BAT_QA_0044,Batteries,single,2,w/o Multimodal,0.8484,0.9844,0.9003,0.8741
BAT_QA_0045,Batteries,multi,2,w/o Multimodal,0.9559,0.9497,0.9648,0.9075
BAT_QA_0046,Batteries,multi,2,w/o Multimodal,0.6898,0.6929,0.6686,0.5729
BAT_QA_0047,Batteries,single,2,w/o Multimodal,0.9179,0.9143,0.8753,0.918
BAT_QA_0048,Batteries,single,2,w/o Multimodal,0.995,0.9342,0.9119,0.8998
BAT_QA_0049,Batteries,single,2,w/o Multimodal,0.8153,0.8095,0.8296,0.8932
BAT_QA_0050,Batteries,single,2,w/o Multimodal,0.8017,0.7428,0.7934,0.8202
BAT_QA_0051,Batteries,single,2,w/o Multimodal,0.7516,0.691,0.6498,0.7074
BAT_QA_0052,Batteries,single,2,w/o Multimodal,0.8353,0.7801,0.7296,0.7325
BAT_QA_0053,Batteries,single,2,w/o Multimodal,0.7016,0.8629,0.7371,0.8834
BAT_QA_0054,Batteries,single,2,w/o Multimodal,0.9738,0.995,0.995,0.9428
BAT_QA_0055,Batteries,single,2,w/o Multimodal,0.7288,0.747,0.6986,0.7951
BAT_QA_0056,Batteries,single,2,w/o Multimodal,0.9235,0.9611,0.8566,0.9491
BAT_QA_0057,Batteries,multi,2,w/o Multimodal,0.9362,0.9409,0.8981,0.9499
BAT_QA_0058,Batteries,single,2,w/o Multimodal,0.9339,0.938,0.7277,0.867
BAT_QA_0059,Batteries,single,2,w/o Multimodal,0.9184,0.9554,0.9619,0.9391
BAT_QA_0060,Batteries,multi,2,w/o Multimodal,0.7303,0.7186,0.7204,0.8041
BAT_QA_0061,Batteries,single,2,w/o Multimodal,0.7882,0.6614,0.7216,0.6866
BAT_QA_0062,Batteries,multi,2,w/o Multimodal,0.631,0.5612,0.7906,0.6676
BAT_QA_0063,Batteries,single,2,w/o Multimodal,0.9467,0.9018,0.8369,0.8372
BAT_QA_0064,Batteries,single,2,w/o Multimodal,0.9876,0.9492,0.995,0.9447
BAT_QA_0065,Batteries,single,2,w/o Multimodal,0.9797,0.9757,0.9731,0.9696
BAT_QA_0066,Batteries,single,2,w/o Multimodal,0.6851,0.7352,0.8233,0.7051
BAT_QA_0067,Batteries,single,2,w/o Multimodal,0.816,0.8463,0.8638,0.8311
BAT_QA_0068,Batteries,multi,2,w/o Multimodal,0.995,0.8949,0.9902,0.9467
BAT_QA_0069,Batteries,single,2,w/o Multimodal,0.629,0.574,0.6113,0.7175
BAT_QA_0070,Batteries,multi,2,w/o Multimodal,0.9432,0.8637,0.995,0.9332
BAT_QA_0071,Batteries,single,2,w/o Multimodal,0.8559,0.8767,0.8673,0.898
BAT_QA_0072,Batteries,multi,2,w/o Multimodal,0.9076,0.9352,0.9124,0.9546
BAT_QA_0073,Batteries,single,2,w/o Multimodal,0.9597,0.9441,0.9658,0.9325
BAT_QA_0074,Batteries,multi,2,w/o Multimodal,0.6194,0.5695,0.5544,0.7524
BAT_QA_0075,Batteries,single,2,w/o Multimodal,0.908,0.9798,0.9368,0.962
BAT_QA_0076,Batteries,multi,2,w/o Multimodal,0.7329,0.7912,0.8183,0.7902
BAT_QA_0077,Batteries,single,2,w/o Multimodal,0.9923,0.9888,0.9466,0.9756
BAT_QA_0078,Batteries,single,2,w/o Multimodal,0.8851,0.8831,0.9205,0.9394
BAT_QA_0079,Batteries,multi,2,w/o Multimodal,0.8241,0.7602,0.6761,0.6786
BAT_QA_0080,Batteries,single,2,w/o Multimodal,0.9676,0.9572,0.933,0.9391
BAT_QA_0081,Batteries,single,2,w/o Multimodal,0.9189,0.8141,0.8779,0.9229
BAT_QA_0082,Batteries,multi,2,w/o Multimodal,0.9361,0.9046,0.9551,0.91
BAT_QA_0083,Batteries,single,2,w/o Multimodal,0.4279,0.731,0.7247,0.7391
BAT_QA_0084,Batteries,single,2,w/o Multimodal,0.8735,0.9087,0.9352,0.9167
BAT_QA_0085,Batteries,multi,2,w/o Multimodal,0.6357,0.7192,0.5374,0.7794
BAT_QA_0086,Batteries,multi,2,w/o Multimodal,0.8603,0.9741,0.9492,0.8942
BAT_QA_0087,Batteries,single,2,w/o Multimodal,0.9659,0.995,0.995,0.9364
BAT_QA_0088,Batteries,single,2,w/o Multimodal,0.8037,0.7824,0.6687,0.7371
BAT_QA_0089,Batteries,single,2,w/o Multimodal,0.9604,0.9821,0.995,0.958
BAT_QA_0090,Batteries,single,2,w/o Multimodal,0.9195,0.8881,0.887,0.9124
BAT_QA_0091,Batteries,single,2,w/o Multimodal,0.995,0.995,0.9651,0.9747
BAT_QA_0092,Batteries,single,2,w/o Multimodal,0.654,0.7904,0.6732,0.8384
BAT_QA_0093,Batteries,single,2,w/o Multimodal,0.8191,0.8183,0.7785,0.9235
BAT_QA_0094,Batteries,single,2,w/o Multimodal,0.6578,0.6063,0.6045,0.7434
BAT_QA_0095,Batteries,single,2,w/o Multimodal,0.9777,0.995,0.8525,0.963
BAT_QA_0096,Batteries,single,2,w/o Multimodal,0.9797,0.9826,0.9791,0.9273
BAT_QA_0097,Batteries,multi,2,w/o Multimodal,0.7123,0.602,0.6659,0.6944
BAT_QA_0098,Batteries,multi,2,w/o Multimodal,0.7727,0.7567,0.5924,0.7278
BAT_QA_0099,Batteries,single,2,w/o Multimodal,0.8078,0.8206,0.8399,0.8837
BAT_QA_0100,Batteries,multi,2,w/o Multimodal,0.9947,0.9091,0.9818,0.9438
BAT_QA_0101,Batteries,single,2,w/o Multimodal,0.8554,0.8751,0.9856,0.8857
BAT_QA_0102,Batteries,multi,2,w/o Multimodal,0.8854,0.8199,0.9588,0.917
BAT_QA_0103,Batteries,single,2,w/o Multimodal,0.9316,0.8882,0.8443,0.935
BAT_QA_0104,Batteries,multi,2,w/o Multimodal,0.7387,0.8528,0.6837,0.8446
BAT_QA_0105,Batteries,single,2,w/o Multimodal,0.8187,0.7259,0.7035,0.8652
BAT_QA_0106,Batteries,multi,2,w/o Multimodal,0.9016,0.8325,0.9128,0.8935
BAT_QA_0107,Batteries,multi,2,w/o Multimodal,0.8409,0.7921,0.7725,0.9376
BAT_QA_0108,Batteries,single,2,w/o Multimodal,0.8215,0.9167,0.84,0.8282
BAT_QA_0109,Batteries,single,2,w/o Multimodal,0.7968,0.8057,0.7073,0.8001
BAT_QA_0110,Batteries,single,2,w/o Multimodal,0.8841,0.8205,0.9187,0.8093
BAT_QA_0111,Batteries,multi,2,w/o Multimodal,0.9637,0.9584,0.9182,0.9095
BAT_QA_0112,Batteries,single,2,w/o Multimodal,0.9826,0.9572,0.995,0.971
BAT_QA_0113,Batteries,multi,2,w/o Multimodal,0.8881,0.8741,0.9505,0.921
BAT_QA_0114,Batteries,multi,2,w/o Multimodal,0.8362,0.7273,0.6808,0.6845
BAT_QA_0115,Batteries,multi,2,w/o Multimodal,0.9587,0.995,0.995,0.9694
BAT_QA_0116,Batteries,single,2,w/o Multimodal,0.995,0.934,0.9704,0.9248
BAT_QA_0117,Batteries,multi,2,w/o Multimodal,0.613,0.7941,0.6421,0.8257
BAT_QA_0118,Batteries,single,2,w/o Multimodal,0.8807,0.7464,0.7707,0.876
BAT_QA_0119,Batteries,single,2,w/o Multimodal,0.5707,0.6111,0.5848,0.695
BAT_QA_0120,Batteries,single,2,w/o Multimodal,0.9134,0.9087,0.8179,0.8813
BAT_QA_0121,Batteries,single,2,w/o Multimodal,0.8109,0.7854,0.8119,0.8234
BAT_QA_0122,Batteries,single,2,w/o Multimodal,0.8692,0.9496,0.9663,0.9077
BAT_QA_0123,Batteries,single,2,w/o Multimodal,0.9817,0.9747,0.8926,0.9203
BAT_QA_0124,Batteries,single,2,w/o Multimodal,0.6883,0.7461,0.6425,0.7585
SUP_QA_0001,Superalloys,single,3,w/o Multimodal,0.8076,0.8203,0.7395,0.8956
SUP_QA_0002,Superalloys,multi,3,w/o Multimodal,0.995,0.98,0.9901,0.9548
SUP_QA_0003,Superalloys,multi,3,w/o Multimodal,0.6995,0.6354,0.5719,0.6978
SUP_QA_0004,Superalloys,multi,3,w/o Multimodal,0.6491,0.7744,0.871,0.879
SUP_QA_0005,Superalloys,single,3,w/o Multimodal,0.6443,0.6433,0.7134,0.6513
SUP_QA_0006,Superalloys,single,3,w/o Multimodal,0.8963,0.9844,0.8358,0.9446
SUP_QA_0007,Superalloys,single,3,w/o Multimodal,0.9764,0.995,0.9656,0.995
SUP_QA_0008,Superalloys,single,3,w/o Multimodal,0.9654,0.89,0.9693,0.9911
SUP_QA_0009,Superalloys,single,3,w/o Multimodal,0.9577,0.8941,0.9652,0.9722
SUP_QA_0010,Superalloys,single,3,w/o Multimodal,0.8915,0.8823,0.9244,0.9114
SUP_QA_0011,Superalloys,single,3,w/o Multimodal,0.9303,0.8199,0.9168,0.9034
SUP_QA_0012,Superalloys,single,3,w/o Multimodal,0.8245,0.7499,0.837,0.868
SUP_QA_0013,Superalloys,multi,3,w/o Multimodal,0.8322,0.7151,0.7677,0.7881
SUP_QA_0014,Superalloys,single,3,w/o Multimodal,0.9085,0.8505,0.9426,0.8186
SUP_QA_0015,Superalloys,single,3,w/o Multimodal,0.9755,0.867,0.9346,0.9393
SUP_QA_0016,Superalloys,single,3,w/o Multimodal,0.8371,0.7615,0.7681,0.8032
SUP_QA_0017,Superalloys,single,3,w/o Multimodal,0.9639,0.995,0.934,0.9603
SUP_QA_0018,Superalloys,single,3,w/o Multimodal,0.9884,0.995,0.9142,0.9433
SUP_QA_0019,Superalloys,single,3,w/o Multimodal,0.9844,0.995,0.9248,0.995
SUP_QA_0020,Superalloys,single,3,w/o Multimodal,0.9571,0.995,0.9438,0.9853
SUP_QA_0021,Superalloys,multi,3,w/o Multimodal,0.9224,0.9853,0.9563,0.995
SUP_QA_0022,Superalloys,single,3,w/o Multimodal,0.859,0.792,0.7747,0.811
SUP_QA_0023,Superalloys,single,3,w/o Multimodal,0.9434,0.9548,0.9007,0.9598
SUP_QA_0024,Superalloys,single,3,w/o Multimodal,0.8298,0.7693,0.9254,0.8689
SUP_QA_0025,Superalloys,single,3,w/o Multimodal,0.8465,0.9665,0.9497,0.9735
SUP_QA_0026,Superalloys,single,3,w/o Multimodal,0.8592,0.9527,0.9395,0.9868
SUP_QA_0027,Superalloys,multi,3,w/o Multimodal,0.6098,0.6551,0.7295,0.6691
SUP_QA_0028,Superalloys,multi,3,w/o Multimodal,0.9721,0.9703,0.9339,0.9456
SUP_QA_0029,Superalloys,single,3,w/o Multimodal,0.8824,0.8261,0.8994,0.9016
SUP_QA_0030,Superalloys,multi,3,w/o Multimodal,0.8469,0.7012,0.7289,0.7982
SUP_QA_0031,Superalloys,single,3,w/o Multimodal,0.9613,0.995,0.9808,0.9941
SUP_QA_0032,Superalloys,single,3,w/o Multimodal,0.8439,0.7703,0.9388,0.9676
SUP_QA_0033,Superalloys,single,3,w/o Multimodal,0.8225,0.7213,0.8422,0.8537
SUP_QA_0034,Superalloys,multi,3,w/o Multimodal,0.995,0.9482,0.7814,0.9537
SUP_QA_0035,Superalloys,single,3,w/o Multimodal,0.9571,0.967,0.9481,0.995
SUP_QA_0036,Superalloys,single,3,w/o Multimodal,0.9789,0.9902,0.9503,0.988
SUP_QA_0037,Superalloys,single,3,w/o Multimodal,0.995,0.9692,0.9449,0.9815
SUP_QA_0038,Superalloys,single,3,w/o Multimodal,0.995,0.995,0.9901,0.995
SUP_QA_0039,Superalloys,single,3,w/o Multimodal,0.9396,0.7705,0.9132,0.8802
SUP_QA_0040,Superalloys,multi,3,w/o Multimodal,0.9903,0.9804,0.9027,0.9541
SUP_QA_0041,Superalloys,single,3,w/o Multimodal,0.9757,0.995,0.9327,0.995
SUP_QA_0042,Superalloys,single,3,w/o Multimodal,0.9834,0.8628,0.9505,0.9851
SUP_QA_0043,Superalloys,single,3,w/o Multimodal,0.7664,0.703,0.7624,0.9154
SUP_QA_0044,Superalloys,multi,3,w/o Multimodal,0.9711,0.8209,0.8531,0.9024
SUP_QA_0045,Superalloys,single,3,w/o Multimodal,0.7302,0.6916,0.7554,0.8491
SUP_QA_0046,Superalloys,single,3,w/o Multimodal,0.6312,0.5397,0.6426,0.6422
SUP_QA_0047,Superalloys,multi,3,w/o Multimodal,0.9818,0.7193,0.8942,0.8889
SUP_QA_0048,Superalloys,single,3,w/o Multimodal,0.9367,0.9451,0.9547,0.9669
SUP_QA_0049,Superalloys,multi,3,w/o Multimodal,0.8472,0.7769,0.9123,0.867
SUP_QA_0050,Superalloys,single,3,w/o Multimodal,0.9813,0.881,0.9509,0.9194
SUP_QA_0051,Superalloys,single,3,w/o Multimodal,0.9104,0.9518,0.916,0.8932
SUP_QA_0052,Superalloys,single,3,w/o Multimodal,0.8666,0.682,0.7269,0.8729
SUP_QA_0053,Superalloys,single,3,w/o Multimodal,0.8727,0.8224,0.8347,0.9896
SUP_QA_0054,Superalloys,multi,3,w/o Multimodal,0.977,0.8608,0.949,0.9698
SUP_QA_0055,Superalloys,single,3,w/o Multimodal,0.8454,0.7268,0.827,0.8296
SUP_QA_0056,Superalloys,single,3,w/o Multimodal,0.8631,0.9096,0.9479,0.8407
SUP_QA_0057,Superalloys,single,3,w/o Multimodal,0.7507,0.7899,0.8168,0.9069
SUP_QA_0058,Superalloys,single,3,w/o Multimodal,0.8649,0.8744,0.8973,0.9648
SUP_QA_0059,Superalloys,single,3,w/o Multimodal,0.9371,0.9613,0.9471,0.995
SUP_QA_0060,Superalloys,single,3,w/o Multimodal,0.6697,0.4931,0.722,0.7137
SUP_QA_0061,Superalloys,single,3,w/o Multimodal,0.7868,0.7653,0.9571,0.8955
SUP_QA_0062,Superalloys,multi,3,w/o Multimodal,0.4313,0.5515,0.576,0.6283
SUP_QA_0063,Superalloys,single,3,w/o Multimodal,0.974,0.995,0.9529,0.9915
SUP_QA_0064,Superalloys,multi,3,w/o Multimodal,0.956,0.9923,0.9697,0.9272
SUP_QA_0065,Superalloys,single,3,w/o Multimodal,0.9592,0.995,0.941,0.995
SUP_QA_0066,Superalloys,single,3,w/o Multimodal,0.9709,0.9624,0.9499,0.9537
SUP_QA_0067,Superalloys,multi,3,w/o Multimodal,0.9255,0.7281,0.9249,0.909
SUP_QA_0068,Superalloys,single,3,w/o Multimodal,0.9367,0.9926,0.9353,0.9905
SUP_QA_0069,Superalloys,single,3,w/o Multimodal,0.8491,0.7924,0.8727,0.8788
SUP_QA_0070,Superalloys,multi,3,w/o Multimodal,0.7356,0.6446,0.7915,0.7558
SUP_QA_0071,Superalloys,single,3,w/o Multimodal,0.9136,0.7242,0.824,0.9141
SUP_QA_0072,Superalloys,multi,3,w/o Multimodal,0.9369,0.7342,0.941,0.9388
SUP_QA_0073,Superalloys,multi,3,w/o Multimodal,0.5958,0.55,0.5123,0.6449
SUP_QA_0074,Superalloys,multi,3,w/o Multimodal,0.9067,0.9262,0.9226,0.9544
SUP_QA_0075,Superalloys,single,3,w/o Multimodal,0.9849,0.9034,0.9454,0.9547
SUP_QA_0076,Superalloys,single,3,w/o Multimodal,0.8661,0.8536,0.8357,0.9045
SUP_QA_0077,Superalloys,multi,3,w/o Multimodal,0.995,0.9706,0.9566,0.995
SUP_QA_0078,Superalloys,single,3,w/o Multimodal,0.4905,0.486,0.6157,0.4831
SUP_QA_0079,Superalloys,single,3,w/o Multimodal,0.995,0.8844,0.9314,0.9301
SUP_QA_0080,Superalloys,multi,3,w/o Multimodal,0.9496,0.9833,0.978,0.9867
SUP_QA_0081,Superalloys,multi,3,w/o Multimodal,0.7564,0.6883,0.8902,0.8174
SUP_QA_0082,Superalloys,multi,3,w/o Multimodal,0.9897,0.995,0.9901,0.9746
SUP_QA_0083,Superalloys,single,3,w/o Multimodal,0.7223,0.5424,0.7016,0.4161
SUP_QA_0084,Superalloys,single,3,w/o Multimodal,0.9658,0.995,0.8921,0.9379
SUP_QA_0085,Superalloys,single,3,w/o Multimodal,0.9842,0.9828,0.9653,0.995
SUP_QA_0086,Superalloys,single,3,w/o Multimodal,0.995,0.995,0.9901,0.995
SUP_QA_0087,Superalloys,multi,3,w/o Multimodal,0.954,0.995,0.902,0.9467
SUP_QA_0088,Superalloys,single,3,w/o Multimodal,0.767,0.7948,0.8614,0.9287
SUP_QA_0089,Superalloys,single,3,w/o Multimodal,0.9367,0.8365,0.9215,0.9199
SUP_QA_0090,Superalloys,single,3,w/o Multimodal,0.7677,0.8433,0.905,0.9122
SUP_QA_0091,Superalloys,multi,3,w/o Multimodal,0.9408,0.7964,0.8167,0.7994
SUP_QA_0092,Superalloys,single,3,w/o Multimodal,0.57,0.5128,0.5027,0.6189
SUP_QA_0093,Superalloys,multi,3,w/o Multimodal,0.9252,0.96,0.959,0.9343
SUP_QA_0094,Superalloys,multi,3,w/o Multimodal,0.995,0.995,0.9901,0.9519
SUP_QA_0095,Superalloys,multi,3,w/o Multimodal,0.9029,0.7268,0.7126,0.8939
SUP_QA_0096,Superalloys,single,3,w/o Multimodal,0.995,0.995,0.9442,0.995
SUP_QA_0097,Superalloys,multi,3,w/o Multimodal,0.9081,0.7166,0.9063,0.9593
SUP_QA_0098,Superalloys,single,3,w/o Multimodal,0.5783,0.5057,0.5602,0.5883
SUP_QA_0099,Superalloys,single,3,w/o Multimodal,0.9734,0.995,0.8781,0.9712
SUP_QA_0100,Superalloys,multi,3,w/o Multimodal,0.5086,0.4585,0.6676,0.7298
SUP_QA_0101,Superalloys,single,3,w/o Multimodal,0.8165,0.9005,0.8981,0.8835
SUP_QA_0102,Superalloys,multi,3,w/o Multimodal,0.938,0.9119,0.8101,0.7857
SUP_QA_0103,Superalloys,multi,3,w/o Multimodal,0.9528,0.995,0.9337,0.9854
SUP_QA_0104,Superalloys,single,3,w/o Multimodal,0.7177,0.7505,0.8788,0.7145
SUP_QA_0105,Superalloys,single,3,w/o Multimodal,0.9787,0.984,0.9449,0.995
SUP_QA_0106,Superalloys,single,3,w/o Multimodal,0.9644,0.8088,0.8261,0.8159
SUP_QA_0107,Superalloys,single,3,w/o Multimodal,0.7847,0.7705,0.9342,0.7074
SUP_QA_0108,Superalloys,single,3,w/o Multimodal,0.8662,0.8494,0.8324,0.9182
SUP_QA_0109,Superalloys,single,3,w/o Multimodal,0.8417,0.8491,0.773,0.9233
SUP_QA_0110,Superalloys,single,3,w/o Multimodal,0.9905,0.9908,0.9481,0.9364
SUP_QA_0111,Superalloys,single,3,w/o Multimodal,0.9035,0.8882,0.8308,0.7975
SUP_QA_0112,Superalloys,multi,3,w/o Multimodal,0.9774,0.995,0.9318,0.9497
SUP_QA_0113,Superalloys,single,3,w/o Multimodal,0.7976,0.832,0.845,0.9001
SUP_QA_0114,Superalloys,single,3,w/o Multimodal,0.6403,0.4327,0.4566,0.5549
SUP_QA_0115,Superalloys,multi,3,w/o Multimodal,0.8987,0.8383,0.8559,0.8964
SUP_QA_0116,Superalloys,multi,3,w/o Multimodal,0.9534,0.9284,0.8856,0.9185
SUP_QA_0117,Superalloys,multi,3,w/o Multimodal,0.886,0.9318,0.9264,0.9393
SUP_QA_0118,Superalloys,single,3,w/o Multimodal,0.8996,0.8077,0.8944,0.9044
SUP_QA_0119,Superalloys,single,3,w/o Multimodal,0.9249,0.8997,0.9704,0.9944
SUP_QA_0120,Superalloys,single,3,w/o Multimodal,0.7293,0.5896,0.6745,0.8245
SUP_QA_0121,Superalloys,single,3,w/o Multimodal,0.6728,0.556,0.6389,0.5629
SUP_QA_0122,Superalloys,single,3,w/o Multimodal,0.974,0.995,0.8885,0.9811
SUP_QA_0123,Superalloys,single,3,w/o Multimodal,0.995,0.995,0.9597,0.9526
SUP_QA_0124,Superalloys,single,3,w/o Multimodal,0.6957,0.536,0.7873,0.7528
SUP_QA_0125,Superalloys,multi,3,w/o Multimodal,0.8368,0.9223,0.8334,0.9267
SUP_QA_0126,Superalloys,multi,3,w/o Multimodal,0.6627,0.6368,0.6104,0.6979
SUP_QA_0127,Superalloys,single,3,w/o Multimodal,0.995,0.9803,0.9666,0.995
SUP_QA_0128,Superalloys,multi,3,w/o Multimodal,0.8974,0.8607,0.9325,0.9058
SUP_QA_0129,Superalloys,multi,3,w/o Multimodal,0.6112,0.7568,0.8577,0.8407
SUP_QA_0130,Superalloys,multi,3,w/o Multimodal,0.9474,0.995,0.9294,0.9332
SUP_QA_0131,Superalloys,single,3,w/o Multimodal,0.9673,0.8781,0.9532,0.9534
SUP_QA_0132,Superalloys,multi,3,w/o Multimodal,0.9357,0.9289,0.9387,0.8294
SEM_QA_0001,Semiconductors,single,3,w/o Multimodal,0.7779,0.8571,0.6758,0.7791
SEM_QA_0002,Semiconductors,single,3,w/o Multimodal,0.9778,0.8244,0.8178,0.9585
SEM_QA_0003,Semiconductors,single,3,w/o Multimodal,0.8163,0.8271,0.8447,0.8505
SEM_QA_0004,Semiconductors,single,3,w/o Multimodal,0.995,0.9701,0.8931,0.995
SEM_QA_0005,Semiconductors,multi,3,w/o Multimodal,0.8815,0.7704,0.8239,0.8859
SEM_QA_0006,Semiconductors,multi,3,w/o Multimodal,0.7941,0.801,0.7703,0.8377
SEM_QA_0007,Semiconductors,single,3,w/o Multimodal,0.7796,0.8475,0.7759,0.813
SEM_QA_0008,Semiconductors,single,3,w/o Multimodal,0.7399,0.8871,0.8076,0.7779
SEM_QA_0009,Semiconductors,single,3,w/o Multimodal,0.9884,0.995,0.9693,0.9396
SEM_QA_0010,Semiconductors,single,3,w/o Multimodal,0.6959,0.7329,0.7189,0.711
SEM_QA_0011,Semiconductors,single,3,w/o Multimodal,0.4653,0.3251,0.441,0.4974
SEM_QA_0012,Semiconductors,single,3,w/o Multimodal,0.995,0.8538,0.8337,0.8983
SEM_QA_0013,Semiconductors,multi,3,w/o Multimodal,0.955,0.995,0.9267,0.9649
SEM_QA_0014,Semiconductors,single,3,w/o Multimodal,0.9479,0.9799,0.915,0.9283
SEM_QA_0015,Semiconductors,multi,3,w/o Multimodal,0.9485,0.9691,0.9051,0.965
SEM_QA_0016,Semiconductors,single,3,w/o Multimodal,0.7031,0.663,0.6017,0.6794
SEM_QA_0017,Semiconductors,single,3,w/o Multimodal,0.8867,0.9692,0.9181,0.8727
SEM_QA_0018,Semiconductors,multi,3,w/o Multimodal,0.9223,0.807,0.9788,0.8907
SEM_QA_0019,Semiconductors,single,3,w/o Multimodal,0.9865,0.995,0.9781,0.9652
SEM_QA_0020,Semiconductors,single,3,w/o Multimodal,0.7555,0.9034,0.9062,0.8837
SEM_QA_0021,Semiconductors,single,3,w/o Multimodal,0.8567,0.8475,0.9135,0.8938
SEM_QA_0022,Semiconductors,single,3,w/o Multimodal,0.9546,0.9315,0.9608,0.9865
SEM_QA_0023,Semiconductors,single,3,w/o Multimodal,0.7149,0.6611,0.7708,0.8643
SEM_QA_0024,Semiconductors,multi,3,w/o Multimodal,0.5147,0.5172,0.5377,0.6151
SEM_QA_0025,Semiconductors,single,3,w/o Multimodal,0.851,0.9346,0.9284,0.9255
SEM_QA_0026,Semiconductors,single,3,w/o Multimodal,0.8968,0.9014,0.9703,0.9156
SEM_QA_0027,Semiconductors,single,3,w/o Multimodal,0.9637,0.9196,0.9658,0.9884
SEM_QA_0028,Semiconductors,multi,3,w/o Multimodal,0.995,0.9814,0.9183,0.9016
SEM_QA_0029,Semiconductors,single,3,w/o Multimodal,0.8569,0.8259,0.9011,0.8953
SEM_QA_0030,Semiconductors,single,3,w/o Multimodal,0.7947,0.8079,0.7681,0.8951
SEM_QA_0031,Semiconductors,multi,3,w/o Multimodal,0.9851,0.995,0.9508,0.995
SEM_QA_0032,Semiconductors,single,3,w/o Multimodal,0.8813,0.8519,0.8843,0.8882
SEM_QA_0033,Semiconductors,multi,3,w/o Multimodal,0.7822,0.7194,0.6547,0.7562
SEM_QA_0034,Semiconductors,multi,3,w/o Multimodal,0.7871,0.7859,0.6945,0.7526
SEM_QA_0035,Semiconductors,single,3,w/o Multimodal,0.995,0.9759,0.943,0.971
SEM_QA_0036,Semiconductors,single,3,w/o Multimodal,0.9784,0.9819,0.9653,0.9418
SEM_QA_0037,Semiconductors,multi,3,w/o Multimodal,0.9714,0.9916,0.8912,0.9937
SEM_QA_0038,Semiconductors,single,3,w/o Multimodal,0.6932,0.4947,0.5269,0.6647
SEM_QA_0039,Semiconductors,multi,3,w/o Multimodal,0.6487,0.6851,0.6891,0.7142
SEM_QA_0040,Semiconductors,multi,3,w/o Multimodal,0.8726,0.9149,0.837,0.8762
SEM_QA_0041,Semiconductors,single,3,w/o Multimodal,0.8537,0.8135,0.986,0.8602
SEM_QA_0042,Semiconductors,multi,3,w/o Multimodal,0.9818,0.9649,0.941,0.9734
SEM_QA_0043,Semiconductors,multi,3,w/o Multimodal,0.8747,0.9074,0.6826,0.788
SEM_QA_0044,Semiconductors,multi,3,w/o Multimodal,0.6267,0.7116,0.737,0.7879
SEM_QA_0045,Semiconductors,single,3,w/o Multimodal,0.9156,0.8925,0.8855,0.949
SEM_QA_0046,Semiconductors,single,3,w/o Multimodal,0.7714,0.7535,0.8261,0.801
SEM_QA_0047,Semiconductors,single,3,w/o Multimodal,0.962,0.9794,0.9499,0.9425
SEM_QA_0048,Semiconductors,multi,3,w/o Multimodal,0.839,0.8126,0.8013,0.9051
SEM_QA_0049,Semiconductors,multi,3,w/o Multimodal,0.7024,0.5392,0.4603,0.7481
SEM_QA_0050,Semiconductors,single,3,w/o Multimodal,0.7092,0.8156,0.8132,0.7475
SEM_QA_0051,Semiconductors,single,3,w/o Multimodal,0.8645,0.9249,0.9742,0.995
SEM_QA_0052,Semiconductors,single,3,w/o Multimodal,0.9642,0.995,0.9357,0.993
SEM_QA_0053,Semiconductors,single,3,w/o Multimodal,0.6611,0.7273,0.6707,0.7164
SEM_QA_0054,Semiconductors,single,3,w/o Multimodal,0.6697,0.5835,0.6442,0.7083
SEM_QA_0055,Semiconductors,multi,3,w/o Multimodal,0.6013,0.5982,0.5276,0.6215
SEM_QA_0056,Semiconductors,multi,3,w/o Multimodal,0.8862,0.995,0.9397,0.9719
SEM_QA_0057,Semiconductors,multi,3,w/o Multimodal,0.823,0.7625,0.7951,0.7623
SEM_QA_0058,Semiconductors,multi,3,w/o Multimodal,0.9856,0.995,0.9563,0.9499
SEM_QA_0059,Semiconductors,single,3,w/o Multimodal,0.7362,0.6354,0.8295,0.8146
SEM_QA_0060,Semiconductors,single,3,w/o Multimodal,0.7981,0.5999,0.7615,0.7271
SEM_QA_0061,Semiconductors,single,3,w/o Multimodal,0.9339,0.9739,0.9901,0.995
SEM_QA_0062,Semiconductors,single,3,w/o Multimodal,0.9748,0.9885,0.9248,0.9457
SEM_QA_0063,Semiconductors,multi,3,w/o Multimodal,0.9626,0.9623,0.929,0.995
SEM_QA_0064,Semiconductors,multi,3,w/o Multimodal,0.7117,0.7813,0.7448,0.8403
SEM_QA_0065,Semiconductors,single,3,w/o Multimodal,0.6295,0.7021,0.7539,0.8769
SEM_QA_0066,Semiconductors,multi,3,w/o Multimodal,0.8311,0.995,0.9235,0.9277
SEM_QA_0067,Semiconductors,single,3,w/o Multimodal,0.9503,0.9568,0.9525,0.9705
SEM_QA_0068,Semiconductors,multi,3,w/o Multimodal,0.9797,0.995,0.9163,0.995
SEM_QA_0069,Semiconductors,multi,3,w/o Multimodal,0.8779,0.8196,0.7031,0.9117
SEM_QA_0070,Semiconductors,single,3,w/o Multimodal,0.9432,0.995,0.8964,0.9689
SEM_QA_0071,Semiconductors,single,3,w/o Multimodal,0.9407,0.9654,0.9263,0.9212
SEM_QA_0072,Semiconductors,single,3,w/o Multimodal,0.7808,0.9399,0.8617,0.8434
SEM_QA_0073,Semiconductors,single,3,w/o Multimodal,0.9201,0.976,0.9901,0.9428
SEM_QA_0074,Semiconductors,single,3,w/o Multimodal,0.9138,0.8852,0.8685,0.8293
SEM_QA_0075,Semiconductors,single,3,w/o Multimodal,0.7517,0.92,0.8081,0.8854
SEM_QA_0076,Semiconductors,multi,3,w/o Multimodal,0.7309,0.7588,0.8345,0.6677
SEM_QA_0077,Semiconductors,single,3,w/o Multimodal,0.9654,0.8126,0.8274,0.8735
SEM_QA_0078,Semiconductors,single,3,w/o Multimodal,0.9898,0.995,0.9315,0.9582
SEM_QA_0079,Semiconductors,multi,3,w/o Multimodal,0.9379,0.946,0.8842,0.8944
SEM_QA_0080,Semiconductors,single,3,w/o Multimodal,0.9751,0.8604,0.9257,0.8714
SEM_QA_0081,Semiconductors,single,3,w/o Multimodal,0.995,0.9338,0.9551,0.9357
SEM_QA_0082,Semiconductors,single,3,w/o Multimodal,0.9751,0.995,0.9901,0.995
SEM_QA_0083,Semiconductors,single,3,w/o Multimodal,0.5522,0.5683,0.4685,0.5999
SEM_QA_0084,Semiconductors,multi,3,w/o Multimodal,0.8149,0.8241,0.8988,0.8984
SEM_QA_0085,Semiconductors,single,3,w/o Multimodal,0.9861,0.9732,0.9527,0.9634
SEM_QA_0086,Semiconductors,multi,3,w/o Multimodal,0.6047,0.6926,0.7691,0.7287
SEM_QA_0087,Semiconductors,multi,3,w/o Multimodal,0.865,0.9006,0.8002,0.8758
SEM_QA_0088,Semiconductors,single,3,w/o Multimodal,0.7875,0.9002,0.9901,0.8901
SEM_QA_0089,Semiconductors,single,3,w/o Multimodal,0.8323,0.9158,0.8121,0.9535
SEM_QA_0090,Semiconductors,single,3,w/o Multimodal,0.862,0.9803,0.9653,0.9895
SEM_QA_0091,Semiconductors,single,3,w/o Multimodal,0.7029,0.5335,0.5985,0.8029
SEM_QA_0092,Semiconductors,single,3,w/o Multimodal,0.7795,0.8682,0.9489,0.8024
SEM_QA_0093,Semiconductors,single,3,w/o Multimodal,0.9609,0.995,0.9901,0.9645
SEM_QA_0094,Semiconductors,single,3,w/o Multimodal,0.995,0.995,0.9864,0.995
SEM_QA_0095,Semiconductors,multi,3,w/o Multimodal,0.665,0.6507,0.5594,0.7784
SEM_QA_0096,Semiconductors,multi,3,w/o Multimodal,0.9669,0.9558,0.9137,0.9639
SEM_QA_0097,Semiconductors,single,3,w/o Multimodal,0.9793,0.9629,0.9469,0.957
SEM_QA_0098,Semiconductors,single,3,w/o Multimodal,0.9815,0.9723,0.965,0.9445
SEM_QA_0099,Semiconductors,single,3,w/o Multimodal,0.9777,0.9949,0.9113,0.9924
SEM_QA_0100,Semiconductors,multi,3,w/o Multimodal,0.9227,0.9381,0.8714,0.8916
SEM_QA_0101,Semiconductors,single,3,w/o Multimodal,0.8978,0.995,0.9563,0.9271
SEM_QA_0102,Semiconductors,single,3,w/o Multimodal,0.9816,0.8961,0.9697,0.9391
SEM_QA_0103,Semiconductors,multi,3,w/o Multimodal,0.995,0.995,0.9886,0.9859
SEM_QA_0104,Semiconductors,single,3,w/o Multimodal,0.799,0.6742,0.7138,0.7852
SEM_QA_0105,Semiconductors,multi,3,w/o Multimodal,0.6997,0.7922,0.668,0.8743
SEM_QA_0106,Semiconductors,multi,3,w/o Multimodal,0.9535,0.9935,0.972,0.9726
SEM_QA_0107,Semiconductors,single,3,w/o Multimodal,0.9919,0.995,0.9515,0.9758
SEM_QA_0108,Semiconductors,multi,3,w/o Multimodal,0.6882,0.8245,0.7787,0.7091
SEM_QA_0109,Semiconductors,single,3,w/o Multimodal,0.8762,0.9582,0.8676,0.9408
SEM_QA_0110,Semiconductors,multi,3,w/o Multimodal,0.4998,0.7211,0.5894,0.6232
SEM_QA_0111,Semiconductors,single,3,w/o Multimodal,0.9806,0.9596,0.9307,0.9866
SEM_QA_0112,Semiconductors,single,3,w/o Multimodal,0.9385,0.8914,0.9469,0.9761
SEM_QA_0113,Semiconductors,single,3,w/o Multimodal,0.8574,0.8857,0.7658,0.7788
SEM_QA_0114,Semiconductors,single,3,w/o Multimodal,0.9311,0.9618,0.935,0.995
SEM_QA_0115,Semiconductors,multi,3,w/o Multimodal,0.8244,0.7238,0.6074,0.6874
SEM_QA_0116,Semiconductors,single,3,w/o Multimodal,0.9889,0.995,0.9614,0.985
SEM_QA_0117,Semiconductors,multi,3,w/o Multimodal,0.9745,0.9815,0.9758,0.9728
SEM_QA_0118,Semiconductors,single,3,w/o Multimodal,0.995,0.9577,0.9416,0.995
SEM_QA_0119,Semiconductors,single,3,w/o Multimodal,0.9594,0.9546,0.9296,0.995
SEM_QA_0120,Semiconductors,single,3,w/o Multimodal,0.7642,0.8549,0.664,0.7851
SEM_QA_0121,Semiconductors,single,3,w/o Multimodal,0.4343,0.5714,0.5313,0.6627
SEM_QA_0122,Semiconductors,single,3,w/o Multimodal,0.9145,0.995,0.9171,0.967
SEM_QA_0123,Semiconductors,single,3,w/o Multimodal,0.8438,0.9665,0.9414,0.9391
SEM_QA_0124,Semiconductors,single,3,w/o Multimodal,0.9706,0.9694,0.863,0.9075
SEM_QA_0125,Semiconductors,single,3,w/o Multimodal,0.9339,0.995,0.9454,0.9769
SEM_QA_0126,Semiconductors,multi,3,w/o Multimodal,0.8282,0.9305,0.9197,0.9342
BAT_QA_0001,Batteries,single,3,w/o Multimodal,0.7756,0.7322,0.7729,0.8326
BAT_QA_0002,Batteries,single,3,w/o Multimodal,0.959,0.995,0.9901,0.995
BAT_QA_0003,Batteries,multi,3,w/o Multimodal,0.8574,0.9616,0.9497,0.9559
BAT_QA_0004,Batteries,single,3,w/o Multimodal,0.8038,0.995,0.9475,0.9498
BAT_QA_0005,Batteries,single,3,w/o Multimodal,0.995,0.995,0.9368,0.995
BAT_QA_0006,Batteries,single,3,w/o Multimodal,0.995,0.9771,0.9132,0.9667
BAT_QA_0007,Batteries,multi,3,w/o Multimodal,0.9649,0.9335,0.9017,0.9574
BAT_QA_0008,Batteries,single,3,w/o Multimodal,0.9713,0.9914,0.963,0.9577
BAT_QA_0009,Batteries,single,3,w/o Multimodal,0.8771,0.9194,0.9101,0.9457
BAT_QA_0010,Batteries,single,3,w/o Multimodal,0.9795,0.8857,0.933,0.9698
BAT_QA_0011,Batteries,single,3,w/o Multimodal,0.9213,0.8119,0.8219,0.975
BAT_QA_0012,Batteries,single,3,w/o Multimodal,0.8557,0.8887,0.9013,0.8269
BAT_QA_0013,Batteries,single,3,w/o Multimodal,0.9667,0.965,0.986,0.988
BAT_QA_0014,Batteries,multi,3,w/o Multimodal,0.9567,0.9292,0.8976,0.9866
BAT_QA_0015,Batteries,multi,3,w/o Multimodal,0.995,0.9818,0.9034,0.9792
BAT_QA_0016,Batteries,single,3,w/o Multimodal,0.6433,0.5281,0.5164,0.6391
BAT_QA_0017,Batteries,multi,3,w/o Multimodal,0.651,0.8526,0.7519,0.853
BAT_QA_0018,Batteries,single,3,w/o Multimodal,0.5225,0.4947,0.4625,0.5973
BAT_QA_0019,Batteries,single,3,w/o Multimodal,0.8648,0.8781,0.9582,0.9444
BAT_QA_0020,Batteries,single,3,w/o Multimodal,0.3228,0.2594,0.1463,0.4109
BAT_QA_0021,Batteries,single,3,w/o Multimodal,0.6106,0.581,0.5999,0.7469
BAT_QA_0022,Batteries,multi,3,w/o Multimodal,0.551,0.6285,0.6034,0.7356
BAT_QA_0023,Batteries,single,3,w/o Multimodal,0.9755,0.889,0.8626,0.995
BAT_QA_0024,Batteries,single,3,w/o Multimodal,0.8905,0.8532,0.82,0.8916
BAT_QA_0025,Batteries,single,3,w/o Multimodal,0.898,0.9877,0.8456,0.995
BAT_QA_0026,Batteries,multi,3,w/o Multimodal,0.7017,0.794,0.7071,0.7424
BAT_QA_0027,Batteries,single,3,w/o Multimodal,0.9869,0.9874,0.9084,0.995
BAT_QA_0028,Batteries,single,3,w/o Multimodal,0.9403,0.9055,0.9246,0.935
BAT_QA_0029,Batteries,single,3,w/o Multimodal,0.9726,0.9666,0.9322,0.9861
BAT_QA_0030,Batteries,single,3,w/o Multimodal,0.9932,0.9912,0.936,0.9503
BAT_QA_0031,Batteries,multi,3,w/o Multimodal,0.9864,0.9508,0.9111,0.9154
BAT_QA_0032,Batteries,multi,3,w/o Multimodal,0.9728,0.9222,0.9114,0.995
BAT_QA_0033,Batteries,single,3,w/o Multimodal,0.9857,0.995,0.9582,0.9931
BAT_QA_0034,Batteries,single,3,w/o Multimodal,0.8971,0.9406,0.7031,0.7853
BAT_QA_0035,Batteries,multi,3,w/o Multimodal,0.8712,0.995,0.8889,0.9666
BAT_QA_0036,Batteries,single,3,w/o Multimodal,0.995,0.995,0.9498,0.9587
BAT_QA_0037,Batteries,multi,3,w/o Multimodal,0.7736,0.766,0.6529,0.7796
BAT_QA_0038,Batteries,single,3,w/o Multimodal,0.9695,0.8058,0.8615,0.995
BAT_QA_0039,Batteries,multi,3,w/o Multimodal,0.6651,0.6514,0.5727,0.8025
BAT_QA_0040,Batteries,single,3,w/o Multimodal,0.9798,0.993,0.9538,0.995
BAT_QA_0041,Batteries,single,3,w/o Multimodal,0.8262,0.6485,0.73,0.8532
BAT_QA_0042,Batteries,multi,3,w/o Multimodal,0.8265,0.8509,0.7996,0.9572
BAT_QA_0043,Batteries,single,3,w/o Multimodal,0.9133,0.995,0.9738,0.995
BAT_QA_0044,Batteries,single,3,w/o Multimodal,0.9733,0.947,0.8859,0.8867
BAT_QA_0045,Batteries,multi,3,w/o Multimodal,0.9499,0.9745,0.9203,0.995
BAT_QA_0046,Batteries,multi,3,w/o Multimodal,0.6555,0.6943,0.743,0.609
BAT_QA_0047,Batteries,single,3,w/o Multimodal,0.8613,0.8771,0.8291,0.9235
BAT_QA_0048,Batteries,single,3,w/o Multimodal,0.9626,0.8646,0.9115,0.9339
BAT_QA_0049,Batteries,single,3,w/o Multimodal,0.8607,0.8742,0.8173,0.866
BAT_QA_0050,Batteries,single,3,w/o Multimodal,0.8198,0.7921,0.7438,0.8289
BAT_QA_0051,Batteries,single,3,w/o Multimodal,0.7499,0.6929,0.5911,0.7241
BAT_QA_0052,Batteries,single,3,w/o Multimodal,0.7709,0.7889,0.6715,0.8036
BAT_QA_0053,Batteries,single,3,w/o Multimodal,0.7414,0.8466,0.7021,0.8286
BAT_QA_0054,Batteries,single,3,w/o Multimodal,0.9823,0.9828,0.9901,0.9805
BAT_QA_0055,Batteries,single,3,w/o Multimodal,0.7567,0.6688,0.7425,0.8096
BAT_QA_0056,Batteries,single,3,w/o Multimodal,0.9278,0.9169,0.8867,0.8917
BAT_QA_0057,Batteries,multi,3,w/o Multimodal,0.9444,0.995,0.8794,0.9588
BAT_QA_0058,Batteries,single,3,w/o Multimodal,0.9534,0.9456,0.7285,0.8637
BAT_QA_0059,Batteries,single,3,w/o Multimodal,0.9803,0.9636,0.9378,0.9549
BAT_QA_0060,Batteries,multi,3,w/o Multimodal,0.7823,0.6307,0.7204,0.76
BAT_QA_0061,Batteries,single,3,w/o Multimodal,0.6366,0.6778,0.7264,0.7124
BAT_QA_0062,Batteries,multi,3,w/o Multimodal,0.6178,0.5355,0.6137,0.666
BAT_QA_0063,Batteries,single,3,w/o Multimodal,0.995,0.948,0.8217,0.9037
BAT_QA_0064,Batteries,single,3,w/o Multimodal,0.9841,0.9653,0.9668,0.9842
BAT_QA_0065,Batteries,single,3,w/o Multimodal,0.9701,0.995,0.9767,0.9913
BAT_QA_0066,Batteries,single,3,w/o Multimodal,0.7103,0.6247,0.7061,0.7258
BAT_QA_0067,Batteries,single,3,w/o Multimodal,0.7828,0.8576,0.7316,0.8995
BAT_QA_0068,Batteries,multi,3,w/o Multimodal,0.9234,0.8551,0.9793,0.978
BAT_QA_0069,Batteries,single,3,w/o Multimodal,0.6591,0.6117,0.634,0.6948
BAT_QA_0070,Batteries,multi,3,w/o Multimodal,0.9519,0.8388,0.988,0.9611
BAT_QA_0071,Batteries,single,3,w/o Multimodal,0.9386,0.7572,0.8256,0.9189
BAT_QA_0072,Batteries,multi,3,w/o Multimodal,0.9423,0.8939,0.8968,0.9341
BAT_QA_0073,Batteries,single,3,w/o Multimodal,0.9727,0.9838,0.9069,0.9553
BAT_QA_0074,Batteries,multi,3,w/o Multimodal,0.692,0.6806,0.5571,0.5885
BAT_QA_0075,Batteries,single,3,w/o Multimodal,0.9815,0.995,0.9601,0.9777
BAT_QA_0076,Batteries,multi,3,w/o Multimodal,0.7593,0.7594,0.8538,0.8021
BAT_QA_0077,Batteries,single,3,w/o Multimodal,0.9678,0.9621,0.9589,0.9596
BAT_QA_0078,Batteries,single,3,w/o Multimodal,0.9292,0.9335,0.9511,0.8962
BAT_QA_0079,Batteries,multi,3,w/o Multimodal,0.8539,0.7552,0.6643,0.7118
BAT_QA_0080,Batteries,single,3,w/o Multimodal,0.9855,0.9709,0.9427,0.9873
BAT_QA_0081,Batteries,single,3,w/o Multimodal,0.9131,0.8489,0.7981,0.9782
BAT_QA_0082,Batteries,multi,3,w/o Multimodal,0.9361,0.8954,0.9521,0.9229
BAT_QA_0083,Batteries,single,3,w/o Multimodal,0.4521,0.6968,0.7983,0.7589
BAT_QA_0084,Batteries,single,3,w/o Multimodal,0.9252,0.921,0.9442,0.9527
BAT_QA_0085,Batteries,multi,3,w/o Multimodal,0.7422,0.5231,0.5997,0.7253
BAT_QA_0086,Batteries,multi,3,w/o Multimodal,0.8203,0.9526,0.8529,0.943
BAT_QA_0087,Batteries,single,3,w/o Multimodal,0.9809,0.9838,0.9901,0.965
BAT_QA_0088,Batteries,single,3,w/o Multimodal,0.8546,0.7681,0.71,0.7842
BAT_QA_0089,Batteries,single,3,w/o Multimodal,0.995,0.995,0.9419,0.9429
BAT_QA_0090,Batteries,single,3,w/o Multimodal,0.9731,0.8696,0.9704,0.9409
BAT_QA_0091,Batteries,single,3,w/o Multimodal,0.9749,0.995,0.9285,0.9855
BAT_QA_0092,Batteries,single,3,w/o Multimodal,0.7093,0.8517,0.732,0.8002
BAT_QA_0093,Batteries,single,3,w/o Multimodal,0.8938,0.8033,0.7362,0.9336
BAT_QA_0094,Batteries,single,3,w/o Multimodal,0.6789,0.6413,0.7637,0.7566
BAT_QA_0095,Batteries,single,3,w/o Multimodal,0.9825,0.9799,0.7732,0.9392
BAT_QA_0096,Batteries,single,3,w/o Multimodal,0.995,0.995,0.9375,0.995
BAT_QA_0097,Batteries,multi,3,w/o Multimodal,0.7241,0.5396,0.6032,0.7389
BAT_QA_0098,Batteries,multi,3,w/o Multimodal,0.678,0.712,0.6357,0.8039
BAT_QA_0099,Batteries,single,3,w/o Multimodal,0.7719,0.7653,0.8158,0.8361
BAT_QA_0100,Batteries,multi,3,w/o Multimodal,0.995,0.9212,0.9901,0.8762
BAT_QA_0101,Batteries,single,3,w/o Multimodal,0.9052,0.9102,0.9709,0.8869
BAT_QA_0102,Batteries,multi,3,w/o Multimodal,0.927,0.8395,0.8866,0.9226
BAT_QA_0103,Batteries,single,3,w/o Multimodal,0.9423,0.8846,0.8134,0.984
BAT_QA_0104,Batteries,multi,3,w/o Multimodal,0.7298,0.8244,0.6712,0.8124
BAT_QA_0105,Batteries,single,3,w/o Multimodal,0.8286,0.7858,0.7114,0.8338
BAT_QA_0106,Batteries,multi,3,w/o Multimodal,0.8618,0.8261,0.9045,0.8153
BAT_QA_0107,Batteries,multi,3,w/o Multimodal,0.7942,0.7297,0.7466,0.9014
BAT_QA_0108,Batteries,single,3,w/o Multimodal,0.9279,0.8642,0.8469,0.8195
BAT_QA_0109,Batteries,single,3,w/o Multimodal,0.8575,0.7479,0.6911,0.8396
BAT_QA_0110,Batteries,single,3,w/o Multimodal,0.9274,0.7773,0.7928,0.8228
BAT_QA_0111,Batteries,multi,3,w/o Multimodal,0.9771,0.9549,0.8489,0.9461
BAT_QA_0112,Batteries,single,3,w/o Multimodal,0.9922,0.9512,0.9766,0.971
BAT_QA_0113,Batteries,multi,3,w/o Multimodal,0.9508,0.7761,0.9737,0.9328
BAT_QA_0114,Batteries,multi,3,w/o Multimodal,0.7858,0.7637,0.7855,0.7332
BAT_QA_0115,Batteries,multi,3,w/o Multimodal,0.995,0.98,0.9467,0.9815
BAT_QA_0116,Batteries,single,3,w/o Multimodal,0.995,0.9868,0.935,0.995
BAT_QA_0117,Batteries,multi,3,w/o Multimodal,0.6375,0.6895,0.6921,0.7675
BAT_QA_0118,Batteries,single,3,w/o Multimodal,0.9117,0.8158,0.8383,0.8613
BAT_QA_0119,Batteries,single,3,w/o Multimodal,0.6241,0.6775,0.5871,0.7263
BAT_QA_0120,Batteries,single,3,w/o Multimodal,0.9059,0.8795,0.7824,0.8427
BAT_QA_0121,Batteries,single,3,w/o Multimodal,0.8747,0.7818,0.8827,0.7885
BAT_QA_0122,Batteries,single,3,w/o Multimodal,0.9565,0.8936,0.9269,0.9529
BAT_QA_0123,Batteries,single,3,w/o Multimodal,0.995,0.9616,0.8935,0.995
BAT_QA_0124,Batteries,single,3,w/o Multimodal,0.6726,0.6202,0.679,0.7973
SUP_QA_0001,Superalloys,single,1,w/o Association,0.8102,0.8087,0.7967,0.8341
SUP_QA_0002,Superalloys,multi,1,w/o Association,0.9811,0.9873,0.995,0.9635
SUP_QA_0003,Superalloys,multi,1,w/o Association,0.6502,0.6453,0.6059,0.7649
SUP_QA_0004,Superalloys,multi,1,w/o Association,0.602,0.7188,0.8886,0.9207
SUP_QA_0005,Superalloys,single,1,w/o Association,0.7086,0.6209,0.7608,0.7507
SUP_QA_0006,Superalloys,single,1,w/o Association,0.9711,0.9865,0.9081,0.964
SUP_QA_0007,Superalloys,single,1,w/o Association,0.9727,0.948,0.995,0.9899
SUP_QA_0008,Superalloys,single,1,w/o Association,0.9638,0.8513,0.995,0.9899
SUP_QA_0009,Superalloys,single,1,w/o Association,0.9714,0.9531,0.995,0.9657
SUP_QA_0010,Superalloys,single,1,w/o Association,0.8249,0.897,0.9944,0.9899
SUP_QA_0011,Superalloys,single,1,w/o Association,0.9661,0.7907,0.9569,0.9182
SUP_QA_0012,Superalloys,single,1,w/o Association,0.7782,0.763,0.8833,0.9153
SUP_QA_0013,Superalloys,multi,1,w/o Association,0.7679,0.6587,0.9186,0.8117
SUP_QA_0014,Superalloys,single,1,w/o Association,0.8384,0.6967,0.9308,0.8896
SUP_QA_0015,Superalloys,single,1,w/o Association,0.9428,0.8195,0.9883,0.9827
SUP_QA_0016,Superalloys,single,1,w/o Association,0.8083,0.7463,0.8097,0.8237
SUP_QA_0017,Superalloys,single,1,w/o Association,0.9932,0.9813,0.9692,0.9681
SUP_QA_0018,Superalloys,single,1,w/o Association,0.9224,0.9895,0.9779,0.9644
SUP_QA_0019,Superalloys,single,1,w/o Association,0.9678,0.9895,0.995,0.965
SUP_QA_0020,Superalloys,single,1,w/o Association,0.9239,0.9401,0.995,0.9881
SUP_QA_0021,Superalloys,multi,1,w/o Association,0.9694,0.9771,0.995,0.9448
SUP_QA_0022,Superalloys,single,1,w/o Association,0.8037,0.7212,0.8228,0.8576
SUP_QA_0023,Superalloys,single,1,w/o Association,0.9754,0.9845,0.995,0.971
SUP_QA_0024,Superalloys,single,1,w/o Association,0.8062,0.7796,0.9,0.8922
SUP_QA_0025,Superalloys,single,1,w/o Association,0.9387,0.9609,0.9929,0.959
SUP_QA_0026,Superalloys,single,1,w/o Association,0.9694,0.9618,0.9895,0.9548
SUP_QA_0027,Superalloys,multi,1,w/o Association,0.6369,0.6211,0.7914,0.7287
SUP_QA_0028,Superalloys,multi,1,w/o Association,0.946,0.9371,0.995,0.955
SUP_QA_0029,Superalloys,single,1,w/o Association,0.8604,0.7586,0.9874,0.9019
SUP_QA_0030,Superalloys,multi,1,w/o Association,0.7186,0.7008,0.7536,0.8287
SUP_QA_0031,Superalloys,single,1,w/o Association,0.9263,0.9045,0.995,0.9565
SUP_QA_0032,Superalloys,single,1,w/o Association,0.7714,0.6948,0.9182,0.9899
SUP_QA_0033,Superalloys,single,1,w/o Association,0.7321,0.7052,0.881,0.8726
SUP_QA_0034,Superalloys,multi,1,w/o Association,0.9386,0.919,0.788,0.9852
SUP_QA_0035,Superalloys,single,1,w/o Association,0.9644,0.9764,0.995,0.9899
SUP_QA_0036,Superalloys,single,1,w/o Association,0.9483,0.9656,0.9805,0.9611
SUP_QA_0037,Superalloys,single,1,w/o Association,0.9933,0.96,0.995,0.9897
SUP_QA_0038,Superalloys,single,1,w/o Association,0.9885,0.9863,0.995,0.9522
SUP_QA_0039,Superalloys,single,1,w/o Association,0.995,0.7758,0.8756,0.8989
SUP_QA_0040,Superalloys,multi,1,w/o Association,0.9316,0.9895,0.8938,0.955
SUP_QA_0041,Superalloys,single,1,w/o Association,0.9453,0.9644,0.995,0.9703
SUP_QA_0042,Superalloys,single,1,w/o Association,0.9672,0.875,0.9886,0.9817
SUP_QA_0043,Superalloys,single,1,w/o Association,0.7318,0.7253,0.8015,0.9173
SUP_QA_0044,Superalloys,multi,1,w/o Association,0.9289,0.7972,0.9211,0.9774
SUP_QA_0045,Superalloys,single,1,w/o Association,0.7037,0.6952,0.781,0.8914
SUP_QA_0046,Superalloys,single,1,w/o Association,0.6229,0.5723,0.678,0.7152
SUP_QA_0047,Superalloys,multi,1,w/o Association,0.8743,0.7244,0.9219,0.9146
SUP_QA_0048,Superalloys,single,1,w/o Association,0.9544,0.9256,0.9939,0.9687
SUP_QA_0049,Superalloys,multi,1,w/o Association,0.8172,0.7671,0.9381,0.9116
SUP_QA_0050,Superalloys,single,1,w/o Association,0.995,0.9096,0.9927,0.9849
SUP_QA_0051,Superalloys,single,1,w/o Association,0.8582,0.9159,0.9821,0.9109
SUP_QA_0052,Superalloys,single,1,w/o Association,0.8027,0.7409,0.7771,0.9163
SUP_QA_0053,Superalloys,single,1,w/o Association,0.898,0.7538,0.9744,0.9382
SUP_QA_0054,Superalloys,multi,1,w/o Association,0.8999,0.8656,0.9782,0.9331
SUP_QA_0055,Superalloys,single,1,w/o Association,0.7862,0.7314,0.8436,0.926
SUP_QA_0056,Superalloys,single,1,w/o Association,0.8347,0.8657,0.9237,0.8154
SUP_QA_0057,Superalloys,single,1,w/o Association,0.8702,0.8519,0.8133,0.8875
SUP_QA_0058,Superalloys,single,1,w/o Association,0.8167,0.8622,0.8581,0.9499
SUP_QA_0059,Superalloys,single,1,w/o Association,0.995,0.9065,0.9562,0.9827
SUP_QA_0060,Superalloys,single,1,w/o Association,0.6504,0.5708,0.7537,0.6991
SUP_QA_0061,Superalloys,single,1,w/o Association,0.6637,0.7888,0.8816,0.8816
SUP_QA_0062,Superalloys,multi,1,w/o Association,0.5002,0.4178,0.6603,0.7133
SUP_QA_0063,Superalloys,single,1,w/o Association,0.995,0.9701,0.995,0.9899
SUP_QA_0064,Superalloys,multi,1,w/o Association,0.9345,0.9378,0.9837,0.9469
SUP_QA_0065,Superalloys,single,1,w/o Association,0.995,0.9805,0.9912,0.9899
SUP_QA_0066,Superalloys,single,1,w/o Association,0.9751,0.9895,0.995,0.9899
SUP_QA_0067,Superalloys,multi,1,w/o Association,0.9208,0.6604,0.8934,0.9343
SUP_QA_0068,Superalloys,single,1,w/o Association,0.9633,0.9625,0.995,0.9796
SUP_QA_0069,Superalloys,single,1,w/o Association,0.8283,0.7904,0.9352,0.9373
SUP_QA_0070,Superalloys,multi,1,w/o Association,0.7125,0.5973,0.8026,0.7669
SUP_QA_0071,Superalloys,single,1,w/o Association,0.8505,0.7372,0.8298,0.9162
SUP_QA_0072,Superalloys,multi,1,w/o Association,0.9105,0.7826,0.9841,0.9419
SUP_QA_0073,Superalloys,multi,1,w/o Association,0.5076,0.5054,0.6276,0.6712
SUP_QA_0074,Superalloys,multi,1,w/o Association,0.9593,0.883,0.9568,0.9862
SUP_QA_0075,Superalloys,single,1,w/o Association,0.9108,0.8893,0.9756,0.9739
SUP_QA_0076,Superalloys,single,1,w/o Association,0.9074,0.8028,0.9344,0.9703
SUP_QA_0077,Superalloys,multi,1,w/o Association,0.9937,0.9586,0.995,0.9687
SUP_QA_0078,Superalloys,single,1,w/o Association,0.4455,0.5648,0.6567,0.5904
SUP_QA_0079,Superalloys,single,1,w/o Association,0.9677,0.8918,0.995,0.9521
SUP_QA_0080,Superalloys,multi,1,w/o Association,0.9855,0.9819,0.9943,0.9899
SUP_QA_0081,Superalloys,multi,1,w/o Association,0.7353,0.7042,0.8409,0.7996
SUP_QA_0082,Superalloys,multi,1,w/o Association,0.9706,0.9895,0.9698,0.9788
SUP_QA_0083,Superalloys,single,1,w/o Association,0.5893,0.5653,0.7719,0.4877
SUP_QA_0084,Superalloys,single,1,w/o Association,0.924,0.9618,0.995,0.9603
SUP_QA_0085,Superalloys,single,1,w/o Association,0.9382,0.9746,0.9872,0.9667
SUP_QA_0086,Superalloys,single,1,w/o Association,0.9742,0.9755,0.995,0.9718
SUP_QA_0087,Superalloys,multi,1,w/o Association,0.9335,0.951,0.995,0.906
SUP_QA_0088,Superalloys,single,1,w/o Association,0.7313,0.7576,0.901,0.9235
SUP_QA_0089,Superalloys,single,1,w/o Association,0.9406,0.8168,0.995,0.9775
SUP_QA_0090,Superalloys,single,1,w/o Association,0.7009,0.8117,0.9168,0.9073
SUP_QA_0091,Superalloys,multi,1,w/o Association,0.91,0.6978,0.8016,0.9129
SUP_QA_0092,Superalloys,single,1,w/o Association,0.5826,0.4228,0.6112,0.6665
SUP_QA_0093,Superalloys,multi,1,w/o Association,0.9362,0.8937,0.9812,0.9899
SUP_QA_0094,Superalloys,multi,1,w/o Association,0.9507,0.9548,0.995,0.9706
SUP_QA_0095,Superalloys,multi,1,w/o Association,0.9363,0.7606,0.8295,0.9242
SUP_QA_0096,Superalloys,single,1,w/o Association,0.9925,0.9856,0.995,0.9899
SUP_QA_0097,Superalloys,multi,1,w/o Association,0.7921,0.7417,0.8297,0.9177
SUP_QA_0098,Superalloys,single,1,w/o Association,0.5534,0.5081,0.6893,0.6592
SUP_QA_0099,Superalloys,single,1,w/o Association,0.9824,0.9704,0.9828,0.9546
SUP_QA_0100,Superalloys,multi,1,w/o Association,0.4735,0.4404,0.6996,0.7007
SUP_QA_0101,Superalloys,single,1,w/o Association,0.861,0.799,0.995,0.8966
SUP_QA_0102,Superalloys,multi,1,w/o Association,0.9555,0.9287,0.8774,0.9272
SUP_QA_0103,Superalloys,multi,1,w/o Association,0.9814,0.9764,0.9869,0.9899
SUP_QA_0104,Superalloys,single,1,w/o Association,0.5992,0.8081,0.8241,0.792
SUP_QA_0105,Superalloys,single,1,w/o Association,0.9599,0.981,0.9796,0.9595
SUP_QA_0106,Superalloys,single,1,w/o Association,0.87,0.7769,0.818,0.9021
SUP_QA_0107,Superalloys,single,1,w/o Association,0.7915,0.756,0.9914,0.8324
SUP_QA_0108,Superalloys,single,1,w/o Association,0.8813,0.8407,0.9192,0.9394
SUP_QA_0109,Superalloys,single,1,w/o Association,0.8706,0.8866,0.7829,0.8867
SUP_QA_0110,Superalloys,single,1,w/o Association,0.9486,0.9479,0.995,0.9407
SUP_QA_0111,Superalloys,single,1,w/o Association,0.8825,0.8646,0.8759,0.8925
SUP_QA_0112,Superalloys,multi,1,w/o Association,0.945,0.9895,0.995,0.9501
SUP_QA_0113,Superalloys,single,1,w/o Association,0.7379,0.8185,0.7726,0.9353
SUP_QA_0114,Superalloys,single,1,w/o Association,0.5148,0.4782,0.5864,0.6261
SUP_QA_0115,Superalloys,multi,1,w/o Association,0.8411,0.8505,0.9227,0.8925
SUP_QA_0116,Superalloys,multi,1,w/o Association,0.9876,0.8741,0.995,0.9552
SUP_QA_0117,Superalloys,multi,1,w/o Association,0.8359,0.9327,0.9663,0.9899
SUP_QA_0118,Superalloys,single,1,w/o Association,0.8042,0.7685,0.8889,0.9522
SUP_QA_0119,Superalloys,single,1,w/o Association,0.9878,0.9895,0.9923,0.9351
SUP_QA_0120,Superalloys,single,1,w/o Association,0.7786,0.6244,0.7754,0.86
SUP_QA_0121,Superalloys,single,1,w/o Association,0.5983,0.6373,0.7527,0.6704
SUP_QA_0122,Superalloys,single,1,w/o Association,0.9648,0.9857,0.9746,0.9687
SUP_QA_0123,Superalloys,single,1,w/o Association,0.9518,0.9895,0.995,0.9899
SUP_QA_0124,Superalloys,single,1,w/o Association,0.5079,0.579,0.6784,0.767
SUP_QA_0125,Superalloys,multi,1,w/o Association,0.817,0.9277,0.875,0.9304
SUP_QA_0126,Superalloys,multi,1,w/o Association,0.6722,0.6184,0.7043,0.7128
SUP_QA_0127,Superalloys,single,1,w/o Association,0.9136,0.9786,0.995,0.9799
SUP_QA_0128,Superalloys,multi,1,w/o Association,0.9083,0.8813,0.951,0.9401
SUP_QA_0129,Superalloys,multi,1,w/o Association,0.6478,0.696,0.9009,0.8085
SUP_QA_0130,Superalloys,multi,1,w/o Association,0.9825,0.9516,0.995,0.9526
SUP_QA_0131,Superalloys,single,1,w/o Association,0.9744,0.8145,0.995,0.9587
SUP_QA_0132,Superalloys,multi,1,w/o Association,0.9836,0.941,0.995,0.9639
SEM_QA_0001,Semiconductors,single,1,w/o Association,0.7782,0.8628,0.8215,0.8433
SEM_QA_0002,Semiconductors,single,1,w/o Association,0.9471,0.8261,0.853,0.9496
SEM_QA_0003,Semiconductors,single,1,w/o Association,0.7577,0.7355,0.7513,0.8613
SEM_QA_0004,Semiconductors,single,1,w/o Association,0.9011,0.9767,0.995,0.9644
SEM_QA_0005,Semiconductors,multi,1,w/o Association,0.8847,0.7798,0.8728,0.894
SEM_QA_0006,Semiconductors,multi,1,w/o Association,0.7294,0.7863,0.9207,0.8855
SEM_QA_0007,Semiconductors,single,1,w/o Association,0.771,0.8498,0.8956,0.8808
SEM_QA_0008,Semiconductors,single,1,w/o Association,0.7378,0.8102,0.9053,0.7923
SEM_QA_0009,Semiconductors,single,1,w/o Association,0.9621,0.9487,0.9896,0.9899
SEM_QA_0010,Semiconductors,single,1,w/o Association,0.6702,0.7669,0.7274,0.725
SEM_QA_0011,Semiconductors,single,1,w/o Association,0.4,0.2709,0.4856,0.5061
SEM_QA_0012,Semiconductors,single,1,w/o Association,0.9712,0.8165,0.7883,0.867
SEM_QA_0013,Semiconductors,multi,1,w/o Association,0.9104,0.9739,0.995,0.9672
SEM_QA_0014,Semiconductors,single,1,w/o Association,0.9599,0.927,0.9942,0.9561
SEM_QA_0015,Semiconductors,multi,1,w/o Association,0.9751,0.9502,0.983,0.9395
SEM_QA_0016,Semiconductors,single,1,w/o Association,0.6193,0.58,0.7019,0.732
SEM_QA_0017,Semiconductors,single,1,w/o Association,0.8287,0.9646,0.9886,0.9117
SEM_QA_0018,Semiconductors,multi,1,w/o Association,0.8416,0.8207,0.902,0.9631
SEM_QA_0019,Semiconductors,single,1,w/o Association,0.9517,0.9895,0.995,0.9859
SEM_QA_0020,Semiconductors,single,1,w/o Association,0.7975,0.8889,0.93,0.9899
SEM_QA_0021,Semiconductors,single,1,w/o Association,0.9559,0.8681,0.995,0.9689
SEM_QA_0022,Semiconductors,single,1,w/o Association,0.9177,0.957,0.9802,0.973
SEM_QA_0023,Semiconductors,single,1,w/o Association,0.6268,0.6435,0.8145,0.8571
SEM_QA_0024,Semiconductors,multi,1,w/o Association,0.5089,0.5895,0.5854,0.6858
SEM_QA_0025,Semiconductors,single,1,w/o Association,0.8719,0.8634,0.9574,0.9239
SEM_QA_0026,Semiconductors,single,1,w/o Association,0.8818,0.8713,0.9162,0.9197
SEM_QA_0027,Semiconductors,single,1,w/o Association,0.9635,0.9289,0.995,0.9817
SEM_QA_0028,Semiconductors,multi,1,w/o Association,0.995,0.9615,0.9232,0.9254
SEM_QA_0029,Semiconductors,single,1,w/o Association,0.8842,0.7385,0.983,0.9329
SEM_QA_0030,Semiconductors,single,1,w/o Association,0.7042,0.6845,0.8069,0.8174
SEM_QA_0031,Semiconductors,multi,1,w/o Association,0.973,0.9548,0.995,0.9721
SEM_QA_0032,Semiconductors,single,1,w/o Association,0.9216,0.8259,0.9348,0.9205
SEM_QA_0033,Semiconductors,multi,1,w/o Association,0.7003,0.689,0.7462,0.7158
SEM_QA_0034,Semiconductors,multi,1,w/o Association,0.7514,0.8503,0.7839,0.738
SEM_QA_0035,Semiconductors,single,1,w/o Association,0.951,0.9569,0.995,0.9899
SEM_QA_0036,Semiconductors,single,1,w/o Association,0.9707,0.9431,0.995,0.9297
SEM_QA_0037,Semiconductors,multi,1,w/o Association,0.939,0.9506,0.995,0.954
SEM_QA_0038,Semiconductors,single,1,w/o Association,0.6362,0.4797,0.5971,0.7238
SEM_QA_0039,Semiconductors,multi,1,w/o Association,0.6211,0.6361,0.7532,0.7679
SEM_QA_0040,Semiconductors,multi,1,w/o Association,0.8727,0.8184,0.9098,0.8915
SEM_QA_0041,Semiconductors,single,1,w/o Association,0.8469,0.8107,0.9809,0.9118
SEM_QA_0042,Semiconductors,multi,1,w/o Association,0.9675,0.977,0.9929,0.9601
SEM_QA_0043,Semiconductors,multi,1,w/o Association,0.7391,0.7858,0.8103,0.8654
SEM_QA_0044,Semiconductors,multi,1,w/o Association,0.6027,0.6888,0.7268,0.8542
SEM_QA_0045,Semiconductors,single,1,w/o Association,0.8942,0.8861,0.983,0.89
SEM_QA_0046,Semiconductors,single,1,w/o Association,0.6814,0.7328,0.8555,0.8302
SEM_QA_0047,Semiconductors,single,1,w/o Association,0.9818,0.9895,0.995,0.9721
SEM_QA_0048,Semiconductors,multi,1,w/o Association,0.9048,0.848,0.8679,0.9765
SEM_QA_0049,Semiconductors,multi,1,w/o Association,0.6478,0.5322,0.5488,0.7578
SEM_QA_0050,Semiconductors,single,1,w/o Association,0.7352,0.7853,0.7618,0.7538
SEM_QA_0051,Semiconductors,single,1,w/o Association,0.8293,0.9404,0.995,0.9617
SEM_QA_0052,Semiconductors,single,1,w/o Association,0.9626,0.9663,0.9926,0.9558
SEM_QA_0053,Semiconductors,single,1,w/o Association,0.6416,0.7565,0.7319,0.7108
SEM_QA_0054,Semiconductors,single,1,w/o Association,0.6971,0.5426,0.7776,0.7614
SEM_QA_0055,Semiconductors,multi,1,w/o Association,0.5332,0.5334,0.5632,0.6431
SEM_QA_0056,Semiconductors,multi,1,w/o Association,0.898,0.9486,0.9448,0.9899
SEM_QA_0057,Semiconductors,multi,1,w/o Association,0.7062,0.6949,0.8916,0.7807
SEM_QA_0058,Semiconductors,multi,1,w/o Association,0.9445,0.9607,0.9799,0.9874
SEM_QA_0059,Semiconductors,single,1,w/o Association,0.645,0.6929,0.7856,0.8263
SEM_QA_0060,Semiconductors,single,1,w/o Association,0.8347,0.5794,0.8526,0.8402
SEM_QA_0061,Semiconductors,single,1,w/o Association,0.8534,0.9839,0.995,0.9899
SEM_QA_0062,Semiconductors,single,1,w/o Association,0.995,0.9435,0.9594,0.9738
SEM_QA_0063,Semiconductors,multi,1,w/o Association,0.8672,0.9895,0.995,0.9814
SEM_QA_0064,Semiconductors,multi,1,w/o Association,0.6145,0.8248,0.7837,0.8038
SEM_QA_0065,Semiconductors,single,1,w/o Association,0.6941,0.6726,0.8375,0.893
SEM_QA_0066,Semiconductors,multi,1,w/o Association,0.8147,0.9367,0.9679,0.9694
SEM_QA_0067,Semiconductors,single,1,w/o Association,0.9268,0.95,0.966,0.9828
SEM_QA_0068,Semiconductors,multi,1,w/o Association,0.9772,0.9693,0.9888,0.9677
SEM_QA_0069,Semiconductors,multi,1,w/o Association,0.86,0.7679,0.8358,0.9283
SEM_QA_0070,Semiconductors,single,1,w/o Association,0.9021,0.9367,0.995,0.9315
SEM_QA_0071,Semiconductors,single,1,w/o Association,0.9354,0.9432,0.9273,0.9706
SEM_QA_0072,Semiconductors,single,1,w/o Association,0.9218,0.9576,0.9751,0.9122
SEM_QA_0073,Semiconductors,single,1,w/o Association,0.995,0.9828,0.995,0.9899
SEM_QA_0074,Semiconductors,single,1,w/o Association,0.8531,0.9674,0.9821,0.9109
SEM_QA_0075,Semiconductors,single,1,w/o Association,0.8166,0.8625,0.8693,0.9539
SEM_QA_0076,Semiconductors,multi,1,w/o Association,0.6754,0.7157,0.8036,0.8097
SEM_QA_0077,Semiconductors,single,1,w/o Association,0.9246,0.8517,0.8841,0.9027
SEM_QA_0078,Semiconductors,single,1,w/o Association,0.9737,0.9703,0.995,0.9616
SEM_QA_0079,Semiconductors,multi,1,w/o Association,0.9331,0.942,0.9463,0.9135
SEM_QA_0080,Semiconductors,single,1,w/o Association,0.9546,0.8078,0.961,0.9377
SEM_QA_0081,Semiconductors,single,1,w/o Association,0.9645,0.8886,0.995,0.961
SEM_QA_0082,Semiconductors,single,1,w/o Association,0.9507,0.9895,0.9776,0.9538
SEM_QA_0083,Semiconductors,single,1,w/o Association,0.6277,0.5881,0.5395,0.6435
SEM_QA_0084,Semiconductors,multi,1,w/o Association,0.7224,0.7268,0.9333,0.8781
SEM_QA_0085,Semiconductors,single,1,w/o Association,0.9542,0.9756,0.995,0.9586
SEM_QA_0086,Semiconductors,multi,1,w/o Association,0.6762,0.6681,0.8317,0.7614
SEM_QA_0087,Semiconductors,multi,1,w/o Association,0.7744,0.9239,0.8366,0.8699
SEM_QA_0088,Semiconductors,single,1,w/o Association,0.7676,0.8646,0.9612,0.9197
SEM_QA_0089,Semiconductors,single,1,w/o Association,0.8534,0.8529,0.8572,0.8795
SEM_QA_0090,Semiconductors,single,1,w/o Association,0.9338,0.9803,0.9819,0.9561
SEM_QA_0091,Semiconductors,single,1,w/o Association,0.6111,0.5385,0.6251,0.8293
SEM_QA_0092,Semiconductors,single,1,w/o Association,0.7777,0.7531,0.8768,0.9163
SEM_QA_0093,Semiconductors,single,1,w/o Association,0.995,0.9207,0.9878,0.9529
SEM_QA_0094,Semiconductors,single,1,w/o Association,0.9721,0.9429,0.9771,0.9576
SEM_QA_0095,Semiconductors,multi,1,w/o Association,0.5952,0.6706,0.6083,0.7483
SEM_QA_0096,Semiconductors,multi,1,w/o Association,0.9514,0.9423,0.9477,0.9495
SEM_QA_0097,Semiconductors,single,1,w/o Association,0.9577,0.9773,0.9602,0.9781
SEM_QA_0098,Semiconductors,single,1,w/o Association,0.9673,0.9624,0.9856,0.987
SEM_QA_0099,Semiconductors,single,1,w/o Association,0.9545,0.9308,0.995,0.982
SEM_QA_0100,Semiconductors,multi,1,w/o Association,0.8939,0.9298,0.9465,0.9798
SEM_QA_0101,Semiconductors,single,1,w/o Association,0.859,0.9497,0.995,0.9899
SEM_QA_0102,Semiconductors,single,1,w/o Association,0.9611,0.8965,0.9428,0.9333
SEM_QA_0103,Semiconductors,multi,1,w/o Association,0.9531,0.9824,0.995,0.9672
SEM_QA_0104,Semiconductors,single,1,w/o Association,0.7774,0.6945,0.8551,0.7976
SEM_QA_0105,Semiconductors,multi,1,w/o Association,0.7223,0.7549,0.7198,0.9449
SEM_QA_0106,Semiconductors,multi,1,w/o Association,0.9842,0.9837,0.995,0.9702
SEM_QA_0107,Semiconductors,single,1,w/o Association,0.9277,0.9812,0.9923,0.9865
SEM_QA_0108,Semiconductors,multi,1,w/o Association,0.5927,0.764,0.8239,0.6914
SEM_QA_0109,Semiconductors,single,1,w/o Association,0.8982,0.9895,0.9906,0.9899
SEM_QA_0110,Semiconductors,multi,1,w/o Association,0.4918,0.6888,0.7096,0.6492
SEM_QA_0111,Semiconductors,single,1,w/o Association,0.995,0.9523,0.9872,0.9695
SEM_QA_0112,Semiconductors,single,1,w/o Association,0.9145,0.9325,0.9516,0.9712
SEM_QA_0113,Semiconductors,single,1,w/o Association,0.8101,0.8779,0.8266,0.8034
SEM_QA_0114,Semiconductors,single,1,w/o Association,0.9425,0.9895,0.995,0.9899
SEM_QA_0115,Semiconductors,multi,1,w/o Association,0.809,0.7737,0.7952,0.8238
SEM_QA_0116,Semiconductors,single,1,w/o Association,0.9729,0.983,0.995,0.9764
SEM_QA_0117,Semiconductors,multi,1,w/o Association,0.9898,0.9814,0.9901,0.9787
SEM_QA_0118,Semiconductors,single,1,w/o Association,0.9804,0.8875,0.9596,0.8987
SEM_QA_0119,Semiconductors,single,1,w/o Association,0.9134,0.921,0.9476,0.9523
SEM_QA_0120,Semiconductors,single,1,w/o Association,0.7152,0.7965,0.7467,0.8955
SEM_QA_0121,Semiconductors,single,1,w/o Association,0.4654,0.5751,0.7044,0.6661
SEM_QA_0122,Semiconductors,single,1,w/o Association,0.9726,0.9729,0.9621,0.9899
SEM_QA_0123,Semiconductors,single,1,w/o Association,0.7695,0.9895,0.9652,0.9615
SEM_QA_0124,Semiconductors,single,1,w/o Association,0.882,0.963,0.8692,0.9531
SEM_QA_0125,Semiconductors,single,1,w/o Association,0.995,0.9568,0.9575,0.9899
SEM_QA_0126,Semiconductors,multi,1,w/o Association,0.9656,0.9649,0.9249,0.9344
BAT_QA_0001,Batteries,single,1,w/o Association,0.7841,0.7451,0.7819,0.8528
BAT_QA_0002,Batteries,single,1,w/o Association,0.9451,0.9895,0.978,0.9401
BAT_QA_0003,Batteries,multi,1,w/o Association,0.8915,0.9355,0.9798,0.9536
BAT_QA_0004,Batteries,single,1,w/o Association,0.7362,0.9594,0.9358,0.9314
BAT_QA_0005,Batteries,single,1,w/o Association,0.8787,0.9595,0.9869,0.9697
BAT_QA_0006,Batteries,single,1,w/o Association,0.988,0.9895,0.995,0.9899
BAT_QA_0007,Batteries,multi,1,w/o Association,0.9666,0.8099,0.9866,0.9549
BAT_QA_0008,Batteries,single,1,w/o Association,0.995,0.9685,0.9741,0.9841
BAT_QA_0009,Batteries,single,1,w/o Association,0.9451,0.8923,0.9198,0.9654
BAT_QA_0010,Batteries,single,1,w/o Association,0.9849,0.9811,0.995,0.9899
BAT_QA_0011,Batteries,single,1,w/o Association,0.8864,0.8021,0.8645,0.9418
BAT_QA_0012,Batteries,single,1,w/o Association,0.743,0.84,0.9217,0.8482
BAT_QA_0013,Batteries,single,1,w/o Association,0.9307,0.9895,0.995,0.9579
BAT_QA_0014,Batteries,multi,1,w/o Association,0.9232,0.8535,0.9847,0.9628
BAT_QA_0015,Batteries,multi,1,w/o Association,0.995,0.9895,0.9826,0.946
BAT_QA_0016,Batteries,single,1,w/o Association,0.5625,0.4685,0.6004,0.6515
BAT_QA_0017,Batteries,multi,1,w/o Association,0.6654,0.8163,0.8383,0.8848
BAT_QA_0018,Batteries,single,1,w/o Association,0.4571,0.5065,0.4634,0.581
BAT_QA_0019,Batteries,single,1,w/o Association,0.9274,0.9366,0.9336,0.9713
BAT_QA_0020,Batteries,single,1,w/o Association,0.302,0.243,0.315,0.4083
BAT_QA_0021,Batteries,single,1,w/o Association,0.5934,0.6663,0.7108,0.8226
BAT_QA_0022,Batteries,multi,1,w/o Association,0.5622,0.6377,0.6569,0.7932
BAT_QA_0023,Batteries,single,1,w/o Association,0.9441,0.9327,0.995,0.9732
BAT_QA_0024,Batteries,single,1,w/o Association,0.7741,0.9317,0.9029,0.9663
BAT_QA_0025,Batteries,single,1,w/o Association,0.9396,0.9595,0.9195,0.9533
BAT_QA_0026,Batteries,multi,1,w/o Association,0.7656,0.7285,0.8545,0.8354
BAT_QA_0027,Batteries,single,1,w/o Association,0.9562,0.9895,0.995,0.9393
BAT_QA_0028,Batteries,single,1,w/o Association,0.9216,0.9137,0.9315,0.9244
BAT_QA_0029,Batteries,single,1,w/o Association,0.8819,0.9803,0.9753,0.9551
BAT_QA_0030,Batteries,single,1,w/o Association,0.9879,0.9447,0.995,0.9602
BAT_QA_0031,Batteries,multi,1,w/o Association,0.9441,0.9481,0.9392,0.9732
BAT_QA_0032,Batteries,multi,1,w/o Association,0.995,0.9527,0.8767,0.9899
BAT_QA_0033,Batteries,single,1,w/o Association,0.9735,0.9477,0.995,0.9681
BAT_QA_0034,Batteries,single,1,w/o Association,0.8492,0.8959,0.8071,0.8292
BAT_QA_0035,Batteries,multi,1,w/o Association,0.9353,0.9485,0.8733,0.9172
BAT_QA_0036,Batteries,single,1,w/o Association,0.9858,0.9667,0.995,0.9782
BAT_QA_0037,Batteries,multi,1,w/o Association,0.7217,0.6717,0.7532,0.7161
BAT_QA_0038,Batteries,single,1,w/o Association,0.8896,0.7757,0.9163,0.9571
BAT_QA_0039,Batteries,multi,1,w/o Association,0.715,0.7692,0.7821,0.8306
BAT_QA_0040,Batteries,single,1,w/o Association,0.9748,0.9761,0.9819,0.9795
BAT_QA_0041,Batteries,single,1,w/o Association,0.7702,0.6488,0.8178,0.9624
BAT_QA_0042,Batteries,multi,1,w/o Association,0.7528,0.853,0.7814,0.9061
BAT_QA_0043,Batteries,single,1,w/o Association,0.9158,0.9786,0.995,0.9614
BAT_QA_0044,Batteries,single,1,w/o Association,0.797,0.9657,0.9913,0.9645
BAT_QA_0045,Batteries,multi,1,w/o Association,0.8862,0.9418,0.9758,0.924
BAT_QA_0046,Batteries,multi,1,w/o Association,0.628,0.6644,0.738,0.6511
BAT_QA_0047,Batteries,single,1,w/o Association,0.867,0.8572,0.826,0.9556
BAT_QA_0048,Batteries,single,1,w/o Association,0.9761,0.8623,0.9713,0.9572
BAT_QA_0049,Batteries,single,1,w/o Association,0.8147,0.8191,0.8695,0.9228
BAT_QA_0050,Batteries,single,1,w/o Association,0.7964,0.7275,0.8411,0.8938
BAT_QA_0051,Batteries,single,1,w/o Association,0.6827,0.644,0.654,0.6629
BAT_QA_0052,Batteries,single,1,w/o Association,0.8101,0.7502,0.6737,0.768
BAT_QA_0053,Batteries,single,1,w/o Association,0.6976,0.8525,0.7654,0.9049
BAT_QA_0054,Batteries,single,1,w/o Association,0.9924,0.9895,0.995,0.9761
BAT_QA_0055,Batteries,single,1,w/o Association,0.7092,0.6869,0.7677,0.911
BAT_QA_0056,Batteries,single,1,w/o Association,0.9738,0.7984,0.9139,0.9513
BAT_QA_0057,Batteries,multi,1,w/o Association,0.8966,0.8578,0.9366,0.9801
BAT_QA_0058,Batteries,single,1,w/o Association,0.8985,0.9395,0.7804,0.9299
BAT_QA_0059,Batteries,single,1,w/o Association,0.9729,0.9305,0.964,0.9698
BAT_QA_0060,Batteries,multi,1,w/o Association,0.6061,0.6508,0.7711,0.7926
BAT_QA_0061,Batteries,single,1,w/o Association,0.6477,0.6236,0.7825,0.7778
BAT_QA_0062,Batteries,multi,1,w/o Association,0.6241,0.5608,0.6683,0.7226
BAT_QA_0063,Batteries,single,1,w/o Association,0.922,0.8599,0.8801,0.9595
BAT_QA_0064,Batteries,single,1,w/o Association,0.9727,0.9772,0.995,0.9899
BAT_QA_0065,Batteries,single,1,w/o Association,0.995,0.9563,0.995,0.9899
BAT_QA_0066,Batteries,single,1,w/o Association,0.6777,0.7096,0.7071,0.7983
BAT_QA_0067,Batteries,single,1,w/o Association,0.7804,0.8293,0.7621,0.881
BAT_QA_0068,Batteries,multi,1,w/o Association,0.9481,0.8572,0.9638,0.935
BAT_QA_0069,Batteries,single,1,w/o Association,0.6514,0.5866,0.7088,0.8023
BAT_QA_0070,Batteries,multi,1,w/o Association,0.9501,0.9037,0.995,0.9484
BAT_QA_0071,Batteries,single,1,w/o Association,0.8847,0.828,0.9286,0.9169
BAT_QA_0072,Batteries,multi,1,w/o Association,0.9271,0.8842,0.9526,0.9726
BAT_QA_0073,Batteries,single,1,w/o Association,0.9536,0.9895,0.987,0.9899
BAT_QA_0074,Batteries,multi,1,w/o Association,0.598,0.4908,0.6131,0.6598
BAT_QA_0075,Batteries,single,1,w/o Association,0.8717,0.9615,0.9824,0.9655
BAT_QA_0076,Batteries,multi,1,w/o Association,0.7707,0.6553,0.8829,0.7658
BAT_QA_0077,Batteries,single,1,w/o Association,0.9213,0.9537,0.9934,0.9899
BAT_QA_0078,Batteries,single,1,w/o Association,0.7918,0.9034,0.9804,0.9508
BAT_QA_0079,Batteries,multi,1,w/o Association,0.8087,0.7857,0.7797,0.7371
BAT_QA_0080,Batteries,single,1,w/o Association,0.995,0.9432,0.9068,0.9899
BAT_QA_0081,Batteries,single,1,w/o Association,0.9725,0.9153,0.8701,0.9609
BAT_QA_0082,Batteries,multi,1,w/o Association,0.9217,0.9131,0.9876,0.9517
BAT_QA_0083,Batteries,single,1,w/o Association,0.4711,0.6839,0.7853,0.8404
BAT_QA_0084,Batteries,single,1,w/o Association,0.8776,0.8231,0.9044,0.9699
BAT_QA_0085,Batteries,multi,1,w/o Association,0.7,0.5964,0.6907,0.7727
BAT_QA_0086,Batteries,multi,1,w/o Association,0.8308,0.972,0.9378,0.9674
BAT_QA_0087,Batteries,single,1,w/o Association,0.945,0.9724,0.995,0.9899
BAT_QA_0088,Batteries,single,1,w/o Association,0.8338,0.7892,0.7477,0.7864
BAT_QA_0089,Batteries,single,1,w/o Association,0.9776,0.955,0.995,0.9899
BAT_QA_0090,Batteries,single,1,w/o Association,0.927,0.9006,0.97,0.9193
BAT_QA_0091,Batteries,single,1,w/o Association,0.9814,0.9895,0.9684,0.9899
BAT_QA_0092,Batteries,single,1,w/o Association,0.7092,0.7581,0.808,0.8762
BAT_QA_0093,Batteries,single,1,w/o Association,0.8487,0.7765,0.7698,0.9705
BAT_QA_0094,Batteries,single,1,w/o Association,0.6577,0.6221,0.7043,0.806
BAT_QA_0095,Batteries,single,1,w/o Association,0.974,0.9653,0.8922,0.9459
BAT_QA_0096,Batteries,single,1,w/o Association,0.9514,0.9679,0.995,0.9831
BAT_QA_0097,Batteries,multi,1,w/o Association,0.6551,0.5365,0.6829,0.8272
BAT_QA_0098,Batteries,multi,1,w/o Association,0.719,0.671,0.6655,0.7761
BAT_QA_0099,Batteries,single,1,w/o Association,0.71,0.6813,0.8451,0.8918
BAT_QA_0100,Batteries,multi,1,w/o Association,0.9182,0.8094,0.9304,0.9378
BAT_QA_0101,Batteries,single,1,w/o Association,0.9198,0.9321,0.995,0.9004
BAT_QA_0102,Batteries,multi,1,w/o Association,0.8338,0.8866,0.9655,0.9357
BAT_QA_0103,Batteries,single,1,w/o Association,0.9503,0.9665,0.8616,0.964
BAT_QA_0104,Batteries,multi,1,w/o Association,0.7813,0.802,0.7548,0.8154
BAT_QA_0105,Batteries,single,1,w/o Association,0.8454,0.7454,0.8397,0.8337
BAT_QA_0106,Batteries,multi,1,w/o Association,0.8578,0.7692,0.9073,0.9365
BAT_QA_0107,Batteries,multi,1,w/o Association,0.8226,0.7753,0.8518,0.8601
BAT_QA_0108,Batteries,single,1,w/o Association,0.9369,0.9253,0.8675,0.8398
BAT_QA_0109,Batteries,single,1,w/o Association,0.8732,0.7201,0.7506,0.848
BAT_QA_0110,Batteries,single,1,w/o Association,0.8589,0.8086,0.8897,0.8987
BAT_QA_0111,Batteries,multi,1,w/o Association,0.9496,0.9777,0.9944,0.962
BAT_QA_0112,Batteries,single,1,w/o Association,0.9674,0.92,0.995,0.9514
BAT_QA_0113,Batteries,multi,1,w/o Association,0.914,0.8156,0.995,0.9649
BAT_QA_0114,Batteries,multi,1,w/o Association,0.8009,0.8125,0.7866,0.7043
BAT_QA_0115,Batteries,multi,1,w/o Association,0.9403,0.9625,0.995,0.9664
BAT_QA_0116,Batteries,single,1,w/o Association,0.9426,0.9476,0.9653,0.9654
BAT_QA_0117,Batteries,multi,1,w/o Association,0.5922,0.7188,0.7284,0.8319
BAT_QA_0118,Batteries,single,1,w/o Association,0.8583,0.7744,0.8582,0.9035
BAT_QA_0119,Batteries,single,1,w/o Association,0.6082,0.7528,0.6821,0.6818
BAT_QA_0120,Batteries,single,1,w/o Association,0.9569,0.9127,0.8718,0.9305
BAT_QA_0121,Batteries,single,1,w/o Association,0.8164,0.7551,0.8554,0.9221
BAT_QA_0122,Batteries,single,1,w/o Association,0.954,0.9074,0.995,0.9405
BAT_QA_0123,Batteries,single,1,w/o Association,0.916,0.9734,0.9182,0.9899
BAT_QA_0124,Batteries,single,1,w/o Association,0.6453,0.6654,0.6852,0.7875
SUP_QA_0001,Superalloys,single,2,w/o Association,0.8322,0.7725,0.8516,0.8585
SUP_QA_0002,Superalloys,multi,2,w/o Association,0.995,0.995,0.995,0.9756
SUP_QA_0003,Superalloys,multi,2,w/o Association,0.6453,0.6451,0.5769,0.6818
SUP_QA_0004,Superalloys,multi,2,w/o Association,0.5622,0.8484,0.8235,0.8313
SUP_QA_0005,Superalloys,single,2,w/o Association,0.6008,0.5792,0.8279,0.7208
SUP_QA_0006,Superalloys,single,2,w/o Association,0.9359,0.9707,0.8674,0.96
SUP_QA_0007,Superalloys,single,2,w/o Association,0.9445,0.9343,0.988,0.9176
SUP_QA_0008,Superalloys,single,2,w/o Association,0.995,0.9478,0.995,0.9664
SUP_QA_0009,Superalloys,single,2,w/o Association,0.9519,0.968,0.9543,0.9559
SUP_QA_0010,Superalloys,single,2,w/o Association,0.7828,0.8522,0.9342,0.866
SUP_QA_0011,Superalloys,single,2,w/o Association,0.8364,0.7928,0.9045,0.8914
SUP_QA_0012,Superalloys,single,2,w/o Association,0.6864,0.7394,0.8242,0.8819
SUP_QA_0013,Superalloys,multi,2,w/o Association,0.7977,0.7319,0.743,0.8031
SUP_QA_0014,Superalloys,single,2,w/o Association,0.8876,0.6916,0.9645,0.8583
SUP_QA_0015,Superalloys,single,2,w/o Association,0.8906,0.8644,0.9781,0.9578
SUP_QA_0016,Superalloys,single,2,w/o Association,0.7755,0.7905,0.8284,0.8256
SUP_QA_0017,Superalloys,single,2,w/o Association,0.9849,0.9555,0.9605,0.9569
SUP_QA_0018,Superalloys,single,2,w/o Association,0.9147,0.9945,0.995,0.9621
SUP_QA_0019,Superalloys,single,2,w/o Association,0.9788,0.995,0.9862,0.9583
SUP_QA_0020,Superalloys,single,2,w/o Association,0.8987,0.9817,0.9451,0.9598
SUP_QA_0021,Superalloys,multi,2,w/o Association,0.995,0.9899,0.9351,0.9491
SUP_QA_0022,Superalloys,single,2,w/o Association,0.6999,0.8183,0.8631,0.8642
SUP_QA_0023,Superalloys,single,2,w/o Association,0.9251,0.9841,0.9533,0.9366
SUP_QA_0024,Superalloys,single,2,w/o Association,0.6924,0.8645,0.9026,0.8402
SUP_QA_0025,Superalloys,single,2,w/o Association,0.8628,0.9422,0.9067,0.9756
SUP_QA_0026,Superalloys,single,2,w/o Association,0.7861,0.9764,0.9889,0.9727
SUP_QA_0027,Superalloys,multi,2,w/o Association,0.595,0.6592,0.7784,0.76
SUP_QA_0028,Superalloys,multi,2,w/o Association,0.9406,0.9537,0.9671,0.9362
SUP_QA_0029,Superalloys,single,2,w/o Association,0.731,0.8673,0.9189,0.8467
SUP_QA_0030,Superalloys,multi,2,w/o Association,0.6346,0.7523,0.7719,0.8104
SUP_QA_0031,Superalloys,single,2,w/o Association,0.9233,0.9637,0.9743,0.9575
SUP_QA_0032,Superalloys,single,2,w/o Association,0.7439,0.7415,0.8175,0.9137
SUP_QA_0033,Superalloys,single,2,w/o Association,0.7172,0.7128,0.8471,0.8856
SUP_QA_0034,Superalloys,multi,2,w/o Association,0.9408,0.9214,0.7804,0.9386
SUP_QA_0035,Superalloys,single,2,w/o Association,0.8921,0.9574,0.9523,0.9741
SUP_QA_0036,Superalloys,single,2,w/o Association,0.9502,0.9635,0.9839,0.9756
SUP_QA_0037,Superalloys,single,2,w/o Association,0.954,0.9526,0.995,0.9756
SUP_QA_0038,Superalloys,single,2,w/o Association,0.9571,0.9548,0.995,0.9337
SUP_QA_0039,Superalloys,single,2,w/o Association,0.9531,0.7901,0.8516,0.8538
SUP_QA_0040,Superalloys,multi,2,w/o Association,0.9722,0.995,0.8378,0.9427
SUP_QA_0041,Superalloys,single,2,w/o Association,0.9464,0.9798,0.9595,0.934
SUP_QA_0042,Superalloys,single,2,w/o Association,0.9135,0.9751,0.9792,0.9413
SUP_QA_0043,Superalloys,single,2,w/o Association,0.7472,0.739,0.7493,0.8547
SUP_QA_0044,Superalloys,multi,2,w/o Association,0.9029,0.8314,0.9854,0.9264
SUP_QA_0045,Superalloys,single,2,w/o Association,0.6423,0.6657,0.8067,0.8779
SUP_QA_0046,Superalloys,single,2,w/o Association,0.5347,0.5792,0.6981,0.6528
SUP_QA_0047,Superalloys,multi,2,w/o Association,0.8184,0.7132,0.8238,0.9189
SUP_QA_0048,Superalloys,single,2,w/o Association,0.872,0.927,0.995,0.9384
SUP_QA_0049,Superalloys,multi,2,w/o Association,0.7361,0.8518,0.8822,0.8252
SUP_QA_0050,Superalloys,single,2,w/o Association,0.9136,0.9797,0.9455,0.9684
SUP_QA_0051,Superalloys,single,2,w/o Association,0.8025,0.995,0.9582,0.8881
SUP_QA_0052,Superalloys,single,2,w/o Association,0.7778,0.7083,0.804,0.9023
SUP_QA_0053,Superalloys,single,2,w/o Association,0.839,0.8417,0.9527,0.9681
SUP_QA_0054,Superalloys,multi,2,w/o Association,0.8988,0.8882,0.9276,0.9189
SUP_QA_0055,Superalloys,single,2,w/o Association,0.7364,0.726,0.7833,0.908
SUP_QA_0056,Superalloys,single,2,w/o Association,0.7985,0.8025,0.9259,0.8239
SUP_QA_0057,Superalloys,single,2,w/o Association,0.7377,0.8007,0.8473,0.8752
SUP_QA_0058,Superalloys,single,2,w/o Association,0.8055,0.9159,0.8614,0.9319
SUP_QA_0059,Superalloys,single,2,w/o Association,0.8974,0.9406,0.9703,0.9485
SUP_QA_0060,Superalloys,single,2,w/o Association,0.6423,0.5233,0.7166,0.7412
SUP_QA_0061,Superalloys,single,2,w/o Association,0.7324,0.8002,0.9258,0.8687
SUP_QA_0062,Superalloys,multi,2,w/o Association,0.4732,0.5777,0.6377,0.6387
SUP_QA_0063,Superalloys,single,2,w/o Association,0.995,0.995,0.995,0.9573
SUP_QA_0064,Superalloys,multi,2,w/o Association,0.9573,0.9318,0.995,0.9346
SUP_QA_0065,Superalloys,single,2,w/o Association,0.995,0.9632,0.9768,0.9566
SUP_QA_0066,Superalloys,single,2,w/o Association,0.9746,0.995,0.9942,0.9756
SUP_QA_0067,Superalloys,multi,2,w/o Association,0.8749,0.7277,0.8664,0.8481
SUP_QA_0068,Superalloys,single,2,w/o Association,0.9474,0.9731,0.9941,0.9756
SUP_QA_0069,Superalloys,single,2,w/o Association,0.8899,0.7652,0.9161,0.8903
SUP_QA_0070,Superalloys,multi,2,w/o Association,0.6081,0.6985,0.7786,0.868
SUP_QA_0071,Superalloys,single,2,w/o Association,0.9019,0.8236,0.8508,0.8693
SUP_QA_0072,Superalloys,multi,2,w/o Association,0.8566,0.817,0.9719,0.8608
SUP_QA_0073,Superalloys,multi,2,w/o Association,0.5309,0.5093,0.5542,0.6915
SUP_QA_0074,Superalloys,multi,2,w/o Association,0.8541,0.9449,0.995,0.968
SUP_QA_0075,Superalloys,single,2,w/o Association,0.9465,0.8929,0.8941,0.9211
SUP_QA_0076,Superalloys,single,2,w/o Association,0.8311,0.8177,0.9038,0.8725
SUP_QA_0077,Superalloys,multi,2,w/o Association,0.995,0.995,0.9414,0.9756
SUP_QA_0078,Superalloys,single,2,w/o Association,0.4669,0.606,0.6523,0.5513
SUP_QA_0079,Superalloys,single,2,w/o Association,0.9043,0.9289,0.942,0.9039
SUP_QA_0080,Superalloys,multi,2,w/o Association,0.9897,0.9501,0.9862,0.9705
SUP_QA_0081,Superalloys,multi,2,w/o Association,0.785,0.7657,0.8146,0.8289
SUP_QA_0082,Superalloys,multi,2,w/o Association,0.9331,0.9667,0.9631,0.9427
SUP_QA_0083,Superalloys,single,2,w/o Association,0.6596,0.5391,0.6676,0.4586
SUP_QA_0084,Superalloys,single,2,w/o Association,0.9347,0.9673,0.995,0.9657
SUP_QA_0085,Superalloys,single,2,w/o Association,0.9818,0.9712,0.9593,0.938
SUP_QA_0086,Superalloys,single,2,w/o Association,0.9551,0.9684,0.995,0.9756
SUP_QA_0087,Superalloys,multi,2,w/o Association,0.9436,0.9591,0.9638,0.9756
SUP_QA_0088,Superalloys,single,2,w/o Association,0.8043,0.7659,0.8821,0.917
SUP_QA_0089,Superalloys,single,2,w/o Association,0.9107,0.9064,0.957,0.9756
SUP_QA_0090,Superalloys,single,2,w/o Association,0.6994,0.8757,0.9304,0.9453
SUP_QA_0091,Superalloys,multi,2,w/o Association,0.8986,0.7466,0.8738,0.8307
SUP_QA_0092,Superalloys,single,2,w/o Association,0.6105,0.503,0.5709,0.5786
SUP_QA_0093,Superalloys,multi,2,w/o Association,0.9197,0.9363,0.995,0.9756
SUP_QA_0094,Superalloys,multi,2,w/o Association,0.9231,0.9774,0.9653,0.9617
SUP_QA_0095,Superalloys,multi,2,w/o Association,0.9135,0.7576,0.8345,0.865
SUP_QA_0096,Superalloys,single,2,w/o Association,0.9936,0.995,0.995,0.9724
SUP_QA_0097,Superalloys,multi,2,w/o Association,0.8225,0.6545,0.8051,0.8913
SUP_QA_0098,Superalloys,single,2,w/o Association,0.5386,0.5335,0.6009,0.6043
SUP_QA_0099,Superalloys,single,2,w/o Association,0.9865,0.9616,0.8967,0.9258
SUP_QA_0100,Superalloys,multi,2,w/o Association,0.4535,0.5195,0.7111,0.6923
SUP_QA_0101,Superalloys,single,2,w/o Association,0.8916,0.9271,0.954,0.8742
SUP_QA_0102,Superalloys,multi,2,w/o Association,0.8235,0.9293,0.8858,0.8678
SUP_QA_0103,Superalloys,multi,2,w/o Association,0.9802,0.9905,0.995,0.9465
SUP_QA_0104,Superalloys,single,2,w/o Association,0.5848,0.7816,0.8105,0.7584
SUP_QA_0105,Superalloys,single,2,w/o Association,0.9612,0.9616,0.995,0.9734
SUP_QA_0106,Superalloys,single,2,w/o Association,0.7866,0.8007,0.8506,0.9007
SUP_QA_0107,Superalloys,single,2,w/o Association,0.7871,0.7841,0.9162,0.7304
SUP_QA_0108,Superalloys,single,2,w/o Association,0.8311,0.8448,0.9731,0.932
SUP_QA_0109,Superalloys,single,2,w/o Association,0.8925,0.8571,0.765,0.9083
SUP_QA_0110,Superalloys,single,2,w/o Association,0.9628,0.9924,0.9587,0.9653
SUP_QA_0111,Superalloys,single,2,w/o Association,0.9057,0.8713,0.8615,0.9116
SUP_QA_0112,Superalloys,multi,2,w/o Association,0.8696,0.9676,0.972,0.9756
SUP_QA_0113,Superalloys,single,2,w/o Association,0.6778,0.7714,0.806,0.9229
SUP_QA_0114,Superalloys,single,2,w/o Association,0.4971,0.4863,0.6064,0.6039
SUP_QA_0115,Superalloys,multi,2,w/o Association,0.8209,0.8598,0.8536,0.8981
SUP_QA_0116,Superalloys,multi,2,w/o Association,0.9361,0.8855,0.8808,0.9756
SUP_QA_0117,Superalloys,multi,2,w/o Association,0.838,0.9504,0.995,0.9193
SUP_QA_0118,Superalloys,single,2,w/o Association,0.8359,0.8189,0.8578,0.8823
SUP_QA_0119,Superalloys,single,2,w/o Association,0.9715,0.8948,0.995,0.9756
SUP_QA_0120,Superalloys,single,2,w/o Association,0.678,0.6461,0.749,0.8517
SUP_QA_0121,Superalloys,single,2,w/o Association,0.5459,0.6127,0.7168,0.575
SUP_QA_0122,Superalloys,single,2,w/o Association,0.9683,0.995,0.9333,0.9478
SUP_QA_0123,Superalloys,single,2,w/o Association,0.9263,0.9733,0.995,0.957
SUP_QA_0124,Superalloys,single,2,w/o Association,0.4694,0.6652,0.6383,0.804
SUP_QA_0125,Superalloys,multi,2,w/o Association,0.8219,0.9654,0.8825,0.9143
SUP_QA_0126,Superalloys,multi,2,w/o Association,0.6363,0.6609,0.6372,0.7047
SUP_QA_0127,Superalloys,single,2,w/o Association,0.9511,0.9486,0.9624,0.92
SUP_QA_0128,Superalloys,multi,2,w/o Association,0.8343,0.8414,0.8889,0.8456
SUP_QA_0129,Superalloys,multi,2,w/o Association,0.6593,0.7536,0.8419,0.7967
SUP_QA_0130,Superalloys,multi,2,w/o Association,0.9902,0.9905,0.9626,0.9467
SUP_QA_0131,Superalloys,single,2,w/o Association,0.995,0.9661,0.9711,0.9606
SUP_QA_0132,Superalloys,multi,2,w/o Association,0.9736,0.9718,0.9903,0.8519
SEM_QA_0001,Semiconductors,single,2,w/o Association,0.843,0.8944,0.7837,0.8053
SEM_QA_0002,Semiconductors,single,2,w/o Association,0.9096,0.8728,0.7603,0.9067
SEM_QA_0003,Semiconductors,single,2,w/o Association,0.7505,0.8753,0.7233,0.859
SEM_QA_0004,Semiconductors,single,2,w/o Association,0.9454,0.9726,0.9118,0.9756
SEM_QA_0005,Semiconductors,multi,2,w/o Association,0.8408,0.8462,0.828,0.8428
SEM_QA_0006,Semiconductors,multi,2,w/o Association,0.6299,0.7905,0.7258,0.9273
SEM_QA_0007,Semiconductors,single,2,w/o Association,0.7194,0.8963,0.817,0.7982
SEM_QA_0008,Semiconductors,single,2,w/o Association,0.7194,0.7796,0.868,0.7962
SEM_QA_0009,Semiconductors,single,2,w/o Association,0.9947,0.995,0.9591,0.9715
SEM_QA_0010,Semiconductors,single,2,w/o Association,0.6599,0.646,0.6697,0.7183
SEM_QA_0011,Semiconductors,single,2,w/o Association,0.4022,0.5275,0.453,0.4704
SEM_QA_0012,Semiconductors,single,2,w/o Association,0.9102,0.8296,0.8803,0.9024
SEM_QA_0013,Semiconductors,multi,2,w/o Association,0.9253,0.9728,0.995,0.9756
SEM_QA_0014,Semiconductors,single,2,w/o Association,0.8944,0.967,0.9729,0.9693
SEM_QA_0015,Semiconductors,multi,2,w/o Association,0.9312,0.9747,0.9895,0.9756
SEM_QA_0016,Semiconductors,single,2,w/o Association,0.6777,0.7028,0.6121,0.6895
SEM_QA_0017,Semiconductors,single,2,w/o Association,0.8482,0.9398,0.9449,0.9238
SEM_QA_0018,Semiconductors,multi,2,w/o Association,0.7939,0.8693,0.9394,0.9336
SEM_QA_0019,Semiconductors,single,2,w/o Association,0.991,0.9598,0.995,0.9596
SEM_QA_0020,Semiconductors,single,2,w/o Association,0.755,0.9013,0.9042,0.9154
SEM_QA_0021,Semiconductors,single,2,w/o Association,0.889,0.8703,0.9312,0.9756
SEM_QA_0022,Semiconductors,single,2,w/o Association,0.8431,0.9212,0.9548,0.9699
SEM_QA_0023,Semiconductors,single,2,w/o Association,0.6728,0.7028,0.8128,0.8797
SEM_QA_0024,Semiconductors,multi,2,w/o Association,0.4282,0.5847,0.6808,0.6011
SEM_QA_0025,Semiconductors,single,2,w/o Association,0.7887,0.9014,0.914,0.9221
SEM_QA_0026,Semiconductors,single,2,w/o Association,0.8833,0.931,0.8814,0.9596
SEM_QA_0027,Semiconductors,single,2,w/o Association,0.9216,0.9591,0.9639,0.9756
SEM_QA_0028,Semiconductors,multi,2,w/o Association,0.9516,0.9175,0.9136,0.9716
SEM_QA_0029,Semiconductors,single,2,w/o Association,0.8034,0.9081,0.8971,0.8844
SEM_QA_0030,Semiconductors,single,2,w/o Association,0.7146,0.708,0.8312,0.7815
SEM_QA_0031,Semiconductors,multi,2,w/o Association,0.9548,0.995,0.995,0.9394
SEM_QA_0032,Semiconductors,single,2,w/o Association,0.88,0.8098,0.8934,0.8911
SEM_QA_0033,Semiconductors,multi,2,w/o Association,0.6226,0.7471,0.6926,0.7024
SEM_QA_0034,Semiconductors,multi,2,w/o Association,0.7825,0.8597,0.7301,0.7524
SEM_QA_0035,Semiconductors,single,2,w/o Association,0.9583,0.995,0.9936,0.9344
SEM_QA_0036,Semiconductors,single,2,w/o Association,0.981,0.9194,0.9814,0.8969
SEM_QA_0037,Semiconductors,multi,2,w/o Association,0.939,0.995,0.995,0.9107
SEM_QA_0038,Semiconductors,single,2,w/o Association,0.6183,0.5079,0.5895,0.7015
SEM_QA_0039,Semiconductors,multi,2,w/o Association,0.5772,0.6824,0.6007,0.7118
SEM_QA_0040,Semiconductors,multi,2,w/o Association,0.9659,0.9105,0.9166,0.8676
SEM_QA_0041,Semiconductors,single,2,w/o Association,0.8155,0.877,0.9516,0.8927
SEM_QA_0042,Semiconductors,multi,2,w/o Association,0.995,0.985,0.9714,0.9126
SEM_QA_0043,Semiconductors,multi,2,w/o Association,0.7549,0.8367,0.7225,0.8087
SEM_QA_0044,Semiconductors,multi,2,w/o Association,0.6341,0.729,0.6655,0.7478
SEM_QA_0045,Semiconductors,single,2,w/o Association,0.8604,0.9023,0.9139,0.9271
SEM_QA_0046,Semiconductors,single,2,w/o Association,0.6541,0.7549,0.7854,0.8017
SEM_QA_0047,Semiconductors,single,2,w/o Association,0.9784,0.995,0.995,0.9537
SEM_QA_0048,Semiconductors,multi,2,w/o Association,0.8259,0.957,0.8172,0.8598
SEM_QA_0049,Semiconductors,multi,2,w/o Association,0.4566,0.5862,0.599,0.7327
SEM_QA_0050,Semiconductors,single,2,w/o Association,0.7239,0.8869,0.7581,0.8093
SEM_QA_0051,Semiconductors,single,2,w/o Association,0.842,0.8688,0.9351,0.9756
SEM_QA_0052,Semiconductors,single,2,w/o Association,0.9796,0.9942,0.9675,0.9382
SEM_QA_0053,Semiconductors,single,2,w/o Association,0.5926,0.7202,0.7009,0.6884
SEM_QA_0054,Semiconductors,single,2,w/o Association,0.6417,0.5366,0.7788,0.6952
SEM_QA_0055,Semiconductors,multi,2,w/o Association,0.5043,0.5923,0.5169,0.6153
SEM_QA_0056,Semiconductors,multi,2,w/o Association,0.865,0.9748,0.8609,0.9242
SEM_QA_0057,Semiconductors,multi,2,w/o Association,0.6807,0.775,0.769,0.8057
SEM_QA_0058,Semiconductors,multi,2,w/o Association,0.9207,0.9793,0.956,0.9245
SEM_QA_0059,Semiconductors,single,2,w/o Association,0.6889,0.7291,0.8122,0.7469
SEM_QA_0060,Semiconductors,single,2,w/o Association,0.778,0.574,0.7504,0.7762
SEM_QA_0061,Semiconductors,single,2,w/o Association,0.8113,0.9634,0.9799,0.9644
SEM_QA_0062,Semiconductors,single,2,w/o Association,0.9386,0.9355,0.9821,0.9498
SEM_QA_0063,Semiconductors,multi,2,w/o Association,0.8737,0.9314,0.995,0.9756
SEM_QA_0064,Semiconductors,multi,2,w/o Association,0.6448,0.9034,0.7222,0.7891
SEM_QA_0065,Semiconductors,single,2,w/o Association,0.6187,0.6976,0.7,0.8748
SEM_QA_0066,Semiconductors,multi,2,w/o Association,0.7548,0.9423,0.9827,0.9006
SEM_QA_0067,Semiconductors,single,2,w/o Association,0.9611,0.995,0.9587,0.9599
SEM_QA_0068,Semiconductors,multi,2,w/o Association,0.9795,0.9888,0.9697,0.9756
SEM_QA_0069,Semiconductors,multi,2,w/o Association,0.7836,0.8591,0.8187,0.9004
SEM_QA_0070,Semiconductors,single,2,w/o Association,0.9484,0.9786,0.9464,0.9381
SEM_QA_0071,Semiconductors,single,2,w/o Association,0.8701,0.9362,0.881,0.9756
SEM_QA_0072,Semiconductors,single,2,w/o Association,0.8799,0.887,0.9182,0.9386
SEM_QA_0073,Semiconductors,single,2,w/o Association,0.9859,0.995,0.9737,0.9429
SEM_QA_0074,Semiconductors,single,2,w/o Association,0.843,0.9856,0.8486,0.8275
SEM_QA_0075,Semiconductors,single,2,w/o Association,0.738,0.9075,0.8208,0.957
SEM_QA_0076,Semiconductors,multi,2,w/o Association,0.6346,0.795,0.802,0.7931
SEM_QA_0077,Semiconductors,single,2,w/o Association,0.9137,0.8913,0.7782,0.8813
SEM_QA_0078,Semiconductors,single,2,w/o Association,0.9833,0.995,0.9584,0.9552
SEM_QA_0079,Semiconductors,multi,2,w/o Association,0.8865,0.995,0.8974,0.8539
SEM_QA_0080,Semiconductors,single,2,w/o Association,0.8629,0.887,0.921,0.9259
SEM_QA_0081,Semiconductors,single,2,w/o Association,0.9502,0.9443,0.9792,0.9381
SEM_QA_0082,Semiconductors,single,2,w/o Association,0.9731,0.9868,0.9914,0.9667
SEM_QA_0083,Semiconductors,single,2,w/o Association,0.5593,0.5977,0.4862,0.6287
SEM_QA_0084,Semiconductors,multi,2,w/o Association,0.7363,0.7731,0.8762,0.8102
SEM_QA_0085,Semiconductors,single,2,w/o Association,0.9526,0.9798,0.995,0.9648
SEM_QA_0086,Semiconductors,multi,2,w/o Association,0.5522,0.7526,0.8199,0.7158
SEM_QA_0087,Semiconductors,multi,2,w/o Association,0.7656,0.854,0.7564,0.8893
SEM_QA_0088,Semiconductors,single,2,w/o Association,0.7661,0.9309,0.9688,0.8624
SEM_QA_0089,Semiconductors,single,2,w/o Association,0.8797,0.9332,0.8627,0.9211
SEM_QA_0090,Semiconductors,single,2,w/o Association,0.8302,0.9646,0.9274,0.9088
SEM_QA_0091,Semiconductors,single,2,w/o Association,0.56,0.5642,0.6988,0.6775
SEM_QA_0092,Semiconductors,single,2,w/o Association,0.6276,0.8236,0.8564,0.7617
SEM_QA_0093,Semiconductors,single,2,w/o Association,0.9477,0.9467,0.9741,0.9386
SEM_QA_0094,Semiconductors,single,2,w/o Association,0.9597,0.9736,0.9746,0.919
SEM_QA_0095,Semiconductors,multi,2,w/o Association,0.5279,0.6966,0.55,0.7944
SEM_QA_0096,Semiconductors,multi,2,w/o Association,0.995,0.934,0.9449,0.9693
SEM_QA_0097,Semiconductors,single,2,w/o Association,0.9561,0.9643,0.9571,0.9436
SEM_QA_0098,Semiconductors,single,2,w/o Association,0.9508,0.9717,0.9787,0.9709
SEM_QA_0099,Semiconductors,single,2,w/o Association,0.9347,0.995,0.9709,0.9624
SEM_QA_0100,Semiconductors,multi,2,w/o Association,0.9386,0.9721,0.8681,0.9198
SEM_QA_0101,Semiconductors,single,2,w/o Association,0.7809,0.9362,0.995,0.941
SEM_QA_0102,Semiconductors,single,2,w/o Association,0.9756,0.8738,0.9435,0.9756
SEM_QA_0103,Semiconductors,multi,2,w/o Association,0.9347,0.9451,0.9893,0.9097
SEM_QA_0104,Semiconductors,single,2,w/o Association,0.6975,0.6945,0.8075,0.7633
SEM_QA_0105,Semiconductors,multi,2,w/o Association,0.6386,0.838,0.7397,0.8325
SEM_QA_0106,Semiconductors,multi,2,w/o Association,0.9946,0.995,0.995,0.9756
SEM_QA_0107,Semiconductors,single,2,w/o Association,0.9395,0.9463,0.9811,0.9685
SEM_QA_0108,Semiconductors,multi,2,w/o Association,0.5641,0.8143,0.7747,0.6531
SEM_QA_0109,Semiconductors,single,2,w/o Association,0.8896,0.995,0.9811,0.9679
SEM_QA_0110,Semiconductors,multi,2,w/o Association,0.4088,0.7586,0.7685,0.6179
SEM_QA_0111,Semiconductors,single,2,w/o Association,0.9391,0.9301,0.9528,0.9756
SEM_QA_0112,Semiconductors,single,2,w/o Association,0.7827,0.9355,0.9021,0.9325
SEM_QA_0113,Semiconductors,single,2,w/o Association,0.798,0.79,0.8604,0.8163
SEM_QA_0114,Semiconductors,single,2,w/o Association,0.875,0.995,0.896,0.9756
SEM_QA_0115,Semiconductors,multi,2,w/o Association,0.7432,0.7583,0.693,0.6675
SEM_QA_0116,Semiconductors,single,2,w/o Association,0.9754,0.9675,0.9901,0.9418
SEM_QA_0117,Semiconductors,multi,2,w/o Association,0.9859,0.9925,0.9715,0.9756
SEM_QA_0118,Semiconductors,single,2,w/o Association,0.9368,0.9331,0.903,0.9503
SEM_QA_0119,Semiconductors,single,2,w/o Association,0.9491,0.9359,0.9774,0.9705
SEM_QA_0120,Semiconductors,single,2,w/o Association,0.6889,0.8893,0.6968,0.7455
SEM_QA_0121,Semiconductors,single,2,w/o Association,0.4629,0.5656,0.6138,0.6373
SEM_QA_0122,Semiconductors,single,2,w/o Association,0.9264,0.9788,0.9824,0.9635
SEM_QA_0123,Semiconductors,single,2,w/o Association,0.8844,0.9738,0.9612,0.959
SEM_QA_0124,Semiconductors,single,2,w/o Association,0.9676,0.9662,0.8157,0.939
SEM_QA_0125,Semiconductors,single,2,w/o Association,0.9771,0.9791,0.9896,0.9756
SEM_QA_0126,Semiconductors,multi,2,w/o Association,0.7437,0.9397,0.9447,0.9756
BAT_QA_0001,Batteries,single,2,w/o Association,0.7839,0.749,0.8093,0.8619
BAT_QA_0002,Batteries,single,2,w/o Association,0.9694,0.9788,0.8922,0.9636
BAT_QA_0003,Batteries,multi,2,w/o Association,0.8161,0.9906,0.9842,0.9521
BAT_QA_0004,Batteries,single,2,w/o Association,0.7174,0.9474,0.9634,0.9197
BAT_QA_0005,Batteries,single,2,w/o Association,0.8966,0.9491,0.9528,0.9361
BAT_QA_0006,Batteries,single,2,w/o Association,0.995,0.9866,0.978,0.9756
BAT_QA_0007,Batteries,multi,2,w/o Association,0.9805,0.8949,0.9051,0.9601
BAT_QA_0008,Batteries,single,2,w/o Association,0.9657,0.9765,0.9871,0.9258
BAT_QA_0009,Batteries,single,2,w/o Association,0.8387,0.9854,0.8592,0.9706
BAT_QA_0010,Batteries,single,2,w/o Association,0.9649,0.9735,0.995,0.9756
BAT_QA_0011,Batteries,single,2,w/o Association,0.9058,0.878,0.9037,0.9587
BAT_QA_0012,Batteries,single,2,w/o Association,0.7216,0.8509,0.9457,0.8288
BAT_QA_0013,Batteries,single,2,w/o Association,0.9217,0.9875,0.9815,0.8907
BAT_QA_0014,Batteries,multi,2,w/o Association,0.9924,0.9082,0.9507,0.943
BAT_QA_0015,Batteries,multi,2,w/o Association,0.9473,0.9716,0.9435,0.9139
BAT_QA_0016,Batteries,single,2,w/o Association,0.5679,0.6223,0.5244,0.5621
BAT_QA_0017,Batteries,multi,2,w/o Association,0.5617,0.8711,0.8637,0.8452
BAT_QA_0018,Batteries,single,2,w/o Association,0.4448,0.655,0.5007,0.5859
BAT_QA_0019,Batteries,single,2,w/o Association,0.9016,0.8744,0.9725,0.9692
BAT_QA_0020,Batteries,single,2,w/o Association,0.3168,0.3536,0.2323,0.3847
BAT_QA_0021,Batteries,single,2,w/o Association,0.5886,0.5938,0.64,0.7751
BAT_QA_0022,Batteries,multi,2,w/o Association,0.4858,0.6784,0.6972,0.7568
BAT_QA_0023,Batteries,single,2,w/o Association,0.9423,0.935,0.9425,0.9466
BAT_QA_0024,Batteries,single,2,w/o Association,0.7347,0.9616,0.9392,0.8773
BAT_QA_0025,Batteries,single,2,w/o Association,0.968,0.995,0.9122,0.9393
BAT_QA_0026,Batteries,multi,2,w/o Association,0.6484,0.7578,0.7904,0.7576
BAT_QA_0027,Batteries,single,2,w/o Association,0.9336,0.9928,0.995,0.9755
BAT_QA_0028,Batteries,single,2,w/o Association,0.9083,0.9278,0.8981,0.8557
BAT_QA_0029,Batteries,single,2,w/o Association,0.9114,0.9926,0.9748,0.9165
BAT_QA_0030,Batteries,single,2,w/o Association,0.9762,0.995,0.9211,0.9465
BAT_QA_0031,Batteries,multi,2,w/o Association,0.9291,0.9607,0.967,0.9425
BAT_QA_0032,Batteries,multi,2,w/o Association,0.9779,0.9384,0.8652,0.9722
BAT_QA_0033,Batteries,single,2,w/o Association,0.96,0.9676,0.9522,0.9521
BAT_QA_0034,Batteries,single,2,w/o Association,0.8173,0.918,0.741,0.7985
BAT_QA_0035,Batteries,multi,2,w/o Association,0.9245,0.9682,0.9491,0.942
BAT_QA_0036,Batteries,single,2,w/o Association,0.995,0.9697,0.9746,0.9648
BAT_QA_0037,Batteries,multi,2,w/o Association,0.6768,0.7461,0.7084,0.74
BAT_QA_0038,Batteries,single,2,w/o Association,0.9083,0.8846,0.8441,0.9498
BAT_QA_0039,Batteries,multi,2,w/o Association,0.6435,0.7204,0.7194,0.7859
BAT_QA_0040,Batteries,single,2,w/o Association,0.9368,0.9595,0.9829,0.9448
BAT_QA_0041,Batteries,single,2,w/o Association,0.747,0.6979,0.7615,0.8462
BAT_QA_0042,Batteries,multi,2,w/o Association,0.7618,0.9107,0.8496,0.897
BAT_QA_0043,Batteries,single,2,w/o Association,0.8259,0.9814,0.9715,0.9356
BAT_QA_0044,Batteries,single,2,w/o Association,0.8004,0.9777,0.8076,0.8643
BAT_QA_0045,Batteries,multi,2,w/o Association,0.9499,0.9538,0.9559,0.9548
BAT_QA_0046,Batteries,multi,2,w/o Association,0.6647,0.7178,0.7683,0.6018
BAT_QA_0047,Batteries,single,2,w/o Association,0.8463,0.9157,0.9181,0.8843
BAT_QA_0048,Batteries,single,2,w/o Association,0.9081,0.9024,0.8883,0.9379
BAT_QA_0049,Batteries,single,2,w/o Association,0.6995,0.754,0.8669,0.8641
BAT_QA_0050,Batteries,single,2,w/o Association,0.7583,0.761,0.8494,0.839
BAT_QA_0051,Batteries,single,2,w/o Association,0.6876,0.6305,0.6973,0.6853
BAT_QA_0052,Batteries,single,2,w/o Association,0.7625,0.7261,0.7478,0.7226
BAT_QA_0053,Batteries,single,2,w/o Association,0.6287,0.8523,0.7933,0.8693
BAT_QA_0054,Batteries,single,2,w/o Association,0.995,0.995,0.9874,0.9756
BAT_QA_0055,Batteries,single,2,w/o Association,0.7023,0.6963,0.717,0.815
BAT_QA_0056,Batteries,single,2,w/o Association,0.9005,0.9887,0.8878,0.9158
BAT_QA_0057,Batteries,multi,2,w/o Association,0.9181,0.9523,0.8864,0.9529
BAT_QA_0058,Batteries,single,2,w/o Association,0.9338,0.995,0.7765,0.8697
BAT_QA_0059,Batteries,single,2,w/o Association,0.9515,0.9491,0.9659,0.93
BAT_QA_0060,Batteries,multi,2,w/o Association,0.6591,0.7269,0.7017,0.7779
BAT_QA_0061,Batteries,single,2,w/o Association,0.6679,0.6556,0.7567,0.7678
BAT_QA_0062,Batteries,multi,2,w/o Association,0.5671,0.6629,0.6787,0.6649
BAT_QA_0063,Batteries,single,2,w/o Association,0.8984,0.8581,0.873,0.868
BAT_QA_0064,Batteries,single,2,w/o Association,0.9793,0.995,0.995,0.9756
BAT_QA_0065,Batteries,single,2,w/o Association,0.9827,0.995,0.995,0.9611
BAT_QA_0066,Batteries,single,2,w/o Association,0.7712,0.7268,0.7968,0.7316
BAT_QA_0067,Batteries,single,2,w/o Association,0.7604,0.8288,0.8335,0.8632
BAT_QA_0068,Batteries,multi,2,w/o Association,0.894,0.844,0.995,0.9334
BAT_QA_0069,Batteries,single,2,w/o Association,0.592,0.5828,0.6032,0.7348
BAT_QA_0070,Batteries,multi,2,w/o Association,0.9411,0.9055,0.9864,0.9083
BAT_QA_0071,Batteries,single,2,w/o Association,0.8762,0.8781,0.8896,0.9298
BAT_QA_0072,Batteries,multi,2,w/o Association,0.9354,0.9441,0.9473,0.9517
BAT_QA_0073,Batteries,single,2,w/o Association,0.9354,0.995,0.9877,0.9756
BAT_QA_0074,Batteries,multi,2,w/o Association,0.5951,0.5788,0.5821,0.7628
BAT_QA_0075,Batteries,single,2,w/o Association,0.8328,0.995,0.9664,0.9725
BAT_QA_0076,Batteries,multi,2,w/o Association,0.6876,0.7595,0.808,0.7442
BAT_QA_0077,Batteries,single,2,w/o Association,0.9367,0.9505,0.9856,0.9756
BAT_QA_0078,Batteries,single,2,w/o Association,0.7605,0.857,0.9374,0.9387
BAT_QA_0079,Batteries,multi,2,w/o Association,0.7872,0.7534,0.7522,0.712
BAT_QA_0080,Batteries,single,2,w/o Association,0.9837,0.9414,0.9041,0.9537
BAT_QA_0081,Batteries,single,2,w/o Association,0.9353,0.8753,0.8683,0.9656
BAT_QA_0082,Batteries,multi,2,w/o Association,0.8732,0.8967,0.9925,0.9726
BAT_QA_0083,Batteries,single,2,w/o Association,0.4486,0.7261,0.7521,0.7653
BAT_QA_0084,Batteries,single,2,w/o Association,0.8113,0.8823,0.9588,0.9436
BAT_QA_0085,Batteries,multi,2,w/o Association,0.6769,0.6242,0.5654,0.7631
BAT_QA_0086,Batteries,multi,2,w/o Association,0.8206,0.959,0.9026,0.9448
BAT_QA_0087,Batteries,single,2,w/o Association,0.9765,0.995,0.9837,0.9716
BAT_QA_0088,Batteries,single,2,w/o Association,0.7693,0.7804,0.7823,0.7574
BAT_QA_0089,Batteries,single,2,w/o Association,0.968,0.9756,0.9623,0.946
BAT_QA_0090,Batteries,single,2,w/o Association,0.874,0.8334,0.8758,0.8697
BAT_QA_0091,Batteries,single,2,w/o Association,0.9613,0.995,0.9506,0.9735
BAT_QA_0092,Batteries,single,2,w/o Association,0.6263,0.7956,0.709,0.8195
BAT_QA_0093,Batteries,single,2,w/o Association,0.7737,0.8275,0.775,0.871
BAT_QA_0094,Batteries,single,2,w/o Association,0.61,0.6482,0.6472,0.7711
BAT_QA_0095,Batteries,single,2,w/o Association,0.9596,0.9873,0.7645,0.9275
BAT_QA_0096,Batteries,single,2,w/o Association,0.9625,0.9706,0.9553,0.9756
BAT_QA_0097,Batteries,multi,2,w/o Association,0.6581,0.6683,0.6499,0.7046
BAT_QA_0098,Batteries,multi,2,w/o Association,0.757,0.6938,0.601,0.7624
BAT_QA_0099,Batteries,single,2,w/o Association,0.7033,0.7881,0.8692,0.8641
BAT_QA_0100,Batteries,multi,2,w/o Association,0.9361,0.86,0.8875,0.8982
BAT_QA_0101,Batteries,single,2,w/o Association,0.8391,0.8861,0.995,0.9188
BAT_QA_0102,Batteries,multi,2,w/o Association,0.8686,0.8362,0.8676,0.8829
BAT_QA_0103,Batteries,single,2,w/o Association,0.91,0.8743,0.9017,0.9487
BAT_QA_0104,Batteries,multi,2,w/o Association,0.6673,0.885,0.7112,0.8607
BAT_QA_0105,Batteries,single,2,w/o Association,0.822,0.7691,0.8122,0.8589
BAT_QA_0106,Batteries,multi,2,w/o Association,0.8803,0.8384,0.9199,0.9037
BAT_QA_0107,Batteries,multi,2,w/o Association,0.7379,0.7643,0.8288,0.8571
BAT_QA_0108,Batteries,single,2,w/o Association,0.8849,0.8605,0.835,0.8175
BAT_QA_0109,Batteries,single,2,w/o Association,0.7304,0.7794,0.7508,0.8278
BAT_QA_0110,Batteries,single,2,w/o Association,0.9027,0.8587,0.8822,0.8564
BAT_QA_0111,Batteries,multi,2,w/o Association,0.9431,0.995,0.9854,0.9528
BAT_QA_0112,Batteries,single,2,w/o Association,0.9428,0.9454,0.9712,0.9495
BAT_QA_0113,Batteries,multi,2,w/o Association,0.851,0.84,0.9281,0.9673
BAT_QA_0114,Batteries,multi,2,w/o Association,0.792,0.7352,0.6954,0.7671
BAT_QA_0115,Batteries,multi,2,w/o Association,0.9362,0.9809,0.9709,0.9273
BAT_QA_0116,Batteries,single,2,w/o Association,0.9765,0.9433,0.9798,0.9442
BAT_QA_0117,Batteries,multi,2,w/o Association,0.5214,0.7294,0.6826,0.797
BAT_QA_0118,Batteries,single,2,w/o Association,0.8796,0.8,0.804,0.8844
BAT_QA_0119,Batteries,single,2,w/o Association,0.5281,0.6606,0.6112,0.707
BAT_QA_0120,Batteries,single,2,w/o Association,0.88,0.9589,0.8801,0.8825
BAT_QA_0121,Batteries,single,2,w/o Association,0.8559,0.7724,0.8648,0.899
BAT_QA_0122,Batteries,single,2,w/o Association,0.8646,0.9266,0.9685,0.8753
BAT_QA_0123,Batteries,single,2,w/o Association,0.9521,0.9336,0.8844,0.9516
BAT_QA_0124,Batteries,single,2,w/o Association,0.7419,0.7654,0.6667,0.6962
SUP_QA_0001,Superalloys,single,3,w/o Association,0.7867,0.7797,0.814,0.8664
SUP_QA_0002,Superalloys,multi,3,w/o Association,0.9485,0.9857,0.9737,0.953
SUP_QA_0003,Superalloys,multi,3,w/o Association,0.6165,0.6612,0.6524,0.6562
SUP_QA_0004,Superalloys,multi,3,w/o Association,0.6122,0.7771,0.9631,0.8531
SUP_QA_0005,Superalloys,single,3,w/o Association,0.579,0.6021,0.7763,0.6952
SUP_QA_0006,Superalloys,single,3,w/o Association,0.8953,0.995,0.9061,0.939
SUP_QA_0007,Superalloys,single,3,w/o Association,0.9644,0.9755,0.9846,0.981
SUP_QA_0008,Superalloys,single,3,w/o Association,0.9562,0.9145,0.9695,0.995
SUP_QA_0009,Superalloys,single,3,w/o Association,0.9944,0.9177,0.9723,0.995
SUP_QA_0010,Superalloys,single,3,w/o Association,0.7974,0.8663,0.964,0.9199
SUP_QA_0011,Superalloys,single,3,w/o Association,0.9104,0.7745,0.9375,0.8808
SUP_QA_0012,Superalloys,single,3,w/o Association,0.789,0.7303,0.9211,0.8954
SUP_QA_0013,Superalloys,multi,3,w/o Association,0.7801,0.6952,0.8489,0.7826
SUP_QA_0014,Superalloys,single,3,w/o Association,0.8646,0.8619,0.9764,0.8518
SUP_QA_0015,Superalloys,single,3,w/o Association,0.9023,0.9068,0.9755,0.995
SUP_QA_0016,Superalloys,single,3,w/o Association,0.8042,0.8127,0.8187,0.8132
SUP_QA_0017,Superalloys,single,3,w/o Association,0.9587,0.9602,0.9204,0.9821
SUP_QA_0018,Superalloys,single,3,w/o Association,0.9435,0.9834,0.9495,0.9586
SUP_QA_0019,Superalloys,single,3,w/o Association,0.9678,0.995,0.9912,0.9825
SUP_QA_0020,Superalloys,single,3,w/o Association,0.9332,0.9562,0.9794,0.995
SUP_QA_0021,Superalloys,multi,3,w/o Association,0.9572,0.9565,0.969,0.9394
SUP_QA_0022,Superalloys,single,3,w/o Association,0.7927,0.7963,0.7987,0.8346
SUP_QA_0023,Superalloys,single,3,w/o Association,0.9591,0.9744,0.9324,0.988
SUP_QA_0024,Superalloys,single,3,w/o Association,0.7472,0.7712,0.902,0.932
SUP_QA_0025,Superalloys,single,3,w/o Association,0.8437,0.9153,0.9423,0.995
SUP_QA_0026,Superalloys,single,3,w/o Association,0.826,0.9652,0.9912,0.9907
SUP_QA_0027,Superalloys,multi,3,w/o Association,0.5517,0.6067,0.8028,0.694
SUP_QA_0028,Superalloys,multi,3,w/o Association,0.9409,0.9704,0.9912,0.9788
SUP_QA_0029,Superalloys,single,3,w/o Association,0.8962,0.786,0.9273,0.8667
SUP_QA_0030,Superalloys,multi,3,w/o Association,0.7286,0.735,0.7481,0.7659
SUP_QA_0031,Superalloys,single,3,w/o Association,0.9371,0.995,0.9599,0.9875
SUP_QA_0032,Superalloys,single,3,w/o Association,0.8082,0.6865,0.8921,0.9547
SUP_QA_0033,Superalloys,single,3,w/o Association,0.7497,0.6866,0.8936,0.8423
SUP_QA_0034,Superalloys,multi,3,w/o Association,0.9854,0.9262,0.9066,0.9806
SUP_QA_0035,Superalloys,single,3,w/o Association,0.9784,0.9417,0.9912,0.995
SUP_QA_0036,Superalloys,single,3,w/o Association,0.9944,0.995,0.9516,0.995
SUP_QA_0037,Superalloys,single,3,w/o Association,0.9869,0.9758,0.9723,0.9827
SUP_QA_0038,Superalloys,single,3,w/o Association,0.946,0.995,0.9784,0.9767
SUP_QA_0039,Superalloys,single,3,w/o Association,0.9479,0.7607,0.8458,0.84
SUP_QA_0040,Superalloys,multi,3,w/o Association,0.9346,0.9264,0.8675,0.995
SUP_QA_0041,Superalloys,single,3,w/o Association,0.9214,0.995,0.9912,0.9738
SUP_QA_0042,Superalloys,single,3,w/o Association,0.9555,0.848,0.9784,0.995
SUP_QA_0043,Superalloys,single,3,w/o Association,0.7242,0.7819,0.8823,0.9171
SUP_QA_0044,Superalloys,multi,3,w/o Association,0.953,0.894,0.8851,0.8801
SUP_QA_0045,Superalloys,single,3,w/o Association,0.7655,0.6432,0.8077,0.8229
SUP_QA_0046,Superalloys,single,3,w/o Association,0.5645,0.5437,0.6464,0.7075
SUP_QA_0047,Superalloys,multi,3,w/o Association,0.9025,0.6938,0.8987,0.8964
SUP_QA_0048,Superalloys,single,3,w/o Association,0.8695,0.8923,0.9767,0.9427
SUP_QA_0049,Superalloys,multi,3,w/o Association,0.759,0.7337,0.9189,0.8577
SUP_QA_0050,Superalloys,single,3,w/o Association,0.9819,0.948,0.9912,0.9826
SUP_QA_0051,Superalloys,single,3,w/o Association,0.7857,0.8989,0.9548,0.8725
SUP_QA_0052,Superalloys,single,3,w/o Association,0.8013,0.7793,0.7305,0.827
SUP_QA_0053,Superalloys,single,3,w/o Association,0.8701,0.8257,0.9745,0.9473
SUP_QA_0054,Superalloys,multi,3,w/o Association,0.9944,0.8391,0.9183,0.9842
SUP_QA_0055,Superalloys,single,3,w/o Association,0.7597,0.7205,0.8819,0.9001
SUP_QA_0056,Superalloys,single,3,w/o Association,0.8145,0.8726,0.9546,0.8153
SUP_QA_0057,Superalloys,single,3,w/o Association,0.7299,0.8219,0.8842,0.9089
SUP_QA_0058,Superalloys,single,3,w/o Association,0.8575,0.929,0.9282,0.987
SUP_QA_0059,Superalloys,single,3,w/o Association,0.9266,0.936,0.9271,0.9469
SUP_QA_0060,Superalloys,single,3,w/o Association,0.5872,0.4792,0.821,0.7424
SUP_QA_0061,Superalloys,single,3,w/o Association,0.7416,0.7737,0.8953,0.8955
SUP_QA_0062,Superalloys,multi,3,w/o Association,0.3994,0.4594,0.6435,0.6608
SUP_QA_0063,Superalloys,single,3,w/o Association,0.9944,0.9694,0.9912,0.995
SUP_QA_0064,Superalloys,multi,3,w/o Association,0.9362,0.9834,0.9572,0.9834
SUP_QA_0065,Superalloys,single,3,w/o Association,0.9457,0.963,0.9897,0.995
SUP_QA_0066,Superalloys,single,3,w/o Association,0.9571,0.9792,0.9912,0.995
SUP_QA_0067,Superalloys,multi,3,w/o Association,0.8913,0.7244,0.8838,0.8904
SUP_QA_0068,Superalloys,single,3,w/o Association,0.9573,0.995,0.9553,0.995
SUP_QA_0069,Superalloys,single,3,w/o Association,0.8091,0.8022,0.9274,0.8501
SUP_QA_0070,Superalloys,multi,3,w/o Association,0.681,0.5984,0.8748,0.7441
SUP_QA_0071,Superalloys,single,3,w/o Association,0.8976,0.7385,0.8267,0.9128
SUP_QA_0072,Superalloys,multi,3,w/o Association,0.9429,0.7537,0.9681,0.9197
SUP_QA_0073,Superalloys,multi,3,w/o Association,0.5099,0.525,0.61,0.6157
SUP_QA_0074,Superalloys,multi,3,w/o Association,0.9418,0.9496,0.964,0.995
SUP_QA_0075,Superalloys,single,3,w/o Association,0.9335,0.882,0.9596,0.9775
SUP_QA_0076,Superalloys,single,3,w/o Association,0.868,0.8403,0.8836,0.9275
SUP_QA_0077,Superalloys,multi,3,w/o Association,0.9305,0.9909,0.9734,0.995
SUP_QA_0078,Superalloys,single,3,w/o Association,0.4305,0.5009,0.6782,0.5235
SUP_QA_0079,Superalloys,single,3,w/o Association,0.9476,0.9038,0.9471,0.96
SUP_QA_0080,Superalloys,multi,3,w/o Association,0.9323,0.9588,0.9491,0.9306
SUP_QA_0081,Superalloys,multi,3,w/o Association,0.744,0.6885,0.9529,0.831
SUP_QA_0082,Superalloys,multi,3,w/o Association,0.9944,0.9924,0.9762,0.9857
SUP_QA_0083,Superalloys,single,3,w/o Association,0.6463,0.4847,0.7468,0.4033
SUP_QA_0084,Superalloys,single,3,w/o Association,0.9705,0.9868,0.9912,0.995
SUP_QA_0085,Superalloys,single,3,w/o Association,0.9367,0.9661,0.9854,0.995
SUP_QA_0086,Superalloys,single,3,w/o Association,0.96,0.995,0.9912,0.995
SUP_QA_0087,Superalloys,multi,3,w/o Association,0.9384,0.9377,0.9552,0.9581
SUP_QA_0088,Superalloys,single,3,w/o Association,0.7715,0.789,0.9185,0.9504
SUP_QA_0089,Superalloys,single,3,w/o Association,0.9083,0.8196,0.9723,0.9565
SUP_QA_0090,Superalloys,single,3,w/o Association,0.7335,0.7976,0.9734,0.8974
SUP_QA_0091,Superalloys,multi,3,w/o Association,0.8419,0.7907,0.8387,0.8466
SUP_QA_0092,Superalloys,single,3,w/o Association,0.4787,0.5075,0.5398,0.6211
SUP_QA_0093,Superalloys,multi,3,w/o Association,0.9085,0.8835,0.9912,0.995
SUP_QA_0094,Superalloys,multi,3,w/o Association,0.9336,0.9683,0.9912,0.995
SUP_QA_0095,Superalloys,multi,3,w/o Association,0.8946,0.7547,0.804,0.9067
SUP_QA_0096,Superalloys,single,3,w/o Association,0.9849,0.9886,0.9814,0.995
SUP_QA_0097,Superalloys,multi,3,w/o Association,0.9466,0.7162,0.8476,0.9236
SUP_QA_0098,Superalloys,single,3,w/o Association,0.57,0.4458,0.6512,0.6222
SUP_QA_0099,Superalloys,single,3,w/o Association,0.9944,0.995,0.9028,0.995
SUP_QA_0100,Superalloys,multi,3,w/o Association,0.367,0.4151,0.6768,0.6673
SUP_QA_0101,Superalloys,single,3,w/o Association,0.9241,0.9019,0.9495,0.8728
SUP_QA_0102,Superalloys,multi,3,w/o Association,0.9702,0.9475,0.8929,0.8548
SUP_QA_0103,Superalloys,multi,3,w/o Association,0.9583,0.995,0.9766,0.9679
SUP_QA_0104,Superalloys,single,3,w/o Association,0.6161,0.7315,0.9259,0.7356
SUP_QA_0105,Superalloys,single,3,w/o Association,0.9944,0.995,0.9912,0.987
SUP_QA_0106,Superalloys,single,3,w/o Association,0.9309,0.7971,0.8561,0.7992
SUP_QA_0107,Superalloys,single,3,w/o Association,0.7823,0.7652,0.8843,0.8047
SUP_QA_0108,Superalloys,single,3,w/o Association,0.8707,0.8556,0.9053,0.9264
SUP_QA_0109,Superalloys,single,3,w/o Association,0.755,0.8538,0.855,0.9013
SUP_QA_0110,Superalloys,single,3,w/o Association,0.957,0.995,0.9912,0.9726
SUP_QA_0111,Superalloys,single,3,w/o Association,0.9602,0.8454,0.8483,0.8787
SUP_QA_0112,Superalloys,multi,3,w/o Association,0.9226,0.9847,0.9872,0.995
SUP_QA_0113,Superalloys,single,3,w/o Association,0.7286,0.8604,0.844,0.919
SUP_QA_0114,Superalloys,single,3,w/o Association,0.5828,0.4879,0.6464,0.6527
SUP_QA_0115,Superalloys,multi,3,w/o Association,0.8025,0.8555,0.9002,0.9311
SUP_QA_0116,Superalloys,multi,3,w/o Association,0.9567,0.9434,0.8937,0.9331
SUP_QA_0117,Superalloys,multi,3,w/o Association,0.8744,0.9706,0.9866,0.921
SUP_QA_0118,Superalloys,single,3,w/o Association,0.8791,0.7929,0.8637,0.9282
SUP_QA_0119,Superalloys,single,3,w/o Association,0.9342,0.9369,0.9519,0.9816
SUP_QA_0120,Superalloys,single,3,w/o Association,0.7161,0.5684,0.7847,0.8354
SUP_QA_0121,Superalloys,single,3,w/o Association,0.6186,0.5624,0.7569,0.6185
SUP_QA_0122,Superalloys,single,3,w/o Association,0.9444,0.995,0.9727,0.995
SUP_QA_0123,Superalloys,single,3,w/o Association,0.9247,0.9789,0.9811,0.995
SUP_QA_0124,Superalloys,single,3,w/o Association,0.6895,0.5641,0.6971,0.7752
SUP_QA_0125,Superalloys,multi,3,w/o Association,0.8801,0.9112,0.8464,0.9301
SUP_QA_0126,Superalloys,multi,3,w/o Association,0.6106,0.6432,0.6337,0.7091
SUP_QA_0127,Superalloys,single,3,w/o Association,0.9791,0.9584,0.924,0.9651
SUP_QA_0128,Superalloys,multi,3,w/o Association,0.9574,0.84,0.9267,0.9254
SUP_QA_0129,Superalloys,multi,3,w/o Association,0.639,0.7841,0.8063,0.843
SUP_QA_0130,Superalloys,multi,3,w/o Association,0.9783,0.9333,0.955,0.9682
SUP_QA_0131,Superalloys,single,3,w/o Association,0.9944,0.8734,0.9623,0.9064
SUP_QA_0132,Superalloys,multi,3,w/o Association,0.9944,0.995,0.968,0.8551
SEM_QA_0001,Semiconductors,single,3,w/o Association,0.7895,0.8885,0.833,0.7712
SEM_QA_0002,Semiconductors,single,3,w/o Association,0.9347,0.848,0.7628,0.8772
SEM_QA_0003,Semiconductors,single,3,w/o Association,0.8038,0.8286,0.7756,0.8129
SEM_QA_0004,Semiconductors,single,3,w/o Association,0.8963,0.9564,0.9912,0.9761
SEM_QA_0005,Semiconductors,multi,3,w/o Association,0.8584,0.754,0.8952,0.8475
SEM_QA_0006,Semiconductors,multi,3,w/o Association,0.7544,0.8439,0.819,0.8154
SEM_QA_0007,Semiconductors,single,3,w/o Association,0.7364,0.8496,0.8355,0.821
SEM_QA_0008,Semiconductors,single,3,w/o Association,0.7183,0.8511,0.8781,0.7995
SEM_QA_0009,Semiconductors,single,3,w/o Association,0.9861,0.995,0.9912,0.8695
SEM_QA_0010,Semiconductors,single,3,w/o Association,0.6289,0.7541,0.7532,0.7774
SEM_QA_0011,Semiconductors,single,3,w/o Association,0.4193,0.3174,0.4997,0.4905
SEM_QA_0012,Semiconductors,single,3,w/o Association,0.9681,0.8152,0.9137,0.8933
SEM_QA_0013,Semiconductors,multi,3,w/o Association,0.8825,0.995,0.9575,0.9793
SEM_QA_0014,Semiconductors,single,3,w/o Association,0.9455,0.959,0.9912,0.9541
SEM_QA_0015,Semiconductors,multi,3,w/o Association,0.9791,0.995,0.9573,0.995
SEM_QA_0016,Semiconductors,single,3,w/o Association,0.6613,0.6222,0.6865,0.7104
SEM_QA_0017,Semiconductors,single,3,w/o Association,0.8341,0.9445,0.9365,0.8978
SEM_QA_0018,Semiconductors,multi,3,w/o Association,0.88,0.7977,0.945,0.9584
SEM_QA_0019,Semiconductors,single,3,w/o Association,0.9431,0.995,0.9642,0.9784
SEM_QA_0020,Semiconductors,single,3,w/o Association,0.7412,0.9481,0.9412,0.8786
SEM_QA_0021,Semiconductors,single,3,w/o Association,0.8146,0.8193,0.9548,0.9359
SEM_QA_0022,Semiconductors,single,3,w/o Association,0.8806,0.9275,0.9266,0.9738
SEM_QA_0023,Semiconductors,single,3,w/o Association,0.659,0.6341,0.7879,0.8853
SEM_QA_0024,Semiconductors,multi,3,w/o Association,0.4636,0.4723,0.6027,0.6468
SEM_QA_0025,Semiconductors,single,3,w/o Association,0.8399,0.8721,0.9312,0.9342
SEM_QA_0026,Semiconductors,single,3,w/o Association,0.8737,0.8902,0.9912,0.8911
SEM_QA_0027,Semiconductors,single,3,w/o Association,0.9552,0.8977,0.9873,0.9939
SEM_QA_0028,Semiconductors,multi,3,w/o Association,0.9277,0.9275,0.961,0.8992
SEM_QA_0029,Semiconductors,single,3,w/o Association,0.8293,0.8351,0.8837,0.9077
SEM_QA_0030,Semiconductors,single,3,w/o Association,0.771,0.7281,0.8245,0.8882
SEM_QA_0031,Semiconductors,multi,3,w/o Association,0.9626,0.995,0.956,0.9879
SEM_QA_0032,Semiconductors,single,3,w/o Association,0.8314,0.8546,0.9103,0.8875
SEM_QA_0033,Semiconductors,multi,3,w/o Association,0.6864,0.6791,0.6422,0.7635
SEM_QA_0034,Semiconductors,multi,3,w/o Association,0.8638,0.7658,0.7238,0.7923
SEM_QA_0035,Semiconductors,single,3,w/o Association,0.9896,0.9822,0.9554,0.995
SEM_QA_0036,Semiconductors,single,3,w/o Association,0.9944,0.9869,0.9912,0.9509
SEM_QA_0037,Semiconductors,multi,3,w/o Association,0.9311,0.9523,0.9308,0.9772
SEM_QA_0038,Semiconductors,single,3,w/o Association,0.614,0.4607,0.6477,0.6689
SEM_QA_0039,Semiconductors,multi,3,w/o Association,0.6033,0.7127,0.7508,0.7172
SEM_QA_0040,Semiconductors,multi,3,w/o Association,0.8506,0.9177,0.8835,0.9147
SEM_QA_0041,Semiconductors,single,3,w/o Association,0.7881,0.7591,0.947,0.8521
SEM_QA_0042,Semiconductors,multi,3,w/o Association,0.9767,0.995,0.9719,0.9918
SEM_QA_0043,Semiconductors,multi,3,w/o Association,0.7683,0.8416,0.7014,0.8164
SEM_QA_0044,Semiconductors,multi,3,w/o Association,0.6082,0.7407,0.7416,0.8029
SEM_QA_0045,Semiconductors,single,3,w/o Association,0.8637,0.8798,0.9214,0.936
SEM_QA_0046,Semiconductors,single,3,w/o Association,0.7506,0.7555,0.8312,0.8336
SEM_QA_0047,Semiconductors,single,3,w/o Association,0.9887,0.995,0.9712,0.9569
SEM_QA_0048,Semiconductors,multi,3,w/o Association,0.8465,0.8428,0.8426,0.89
SEM_QA_0049,Semiconductors,multi,3,w/o Association,0.538,0.525,0.5186,0.784
SEM_QA_0050,Semiconductors,single,3,w/o Association,0.6947,0.8213,0.7528,0.8058
SEM_QA_0051,Semiconductors,single,3,w/o Association,0.8297,0.8907,0.9912,0.9448
SEM_QA_0052,Semiconductors,single,3,w/o Association,0.9944,0.9701,0.9895,0.9519
SEM_QA_0053,Semiconductors,single,3,w/o Association,0.6218,0.713,0.7608,0.7296
SEM_QA_0054,Semiconductors,single,3,w/o Association,0.628,0.6075,0.7697,0.6653
SEM_QA_0055,Semiconductors,multi,3,w/o Association,0.5121,0.5504,0.5377,0.592
SEM_QA_0056,Semiconductors,multi,3,w/o Association,0.8865,0.995,0.9188,0.9636
SEM_QA_0057,Semiconductors,multi,3,w/o Association,0.7228,0.7391,0.8297,0.7723
SEM_QA_0058,Semiconductors,multi,3,w/o Association,0.9295,0.9862,0.9725,0.9747
SEM_QA_0059,Semiconductors,single,3,w/o Association,0.6716,0.6233,0.7731,0.8478
SEM_QA_0060,Semiconductors,single,3,w/o Association,0.7827,0.6828,0.7523,0.7596
SEM_QA_0061,Semiconductors,single,3,w/o Association,0.8521,0.9472,0.9879,0.9829
SEM_QA_0062,Semiconductors,single,3,w/o Association,0.9486,0.968,0.9332,0.9219
SEM_QA_0063,Semiconductors,multi,3,w/o Association,0.9523,0.995,0.9625,0.9586
SEM_QA_0064,Semiconductors,multi,3,w/o Association,0.6877,0.7828,0.7784,0.7826
SEM_QA_0065,Semiconductors,single,3,w/o Association,0.7198,0.6463,0.8045,0.8558
SEM_QA_0066,Semiconductors,multi,3,w/o Association,0.8034,0.9417,0.9499,0.903
SEM_QA_0067,Semiconductors,single,3,w/o Association,0.9302,0.9742,0.968,0.9439
SEM_QA_0068,Semiconductors,multi,3,w/o Association,0.9762,0.995,0.9756,0.995
SEM_QA_0069,Semiconductors,multi,3,w/o Association,0.8708,0.8462,0.8156,0.9426
SEM_QA_0070,Semiconductors,single,3,w/o Association,0.9356,0.9564,0.9279,0.9559
SEM_QA_0071,Semiconductors,single,3,w/o Association,0.9143,0.9239,0.968,0.9519
SEM_QA_0072,Semiconductors,single,3,w/o Association,0.7855,0.8952,0.9045,0.862
SEM_QA_0073,Semiconductors,single,3,w/o Association,0.9749,0.9929,0.9647,0.9495
SEM_QA_0074,Semiconductors,single,3,w/o Association,0.9212,0.9258,0.9081,0.8728
SEM_QA_0075,Semiconductors,single,3,w/o Association,0.7463,0.9326,0.9001,0.9248
SEM_QA_0076,Semiconductors,multi,3,w/o Association,0.6636,0.6648,0.7847,0.7276
SEM_QA_0077,Semiconductors,single,3,w/o Association,0.9685,0.8108,0.8428,0.8901
SEM_QA_0078,Semiconductors,single,3,w/o Association,0.9484,0.9809,0.953,0.9877
SEM_QA_0079,Semiconductors,multi,3,w/o Association,0.9245,0.9702,0.8852,0.8209
SEM_QA_0080,Semiconductors,single,3,w/o Association,0.948,0.8515,0.9912,0.839
SEM_QA_0081,Semiconductors,single,3,w/o Association,0.9944,0.9259,0.9867,0.9912
SEM_QA_0082,Semiconductors,single,3,w/o Association,0.9266,0.995,0.9912,0.995
SEM_QA_0083,Semiconductors,single,3,w/o Association,0.4862,0.5248,0.5306,0.6401
SEM_QA_0084,Semiconductors,multi,3,w/o Association,0.7665,0.7978,0.9024,0.9048
SEM_QA_0085,Semiconductors,single,3,w/o Association,0.9944,0.995,0.9469,0.995
SEM_QA_0086,Semiconductors,multi,3,w/o Association,0.5665,0.7454,0.8394,0.7263
SEM_QA_0087,Semiconductors,multi,3,w/o Association,0.7802,0.8852,0.8177,0.8635
SEM_QA_0088,Semiconductors,single,3,w/o Association,0.7583,0.9036,0.9875,0.9558
SEM_QA_0089,Semiconductors,single,3,w/o Association,0.833,0.8633,0.8543,0.9425
SEM_QA_0090,Semiconductors,single,3,w/o Association,0.8799,0.995,0.9433,0.995
SEM_QA_0091,Semiconductors,single,3,w/o Association,0.6581,0.6203,0.6305,0.7805
SEM_QA_0092,Semiconductors,single,3,w/o Association,0.7508,0.7801,0.9155,0.802
SEM_QA_0093,Semiconductors,single,3,w/o Association,0.9139,0.995,0.9786,0.9275
SEM_QA_0094,Semiconductors,single,3,w/o Association,0.9489,0.9692,0.9673,0.9602
SEM_QA_0095,Semiconductors,multi,3,w/o Association,0.6401,0.661,0.7123,0.7458
SEM_QA_0096,Semiconductors,multi,3,w/o Association,0.9746,0.9192,0.9891,0.9828
SEM_QA_0097,Semiconductors,single,3,w/o Association,0.9037,0.995,0.9912,0.995
SEM_QA_0098,Semiconductors,single,3,w/o Association,0.969,0.9948,0.9912,0.9393
SEM_QA_0099,Semiconductors,single,3,w/o Association,0.9645,0.995,0.9912,0.99
SEM_QA_0100,Semiconductors,multi,3,w/o Association,0.9499,0.9342,0.9258,0.9194
SEM_QA_0101,Semiconductors,single,3,w/o Association,0.8748,0.9615,0.9912,0.944
SEM_QA_0102,Semiconductors,single,3,w/o Association,0.9507,0.9029,0.9733,0.958
SEM_QA_0103,Semiconductors,multi,3,w/o Association,0.9281,0.995,0.9554,0.9801
SEM_QA_0104,Semiconductors,single,3,w/o Association,0.737,0.6795,0.7754,0.8448
SEM_QA_0105,Semiconductors,multi,3,w/o Association,0.647,0.7578,0.7573,0.8628
SEM_QA_0106,Semiconductors,multi,3,w/o Association,0.9855,0.995,0.9489,0.994
SEM_QA_0107,Semiconductors,single,3,w/o Association,0.918,0.9784,0.9594,0.9842
SEM_QA_0108,Semiconductors,multi,3,w/o Association,0.5568,0.7526,0.8574,0.7116
SEM_QA_0109,Semiconductors,single,3,w/o Association,0.8733,0.9927,0.9856,0.9369
SEM_QA_0110,Semiconductors,multi,3,w/o Association,0.453,0.6722,0.6698,0.6011
SEM_QA_0111,Semiconductors,single,3,w/o Association,0.9504,0.9674,0.987,0.9905
SEM_QA_0112,Semiconductors,single,3,w/o Association,0.8316,0.9097,0.9787,0.8966
SEM_QA_0113,Semiconductors,single,3,w/o Association,0.7714,0.9064,0.7878,0.8071
SEM_QA_0114,Semiconductors,single,3,w/o Association,0.9377,0.9875,0.9742,0.995
SEM_QA_0115,Semiconductors,multi,3,w/o Association,0.7254,0.6807,0.6837,0.6829
SEM_QA_0116,Semiconductors,single,3,w/o Association,0.9943,0.9838,0.9512,0.9607
SEM_QA_0117,Semiconductors,multi,3,w/o Association,0.9429,0.9705,0.9753,0.995
SEM_QA_0118,Semiconductors,single,3,w/o Association,0.9944,0.9692,0.945,0.9912
SEM_QA_0119,Semiconductors,single,3,w/o Association,0.9337,0.9401,0.9737,0.9797
SEM_QA_0120,Semiconductors,single,3,w/o Association,0.8399,0.8176,0.7119,0.7615
SEM_QA_0121,Semiconductors,single,3,w/o Association,0.3651,0.5404,0.6089,0.6967
SEM_QA_0122,Semiconductors,single,3,w/o Association,0.9425,0.995,0.9518,0.9667
SEM_QA_0123,Semiconductors,single,3,w/o Association,0.8159,0.9948,0.9322,0.9896
SEM_QA_0124,Semiconductors,single,3,w/o Association,0.9352,0.9092,0.8503,0.9234
SEM_QA_0125,Semiconductors,single,3,w/o Association,0.9517,0.995,0.9549,0.995
SEM_QA_0126,Semiconductors,multi,3,w/o Association,0.801,0.928,0.9558,0.995
BAT_QA_0001,Batteries,single,3,w/o Association,0.748,0.7497,0.7906,0.8299
BAT_QA_0002,Batteries,single,3,w/o Association,0.9548,0.986,0.913,0.995
BAT_QA_0003,Batteries,multi,3,w/o Association,0.8299,0.995,0.9382,0.9645
BAT_QA_0004,Batteries,single,3,w/o Association,0.6801,0.995,0.9714,0.9606
BAT_QA_0005,Batteries,single,3,w/o Association,0.9345,0.995,0.9289,0.9937
BAT_QA_0006,Batteries,single,3,w/o Association,0.994,0.995,0.9703,0.995
BAT_QA_0007,Batteries,multi,3,w/o Association,0.9597,0.9356,0.929,0.9827
BAT_QA_0008,Batteries,single,3,w/o Association,0.9944,0.995,0.9634,0.995
BAT_QA_0009,Batteries,single,3,w/o Association,0.8913,0.9244,0.9412,0.9325
BAT_QA_0010,Batteries,single,3,w/o Association,0.9723,0.9055,0.9912,0.995
BAT_QA_0011,Batteries,single,3,w/o Association,0.9841,0.7824,0.897,0.995
BAT_QA_0012,Batteries,single,3,w/o Association,0.7594,0.8605,0.8866,0.8388
BAT_QA_0013,Batteries,single,3,w/o Association,0.9173,0.9758,0.9369,0.9746
BAT_QA_0014,Batteries,multi,3,w/o Association,0.9072,0.8829,0.9672,0.9567
BAT_QA_0015,Batteries,multi,3,w/o Association,0.9757,0.995,0.956,0.9398
BAT_QA_0016,Batteries,single,3,w/o Association,0.5827,0.5231,0.5323,0.6256
BAT_QA_0017,Batteries,multi,3,w/o Association,0.5905,0.8419,0.7985,0.8601
BAT_QA_0018,Batteries,single,3,w/o Association,0.4361,0.4923,0.6154,0.618
BAT_QA_0019,Batteries,single,3,w/o Association,0.8908,0.8746,0.9597,0.9699
BAT_QA_0020,Batteries,single,3,w/o Association,0.2404,0.2891,0.2329,0.3916
BAT_QA_0021,Batteries,single,3,w/o Association,0.687,0.5844,0.7077,0.7404
BAT_QA_0022,Batteries,multi,3,w/o Association,0.4814,0.6544,0.6794,0.7579
BAT_QA_0023,Batteries,single,3,w/o Association,0.9434,0.9496,0.9912,0.995
BAT_QA_0024,Batteries,single,3,w/o Association,0.8414,0.904,0.9203,0.9408
BAT_QA_0025,Batteries,single,3,w/o Association,0.8784,0.9431,0.9606,0.9381
BAT_QA_0026,Batteries,multi,3,w/o Association,0.6645,0.7224,0.806,0.835
BAT_QA_0027,Batteries,single,3,w/o Association,0.9407,0.9531,0.9779,0.9837
BAT_QA_0028,Batteries,single,3,w/o Association,0.8931,0.9126,0.9841,0.9073
BAT_QA_0029,Batteries,single,3,w/o Association,0.8906,0.9859,0.9619,0.9471
BAT_QA_0030,Batteries,single,3,w/o Association,0.9944,0.9041,0.9463,0.995
BAT_QA_0031,Batteries,multi,3,w/o Association,0.906,0.9814,0.9912,0.9236
BAT_QA_0032,Batteries,multi,3,w/o Association,0.9944,0.9429,0.878,0.995
BAT_QA_0033,Batteries,single,3,w/o Association,0.9944,0.9786,0.9513,0.9813
BAT_QA_0034,Batteries,single,3,w/o Association,0.889,0.9139,0.7726,0.7808
BAT_QA_0035,Batteries,multi,3,w/o Association,0.9325,0.9855,0.9459,0.9157
BAT_QA_0036,Batteries,single,3,w/o Association,0.9366,0.9678,0.9694,0.995
BAT_QA_0037,Batteries,multi,3,w/o Association,0.6419,0.7584,0.7064,0.78
BAT_QA_0038,Batteries,single,3,w/o Association,0.9452,0.7947,0.8852,0.9838
BAT_QA_0039,Batteries,multi,3,w/o Association,0.6308,0.6582,0.6978,0.8212
BAT_QA_0040,Batteries,single,3,w/o Association,0.941,0.982,0.9607,0.995
BAT_QA_0041,Batteries,single,3,w/o Association,0.8262,0.6917,0.7999,0.8714
BAT_QA_0042,Batteries,multi,3,w/o Association,0.8157,0.8342,0.8624,0.9378
BAT_QA_0043,Batteries,single,3,w/o Association,0.9522,0.995,0.9581,0.995
BAT_QA_0044,Batteries,single,3,w/o Association,0.8496,0.9054,0.8892,0.8935
BAT_QA_0045,Batteries,multi,3,w/o Association,0.8895,0.9487,0.9745,0.995
BAT_QA_0046,Batteries,multi,3,w/o Association,0.6087,0.6894,0.8086,0.6463
BAT_QA_0047,Batteries,single,3,w/o Association,0.8885,0.8754,0.8395,0.934
BAT_QA_0048,Batteries,single,3,w/o Association,0.9332,0.9111,0.9685,0.9352
BAT_QA_0049,Batteries,single,3,w/o Association,0.7538,0.8021,0.8393,0.8716
BAT_QA_0050,Batteries,single,3,w/o Association,0.8,0.7431,0.8062,0.8482
BAT_QA_0051,Batteries,single,3,w/o Association,0.7108,0.6716,0.6715,0.6633
BAT_QA_0052,Batteries,single,3,w/o Association,0.7625,0.7023,0.7554,0.7486
BAT_QA_0053,Batteries,single,3,w/o Association,0.6769,0.8447,0.7096,0.8274
BAT_QA_0054,Batteries,single,3,w/o Association,0.9944,0.995,0.965,0.995
BAT_QA_0055,Batteries,single,3,w/o Association,0.6847,0.6723,0.8467,0.8336
BAT_QA_0056,Batteries,single,3,w/o Association,0.8947,0.9247,0.9251,0.9076
BAT_QA_0057,Batteries,multi,3,w/o Association,0.9155,0.9648,0.9064,0.9669
BAT_QA_0058,Batteries,single,3,w/o Association,0.9037,0.9716,0.7826,0.8686
BAT_QA_0059,Batteries,single,3,w/o Association,0.9746,0.9622,0.9716,0.9387
BAT_QA_0060,Batteries,multi,3,w/o Association,0.6516,0.6093,0.7496,0.7608
BAT_QA_0061,Batteries,single,3,w/o Association,0.5892,0.6721,0.7721,0.6976
BAT_QA_0062,Batteries,multi,3,w/o Association,0.5517,0.5364,0.7327,0.6419
BAT_QA_0063,Batteries,single,3,w/o Association,0.9214,0.9404,0.8949,0.9757
BAT_QA_0064,Batteries,single,3,w/o Association,0.9944,0.9719,0.9912,0.9829
BAT_QA_0065,Batteries,single,3,w/o Association,0.9724,0.995,0.9823,0.995
BAT_QA_0066,Batteries,single,3,w/o Association,0.6223,0.6617,0.7381,0.7521
BAT_QA_0067,Batteries,single,3,w/o Association,0.7244,0.8397,0.7139,0.8955
BAT_QA_0068,Batteries,multi,3,w/o Association,0.8961,0.7665,0.9638,0.9609
BAT_QA_0069,Batteries,single,3,w/o Association,0.6381,0.6947,0.7743,0.6861
BAT_QA_0070,Batteries,multi,3,w/o Association,0.9349,0.8827,0.978,0.9582
BAT_QA_0071,Batteries,single,3,w/o Association,0.8858,0.8145,0.8699,0.9388
BAT_QA_0072,Batteries,multi,3,w/o Association,0.9311,0.9294,0.9489,0.982
BAT_QA_0073,Batteries,single,3,w/o Association,0.9068,0.995,0.9829,0.9836
BAT_QA_0074,Batteries,multi,3,w/o Association,0.6005,0.6818,0.6533,0.6352
BAT_QA_0075,Batteries,single,3,w/o Association,0.9944,0.995,0.9693,0.987
BAT_QA_0076,Batteries,multi,3,w/o Association,0.6734,0.7783,0.8613,0.7678
BAT_QA_0077,Batteries,single,3,w/o Association,0.9558,0.995,0.9866,0.995
BAT_QA_0078,Batteries,single,3,w/o Association,0.8408,0.8937,0.9375,0.9418
BAT_QA_0079,Batteries,multi,3,w/o Association,0.7586,0.7464,0.7248,0.727
BAT_QA_0080,Batteries,single,3,w/o Association,0.9492,0.9773,0.9912,0.9608
BAT_QA_0081,Batteries,single,3,w/o Association,0.9205,0.8675,0.8426,0.995
BAT_QA_0082,Batteries,multi,3,w/o Association,0.884,0.9615,0.945,0.9726
BAT_QA_0083,Batteries,single,3,w/o Association,0.4186,0.6792,0.8514,0.7727
BAT_QA_0084,Batteries,single,3,w/o Association,0.8846,0.8956,0.951,0.9047
BAT_QA_0085,Batteries,multi,3,w/o Association,0.7104,0.4674,0.6613,0.7344
BAT_QA_0086,Batteries,multi,3,w/o Association,0.8291,0.9522,0.8787,0.9496
BAT_QA_0087,Batteries,single,3,w/o Association,0.9643,0.9687,0.9408,0.9816
BAT_QA_0088,Batteries,single,3,w/o Association,0.7994,0.7604,0.7902,0.7736
BAT_QA_0089,Batteries,single,3,w/o Association,0.9342,0.9949,0.97,0.9632
BAT_QA_0090,Batteries,single,3,w/o Association,0.939,0.8855,0.9847,0.9145
BAT_QA_0091,Batteries,single,3,w/o Association,0.9944,0.995,0.9677,0.995
BAT_QA_0092,Batteries,single,3,w/o Association,0.6281,0.7959,0.8073,0.8198
BAT_QA_0093,Batteries,single,3,w/o Association,0.8435,0.7539,0.7685,0.9083
BAT_QA_0094,Batteries,single,3,w/o Association,0.6543,0.5731,0.7621,0.772
BAT_QA_0095,Batteries,single,3,w/o Association,0.946,0.9766,0.8582,0.9541
BAT_QA_0096,Batteries,single,3,w/o Association,0.9493,0.995,0.9863,0.9849
BAT_QA_0097,Batteries,multi,3,w/o Association,0.6709,0.5276,0.695,0.7567
BAT_QA_0098,Batteries,multi,3,w/o Association,0.8075,0.705,0.6819,0.8041
BAT_QA_0099,Batteries,single,3,w/o Association,0.7239,0.7278,0.8939,0.8511
BAT_QA_0100,Batteries,multi,3,w/o Association,0.9016,0.8856,0.922,0.8696
BAT_QA_0101,Batteries,single,3,w/o Association,0.9544,0.9307,0.9556,0.8944
BAT_QA_0102,Batteries,multi,3,w/o Association,0.9295,0.8371,0.9293,0.995
BAT_QA_0103,Batteries,single,3,w/o Association,0.9334,0.8495,0.8721,0.9197
BAT_QA_0104,Batteries,multi,3,w/o Association,0.6809,0.7813,0.7758,0.8076
BAT_QA_0105,Batteries,single,3,w/o Association,0.8462,0.7502,0.8074,0.8191
BAT_QA_0106,Batteries,multi,3,w/o Association,0.8915,0.8433,0.949,0.8615
BAT_QA_0107,Batteries,multi,3,w/o Association,0.7345,0.695,0.8093,0.874
BAT_QA_0108,Batteries,single,3,w/o Association,0.9512,0.8165,0.8281,0.8221
BAT_QA_0109,Batteries,single,3,w/o Association,0.8301,0.7608,0.6987,0.871
BAT_QA_0110,Batteries,single,3,w/o Association,0.8903,0.7528,0.8128,0.87
BAT_QA_0111,Batteries,multi,3,w/o Association,0.9439,0.995,0.9848,0.995
BAT_QA_0112,Batteries,single,3,w/o Association,0.9257,0.995,0.9866,0.995
BAT_QA_0113,Batteries,multi,3,w/o Association,0.8721,0.8238,0.946,0.9328
BAT_QA_0114,Batteries,multi,3,w/o Association,0.7405,0.8195,0.757,0.6946
BAT_QA_0115,Batteries,multi,3,w/o Association,0.9195,0.995,0.9701,0.9883
BAT_QA_0116,Batteries,single,3,w/o Association,0.9747,0.995,0.9065,0.9742
BAT_QA_0117,Batteries,multi,3,w/o Association,0.5811,0.696,0.7637,0.7817
BAT_QA_0118,Batteries,single,3,w/o Association,0.8145,0.7757,0.8631,0.8897
BAT_QA_0119,Batteries,single,3,w/o Association,0.6194,0.6456,0.6586,0.6847
BAT_QA_0120,Batteries,single,3,w/o Association,0.8439,0.8895,0.8589,0.8938
BAT_QA_0121,Batteries,single,3,w/o Association,0.8674,0.764,0.8379,0.8211
BAT_QA_0122,Batteries,single,3,w/o Association,0.9439,0.8876,0.9909,0.905
BAT_QA_0123,Batteries,single,3,w/o Association,0.9884,0.9622,0.9271,0.9939
BAT_QA_0124,Batteries,single,3,w/o Association,0.5952,0.6516,0.7271,0.7799
