paper_id,domain,representative_topic,title,journal,year,doi,key topics
SUP_001,Superalloys,High-temperature oxidation,Modelling of High Temperature Oxidation of Alumina-Forming Single-Crystal Nickel-Base Superalloys,Acta Materialia,2012,10.1016/j.actamat.2012.06.036,Materials science; Superalloy; Microstructure; Alloy; Creep; Oxide; Substrate (aquarium); Metallurgy; Phase (matter); Work (physics)
SUP_002,Superalloys,High-temperature oxidation,Oxidation Kinetics of Some Nickel-Based Superalloy Foils in Humidified Hydrogen and Electronic Resistance of the Oxide Scale Formed Part II,Journal of The Electrochemical Society,2001,10.1149/1.1354611,Hydrogen; Chromia; Oxide; Kinetics; Superalloy; Materials science; Inconel; Metallurgy; Nickel; Thermogravimetry
SUP_003,Superalloys,High-temperature oxidation,Modeling of microstructural evolution and lifetime prediction of MCrAlY coatings on nickel based superalloys during high temperature oxidation,Surface and Coatings Technology,2013,10.1016/j.surfcoat.2013.05.008,Superalloy; Materials science; Coating; Isothermal process; Oxide; Metallurgy; Diffusion; High-temperature corrosion; Microstructure; Corrosion
SUP_004,Superalloys,High-temperature oxidation,High Temperature Oxidation and Corrosion Properties of High Entropy Superalloys,Entropy,2016,10.3390/e18020062,Superalloy; Corrosion; Oxidizing agent; Materials science; Chromia; Metallurgy; High-temperature corrosion; Alloy; Chemistry
SUP_005,Superalloys,High-temperature oxidation,A comparative study of oxide scales grown on stainless steel and nickel-based superalloys in ultra-high temperature supercritical water at 800 °„C,Corrosion Science,2016,10.1016/j.corsci.2016.02.004,Superalloy; Materials science; Corrosion; Supercritical fluid; Oxide; Alloy; Spinel; Metallurgy; Scanning electron microscope; Nickel
SUP_006,Superalloys,High-temperature oxidation,Effects of microstructure on high temperature dwell fatigue crack growth in a coarse grain PM nickel based superalloy,Acta Materialia,2015,10.1016/j.actamat.2015.02.023,Materials science; Superalloy; Microstructure; Dwell time; Metallurgy; Paris' law; Crack closure; Quenching (fluorescence); Composite material; Fracture mechanics
SUP_007,Superalloys,High-temperature oxidation,Cyclic Oxidation Behavior of IN 718 Superalloy in Air at High Temperatures,Oxidation of Metals,2010,10.1007/s11085-010-9230-6,Chromia; Superalloy; Oxide; Materials science; Scanning electron microscope; Activation energy; Diffusion; Spallation; High-temperature corrosion; Analytical Chemistry (journal)
SUP_008,Superalloys,High-temperature oxidation,Oxidation behavior and mechanism of powder metallurgy Rene95 nickel based superalloy between 800 and 1000°„C,Applied Surface Science,2010,10.1016/j.apsusc.2010.05.098,Superalloy; Materials science; Activation energy; Oxide; Powder metallurgy; Isothermal process; Scanning electron microscope; Metallurgy; Nickel; Kinetics
SUP_009,Superalloys,High-temperature oxidation,Understanding the oxidation behaviors of a Ni-Co-based superalloy at elevated temperatures through multiscale characterization,Corrosion Science,2023,10.1016/j.corsci.2023.111800,Superalloy; Materials science; Oxide; Layer (electronics); Corrosion; Evaporation; High-temperature corrosion; Chemical engineering; Metallurgy; Exfoliation joint
SUP_010,Superalloys,High-temperature oxidation,"Effect of nickel base superalloy composition on oxidation resistance in SO 2 containing, high p O 2 environments",Materials and Corrosion,2013,10.1002/maco.201307299,Sulfidation; Superalloy; Nickel; Materials science; Scanning electron microscope; Corrosion; Alloy; Oxide; Metallurgy; Chromium
SUP_011,Superalloys,High-temperature oxidation,High temperature oxidation of ¶√/¶√°‰-strengthened Co-base superalloys,Corrosion Science,2011,10.1016/j.corsci.2011.02.033,Superalloy; Oxide; Materials science; Isothermal process; Corrosion; Microstructure; Layer (electronics); Metallurgy; High-temperature corrosion; Base (topology)
SUP_012,Superalloys,High-temperature oxidation,Effect of B and Cr on the high temperature oxidation behaviour of novel ¶√/¶√°‰-strengthened Co-base superalloys,Corrosion Science,2011,10.1016/j.corsci.2011.04.020,Superalloy; Materials science; Corrosion; Isothermal process; Boron; Layer (electronics); Alloy; Metallurgy; Oxide; Chromium
SUP_013,Superalloys,High-temperature oxidation,High temperature cyclic oxidation and hot corrosion behaviours of superalloys at 900°„C,Bulletin of Materials Science,2010,10.1007/s12034-010-0046-4,Superalloy; Corrosion; Materials science; Metallurgy; High-temperature corrosion; Oxide; Weight change; Scanning electron microscope; Composite material; Microstructure
SUP_014,Superalloys,High-temperature oxidation,High temperature oxidation behavior of Ni-based superalloy GH202,Materials Characterization,2016,10.1016/j.matchar.2016.05.013,Materials science; Scanning electron microscope; Superalloy; Oxide; Electron microprobe; Electron backscatter diffraction; Isothermal process; Microstructure; Energy-dispersive X-ray spectroscopy; Analytical Chemistry (journal)
SUP_015,Superalloys,High-temperature oxidation,Improvement of high temperature oxidation and corrosion resistance of superalloy IN-738LC by pack cementation,Surface and Coatings Technology,2003,10.1016/j.surfcoat.2003.10.011,Materials science; Cementation (geology); Superalloy; Metallurgy; Aluminide; Corrosion; Coating; High-temperature corrosion; Oxide; Conversion coating
SUP_016,Superalloys,High-temperature oxidation,High Temperature Oxidation of the Haynes 282? Nickel-Based Superalloy,Oxidation of Metals,2014,10.1007/s11085-014-9483-6,Superalloy; Materials science; Metallurgy; Oxide; Alloy; Isothermal process; High-temperature corrosion; Internal oxidation; Corrosion; Nickel
SUP_017,Superalloys,High-temperature oxidation,"Investigations on the growing, cracking and spalling of oxides scales of powder metallurgy Rene95 nickel-based superalloy",Applied Surface Science,2011,10.1016/j.apsusc.2011.06.005,Superalloy; Materials science; Spall; Metallurgy; Alloy; Cracking; Powder metallurgy; Spinel; Nickel; Nucleation
SUP_018,Superalloys,High-temperature oxidation,"Effect of Al content on the high-temperature oxidation of Co-20Cr-(5, 10)Al oxide dispersion strengthened superalloys",Corrosion Science,2017,10.1016/j.corsci.2017.01.015,Superalloy; Materials science; High-temperature corrosion; Oxide; Dispersion (optics); Metallurgy; Corrosion; Internal oxidation; Alloy
SUP_019,Superalloys,High-temperature oxidation,High temperature oxidation behavior of a novel cobalt-nickel-base superalloy,Journal of Alloys and Compounds,2018,10.1016/j.jallcom.2018.06.275,Superalloy; Oxide; Materials science; Cobalt; Cobalt oxide; Layer (electronics); Alloy; Nickel; Chemical engineering; Metallurgy
SUP_020,Superalloys,High-temperature oxidation,Characterization of chromia scales formed in supercritical carbon dioxide,Materials at High Temperatures,2017,10.1080/09603409.2017.1389371,Chromia; Materials science; Alloy; Supercritical fluid; Carbide; Transmission electron microscopy; Metallurgy; Bar (unit); Supercritical carbon dioxide; Carbon dioxide
SUP_021,Superalloys,High-temperature oxidation,Effect of Cr and Y2O3 on the oxidation behavior of Co-based oxide dispersion strengthened superalloys at 900 °„C,Corrosion Science,2017,10.1016/j.corsci.2017.08.013,Superalloy; Spallation; Oxide; Materials science; Corrosion; Isothermal process; Dispersion (optics); Metallurgy; High-temperature corrosion; Chemical engineering
SUP_022,Superalloys,High-temperature oxidation,Microstructure and Oxidation Resistance of an Aluminide Coating on the Nickel Based Superalloy Mar M247 Deposited by the CVD Aluminizing Process,Archives of Metallurgy and Materials,2013,10.2478/amm-2013-0057,Materials science; Superalloy; Coating; Microstructure; Aluminide; Metallurgy; Scanning electron microscope; Nial; Nickel aluminide; Diffractometer
SUP_023,Superalloys,High-temperature oxidation,Chromia layer growth on a Ni-based superalloy: Sub-parabolic kinetics and the role of titanium,Corrosion Science,2013,10.1016/j.corsci.2013.05.016,Chromia; Superalloy; Materials science; Oxide; Kinetics; Rutile; Alloy; Layer (electronics); Metallurgy; Chromium
SUP_024,Superalloys,High-temperature oxidation,Comparison of thermal expansion and oxidation behavior of various high-temperature coating materials and superalloys,Materials at High Temperatures,2004,10.1179/mht.2004.012,Materials science; Thermal expansion; Spallation; Superalloy; Coating; Metallurgy; Alloy; Oxide; Nial; Thermal barrier coating
SUP_025,Superalloys,High-temperature oxidation,Gas phase embrittlement and time dependent cracking of nickel based superalloys,Energy Materials,2006,10.1179/174892306x99679,Materials science; Embrittlement; Intergranular corrosion; Superalloy; Metallurgy; Grain boundary; Microstructure; Creep; Cracking; Composite material
SUP_026,Superalloys,High-temperature oxidation,High temperature oxidation of corrosion resistant alloys from machine learning,npj Materials Degradation,2021,10.1038/s41529-021-00184-3,Materials science; Corrosion; Superalloy; Arrhenius equation; Austenite; Aluminide; Oxide; Metallurgy; Supercritical fluid; Diffusion
SUP_027,Superalloys,High-temperature oxidation,Effects of Ni and Cr on the high-temperature oxidation behavior and mechanisms of Co- and CoNi-base superalloys,Materials & Design,2022,10.1016/j.matdes.2022.111291,Superalloy; Materials science; Isothermal process; Microstructure; Oxide; CALPHAD; Metallurgy; Base (topology); Layer (electronics); Chemical engineering
SUP_028,Superalloys,High-temperature oxidation,Influence of the microstructural homogeneity on the high-temperature oxidation behavior of a single crystalline Ni-base superalloy,Scripta Materialia,2021,10.1016/j.scriptamat.2021.114301,Materials science; Superalloy; Isothermal process; Homogeneity (statistics); Annealing (glass); Metallurgy; Thermogravimetric analysis; Homogeneous; Gravimetric analysis; Oxide
SUP_029,Superalloys,High-temperature oxidation,Microstructure and high temperature oxidation behavior of Pt-modified aluminide bond coats on Ni-base superalloys,Progress in Materials Science,2012,10.1016/j.pmatsci.2012.08.002,Aluminide; Superalloy; Materials science; Microstructure; Metallurgy; Coating; Intermetallic; Composite material; Alloy
SUP_030,Superalloys,High-temperature oxidation,Effects of Al and Ta on the high temperature oxidation of Ni-based superalloys,Corrosion Science,2014,10.1016/j.corsci.2014.10.025,Superalloy; High-temperature corrosion; Materials science; Corrosion; Alloy; Metallurgy
SUP_031,Superalloys,High-temperature oxidation,The evolution mechanism of tribo-oxide layer during high temperature dry sliding wear for nickel-based superalloy,Wear,2021,10.1016/j.wear.2021.203747,Materials science; Superalloy; Oxide; Microstructure; Layer (electronics); Metallurgy; Sintering; Nickel; Scanning electron microscope; Tribology
SUP_032,Superalloys,High-temperature oxidation,High temperature cyclic oxidation of Ni based superalloys at different temperatures in air,Journal of Alloys and Compounds,2017,10.1016/j.jallcom.2017.05.130,Superalloy; Inconel; Non-blocking I/O; Materials science; Kinetics; Activation energy; High-temperature corrosion; Weight change; Alloy; Scanning electron microscope
SUP_033,Superalloys,High-temperature oxidation,Effect of the ¶»®C¶¡-Al2O3 Transformation in Scales on the Oxidation Behavior of a Nickel-Base Superalloy with an Aluminide Diffusion Coating,Oxidation of Metals,2000,10.1023/a:1004654429687,Nial; Coating; Materials science; Superalloy; Diffusion; Kinetics; Atmospheric temperature range; Metallurgy; Chemical engineering; Thermodynamics
SUP_034,Superalloys,High-temperature oxidation,High temperature oxidation studies of detonation-gun-sprayed Cr3C2®CNiCr coating on Fe- and Ni-based superalloys in air under cyclic condition at 900°„C,Journal of Alloys and Compounds,2008,10.1016/j.jallcom.2008.04.087,Superalloy; Nichrome; Materials science; Coating; Metallurgy; Chromium; Thermogravimetric analysis; Thermal spraying; Alloy; Composite material
SUP_035,Superalloys,High-temperature oxidation,"Characteristics, high temperature wear and oxidation behavior of boride layer grown on nimonic 80A Ni-based superalloy",Surface and Coatings Technology,2021,10.1016/j.surfcoat.2021.126906,Boriding; Nimonic; Boride; Materials science; Metallurgy; Chromium; Indentation hardness; Scanning electron microscope; Superalloy; Composite material
SUP_036,Superalloys,High-temperature oxidation,Influence of small amounts of Si and Cr on the high temperature oxidation behavior of novel cobalt base superalloys,Corrosion Science,2021,10.1016/j.corsci.2021.109388,Superalloy; Cobalt; Corrosion; Materials science; Base (topology); Metallurgy; High-temperature corrosion; Microstructure; Mathematics
SUP_037,Superalloys,High-temperature oxidation,Thermodynamic calculations for studying high temperature oxidation of superalloys,Calphad,2003,10.1016/j.calphad.2003.12.002,Superalloy; Thermodynamics; Materials science; Metallurgy; Physics; Alloy
SUP_038,Superalloys,High-temperature oxidation,Microstructure assessment at high temperature in NiCoCrAlY overlay coating obtained by laser metal deposition,Journal of Materials Research and Technology,2019,10.1016/j.jmrt.2018.12.006,Materials science; Thermal barrier coating; Coating; Microstructure; Superalloy; Composite material; Focused ion beam; Scanning electron microscope; Transmission electron microscopy; Spallation
SUP_039,Superalloys,High-temperature oxidation,Oxidation ahead of a crack tip in an advanced Ni-based superalloy,Acta Materialia,2013,10.1016/j.actamat.2012.12.017,Superalloy; Materials science; Oxide; Non-blocking I/O; Alloy; Intrusion; Oxygen; Metallurgy; Transmission electron microscopy; Composite material
SUP_040,Superalloys,High-temperature oxidation,Co-optimization of wrought alumina-forming austenitic stainless steel composition ranges for high-temperature creep and oxidation/corrosion resistance,Materials Science and Engineering A,2013,10.1016/j.msea.2013.10.014,Materials science; Creep; Sulfidation; Metallurgy; Intermetallic; Corrosion; Carbide; High-temperature corrosion; Austenite; Superalloy
SUP_041,Superalloys,High-temperature oxidation,Intergranular crack tip oxidation in a Ni-base superalloy,Acta Materialia,2013,10.1016/j.actamat.2013.02.050,Materials science; Superalloy; Oxide; Grain boundary; Intergranular corrosion; Metallurgy; Internal oxidation; Non-blocking I/O; Metal; Microstructure
SUP_042,Superalloys,High-temperature oxidation,Manufacturing and Microstructural Evolution of Mechanuically Alloyed Oxide Dispersion Strengthened Superalloys,Advanced Engineering Materials,2001,10.1002/1527-2648(200109)3:9<647::aid-adem647>3.0.co;2-4,Materials science; Superalloy; Metallurgy; Microstructure; Oxide; Mixing (physics); Inert; Grain size; Alloy; Dispersion (optics)
SUP_043,Superalloys,High-temperature oxidation,Oxidation behaviour of NiCrAlY coatings on Ni-based superalloy,Surface and Coatings Technology,2002,10.1016/s0257-8972(01)01427-x,Superalloy; Materials science; Spallation; Isothermal process; Oxide; Metallurgy; Non-blocking I/O; Coating; Alloy; Ion plating
SUP_044,Superalloys,High-temperature oxidation,Selective oxidation and internal nitridation during high-temperature exposure of single-crystalline nickel-base superalloys,Metallurgical and Materials Transactions A,2000,10.1007/s11661-000-0051-0,Superalloy; Materials science; Internal oxidation; Metallurgy; Alloy; Precipitation; Corrosion; Embrittlement; Nitride; Oxide
SUP_045,Superalloys,High-temperature oxidation,The effect of nickel and silicon addition on some oxidation properties of novel Co-based high temperature alloys,Corrosion Science,2012,10.1016/j.corsci.2012.09.046,Materials science; Superalloy; Grain boundary; Alloy; Corrosion; Isothermal process; Oxide; Metallurgy; High-temperature corrosion; Silicon
SUP_046,Superalloys,High-temperature oxidation,The role of oxidation damage in fatigue crack initiation of an advanced Ni-based superalloy,International Journal of Fatigue,2015,10.1016/j.ijfatigue.2015.08.016,Chromia; Materials science; Superalloy; Intergranular corrosion; Metallurgy; Stress (linguistics); Nucleation; Cracking; Stress concentration; Composite material
SUP_047,Superalloys,High-temperature oxidation,The influence of CrTaO4 layer on the oxidation behavior of a directionally-solidified nickel-based superalloy at 850®C900 °„C,Journal of Alloys and Compounds,2017,10.1016/j.jallcom.2017.07.066,Superalloy; Layer (electronics); Nickel; Oxide; Diffusion; Materials science; Kinetics; Alloy; Non-blocking I/O; Internal oxidation
SUP_048,Superalloys,High-temperature oxidation,Influence of Nb addition on the oxidation behavior of novel Ni-base superalloy,Corrosion Science,2021,10.1016/j.corsci.2021.109436,Spallation; Superalloy; Materials science; Oxide; Alloy; Vaporization; Layer (electronics); Corrosion; Metallurgy; Metal
SUP_049,Superalloys,High-temperature oxidation,Comparative study of oxidation and interdiffusion behavior of AIP NiCrAlY and sputtered nanocrystalline coatings on a nickel-based single-crystal superalloy,Corrosion Science,2015,10.1016/j.corsci.2015.05.062,Superalloy; Spallation; Materials science; Nanocrystalline material; Metallurgy; Substrate (aquarium); Oxide; Corrosion; Coating; Nickel
SUP_050,Superalloys,High-temperature oxidation,Oxidation resistance of a Zr-doped NiAl coating thermochemically deposited on a nickel-based superalloy,Surface and Coatings Technology,2009,10.1016/j.surfcoat.2009.09.073,Nial; Spallation; Materials science; Superalloy; Isothermal process; Chromia; Oxide; Coating; Nickel aluminide; Non-blocking I/O
SUP_051,Superalloys,High-temperature oxidation,Role of oxygen in enhanced fatigue cracking in a PM Ni-based superalloy: Stress assisted grain boundary oxidation or dynamic embrittlment?,Corrosion Science,2018,10.1016/j.corsci.2018.05.001,Superalloy; Materials science; Grain boundary; Embrittlement; Intergranular corrosion; Metallurgy; Microstructure; Cracking; Oxide; Stress corrosion cracking
SUP_052,Superalloys,High-temperature oxidation,Influences of MCrAlY coatings on oxidation resistance of single crystal superalloy DD98M and their inter-diffusion behaviors,Journal of Alloys and Compounds,2015,10.1016/j.jallcom.2015.07.095,Materials science; Superalloy; Alloy; Oxide; Coating; Diffusion; Phase (matter); Metallurgy; Aluminium; Substrate (aquarium)
SUP_053,Superalloys,High-temperature oxidation,The oxidation properties of fourth generation single-crystal nickel-based superalloys,JOM,2006,10.1007/s11837-006-0067-z,Superalloy; Rhenium; Materials science; Tantalum; Ruthenium; Nickel; Refractory metals; Metallurgy; Oxide; Platinum
SUP_054,Superalloys,High-temperature oxidation,Alloying effects on oxidation mechanisms in polycrystalline Co®CNi base superalloys,Corrosion Science,2016,10.1016/j.corsci.2016.12.009,Superalloy; Crystallite; Materials science; Corrosion; Alloy; Secondary ion mass spectrometry; Metallurgy; Oxide; Layer (electronics); Base (topology)
SUP_055,Superalloys,High-temperature oxidation,Effect of high temperature oxidation on Inconel 718 and Inconel 718/YSZ/Gd 2 Zr 2 O 7,Materials Research Express,2019,10.1088/2053-1591/ab26d8,Inconel; Superalloy; Yttria-stabilized zirconia; Materials science; Microstructure; Cubic zirconia; Scanning electron microscope; Isothermal process; Ceramic; Metallurgy
SUP_056,Superalloys,High-temperature oxidation,Revealing the effect of Al content on the oxidation of ¶√'-strengthened cobalt-based superalloys,Corrosion Science,2022,10.1016/j.corsci.2022.110122,Spallation; Superalloy; Materials science; Cobalt; Corrosion; Oxide; Volatilisation; Metallurgy; Layer (electronics); Cracking
SUP_057,Superalloys,High-temperature oxidation,Oxidation mechanisms of Cr©\containing steels and Ni©\base alloys at high©\temperatures ®C. Part I: The different role of alloy grain boundaries,Materials and Corrosion,2005,10.1002/maco.200503879,Alloy; Grain boundary; Metallurgy; Materials science; Base (topology); Microstructure
SUP_058,Superalloys,Creep behavior,Formation of carbides and their effects on stress rupture of a Ni-base single crystal superalloy,Materials Science and Engineering A,2003,10.1016/s0921-5093(03)00517-3,Superalloy; Creep; Carbide; Materials science; Scanning electron microscope; Metallurgy; Precipitation; Alloy; Transmission electron microscopy; Carbon fibers
SUP_059,Superalloys,Creep behavior,"The effect of stress, temperature and loading direction on the creep behaviour of Ni-base single crystal superalloy miniature tensile specimens",Materials at High Temperatures,2016,10.1080/09603409.2016.1186414,Creep; Materials science; Superalloy; Diffusion creep; Stress (linguistics); Composite material; Arrhenius equation; Softening; Ultimate tensile strength; Extrapolation
SUP_060,Superalloys,Creep behavior,Effect of heat treatment on microstructure and stress rupture life of DD32 single crystal Ni-base superalloy,Materials Science and Engineering A,2007,10.1016/j.msea.2007.01.117,Microstructure; Superalloy; Materials science; Creep; Carbide; Metallurgy; Homogeneous; Alloy; Base (topology); Stress (linguistics)
SUP_061,Superalloys,Creep behavior,Prediction of creep rupture life of a V-notched bar in DD6 Ni-based single crystal superalloy,Materials Science and Engineering A,2014,10.1016/j.msea.2014.07.006,Creep; Materials science; Superalloy; Fracture (geology); Finite element method; Composite material; Bar (unit); Stress (linguistics); Structural engineering; Metallurgy
SUP_062,Superalloys,Creep behavior,Effect of surface recrystallization on the creep rupture properties of a nickel-base single crystal superalloy,Materials Science and Engineering A,2010,10.1016/j.msea.2010.04.071,Superalloy; Materials science; Creep; Recrystallization (geology); Grain boundary; Metallurgy; Crystal twinning; Alloy; Composite material; Microstructure
SUP_063,Superalloys,Creep behavior,Effect of film-hole configuration on creep rupture behavior of a second generation nickel-based single crystal superalloys,Materials Characterization,2017,10.1016/j.matchar.2017.06.019,Materials science; Creep; Superalloy; Finite element method; Stress (linguistics); Composite material; Nickel; Single crystal; Crystal (programming language); Metallurgy
SUP_064,Superalloys,Creep behavior,Effect of recrystallisation on microstructural evolution and mechanical properties of single crystal nickel based superalloy CMSX-2 Part 2 - Creep behaviour of surface recrystallised single crystal,Materials Science and Technology,2003,10.1179/026708303225008347,Materials science; Superalloy; Creep; Metallurgy; Single crystal; Recrystallization (geology); Residual stress; Grain boundary; Microstructure; Crystallography
SUP_065,Superalloys,Creep behavior,Predicting creep rupture life of Ni-based single crystal superalloys using divide-and-conquer approach based machine learning,Acta Materialia,2020,10.1016/j.actamat.2020.05.001,Creep; Materials science; Superalloy; Microstructure; Alloy; Machine learning; Computer science; Metallurgy
SUP_066,Superalloys,Creep behavior,¶√°‰-cutting as rate-controlling recovery process during high-temperature and low-stress creep of superalloy single crystals,Acta Materialia,2000,10.1016/s1359-6454(00)00292-5,Materials science; Superalloy; Critical resolved shear stress; Burgers vector; Creep; Dislocation; Transmission electron microscopy; Slip (aerodynamics); Climb; Crystallography
SUP_067,Superalloys,Creep behavior,Anisotropic creep damage and fracture mechanism of nickel-base single crystal superalloy under multiaxial stress,Journal of Alloys and Compounds,2016,10.1016/j.jallcom.2016.09.052,Materials science; Creep; Cleavage (geology); Anisotropy; Composite material; Glide plane; Superalloy; Single crystal; Stress (linguistics); Fracture (geology)
SUP_068,Superalloys,Creep behavior,On the nature of ¶√°‰ phase cutting and its effect on high temperature and low stress creep anisotropy of Ni-base single crystal superalloys,Acta Materialia,2014,10.1016/j.actamat.2014.01.021,Materials science; Creep; Climb; Superalloy; Dislocation; Ultimate tensile strength; Phase (matter); Anisotropy; Shear (geology); Stress (linguistics)
SUP_069,Superalloys,Creep behavior,Precipitation behavior of ¶Ã phase and creep rupture in single crystal superalloy CMSX-4,Journal of Alloys and Compounds,2011,10.1016/j.jallcom.2011.04.001,Materials science; Creep; Precipitation; Phase (matter); Superalloy; Diffusion; Composite material; Crystallography; Metallurgy; Microstructure
SUP_070,Superalloys,Creep behavior,On the role of Re in the stress and temperature dependence of creep of Ni-base single crystal superalloys,Materials Science and Engineering A,2015,10.1016/j.msea.2015.01.010,Creep; Activation energy; Superalloy; Materials science; Stress (linguistics); Thermodynamics; Diffusion creep; Diffusion; Microstructure; Exponent
SUP_071,Superalloys,Creep behavior,Atomic structure and elemental segregation behavior of creep defects in a Co-Al-W-based single crystal superalloys under high temperature and low stress,Acta Materialia,2020,10.1016/j.actamat.2020.03.015,Materials science; Creep; Superlattice; Superalloy; Dislocation; Phase (matter); Stacking fault; Crystallography; Microstructure; Metallurgy
SUP_072,Superalloys,Creep behavior,Stress dependence of the creep behaviors and mechanisms of a third-generation Ni-based single crystal superalloy,Journal of Material Science and Technology,2018,10.1016/j.jmst.2018.11.015,Creep; Climb; Materials science; Dislocation; Superalloy; Shearing (physics); Dislocation creep; Stress (linguistics); Composite material; Slip (aerodynamics)
SUP_073,Superalloys,Creep behavior,Misfit and the mechanism of high temperature and low stress creep of Ni-base single crystal superalloys,Acta Materialia,2023,10.1016/j.actamat.2023.119576,Materials science; Creep; Dislocation; Superalloy; Microstructure; Climb; Phase (matter); Dislocation creep; Stress (linguistics); Work (physics)
SUP_074,Superalloys,Creep behavior,Effect of ruthenium on high-temperature creep rupture life of a single crystal nickel-based superalloy,Materials Science and Engineering A,2011,10.1016/j.msea.2011.07.075,Creep; Superalloy; Materials science; Dislocation; Microstructure; Ruthenium; Dislocation creep; Metallurgy; Nickel; Single crystal
SUP_075,Superalloys,Creep behavior,On the nucleation of planar faults during low temperature and high stress creep of single crystal Ni-base superalloys,Acta Materialia,2017,10.1016/j.actamat.2017.09.063,Materials science; Burgers vector; Superalloy; Creep; Dislocation; Nucleation; Crystallography; Planar; Phase (matter); Transmission electron microscopy
SUP_076,Superalloys,Creep behavior,Microstructure and creep behavior of DMS4-type nickel based superalloy single crystals with orientations near °¥001°µ and °¥011°µ,Materials Science and Engineering A,2010,10.1016/j.msea.2010.09.083,Materials science; Microstructure; Creep; Superalloy; Transmission electron microscopy; Composite material; Scanning electron microscope; Dislocation; Ductility (Earth science); Single crystal
SUP_077,Superalloys,Creep behavior,L12-phase cutting during high temperature and low stress creep of a Re-containing Ni-base single crystal superalloy,Journal of Materials Science,2007,10.1007/s10853-006-0166-9,Superalloy; Creep; Materials science; Dislocation; Dislocation creep; Single crystal; Alloy; Transmission electron microscopy; Metallurgy; Stress (linguistics)
SUP_078,Superalloys,Creep behavior,How evolving multiaxial stress states affect the kinetics of rafting during creep of single crystal Ni-base superalloys,Acta Materialia,2018,10.1016/j.actamat.2018.07.061,Materials science; Creep; Superalloy; Microstructure; Composite material; Ultimate tensile strength; Scanning electron microscope; Dislocation; Stress (linguistics); Metallurgy
SUP_079,Superalloys,Creep behavior,Creep behavior and a deformation mechanism based creep rate model under high temperature and low stress condition for single crystal superalloy DD5,Materials Science and Engineering A,2020,10.1016/j.msea.2020.139414,Creep; Materials science; Superalloy; Microstructure; Dislocation; Dislocation creep; Deformation mechanism; Diffusion creep; Deformation (meteorology); Stress (linguistics)
SUP_080,Superalloys,Creep behavior,Synergistic Effects of Boron and Rare Earth Elements on the Microstructure and Stress Rupture Properties in a Ni-Based Superalloy,Materials,2024,10.3390/ma17092007,Superalloy; Microstructure; Materials science; Rare earth; Boron; Metallurgy; Stress (linguistics); Rare-earth element; Chemistry
SUP_081,Superalloys,Creep behavior,"Primary creep in single crystal superalloys: Origins, mechanisms and effects",Acta Materialia,2006,10.1016/j.actamat.2006.09.026,Materials science; Creep; Superalloy; Dislocation; Shearing (physics); Ultimate tensile strength; Single crystal; Stress (linguistics); Dislocation creep; Nucleation
SUP_082,Superalloys,Creep behavior,Creep feed grinding induced gradient microstructures in the superficial layer of turbine blade root of single crystal nickel-based superalloy,International Journal of Extreme Manufacturing,2021,10.1088/2631-7990/ac1e05,Materials science; Microstructure; Superalloy; Creep; Turbine blade; Dislocation; Metallurgy; Grinding; Composite material; Crystal (programming language)
SUP_083,Superalloys,Creep behavior,"Coupling between Re segregation and ¶√/¶√°‰ interfacial dislocations during high-temperature, low-stress creep of a nickel-based single-crystal superalloy",Acta Materialia,2014,10.1016/j.actamat.2014.05.033,Materials science; Creep; Superalloy; Dislocation; Transmission electron microscopy; Stress (linguistics); Scanning transmission electron microscopy; Single crystal; Nickel; Dislocation creep
SUP_084,Superalloys,Creep behavior,Effect of climb on dislocation mechanisms and creep rates in ¶√°‰-strengthened Ni base superalloy single crystals: A discrete dislocation dynamics study,Acta Materialia,2013,10.1016/j.actamat.2013.03.003,Climb; Creep; Materials science; Dislocation; Superalloy; Dislocation creep; Microstructure; Stress (linguistics); Substructure; Single crystal
SUP_085,Superalloys,Creep behavior,Observations of a°¥010°µ dislocations during the high-temperature creep of Ni-based superalloy single crystals deformed along the [001] orientation,Acta Materialia,2007,10.1016/j.actamat.2006.11.045,Materials science; Creep; Superalloy; Dislocation; Crystallography; Dislocation creep; Stress (linguistics); Microstructure; Tension (geology); Single crystal
SUP_086,Superalloys,Creep behavior,Creep Analysis and Microstructural Evaluation of a Novel Additively Manufactured Nickel-Base Superalloy (ABD?-900AM),Journal of Engineering for Gas Turbines and Power,2022,10.1115/1.4056097,Superalloy; Creep; Materials science; Hot isostatic pressing; Volume fraction; Metallurgy; Stress (linguistics); Deformation (meteorology); Composite material; Microstructure
SUP_087,Superalloys,Creep behavior,Double minimum creep of single crystal Ni-base superalloys,Acta Materialia,2016,10.1016/j.actamat.2016.04.012,Creep; Materials science; Superalloy; Microstructure; Dislocation; Single crystal; Stress (linguistics); Work (physics); Strain rate; Composite material
SUP_088,Superalloys,Creep behavior,¶√°‰-Rafting mechanisms under complex mechanical stress state in Ni-based single crystalline superalloys,Materials & Design,2017,10.1016/j.matdes.2017.06.018,Materials science; Superalloy; Viscoplasticity; Creep; Stress (linguistics); Finite element method; Isothermal process; Nickel; Metallurgy; Composite material
SUP_089,Superalloys,Creep behavior,"On the influence of stress state, stress level and temperature on ¶√-channel widening in the single crystal superalloy CMSX-4",Materials Science and Engineering A,2004,10.1016/j.msea.2004.01.114,Materials science; Creep; Superalloy; Composite material; Stress (linguistics); Ultimate tensile strength; Shear stress; Critical resolved shear stress; Shear (geology); Perpendicular
SUP_090,Superalloys,Creep behavior,Creep behavior under isothermal and non-isothermal conditions of AM3 single crystal superalloy for different solutioning cooling rates,Materials Science and Engineering A,2014,10.1016/j.msea.2014.02.046,Creep; Isothermal process; Materials science; Bowing; Microstructure; Dislocation; Superalloy; Composite material; Stress (linguistics); Thermodynamics
SUP_091,Superalloys,Creep behavior,Effect of carbon addition on the creep properties in a Ni-based single crystal superalloy,Materials Science and Engineering A,2004,10.1016/j.msea.2004.06.003,Creep; Materials science; Eutectic system; Superalloy; Carbide; Carbon fibers; Metallurgy; Precipitation; Stress (linguistics); Casting
SUP_092,Superalloys,Creep behavior,Creep damage evolution in a modeling specimen of nickel-based single crystal superalloys air-cooled blades,Materials Science and Engineering A,2007,10.1016/j.msea.2007.05.080,Materials science; Superalloy; Creep; Finite element method; Fracture (geology); Turbine blade; Cavitation; Scanning electron microscope; Composite material; Stress (linguistics)
SUP_093,Superalloys,Creep behavior,On the segregation of Re at dislocations in the ¶√' phase of Ni-based single crystal superalloys,Materialia,2018,10.1016/j.mtla.2018.09.018,Single crystal; Dislocation; Alloy; Superalloy; Creep; Single phase; Phase (matter); Dislocation creep
SUP_094,Superalloys,Creep behavior,3D discrete dislocation dynamics study of creep behavior in Ni-base single crystal superalloys by a combined dislocation climb and vacancy diffusion model,Journal of the Mechanics and Physics of Solids,2017,10.1016/j.jmps.2017.02.010,Climb; Materials science; Creep; Dislocation creep; Dislocation; Superalloy; Vacancy defect; Crystallography; Stress (linguistics); Condensed matter physics
SUP_095,Superalloys,Creep behavior,Dislocation motion during high-temperature low-stress creep in Ru-free and Ru-containing single-crystal superalloys,Materials & Design (1980-2015),2014,10.1016/j.matdes.2014.11.002,Creep; Materials science; Dislocation; Dislocation creep; Shearing (physics); Superalloy; Slipping; Stacking fault; Condensed matter physics; Single crystal
SUP_096,Superalloys,Creep behavior,Creep properties of single crystal Ni-base superalloys (SX): A comparison between conventionally cast and additive manufactured CMSX-4 materials,Materials Science and Engineering A,2019,10.1016/j.msea.2019.138098,Creep; Materials science; Superalloy; Microstructure; Metallurgy; Ultimate tensile strength; Composite material; Single crystal; Scanning electron microscope; Precipitation
SUP_097,Superalloys,Creep behavior,A tensorial thermodynamic framework to account for the ¶√' rafting in nickel-based single crystal superalloys,International Journal of Plasticity,2017,10.1016/j.ijplas.2017.03.010,Materials science; Superalloy; Isothermal process; Viscoplasticity; Creep; Thermodynamics; Isotropy; Crystal (programming language); Hardening (computing); Alloy
SUP_098,Superalloys,Creep behavior,Stress rupture properties of GH4169 superalloy,Journal of Materials Research and Technology,2014,10.1016/j.jmrt.2014.03.003,Superalloy; Materials science; Alloy; Creep; Metallurgy; Stress (linguistics); Fabrication
SUP_099,Superalloys,Creep behavior,Weldability and weld performance of candidate nickel based superalloys for advanced ultrasupercritical fossil power plants Part II: weldability and cross-weld creep performance,Science and Technology of Welding & Joining,2016,10.1080/13621718.2016.1143708,Weldability; Materials science; Welding; Creep; Metallurgy; Superalloy; Fossil fuel; Austenite; Alloy; Engineering
SUP_100,Superalloys,Creep behavior,High cycle fatigue life prediction model based on crystal plasticity and continuum damage mechanics for Ni-based single crystal superalloys under a multiaxial stress state,International Journal of Plasticity,2023,10.1016/j.ijplas.2023.103526,Materials science; Superalloy; Constitutive equation; Damage mechanics; Stress (linguistics); Creep; Plasticity; Crystal (programming language); Anisotropy; Structural engineering
SUP_101,Superalloys,Creep behavior,The Microstructure Degradation of the IN 713C Nickel-Based Superalloy After the Stress Rupture Tests,Journal of Materials Engineering and Performance,2014,10.1007/s11665-014-1123-4,Superalloy; Materials science; Carbide; Microstructure; Metallurgy; Precipitation; Stress (linguistics); Nickel; Phase (matter); Decomposition
SUP_102,Superalloys,Creep behavior,Influence of type and morphology of carbides on stress-rupture behavior of a cast cobalt-base superalloy,Journal of Alloys and Compounds,2017,10.1016/j.jallcom.2017.08.287,Carbide; Superalloy; Materials science; Lamellar structure; Microstructure; Metallurgy; Cobalt; Creep
SUP_103,Superalloys,Creep behavior,Composition rules of Ni-base single crystal superalloys and its influence on creep properties via a cluster formula approach,Scientific Reports,2020,10.1038/s41598-020-78690-8,Algorithm; Materials science; Artificial intelligence; Computer science
SUP_104,Superalloys,Creep behavior,Phase-field simulation of ¶√' precipitates rafting and creep property of Co-base superalloys,Materials & Design,2020,10.1016/j.matdes.2020.109077,Superalloy; Creep; Materials science; Coalescence (physics); Alloy; Metallurgy; Composite material
SUP_105,Superalloys,Creep behavior,Effect of Crystal Orientation on Fatigue Failure of Single Crystal Nickel Base Turbine Blade Superalloys,Journal of Engineering for Gas Turbines and Power,2000,10.1115/1.1413767,Turbine blade; Materials science; Superalloy; Rocket engine; Single crystal; Metallurgy; Creep; Turbine; Composite material; Structural engineering
SUP_106,Superalloys,Creep behavior,The effect of lattice misfit on the dislocation motion in superalloys during high-temperature low-stress creep,Acta Materialia,2005,10.1016/j.actamat.2005.06.013,Materials science; Creep; Superalloy; Dislocation; Dislocation creep; Lattice (music); Condensed matter physics; Alloy; Transmission electron microscopy; Slip (aerodynamics)
SUP_107,Superalloys,Creep behavior,A model for the creep deformation behaviour of nickel-based single crystal superalloys,Acta Materialia,2012,10.1016/j.actamat.2012.05.023,Creep; Materials science; Superalloy; Climb; Deformation (meteorology); Alloy; Deformation mechanism; Microstructure; Metallurgy; Vacancy defect
SUP_108,Superalloys,Creep behavior,Mechanisms of high-temperature creep of nickel-based superalloys under low applied stresses,The Philosophical Magazine A Journal of Theoretical Experimental and Applied Physics,2004,10.1080/14786430410001663240,Creep; Climb; Materials science; Superalloy; Microstructure; Dislocation; Composite material; Dislocation creep; Deformation mechanism; Phase (matter)
SUP_109,Superalloys,Creep behavior,The dislocation behaviour and GND development in a nickel based superalloy during creep,International Journal of Plasticity,2019,10.1016/j.ijplas.2019.02.015,Materials science; Superalloy; Electron backscatter diffraction; Dislocation; Grain boundary; Creep; Dislocation creep; Slip (aerodynamics); Metallurgy; Grain size
SUP_110,Superalloys,Creep behavior,Superlattice stacking fault formation and twinning during creep in ¶√/¶√°‰ single crystal superalloy CMSX-4,Materials Science and Engineering A,2003,10.1016/s0921-5093(02)00172-7,Crystal twinning; Stacking fault; Materials science; Stacking; Condensed matter physics; Nucleation; Climb; Crystallography; Partial dislocations; Superlattice
SUP_111,Superalloys,Creep behavior,Damage accumulation during creep deformation of a single crystal superalloy at 1150°„C,Materials Science and Engineering A,2007,10.1016/j.msea.2006.11.101,Creep; Materials science; Superalloy; Hot isostatic pressing; Cavitation; Composite material; Metallurgy; Deformation (meteorology); Shear (geology); Ultimate tensile strength
SUP_112,Superalloys,Creep behavior,High-temperature and low-stress creep anisotropy of single-crystal superalloys,Acta Materialia,2013,10.1016/j.actamat.2013.01.052,Creep; Materials science; Superalloy; Ultimate tensile strength; Anisotropy; Slip (aerodynamics); Composite material; Diffusion creep; Dislocation creep; Stress (linguistics)
SUP_113,Superalloys,Creep behavior,Planar defect formation in the ¶√°‰ phase during high temperature creep in single crystal CoNi-base superalloys,Acta Materialia,2016,10.1016/j.actamat.2016.03.077,Materials science; Superalloy; Microstructure; Creep; Dislocation; Superlattice; Crystallography; Solvus; Stacking-fault energy; Metallurgy
SUP_114,Superalloys,Creep behavior,A cohesive zone model for fatigue and creep®Cfatigue crack growth in single crystal superalloys,International Journal of Fatigue,2008,10.1016/j.ijfatigue.2008.11.002,Materials science; Superalloy; Cohesive zone model; Creep; Crack closure; Structural engineering; Paris' law; Finite element method; Fracture mechanics; Composite material
SUP_115,Superalloys,Mechanical properties,Microstructure and mechanical properties of nickel based superalloy IN718 produced by rapid prototyping with electron beam melting (EBM),Materials Science and Technology,2009,10.1179/026708309x12468927349451,Materials science; Superalloy; Inconel; Microstructure; Ultimate tensile strength; Metallurgy; Alloy; Porosity; Composite material
SUP_116,Superalloys,Mechanical properties,Two-step heat treatment for laser powder bed fusion of a nickel-based superalloy with simultaneously enhanced tensile strength and ductility,Additive manufacturing,2021,10.1016/j.addma.2021.102168,Materials science; Superalloy; Microstructure; Ultimate tensile strength; Volume fraction; Hot isostatic pressing; Ductility (Earth science); Metallurgy; Carbide; Porosity
SUP_117,Superalloys,Mechanical properties,"Injection molding of nickel based 625 superalloy: Sintering, heat treatment, microstructure and mechanical properties",Journal of Alloys and Compounds,2012,10.1016/j.jallcom.2012.08.069,Materials science; Sintering; Superalloy; Scanning electron microscope; Microstructure; Alloy; Metallurgy; Metal injection molding; Tensile testing; Ultimate tensile strength
SUP_118,Superalloys,Mechanical properties,Effects of temperature on mechanical properties and deformation mechanisms of the equiatomic CrFeNi medium-entropy alloy,Acta Materialia,2020,10.1016/j.actamat.2020.11.012,Materials science; Crystal twinning; Ultimate tensile strength; Nucleation; Stacking-fault energy; Alloy; Deformation mechanism; Superalloy; Grain size; Metallurgy
SUP_119,Superalloys,Mechanical properties,Microstructural stability and mechanical properties of a new nickel-based superalloy,Materials Science and Engineering A,2003,10.1016/s0921-5093(03)00051-0,Materials science; Alloy; Superalloy; Indentation hardness; Microstructure; Metallurgy; Inconel; Nimonic; Ductility (Earth science); Ultimate tensile strength
SUP_120,Superalloys,Mechanical properties,Investigation of surface integrity in laser-assisted machining of nickel based superalloy,Materials & Design,2020,10.1016/j.matdes.2020.108851,Machinability; Surface integrity; Materials science; Machining; Superalloy; Residual stress; Microstructure; Ultimate tensile strength; Metallurgy; Bending
SUP_121,Superalloys,Mechanical properties,A Novel Strategy for the Design of Advanced Engineering Alloys°™Strengthening Turbine Disk Superalloys via Twinning Structures,Advanced Engineering Materials,2010,10.1002/adem.201000232,Superalloy; Materials science; Crystal twinning; Stacking-fault energy; Creep; Metallurgy; Ultimate tensile strength; Turbine; Annealing (glass); Alloy
SUP_122,Superalloys,Mechanical properties,Dependence of mechanical properties on crystallographic orientation in nickel-based superalloy Hastelloy X fabricated by laser powder bed fusion,Journal of Alloys and Compounds,2021,10.1016/j.jallcom.2021.158868,Materials science; Crystal twinning; Superalloy; Electron backscatter diffraction; Ultimate tensile strength; Crystallography; Deformation (meteorology); Texture (cosmology); Stacking-fault energy; Ductility (Earth science)
SUP_123,Superalloys,Mechanical properties,An analysis of fatigue failure mechanisms in an additively manufactured and shot peened IN 718 nickel superalloy,Materials & Design,2020,10.1016/j.matdes.2020.108605,Materials science; Shot peening; Superalloy; Residual stress; Peening; Crystal twinning; Ultimate tensile strength; Deformation mechanism; Metallurgy; Deformation (meteorology)
SUP_124,Superalloys,Mechanical properties,Contact Properties and Wear Behaviour of Nickel Based Superalloy Ren®¶ 80,Metals,2016,10.3390/met6070159,Fretting; Superalloy; Materials science; Creep; Fretting wear; Metallurgy; Coefficient of friction; Composite material; Oxide; Deformation (meteorology)
SUP_125,Superalloys,Mechanical properties,Temperature dependence on tensile deformation mechanisms in a novel Nickel-based single crystal superalloy,Materials Science and Engineering A,2020,10.1016/j.msea.2020.138997,Materials science; Superalloy; Shearing (physics); Microstructure; Ultimate tensile strength; Dislocation; Strengthening mechanisms of materials; Deformation mechanism; Metallurgy; Single crystal
SUP_126,Superalloys,Mechanical properties,Tensile mechanical properties and fracture behaviors of nickel-based superalloy 718 in the presence of hydrogen,International Journal of Hydrogen Energy,2018,10.1016/j.ijhydene.2018.08.179,Materials science; Hydrogen embrittlement; Nucleation; Superalloy; Ultimate tensile strength; Grain boundary; Hydrogen; Slip (aerodynamics); Composite material; Embrittlement
SUP_127,Superalloys,Mechanical properties,Low-cycle fatigue of single crystal nickel-based superalloy ®C mechanical testing and TEM characterisation,Materials Science and Engineering A,2018,10.1016/j.msea.2018.12.084,Materials science; Superalloy; Hardening (computing); Microstructure; Low-cycle fatigue; Alloy; Transmission electron microscopy; Softening; Metallurgy; Single crystal
SUP_128,Superalloys,Mechanical properties,Dual heterogeneous structures lead to ultrahigh strength and uniform ductility in a Co-Cr-Ni medium-entropy alloy,Nature Communications,2020,10.1038/s41467-020-16085-z,Materials science; Alloy; Ductility (Earth science); Ultimate tensile strength; Elongation; Nanometre; Composite material; High entropy alloys; Metallurgy; Creep
SUP_129,Superalloys,Mechanical properties,Effect of standard heat treatment on the microstructure and mechanical properties of hot isostatically pressed superalloy inconel 718,Materials Science and Engineering A,2003,10.1016/s0921-5093(03)00079-0,Materials science; Hot isostatic pressing; Microstructure; Metallurgy; Inconel; Ductility (Earth science); Ultimate tensile strength; Grain boundary; Fractography; Superalloy
SUP_130,Superalloys,Mechanical properties,Mechanical and Microstructural Investigation of Nickel©\Based Superalloy IN718 Manufactured by Selective Laser Melting (SLM),Advanced Engineering Materials,2015,10.1002/adem.201500158,Materials science; Selective laser melting; Microstructure; Superalloy; Electron backscatter diffraction; Metallurgy; Texture (cosmology); Ultimate tensile strength; Indentation hardness; Scanning electron microscope
SUP_131,Superalloys,Mechanical properties,The effect of laser scanning path on microstructures and mechanical properties of laser solid formed nickel-base superalloy Inconel 718,Journal of Alloys and Compounds,2010,10.1016/j.jallcom.2010.11.176,Materials science; Inconel; Microstructure; Superalloy; Scanning electron microscope; Fractography; Ductility (Earth science); Ultimate tensile strength; Composite material; Recrystallization (geology)
SUP_132,Superalloys,Mechanical properties,Effect of oxygen content of powder on microstructure and mechanical properties of hot isostatically pressed superalloy Inconel 718,Materials Science and Engineering A,2006,10.1016/j.msea.2006.07.053,Hot isostatic pressing; Materials science; Metallurgy; Alloy; Ultimate tensile strength; Inconel; Superalloy; Microstructure; Carbide; Ductility (Earth science)
SUP_133,Superalloys,Mechanical properties,Study of microstructure and mechanical properties of high performance Ni-base superalloy GTD-111,Materials Science and Engineering A,2002,10.1016/s0921-5093(01)01709-9,Superalloy; Materials science; Microstructure; Creep; Alloy; Deformation (meteorology); Ultimate tensile strength; Deformation mechanism; Gas turbines; Metallurgy
SUP_134,Superalloys,Mechanical properties,Microstructural aspects of high temperature deformation of monocrystalline nickel base superalloys: Some open problems,Materials Science and Technology,2009,10.1179/174328408x361436,Superalloy; Materials science; Creep; Monocrystalline silicon; Microstructure; Isothermal process; Metallurgy; Dislocation; Composite material; Thermodynamics
SUP_135,Superalloys,Mechanical properties,On the strengthening and embrittlement mechanisms of an additively manufactured Nickel-base superalloy,Materialia,2020,10.1016/j.mtla.2020.100657,Materials science; Superalloy; Embrittlement; Ultimate tensile strength; Metallurgy; Strengthening mechanisms of materials; Substructure; Ductility (Earth science); Alloy; Dislocation
SUP_136,Superalloys,Mechanical properties,Orientation dependence of plastic deformation in nickel-based single crystal superalloys: Discrete®Ccontinuous model simulations,Acta Materialia,2009,10.1016/j.actamat.2009.11.037,Materials science; Anisotropy; Superalloy; Slip (aerodynamics); Ultimate tensile strength; Plasticity; Microstructure; Flow stress; Single crystal; Dislocation
SUP_137,Superalloys,Mechanical properties,"Crack nucleation using combined crystal plasticity modelling, high-resolution digital image correlation and high-resolution electron backscatter diffraction in a superalloy containing non-metallic inclusions under fatigue",Proceedings of the Royal Society A Mathematical Physical and Engineering Sciences,2016,10.1098/rspa.2015.0792,Electron backscatter diffraction; Materials science; Digital image correlation; Nucleation; Plasticity; Microscale chemistry; Superalloy; Composite material; Residual stress; Microstructure
SUP_138,Superalloys,Mechanical properties,Microstructure and mechanical properties of a new nickel-based single crystal superalloy,Journal of Materials Research and Technology,2020,10.1016/j.jmrt.2020.08.032,Materials science; Superalloy; Microstructure; Ultimate tensile strength; Alloy; Single crystal; Composite material; Metallurgy; Volume fraction; Deformation (meteorology)
SUP_139,Superalloys,Mechanical properties,Influence of powder characteristics on the microstructure and mechanical properties of HIPped CM247LC Ni superalloy,Materials & Design,2019,10.1016/j.matdes.2019.107796,Materials science; Microstructure; Ultimate tensile strength; Metallurgy; Superalloy; Ductility (Earth science); Carbide; Particle size; Particle (ecology); Tensile testing
SUP_140,Superalloys,Mechanical properties,Effect of Post Processing Heat Treatment Routes on Microstructure and Mechanical Property Evolution of Haynes 282 Ni-Based Superalloy Fabricated with Selective Laser Melting (SLM),Metals,2020,10.3390/met10050629,Materials science; Superalloy; Microstructure; Selective laser melting; Hot isostatic pressing; Alloy; Ultimate tensile strength; Recrystallization (geology); Metallurgy; Ductility (Earth science)
SUP_141,Superalloys,Mechanical properties,An Evaluation on Machinability Characteristics of Titanium and Nickel Based Superalloys Used in Aerospace Industry,?malat Teknolojileri ve Uygulamalar?,2021,10.52795/mateca.940261,Superalloy; Machinability; Materials science; Metallurgy; Surface integrity; Machining; Aerospace; Corrosion; Tool wear; Creep
SUP_142,Superalloys,Mechanical properties,Grain refinement mechanism of nickel-based superalloy by severe plastic deformation - Mechanical machining case,Acta Materialia,2019,10.1016/j.actamat.2019.08.059,Materials science; Superalloy; Microstructure; Metallurgy; Nanocrystalline material; Severe plastic deformation; Machining; Grain size; Surface layer; Grain boundary
SUP_143,Superalloys,Mechanical properties,Assessment of mechanical properties and fatigue performance of a selective laser melted nickel-base superalloy Inconel 718,Materials Science and Engineering A,2019,10.1016/j.msea.2019.05.007,Superalloy; Materials science; Inconel; Selective laser melting; Microstructure; Alloy; Metallurgy; Composite material
SUP_144,Superalloys,Mechanical properties,Fatigue deformation in a polycrystalline nickel base superalloy at intermediate and high temperature: Competing failure modes,Acta Materialia,2018,10.1016/j.actamat.2018.03.035,Materials science; Superalloy; Crystallite; Metallurgy; Deformation (meteorology); Nickel; Fatigue testing; Base (topology); Composite material; Microstructure
SUP_145,Superalloys,Mechanical properties,Mechanical properties and lattice misfit of ¶√/¶√°‰ strengthened Co-base superalloys in the Co®CW®CAl®CTi quaternary system,Intermetallics,2014,10.1016/j.intermet.2014.07.006,Materials science; Solidus; Liquidus; Solvus; Superalloy; Ternary operation; Differential scanning calorimetry; Thermodynamics; Quaternary; Grain boundary
SUP_146,Superalloys,Mechanical properties,The effects of carbon content on the microstructure and elevated temperature tensile strength of a nickel-base superalloy,Materials Science and Engineering A,2010,10.1016/j.msea.2010.03.053,Eutectic system; Materials science; Carbide; Ultimate tensile strength; Superalloy; Microstructure; Metallurgy; Carbon fibers; Elongation; Volume fraction
SUP_147,Superalloys,Mechanical properties,"Microstructure, mechanical properties and cracking behaviour in a ¶√°‰-precipitation strengthened nickel-base superalloy fabricated by electron beam melting",Materials & Design,2018,10.1016/j.matdes.2018.08.054,Materials science; Superalloy; Microstructure; Cracking; Precipitation; Metallurgy; Intergranular corrosion; Hot isostatic pressing; Precipitation hardening; Dissolution
SUP_148,Superalloys,Mechanical properties,Influence of coarsened and rafted microstructures on the thermomechanical fatigue of a Ni-base superalloy,International Journal of Fatigue,2015,10.1016/j.ijfatigue.2015.08.001,Microstructure; Materials science; Superalloy; Creep; Raft; Perpendicular; Composite material; Stress (linguistics); Metallurgy; Geometry
SUP_149,Superalloys,Mechanical properties,Microstructure and mechanical properties of L12-strengthened Co®CNi®CFe-based superalloys,Materials Science and Engineering A,2023,10.1016/j.msea.2023.145276,Microstructure; Materials science; Intermetallic; Superalloy; Creep; Solvus; Cobalt; Metallurgy; Alloy
SUP_150,Superalloys,Mechanical properties,High-Temperature Mechanical Properties of IN718 Alloy: Comparison of Additive Manufactured and Wrought Samples,Crystals,2020,10.3390/cryst10080689,Alloy; Materials science; Ultimate tensile strength; Microstructure; Metallurgy; Superalloy; Laves phase; Indentation hardness; Scanning electron microscope; Ductility (Earth science)
SUP_151,Superalloys,Mechanical properties,Grain boundary properties of a nickel-based superalloy: Characterisation and modelling,Acta Materialia,2018,10.1016/j.actamat.2018.03.059,Materials science; Superalloy; Grain boundary; Representative elementary volume; Ductility (Earth science); Toughness; Grain boundary strengthening; Nickel; Grain size; Plasticity
SUP_152,Superalloys,Mechanical properties,Effect of Heat Treatment on Microstructure and Mechanical Properties of Inconel 625 Alloy Fabricated by Pulsed Plasma Arc Deposition,Physics Procedia,2013,10.1016/j.phpro.2013.11.010,Materials science; Microstructure; Laves phase; Inconel; Grain boundary; Ultimate tensile strength; Metallurgy; Alloy; Intermetallic; Composite material
SUP_153,Superalloys,Mechanical properties,Microstructural and mechanical approaches of the selective laser melting process applied to a nickel-base superalloy,Materials Science and Engineering A,2011,10.1016/j.msea.2011.11.092,Microstructure; Materials science; Superalloy; Nimonic; Selective laser melting; Metallurgy; Hardening (computing); Ultimate tensile strength; Precipitation hardening; Composite material
SUP_154,Superalloys,Mechanical properties,Superior high-temperature properties and deformation-induced planar faults in a novel L12-strengthened high-entropy alloy,Acta Materialia,2020,10.1016/j.actamat.2020.02.028,Materials science; High entropy alloys; Stacking fault; Superlattice; Intermetallic; Alloy; Atom probe; Ultimate tensile strength; Superalloy; Substructure
SUP_155,Superalloys,Mechanical properties,"Characterization of the Structure, Mechanical Properties and Erosive Resistance of the Laser Cladded Inconel 625-Based Coatings Reinforced by TiC Particles",Materials,2021,10.3390/ma14092225,Materials science; Superalloy; Inconel 625; Indentation hardness; Composite material; Metallurgy; Ultimate tensile strength; Carbide; Toughness; Metal matrix composite
SUP_156,Superalloys,Mechanical properties,Process optimisation of selective laser melting using energy density model for nickel based superalloys,Materials Science and Technology,2015,10.1179/1743284715y.0000000108,Superalloy; Materials science; Selective laser melting; Void (composites); Cracking; Energy density; Nickel; Process (computing); Metallurgy; Composite material
SUP_157,Superalloys,Mechanical properties,Effect of solution heat treatment on the microstructure and mechanical properties of Inconel 625 superalloy fabricated by laser solid forming,Journal of Alloys and Compounds,2018,10.1016/j.jallcom.2018.07.087,Materials science; Microstructure; Inconel; Superalloy; Inconel 625; Laves phase; Grain boundary; Ultimate tensile strength; Metallurgy; Recrystallization (geology)
SUP_158,Superalloys,Mechanical properties,Enhancing mechanical properties of wire + arc additively manufactured INCONEL 718 superalloy through in-process thermomechanical processing,Materials & Design,2018,10.1016/j.matdes.2018.10.038,Materials science; Superalloy; Inconel; Equiaxed crystals; Recrystallization (geology); Metallurgy; Thermomechanical processing; Grain size; Grain boundary; Composite material
SUP_159,Superalloys,Mechanical properties,Influence of heat treatment on the microstructure and tensile properties of Ni-base superalloy Haynes 282,Materials Science and Engineering A,2016,10.1016/j.msea.2016.10.048,Materials science; Grain boundary; Ductility (Earth science); Carbide; Microstructure; Metallurgy; Superalloy; Brittleness; Ultimate tensile strength; Grain size
SUP_160,Superalloys,Mechanical properties,Effect of magnetic Field on the microstructure and mechanical properties of inconel 625 superalloy fabricated by wire arc additive manufacturing,Journal of Manufacturing Processes,2021,10.1016/j.jmapro.2021.01.008,Materials science; Inconel 625; Inconel; Alloy; Microstructure; Superalloy; Ultimate tensile strength; Metallurgy; Magnetic field; Composite material
SUP_161,Superalloys,Mechanical properties,Selective laser melting of the hard-to-weld IN738LC superalloy: Efforts to mitigate defects and the resultant microstructural and mechanical properties,Journal of Alloys and Compounds,2019,10.1016/j.jallcom.2019.151662,Materials science; Selective laser melting; Superalloy; Ultimate tensile strength; Cracking; Turbine blade; Composite material; Welding; Alloy; Elongation
SUP_162,Superalloys,Mechanical properties,Effect of solution temperature on static recrystallization and ductility of Inconel 625 superalloy fabricated by directed energy deposition,Materials Science and Engineering A,2019,10.1016/j.msea.2019.138711,Materials science; Superalloy; Recrystallization (geology); Ultimate tensile strength; Metallurgy; Dynamic recrystallization; Inconel 625; Inconel; Laves phase; Microstructure
SUP_163,Superalloys,Mechanical properties,Microstructure of Carbides at Grain Boundaries in Nickel Based Superalloys,Journal of Material Science and Technology,2012,10.1016/s1005-0302(12)60169-8,Misorientation; Superalloy; Materials science; Carbide; Grain boundary; Microstructure; Metallurgy; Grain boundary strengthening; Nickel
SUP_164,Superalloys,Mechanical properties,Effect of deposition strategy on the microstructure and mechanical properties of Inconel 625 superalloy fabricated by pulsed plasma arc deposition,Materials & Design (1980-2015),2012,10.1016/j.matdes.2012.07.013,Microstructure; Materials science; Superalloy; Scanning electron microscope; Ultimate tensile strength; Metallurgy; Inconel; Laves phase; Deposition (geology); Inconel 625
SUP_165,Superalloys,Mechanical properties,Microstructure and mechanical behaviour of an advanced powder metallurgy nickel base superalloy processed through hot isostatic pressing route for aerospace applications,Materials Science and Engineering A,2020,10.1016/j.msea.2020.140254,Materials science; Superalloy; Hot isostatic pressing; Metallurgy; Powder metallurgy; Microstructure; Ultimate tensile strength; Electron backscatter diffraction; Near net shape; Alloy
SUP_166,Superalloys,Mechanical properties,Effect of hot cracking on the mechanical properties of Hastelloy X superalloy fabricated by laser powder bed fusion additive manufacturing,Optics & Laser Technology,2019,10.1016/j.optlastec.2019.105984,Materials science; Cracking; Superalloy; Ultimate tensile strength; Alloy; Intergranular corrosion; Composite material; Intermetallic; Compressive strength; Metallurgy
SUP_167,Superalloys,Mechanical properties,Nanoindentation studies of the mechanical properties of the ¶Ã phase in a creep deformed Re containing nickel-based superalloy,Materials Science and Engineering A,2015,10.1016/j.msea.2015.03.045,Creep; Superalloy; Materials science; Nanoindentation; Dendrite (mathematics); Nickel; Phase (matter); Work hardening; Ultimate tensile strength; Metallurgy
SUP_168,Superalloys,Mechanical properties,Metallurgical and mechanical examinations of steel®Ccopper joints arc welded using bronze and nickel-base superalloy filler materials,Materials & Design (1980-2015),2013,10.1016/j.matdes.2012.12.073,Materials science; Metallurgy; Welding; Filler metal; Bronze; Ultimate tensile strength; Copper; Alloy; Composite material; Shielded metal arc welding
SUP_169,Superalloys,Mechanical properties,Effect of interdiffusion on mechanical and thermal expansion properties at high temperature of a MCrAlY coated Ni-based superalloy,Surface and Coatings Technology,2016,10.1016/j.surfcoat.2016.08.059,Superalloy; Materials science; Ultimate tensile strength; Creep; Coating; Metallurgy; Substrate (aquarium); Nickel; Composite material; Thermal expansion
SUP_170,Superalloys,Mechanical properties,"Influences of solution cooling on microstructures, mechanical properties and hot corrosion resistance of a nickel-based superalloy",Materials Science and Engineering A,2019,10.1016/j.msea.2019.01.015,Superalloy; Materials science; Corrosion; Metallurgy; Microstructure; Ultimate tensile strength; Sulfidation; Grain boundary
SUP_171,Superalloys,Mechanical properties,Microstructure and Mechanical Properties of Precipitate Strengthened High Entropy Alloy Al10Co25Cr8Fe15Ni36Ti6 with Additions of Hafnium and Molybdenum,Entropy,2019,10.3390/e21020169,Microstructure; Materials science; Alloy; Superalloy; Molybdenum; Scanning electron microscope; High entropy alloys; Hafnium; Metallurgy; Ultimate tensile strength
SEM_001,Semiconductors,Electronic transport properties,CsSnI 3 : Semiconductor or Metal? High Electrical Conductivity and Strong Near-Infrared Photoluminescence from a Single Material. High Hole Mobility and Phase-Transitions,Journal of the American Chemical Society,2012,10.1021/ja301539s,Chemistry; Band gap; Photoluminescence; Orthorhombic crystal system; Condensed matter physics; Perovskite (structure); Electron mobility; Semiconductor; Direct and indirect band gaps; Electrical resistivity and conductivity
SEM_002,Semiconductors,Electronic transport properties,Extended carrier lifetimes and diffusion in hybrid perovskites revealed by Hall effect and photoconductivity measurements,Nature Communications,2016,10.1038/ncomms12253,Photoconductivity; Diffusion; Materials science; Hall effect; Optoelectronics; Condensed matter physics; Chemical physics; Chemistry; Physics; Electrical resistivity and conductivity
SEM_003,Semiconductors,Electronic transport properties,"Carrier transport and electronic structure in amorphous oxide semiconductor, a-InGaZnO4",Thin Solid Films,2005,10.1016/j.tsf.2004.11.223,Amorphous solid; Hall effect; Condensed matter physics; Semiconductor; Materials science; Effective mass (spring®Cmass system); Thermal conduction; Electron mobility; Percolation (cognitive psychology); Analytical Chemistry (journal)
SEM_004,Semiconductors,Electronic transport properties,High electrical conductivity and carrier mobility in oCVD PEDOT thin films by engineered crystallization and acid treatment,Science Advances,2018,10.1126/sciadv.aat5780,PEDOT:PSS; Crystallization; Materials science; Electrical resistivity and conductivity; Conductivity; Electron mobility; Polymer; Conductive polymer; Thin film; Chemical engineering
SEM_005,Semiconductors,Electronic transport properties,Carrier transport in transparent oxide semiconductor with intrinsic structural randomness probed using single-crystalline InGaO3(ZnO)5 films,Applied Physics Letters,2004,10.1063/1.1788897,Materials science; Condensed matter physics; Semiconductor; Thermal conduction; Electron mobility; Conductivity; Percolation (cognitive psychology); Electrical resistivity and conductivity; Oxide; Degenerate semiconductor
SEM_006,Semiconductors,Electronic transport properties,Thermopower enhancement in conducting polymer nanocomposites via carrier energy scattering at the organic®Cinorganic semiconductor interface,Energy & Environmental Science,2012,10.1039/c2ee21803h,Seebeck coefficient; Materials science; Thermoelectric effect; Organic semiconductor; Semiconductor; Nanocomposite; Optoelectronics; Scattering; Thermoelectric materials; Electron mobility
SEM_007,Semiconductors,Electronic transport properties,Distinct Impact of Alkali-Ion Doping on Electrical Transport Properties of Thermoelectric p -Type Polycrystalline SnSe,Journal of the American Chemical Society,2016,10.1021/jacs.6b04181,Seebeck coefficient; Doping; Thermoelectric effect; Crystallite; Chemistry; Thermoelectric materials; Condensed matter physics; Electron mobility; Electrical resistivity and conductivity; Phonon scattering
SEM_008,Semiconductors,Electronic transport properties,Electronic Structure and Carrier Mobility in Graphdiyne Sheet and Nanoribbons: Theoretical Predictions,ACS Nano,2011,10.1021/nn102472s,Semiconductor; Electron mobility; Density functional theory; Condensed matter physics; Materials science; Boltzmann constant; Relaxation (psychology); Boltzmann equation; Band gap; Electronic band structure
SEM_009,Semiconductors,Electronic transport properties,Strategy for Enhancing the Dielectric Constant of Organic Semiconductors Without Sacrificing Charge Carrier Mobility and Solubility,Advanced Functional Materials,2014,10.1002/adfm.201402244,Materials science; Organic semiconductor; Electron mobility; Organic solar cell; Solubility; Side chain; Polymer; Charge carrier; Dielectric; Semiconductor
SEM_010,Semiconductors,Electronic transport properties,High-mobility transport anisotropy and linear dichroism in few-layer black phosphorus,Nature Communications,2014,10.1038/ncomms5475,Materials science; Nanoelectronics; Electron mobility; Anisotropy; Monolayer; Band gap; Condensed matter physics; Semiconductor; Dichroism; Direct and indirect band gaps
SEM_011,Semiconductors,Electronic transport properties,"Investigation of the optical and electronic properties of Ge2Sb2Te5 phase change material in its amorphous, cubic, and hexagonal phases",Journal of Applied Physics,2005,10.1063/1.1884248,Amorphous solid; Photoconductivity; Materials science; Band gap; Semiconductor; Hexagonal phase; Condensed matter physics; Phase (matter); Absorption (acoustics); Optoelectronics
SEM_012,Semiconductors,Electronic transport properties,Long-Range Balanced Electron- and Hole-Transport Lengths in Organic-Inorganic CH 3 NH 3 PbI 3,Science,2013,10.1126/science.1243167,Diffusion; Nanometre; Exciton; Femtosecond; Materials science; Photovoltaics; Perovskite (structure); Electron; Range (aeronautics); Absorption (acoustics)
SEM_013,Semiconductors,Electronic transport properties,"Comprehensive Approach to Intrinsic Charge Carrier Mobility in Conjugated Organic Molecules, Macromolecules, and Supramolecular Architectures",Accounts of Chemical Research,2012,10.1021/ar200283b,Charge carrier; Organic electronics; Organic semiconductor; Semiconductor; Chemical physics; Materials science; Nanotechnology; Electron mobility; Transistor; Electronics
SEM_014,Semiconductors,Electronic transport properties,Charge transport in high-mobility conjugated polymers and molecular semiconductors,Nature Materials,2020,10.1038/s41563-020-0647-2,Semiconductor; Nanotechnology; Organic semiconductor; Bioelectronics; Charge carrier; Materials science; Electronics; van der Waals force; Molecular electronics; Chemical physics
SEM_015,Semiconductors,Electronic transport properties,A two-dimensional ¶–®Cd conjugated coordination polymer with extremely high electrical conductivity and ambipolar transport behaviour,Nature Communications,2015,10.1038/ncomms8408,Ambipolar diffusion; Materials science; Copper; Conjugated system; Dichloromethane; Polymer; Electrical resistivity and conductivity; Conductivity; Organic electronics; Electron
SEM_016,Semiconductors,Electronic transport properties,Charge carrier transport in organic semiconductors,Synthetic Metals,2003,10.1016/s0379-6779(02)00398-3,Condensed matter physics; Pentacene; Tetracene; Organic semiconductor; Charge carrier; Saturation velocity; Polaron; Electron mobility; Semiconductor; Rubrene
SEM_017,Semiconductors,Electronic transport properties,Carrier separation and transport in perovskite solar cells studied by nanometre-scale profiling of electrical potential,Nature Communications,2015,10.1038/ncomms9397,Perovskite (structure); Nanometre; Materials science; Energy conversion efficiency; Solar cell; Perovskite solar cell; Kelvin probe force microscope; Optoelectronics; Nanotechnology; Charge carrier
SEM_018,Semiconductors,Electronic transport properties,Zintl Phases as Thermoelectric Materials: Tuned Transport Properties of the Compounds Ca x Yb 1®C x Zn 2 Sb 2,Advanced Functional Materials,2005,10.1002/adfm.200500043,Thermoelectric effect; Materials science; Seebeck coefficient; Electrical resistivity and conductivity; Thermoelectric materials; Electron mobility; Doping; Thermal conductivity; Semiconductor; Dopant
SEM_019,Semiconductors,Electronic transport properties,Unveiling Electronic Properties in Metal®CPhthalocyanine-Based Pyrazine-Linked Conjugated Two-Dimensional Covalent Organic Frameworks,Journal of the American Chemical Society,2019,10.1021/jacs.9b07644,Chemistry; Pyrazine; Phthalocyanine; Conjugated system; Covalent bond; Metal-organic framework; Metal; Photochemistry; Combinatorial chemistry; Organic chemistry
SEM_020,Semiconductors,Electronic transport properties,Wide Bandgap Oxide Semiconductors: from Materials Physics to Optoelectronic Devices,Advanced Materials,2021,10.1002/adma.202006230,Materials science; Semiconductor; Nanotechnology; Thin-film transistor; Optoelectronics; Electronics; Oxide; Transistor; Band gap; Context (archaeology)
SEM_021,Semiconductors,Electronic transport properties,Intrinsic Electron Mobility Exceeding 10 3 cm 2 /(V s) in Multilayer InSe FETs,Nano Letters,2015,10.1021/acs.nanolett.5b00493,Electron mobility; Materials science; Optoelectronics; Field-effect transistor; Silicon; Substrate (aquarium); Hall effect; Photoconductivity; Graphene; Transistor
SEM_022,Semiconductors,Electronic transport properties,Charge-transport in tin-iodide perovskite CH3NH3SnI3: origin of high conductivity,Dalton Transactions,2011,10.1039/c0dt01601b,Iodide; Perovskite (structure); Tin; Conductivity; Charge (physics); Materials science; Chemical physics; Chemical engineering; Inorganic chemistry; Chemistry
SEM_023,Semiconductors,Electronic transport properties,A high-mobility electron-transporting polymer for printed transistors,Nature,2009,10.1038/nature07727,Materials science; Thin-film transistor; Transistor; Printed electronics; Semiconductor; Optoelectronics; Electron mobility; Electronics; Nanotechnology; Organic semiconductor
SEM_024,Semiconductors,Electronic transport properties,Charge carrier mobility in hybrid halide perovskites,Scientific Reports,2015,10.1038/srep12746,Tetragonal crystal system; Electron mobility; Relaxation (psychology); van der Waals force; Charge (physics); Materials science; Condensed matter physics; Electron; Chemical physics; Charge carrier
SEM_025,Semiconductors,Electronic transport properties,Electronic Structures Above Mobility Edges in Crystalline and Amorphous In-Ga-Zn-O: Percolation Conduction Examined by Analytical Model,Journal of Display Technology,2009,10.1109/jdt.2009.2022064,Percolation (cognitive psychology); Biology
SEM_026,Semiconductors,Electronic transport properties,Ballistic superconductivity in semiconductor nanowires,Nature Communications,2017,10.1038/ncomms16025,Nanowire; Superconductivity; MAJORANA; Semiconductor; Condensed matter physics; Andreev reflection; Ballistic conduction; Conductance; Quantum computer; Physics
SEM_027,Semiconductors,Electronic transport properties,"High electron mobility, quantum Hall effect and anomalous optical response in atomically thin InSe",Nature Nanotechnology,2016,10.1038/nnano.2016.242,Monolayer; Condensed matter physics; Materials science; Graphene; Semiconductor; Photoluminescence; Electron; Electron mobility; Band gap; Thin film
SEM_028,Semiconductors,Electronic transport properties,"Electronic structures and unusually robust bandgap in an ultrahigh-mobility layered oxide semiconductor, Bi 2 O 2 Se",Science Advances,2018,10.1126/sciadv.aat8355,Semiconductor; Band gap; Materials science; Oxide; Optoelectronics; Semiconductor materials; Wide-bandgap semiconductor; Nanotechnology
SEM_029,Semiconductors,Electronic transport properties,Weighted Mobility,Advanced Materials,2020,10.1002/adma.202001537,Seebeck coefficient; Electrical resistivity and conductivity; Materials science; Electron mobility; Semiconductor; Thermoelectric effect; Hall effect; Thermoelectric materials; Charge carrier; Condensed matter physics
SEM_030,Semiconductors,Electronic transport properties,Amorphous Oxide Semiconductors for High-Performance Flexible Thin-Film Transistors,Japanese Journal of Applied Physics,2006,10.1143/jjap.45.4303,Thin-film transistor; Materials science; Amorphous solid; Optoelectronics; Semiconductor; Electron mobility; Oxide; Layer (electronics); Transistor; Oxide thin-film transistor
SEM_031,Semiconductors,Electronic transport properties,Organic semiconductors: A theoretical characterization of the basic parameters governing charge transport,Proceedings of the National Academy of Sciences,2002,10.1073/pnas.092143399,Perylene; Organic semiconductor; Oligomer; Charge (physics); Chemical physics; Semiconductor; Polymer; Electron transport chain; Charge carrier; Characterization (materials science)
SEM_032,Semiconductors,Electronic transport properties,Tuning charge transport in solution-sheared organic semiconductors using lattice strain,Nature,2011,10.1038/nature10683,Organic semiconductor; Pentacene; Stacking; Semiconductor; Electron mobility; Materials science; Charge carrier; Chemical physics; Optoelectronics; Transistor
SEM_033,Semiconductors,Electronic transport properties,Tuning Orbital Energetics in Arylene Diimide Semiconductors. Materials Design for Ambient Stability of n-Type Charge Transport,Journal of the American Chemical Society,2007,10.1021/ja075242e,Diimide; Arylene; Chemistry; HOMO/LUMO; Perylene; Organic field-effect transistor; Crystallography; Stereochemistry; Field-effect transistor; Molecule
SEM_034,Semiconductors,Electronic transport properties,Structural control of mixed ionic and electronic transport in conducting polymers,Nature Communications,2016,10.1038/ncomms11287,Bioelectronics; Ionic bonding; Materials science; Ionic conductivity; Conductor; Ion; Chemical physics; Nanotechnology; Conductive polymer; Electroactive polymers
SEM_035,Semiconductors,Electronic transport properties,Electrical Transport Properties of Single-Layer WS2,ACS Nano,2014,10.1021/nn502362b,Materials science; Semiconductor; Optoelectronics; Variable-range hopping; Doping; Field-effect transistor; Annealing (glass); Fermi level; Transistor; Condensed matter physics
SEM_036,Semiconductors,Electronic transport properties,Molecular Electrical Doping of Organic Semiconductors: Fundamental Mechanisms and Emerging Dopant Design Rules,Accounts of Chemical Research,2016,10.1021/acs.accounts.5b00438,Dopant; Organic semiconductor; Doping; Semiconductor; Materials science; Nanotechnology; Chemical physics; Optoelectronics; Chemistry
SEM_037,Semiconductors,Electronic transport properties,Advances in hole transport materials engineering for stable and efficient perovskite solar cells,Nano Energy,2017,10.1016/j.nanoen.2017.02.025,Materials science; Perovskite (structure); Photovoltaic system; Electron mobility; Nanotechnology; Energy conversion efficiency; Optoelectronics; Solar cell; Engineering physics; Chemical engineering
SEM_038,Semiconductors,Electronic transport properties,Perovskite Solar Cells with ZnO Electron©\Transporting Materials,Advanced Materials,2017,10.1002/adma.201703737,Materials science; Perovskite (structure); Nanomaterials; Nanotechnology; Energy conversion efficiency; Electron mobility; Fabrication; Performance enhancement; Electron; Optoelectronics
SEM_039,Semiconductors,Electronic transport properties,"Thin-film metal oxides in organic semiconductor devices: their electronic structures, work functions and interfaces",NPG Asia Materials,2013,10.1038/am.2013.29,Materials science; Work function; Nanotechnology; Organic semiconductor; Thin film; Semiconductor; Electrode; Oxide; Optoelectronics; Charge carrier
SEM_040,Semiconductors,Electronic transport properties,From computational discovery to experimental characterization of a high hole mobility organic crystal,Nature Communications,2011,10.1038/ncomms1451,Characterization (materials science); Electron mobility; Organic semiconductor; Saturation velocity; Semiconductor; Materials science; Field-effect transistor; Nanotechnology; Transistor; Electronics
SEM_041,Semiconductors,Electronic transport properties,"Crystallography, Morphology, Electronic Structure, and Transport in Non-Fullerene/Non-Indacenodithienothiophene Polymer:Y6 Solar Cells",Journal of the American Chemical Society,2020,10.1021/jacs.0c05560,Chemistry; Polymer solar cell; Crystallinity; Annealing (glass); X-ray photoelectron spectroscopy; Photoactive layer; Fullerene; Chemical engineering; Organic solar cell; Dielectric spectroscopy
SEM_042,Semiconductors,Electronic transport properties,Measuring Hall viscosity of graphene°Øs electron fluid,Science,2019,10.1126/science.aau0685,Condensed matter physics; Graphene; Hall effect; Magnetic field; Viscosity; Electron; Physics; Magnetohydrodynamics; Anomaly (physics); Electric field
SEM_043,Semiconductors,Electronic transport properties,Band©\Like Electron Transport in Organic Transistors and Implication of the Molecular Structure for Performance Optimization,Advanced Materials,2011,10.1002/adma.201103960,Materials science; Polarizability; Transistor; Field-effect transistor; Organic semiconductor; Semiconductor; Optoelectronics; Electron transport chain; Electron mobility; Electron
SEM_044,Semiconductors,Electronic transport properties,Space-charge-limited electron and hole currents in hybrid organic-inorganic perovskites,Nature Communications,2020,10.1038/s41467-020-17868-0,Perovskite (structure); Space charge; Electron; Ionic bonding; Materials science; Semiconductor; Diode; Hysteresis; Charge carrier; Optoelectronics
SEM_045,Semiconductors,Electronic transport properties,A comprehensive device modelling of perovskite solar cell with inorganic copper iodide as hole transport material,Semiconductor Science and Technology,2018,10.1088/1361-6641/aaa596,Materials science; Energy conversion efficiency; Dopant; Doping; Solar cell; Perovskite solar cell; Perovskite (structure); Optoelectronics; Electron mobility; Fabrication
SEM_046,Semiconductors,Electronic transport properties,"Ionic amorphous oxide semiconductors: Material design, carrier transport, and device application",Journal of Non-Crystalline Solids,2006,10.1016/j.jnoncrysol.2006.01.073,Materials science; Amorphous solid; Thin-film transistor; Ionic bonding; Pentacene; Semiconductor; Substrate (aquarium); Fabrication; Transistor; Field-effect transistor
SEM_047,Semiconductors,Electronic transport properties,Effect of Electronic Polarization on Charge-Transport Parameters in Molecular Organic Semiconductors,Journal of the American Chemical Society,2006,10.1021/ja061827h,Chemistry; Pentacene; Dimer; Chemical physics; Intermolecular force; van der Waals force; Organic semiconductor; Molecular physics; Polarization (electrochemistry); Molecule
SEM_048,Semiconductors,Electronic transport properties,Ambipolar MoS2 Thin Flake Transistors,Nano Letters,2012,10.1021/nl2021575,Ambipolar diffusion; Electron mobility; Materials science; Transistor; Optoelectronics; Semiconductor; Field-effect transistor; Graphene; Nanotechnology; Fabrication
SEM_049,Semiconductors,Electronic transport properties,Resistivity of polycrystalline zinc oxide films: current status and physical limit,Journal of Physics D Applied Physics,2001,10.1088/0022-3727/34/21/301,Zinc; Materials science; Silicon; Electrical resistivity and conductivity; Oxide; Analytical Chemistry (journal); Transparent conducting film; Sputter deposition; Thin film; Impurity
SEM_050,Semiconductors,Electronic transport properties,Approaching ballistic transport in suspended graphene,Nature Nanotechnology,2008,10.1038/nnano.2008.199,Graphene; Materials science; Semiconductor; Condensed matter physics; Substrate (aquarium); Electron mobility; Charge carrier; Ballistic conduction; Graphene nanoribbons; Conductivity
SEM_051,Semiconductors,Electronic transport properties,Ultra-wide bandgap semiconductor Ga2O3 power diodes,Nature Communications,2022,10.1038/s41467-022-31664-y,Figure of merit; Optoelectronics; Diode; Materials science; Doping; Band gap; Semiconductor; Breakdown voltage; Wide-bandgap semiconductor; Power semiconductor device
SEM_052,Semiconductors,Electronic transport properties,Defect Tolerance to Intolerance in the Vacancy-Ordered Double Perovskite Semiconductors Cs2SnI6 and Cs2TeI6,Journal of the American Chemical Society,2016,10.1021/jacs.6b03207,Chemistry; Vacancy defect; Band gap; Crystallography; Density functional theory; Electronic structure; Perovskite (structure); Semiconductor; Hybrid functional; Octahedron
SEM_053,Semiconductors,Electronic transport properties,Free-electron gas at charged domain walls in insulating BaTiO3,Nature Communications,2013,10.1038/ncomms2839,Condensed matter physics; Fermi gas; Magnetoresistance; Degenerate energy levels; Electron; Materials science; Semiconductor; Polarization (electrochemistry); Homogeneous; Ferroelectricity
SEM_054,Semiconductors,Electronic transport properties,High thermoelectric performance of oxyselenides: intrinsically low thermal conductivity of Ca-doped BiCuSeO,NPG Asia Materials,2013,10.1038/am.2013.15,Materials science; Seebeck coefficient; Thermoelectric effect; Thermal conductivity; Thermoelectric materials; Electrical resistivity and conductivity; Condensed matter physics; Doping; Crystallite; Bismuth
SEM_055,Semiconductors,Electronic transport properties,Anisotropic intrinsic lattice thermal conductivity of phosphorene from first principles,Physical Chemistry Chemical Physics,2014,10.1039/c4cp04858j,Phosphorene; Phonon; Thermal conductivity; Anisotropy; Mean free path; Lattice (music)
SEM_056,Semiconductors,Optoelectronic properties,"Semiconductor quantum dots and related systems: Electronic, optical, luminescence and related properties of low dimensional systems",Advances In Physics,2001,10.1080/00018730010006608,Quantum dot; Semiconductor; Luminescence; Materials science; Optoelectronics; Condensed matter physics; Physics
SEM_057,Semiconductors,Optoelectronic properties,Optical Properties and Band Gap of Single- and Few-Layer MoTe 2 Crystals,Nano Letters,2014,10.1021/nl502557g,Photoluminescence; Monolayer; Band gap; Materials science; Semiconductor; Raman scattering; Direct and indirect band gaps; Absorption (acoustics); Raman spectroscopy; Optoelectronics
SEM_058,Semiconductors,Optoelectronic properties,Optical tuning of exciton and trion emissions in monolayer phosphorene,Light Science & Applications,2015,10.1038/lsa.2015.85,Phosphorene; Trion; Monolayer; Exciton; Materials science; Semiconductor; Photoluminescence; Binding energy; Band gap; Substrate (aquarium)
SEM_059,Semiconductors,Optoelectronic properties,High Photoluminescence Efficiency and Optically Pumped Lasing in Solution-Processed Mixed Halide Perovskite Semiconductors,The Journal of Physical Chemistry Letters,2014,10.1021/jz5005285,Lasing threshold; Halide; Photoluminescence; Perovskite (structure); Materials science; Semiconductor; Optoelectronics; Optics; Inorganic chemistry; Chemistry
SEM_060,Semiconductors,Optoelectronic properties,Fluorographene: A Wide Bandgap Semiconductor with Ultraviolet Luminescence,ACS Nano,2011,10.1021/nn1025274,Graphene; Materials science; Photoluminescence; Band gap; Spectroscopy; Raman spectroscopy; Optoelectronics; Soft X-ray emission spectroscopy; Fourier transform infrared spectroscopy; Absorption (acoustics)
SEM_061,Semiconductors,Optoelectronic properties,Enhanced Light Emission from Large-Area Monolayer MoS2 Using Plasmonic Nanodisc Arrays,Nano Letters,2015,10.1021/acs.nanolett.5b00407,Photonics; Monolayer; Optoelectronics; Materials science; Plasmon; Photodetector; Light emission; Electronics; Absorption (acoustics); Nanophotonics
SEM_062,Semiconductors,Optoelectronic properties,"Semiconductor Nanocrystals: Structure, Properties, and Band Gap Engineering",Accounts of Chemical Research,2009,10.1021/ar9001069,Semiconductor; Materials science; Nanocrystal; Charge carrier; Optoelectronics; Nanotechnology; Quantum dot; Band gap; Multiple exciton generation
SEM_063,Semiconductors,Optoelectronic properties,"Defects activated photoluminescence in two-dimensional semiconductors: interplay between bound, charged and free excitons",Scientific Reports,2013,10.1038/srep02657,Semiconductor; Photoluminescence; Exciton; Materials science; Condensed matter physics; Charge carrier; Annealing (glass); Band gap; Vacancy defect; Monolayer
SEM_064,Semiconductors,Optoelectronic properties,Single-exciton optical gain in semiconductor nanocrystals,Nature,2007,10.1038/nature05839,Auger effect; Exciton; Quantum dot; Photoluminescence; Spontaneous emission; Biexciton; Absorption (acoustics); Nanocrystal; Stimulated emission; Materials science
SEM_065,Semiconductors,Optoelectronic properties,Engineering light absorption in semiconductor nanowire devices,Nature Materials,2009,10.1038/nmat2477,Photodetector; Nanowire; Optoelectronics; Semiconductor; Materials science; Absorption (acoustics); Photon; Photonics; Nanostructure; Germanium
SEM_066,Semiconductors,Optoelectronic properties,Analytical model for the optical functions of amorphous semiconductors from the near-infrared to ultraviolet: Applications in thin film photovoltaics,Journal of Applied Physics,2002,10.1063/1.1497462,Band gap; Kramers®CKronig relations; Amorphous silicon; Silicon; Materials science; Semiconductor; Thin film; Optics; Photovoltaics; Refractive index
SEM_067,Semiconductors,Optoelectronic properties,Enhancing the Photoelectric Performance of Photodetectors Based on Metal Oxide Semiconductors by Charge©\Carrier Engineering,Advanced Functional Materials,2019,10.1002/adfm.201807672,Materials science; Photoelectric effect; Photodetector; Optoelectronics; Semiconductor; Charge carrier; Heterojunction; Oxide
SEM_068,Semiconductors,Optoelectronic properties,Optical Properties of 2D Semiconductor WS2,Advanced Optical Materials,2017,10.1002/adom.201700767,Exciton; Valleytronics; Semiconductor; Materials science; Optoelectronics; Light emission; Monolayer; Nanoelectronics; Biexciton; Trion
SEM_069,Semiconductors,Optoelectronic properties,Recent Progress on Electrical and Optical Manipulations of Perovskite Photodetectors,Advanced Science,2021,10.1002/advs.202100569,Photodetector; Perovskite (structure); Materials science; Optoelectronics; Nanotechnology; Chemical engineering; Engineering
SEM_070,Semiconductors,Optoelectronic properties,Unusual properties of the fundamental band gap of InN,Applied Physics Letters,2002,10.1063/1.1482786,Photoluminescence; Wurtzite crystal structure; Blueshift; Band gap; Materials science; Sapphire; Wide-bandgap semiconductor; Molecular beam epitaxy; Optoelectronics; Absorption (acoustics)
SEM_071,Semiconductors,Optoelectronic properties,"Nanocrystals of Cesium Lead Halide Perovskites (CsPbX 3 , X = Cl, Br, and I): Novel Optoelectronic Materials Showing Bright Emission with Wide Color Gamut",Nano Letters,2015,10.1021/nl5048779,Photoluminescence; Materials science; Halide; Nanocrystal; Perovskite (structure); Optoelectronics; Quantum dot; Chalcogenide; Oleylamine; Nanotechnology
SEM_072,Semiconductors,Optoelectronic properties,Few-Layer MoS 2 with High Broadband Photogain and Fast Optical Switching for Use in Harsh Environments,ACS Nano,2013,10.1021/nn305301b,Broadband; Materials science; Layer (electronics); Optoelectronics; Optical switch; Nanotechnology; Telecommunications; Computer science
SEM_073,Semiconductors,Optoelectronic properties,Optical Cavity Effects in ZnO Nanowire Lasers and Waveguides,The Journal of Physical Chemistry B,2003,10.1021/jp034482n,Materials science; Lasing threshold; Nanowire; Fluence; Optoelectronics; Photoluminescence; Laser; Exciton; Optics; Wavelength
SEM_074,Semiconductors,Optoelectronic properties,Strain engineering of 2D semiconductors and graphene: from strain fields to band-structure tuning and photonic applications,Light Science & Applications,2020,10.1038/s41377-020-00421-5,Strain engineering; Graphene; Materials science; Photonics; Semiconductor; Raman spectroscopy; Strain (injury); Band gap; Nanotechnology; Optoelectronics
SEM_075,Semiconductors,Optoelectronic properties,Tin DisulfideAn Emerging Layered Metal Dichalcogenide Semiconductor: Materials Properties and Device Characteristics,ACS Nano,2014,10.1021/nn504481r,Materials science; Raman spectroscopy; Optoelectronics; Monolayer; Tin; Semiconductor; Band gap; Molybdenum disulfide; Raman scattering; Nanotechnology
SEM_076,Semiconductors,Optoelectronic properties,Controlled Synthesis of 2D Palladium Diselenide for Sensitive Photodetector Applications,Advanced Functional Materials,2018,10.1002/adfm.201806878,Materials science; Responsivity; Diselenide; Tungsten diselenide; Photodetector; Raman spectroscopy; Optoelectronics; Graphene; Monolayer; Palladium
SEM_077,Semiconductors,Optoelectronic properties,"Colloidal lead halide perovskite nanocrystals: synthesis, optical properties and applications",NPG Asia Materials,2016,10.1038/am.2016.167,Perovskite (structure); Materials science; Photoluminescence; Lasing threshold; Optoelectronics; Light-emitting diode; Nanocrystal; Quantum dot; Band gap; Halide
SEM_078,Semiconductors,Optoelectronic properties,Equally Efficient Interlayer Exciton Relaxation and Improved Absorption in Epitaxial and Nonepitaxial MoS 2 /WS 2 Heterostructures,Nano Letters,2014,10.1021/nl5038177,Exciton; Heterojunction; Materials science; Epitaxy; Absorption (acoustics); Relaxation (psychology); Optoelectronics; Condensed matter physics; Nanotechnology; Composite material
SEM_079,Semiconductors,Optoelectronic properties,Giant photoluminescence enhancement in tungsten-diselenide®Cgold plasmonic hybrid structures,Nature Communications,2016,10.1038/ncomms11283,Photoluminescence; Plasmon; Materials science; Tungsten diselenide; Optoelectronics; Nanotechnology; Photonics; Nanostructure; Absorption (acoustics); Transition metal
SEM_080,Semiconductors,Optoelectronic properties,Rational Design of Charge-Transfer Interactions in Halogen-Bonded Co-crystals toward Versatile Solid-State Optoelectronics,Journal of the American Chemical Society,2015,10.1021/jacs.5b05586,Stacking; Chemistry; Photoluminescence; Exciton; Luminescence; Excited state; Crystal (programming language); Density functional theory; Acceptor; Crystal engineering
SEM_081,Semiconductors,Optoelectronic properties,Two-Photon Absorption in Organometallic Bromide Perovskites,ACS Nano,2015,10.1021/acsnano.5b03308,Trihalide; Materials science; Optoelectronics; Semiconductor; Perovskite (structure); Photoluminescence; Band gap; Absorption (acoustics); Photonics; Epitaxy
SEM_082,Semiconductors,Optoelectronic properties,Blueshift of optical band gap in ZnO thin films grown by metal-organic chemical-vapor deposition,Journal of Applied Physics,2005,10.1063/1.1940137,Photoluminescence; Blueshift; Amorphous solid; Materials science; Thin film; Annealing (glass); Band gap; Chemical vapor deposition; Analytical Chemistry (journal); Optoelectronics
SEM_083,Semiconductors,Optoelectronic properties,Reinventing germanium avalanche photodetector for nanophotonic on-chip optical interconnects,Nature,2010,10.1038/nature08813,Germanium; Optoelectronics; Photodetector; Avalanche photodiode; Avalanche breakdown; Noise (video); Materials science; Nanophotonics; Avalanche diode; Transistor
SEM_084,Semiconductors,Optoelectronic properties,Photonics and optoelectronics using nano-structured hybrid perovskite media and their optical cavities,Physics Reports,2019,10.1016/j.physrep.2019.01.005,Photonics; Perovskite (structure); Optoelectronics; Nanophotonics; Plasmon; Photodetector; Physics; Charge carrier; Photoactive layer; Semiconductor
SEM_085,Semiconductors,Optoelectronic properties,Organic narrowband near-infrared photodetectors based on intermolecular charge-transfer absorption,Nature Communications,2017,10.1038/ncomms15421,Photodetection; Optoelectronics; Intermolecular force; Materials science; Absorption (acoustics); Photocurrent; Acceptor; Narrowband; Quantum efficiency; Charge (physics)
SEM_086,Semiconductors,Optoelectronic properties,Room-temperature sub-band gap optoelectronic response of hyperdoped silicon,Nature Communications,2014,10.1038/ncomms4011,Materials science; Silicon; Optoelectronics; Dopant; Band gap; Infrared; Crystal (programming language); Impurity; Doping; Optics
SEM_087,Semiconductors,Optoelectronic properties,Optical band gap and the Burstein®CMoss effect in iodine doped PbTe using diffuse reflectance infrared Fourier transform spectroscopy,New Journal of Physics,2013,10.1088/1367-2630/15/7/075020,Band gap; Doping; Physics; Condensed matter physics; Semiconductor; Drude model; Infrared; Renormalization; Direct and indirect band gaps; Semimetal
SEM_088,Semiconductors,Optoelectronic properties,Ge-Photodetectors for Si-Based Optoelectronic Integration,Sensors,2011,10.3390/s110100696,Photodetector; Optoelectronics; Photonics; Materials science; Chip; Wafer; Computer science; Telecommunications; Optics; Physics
SEM_089,Semiconductors,Optoelectronic properties,Quantification of re-absorption and re-emission processes to determine photon recycling efficiency in perovskite single crystals,Nature Communications,2017,10.1038/ncomms14417,Absorption (acoustics); Photon; Optoelectronics; Materials science; Perovskite (structure); Halide; Photovoltaics; Photovoltaic system; Polarization (electrochemistry); Energy conversion efficiency
SEM_090,Semiconductors,Optoelectronic properties,Sol®Cgel synthesized zinc oxide nanorods and their structural and optical investigation for optoelectronic application,Nanoscale Research Letters,2014,10.1186/1556-276x-9-429,Wurtzite crystal structure; Materials science; Nanorod; Photoluminescence; Band gap; Scanning electron microscope; Zinc; Fourier transform infrared spectroscopy; Diffraction; Spectroscopy
SEM_091,Semiconductors,Optoelectronic properties,"Quantum dot optoelectronic devices: lasers, photodetectors and solar cells",Journal of Physics D Applied Physics,2015,10.1088/0022-3727/48/36/363001,Quantum dot; Photodetector; Optoelectronics; Quantum dot laser; Laser; Physics; Materials science; Nanotechnology; Semiconductor; Semiconductor laser theory
SEM_092,Semiconductors,Optoelectronic properties,Strong interlayer coupling in van der Waals heterostructures built from single-layer chalcogenides,Proceedings of the National Academy of Sciences,2014,10.1073/pnas.1405435111,Heterojunction; Semiconductor; van der Waals force; Photoluminescence; Materials science; Optoelectronics; Band gap; Dielectric; Direct and indirect band gaps; Condensed matter physics
SEM_093,Semiconductors,Optoelectronic properties,Effects of crystallization and dopant concentration on the emission behavior of TiO2:Eu nanophosphors,Nanoscale Research Letters,2012,10.1186/1556-276x-7-1,Materials science; Photoluminescence; Anatase; Dopant; Europium; Crystallinity; Amorphous solid; Raman spectroscopy; Analytical Chemistry (journal); Crystallite
SEM_094,Semiconductors,Optoelectronic properties,Ruddlesden®CPopper Hybrid Lead Iodide Perovskite 2D Homologous Semiconductors,Chemistry of Materials,2016,10.1021/acs.chemmater.6b00847,Orthorhombic crystal system; Perovskite (structure); Iodide; Materials science; Halide; Crystallography; Crystal structure; Semiconductor; Density functional theory; Crystal (programming language)
SEM_095,Semiconductors,Optoelectronic properties,Highly Dynamic Ligand Binding and Light Absorption Coefficient of Cesium Lead Bromide Perovskite Nanocrystals,ACS Nano,2016,10.1021/acsnano.5b06295,Perovskite (structure); Photoluminescence; Oleylamine; Halide; Absorption (acoustics); Quantum yield; Context (archaeology); Nanocrystal; Ligand (biochemistry); Absorption spectroscopy
SEM_096,Semiconductors,Optoelectronic properties,Air-Stable In-Plane Anisotropic GeSe2 for Highly Polarization-Sensitive Photodetection in Short Wave Region,Journal of the American Chemical Society,2018,10.1021/jacs.8b01234,Photodetection; Anisotropy; Band gap; Polarization (electrochemistry); Semiconductor; Chemistry; Photodetector; Condensed matter physics; Optoelectronics; Optics
SEM_097,Semiconductors,Optoelectronic properties,Controllable synthesis of molybdenum tungsten disulfide alloy for vertically composition-controlled multilayer,Nature Communications,2015,10.1038/ncomms8817,Materials science; Molybdenum disulfide; Raman spectroscopy; Alloy; Tungsten; Photocurrent; Optoelectronics; Tungsten disulfide; Band gap; Molybdenum
SEM_098,Semiconductors,Optoelectronic properties,Low-threshold amplified spontaneous emission and lasing from colloidal nanocrystals of caesium lead halide perovskites,Nature Communications,2015,10.1038/ncomms9056,Lasing threshold; Materials science; Halide; Nanocrystal; Perovskite (structure); Optoelectronics; Whispering-gallery wave; Photoluminescence; Nanolaser; Microcrystalline
SEM_099,Semiconductors,Optoelectronic properties,Control of Photoluminescence Properties of CdSe Nanocrystals in Growth,Journal of the American Chemical Society,2002,10.1021/ja017002j,Photoluminescence; Nanocrystal; Chemistry; Quantum yield; Luminescence; Nanotechnology; Semiconductor; Quantum dot; Analytical Chemistry (journal); Optoelectronics
SEM_100,Semiconductors,Optoelectronic properties,Atomically Thin Arsenene and Antimonene: Semimetal®CSemiconductor and Indirect®CDirect Band©\Gap Transitions,Angewandte Chemie International Edition,2015,10.1002/anie.201411246,Semiconductor; Semimetal; Band gap; Materials science; Optoelectronics; Direct and indirect band gaps; Wide-bandgap semiconductor; Transistor; Nanotechnology; Physics
SEM_101,Semiconductors,Optoelectronic properties,Thermally Driven Crossover from Indirect toward Direct Bandgap in 2D Semiconductors: MoSe 2 versus MoS 2,Nano Letters,2012,10.1021/nl302584w,Band gap; Semiconductor; Materials science; Photoluminescence; Direct and indirect band gaps; Optoelectronics; Wide-bandgap semiconductor; Condensed matter physics; Crossover; Nanotechnology
SEM_102,Semiconductors,Optoelectronic properties,Carbon-nanotube photonics and optoelectronics,Nature Photonics,2008,10.1038/nphoton.2008.94,Carbon nanotube; Materials science; Photonics; Nanotechnology; Semiconductor; Optoelectronics; Exciton; Light emission; Photodetector; Band gap
SEM_103,Semiconductors,Optoelectronic properties,Exciton physics and device application of two-dimensional transition metal dichalcogenide semiconductors,npj 2D Materials and Applications,2018,10.1038/s41699-018-0074-2,Exciton; Semiconductor; Transition metal; Coupling (piping); Biexciton; Band gap; Infrared
SEM_104,Semiconductors,Optoelectronic properties,CH 3 NH 3 PbCl 3 Single Crystals: Inverse Temperature Crystallization and Visible-Blind UV-Photodetector,The Journal of Physical Chemistry Letters,2015,10.1021/acs.jpclett.5b01666,Photodetector; Materials science; Band gap; Optoelectronics; Charge carrier; Crystallite; Crystal (programming language); Crystallization; Iodide; Semiconductor
SEM_105,Semiconductors,Optoelectronic properties,Thin single crystal perovskite solar cells to harvest below-bandgap light absorption,Nature Communications,2017,10.1038/s41467-017-02039-5,Triiodide; Perovskite (structure); Materials science; Optoelectronics; Band gap; Absorption (acoustics); Energy conversion efficiency; Crystallite; Crystal (programming language); Solar cell
SEM_106,Semiconductors,Optoelectronic properties,Towards lead-free perovskite photovoltaics and optoelectronics by ab-initio simulations,Scientific Reports,2017,10.1038/s41598-017-13172-y,Perovskite (structure); Halide; Materials science; Band gap; Semiconductor; Photovoltaics; Optoelectronics; Solar cell; Direct and indirect band gaps; Density functional theory
SEM_107,Semiconductors,Optoelectronic properties,Controlled Synthesis and Optical Properties of Colloidal Ternary Chalcogenide CuInS2 Nanocrystals,Chemistry of Materials,2008,10.1021/cm8006827,Photoluminescence; Materials science; X-ray photoelectron spectroscopy; Spectroscopy; Nanoparticle; Absorption spectroscopy; Quantum dot; Analytical Chemistry (journal); Nanocrystal; Absorption (acoustics)
SEM_108,Semiconductors,Optoelectronic properties,Atomically thin noble metal dichalcogenide: a broadband mid-infrared semiconductor,Nature Communications,2018,10.1038/s41467-018-03935-0,Mercury cadmium telluride; Optoelectronics; Infrared; Materials science; Semiconductor; Indium antimonide; Band gap; Photoconductivity; Superlattice; Optics
SEM_109,Semiconductors,Optoelectronic properties,"Phosphorene: Synthesis, Scale-Up, and Quantitative Optical Spectroscopy",ACS Nano,2015,10.1021/acsnano.5b02599,Phosphorene; Materials science; Spectroscopy; Nanotechnology; Scale (ratio); Optoelectronics; Graphene; Physics
SEM_110,Semiconductors,Optoelectronic properties,Optoelectronic crystal of artificial atoms in strain-textured molybdenum disulphide,Nature Communications,2015,10.1038/ncomms8381,Materials science; Monolayer; Optoelectronics; Semiconductor; Exciton; Photocurrent; Molybdenum; Crystal (programming language); Band gap; Photovoltaics
SEM_111,Semiconductors,Device performance and reliability,Power Cycling Test Methods for Reliability Assessment of Power Device Modules in Respect to Temperature Stress,IEEE Transactions on Power Electronics,2017,10.1109/tpel.2017.2690500,Power cycling; Reliability (semiconductor); Reliability engineering; Temperature cycling; Stress (linguistics); Power (physics); Cycling; Stress test; Power module; Electronic engineering
SEM_112,Semiconductors,Device performance and reliability,Device Physics of Solution©\Processed Organic Field©\Effect Transistors,Advanced Materials,2005,10.1002/adma.200501152,Materials science; Organic semiconductor; Transistor; Field-effect transistor; Organic electronics; Nanotechnology; Reliability (semiconductor); Engineering physics; Charge (physics); Semiconductor
SEM_113,Semiconductors,Device performance and reliability,Procedures and Practices for Evaluating Thin©\Film Solar Cell Stability,Advanced Energy Materials,2015,10.1002/aenm.201501407,Photovoltaic system; Durability; Reliability (semiconductor); Materials science; Degradation (telecommunications); Stress (linguistics); Engineering physics; Solar cell; Stability (learning theory); Reliability engineering
SEM_114,Semiconductors,Device performance and reliability,Reliability of Organic Field©\Effect Transistors,Advanced Materials,2009,10.1002/adma.200901136,Materials science; Reliability (semiconductor); Transistor; Organic semiconductor; Dielectric; Organic electronics; Optoelectronics; Stress (linguistics); Engineering physics; Duty cycle
SEM_115,Semiconductors,Device performance and reliability,Thermal Loading and Lifetime Estimation for Power Device Considering Mission Profiles in Wind Power Converter,IEEE Transactions on Power Electronics,2014,10.1109/tpel.2014.2312335,Wind power; Power (physics); Power optimizer; Turbine; Reliability (semiconductor); Power semiconductor device; Power module; Automotive engineering; Power electronics; Electrical engineering
SEM_116,Semiconductors,Device performance and reliability,Instabilities in Amorphous Oxide Semiconductor Thin-Film Transistors,IEEE Transactions on Device and Materials Reliability,2010,10.1109/tdmr.2010.2069561,Thin-film transistor; Reliability (semiconductor); Passivation; Electronics; Materials science; Transistor; Optoelectronics; Amorphous solid; Electrical engineering; Nanotechnology
SEM_117,Semiconductors,Device performance and reliability,The Blue Problem: OLED Stability and Degradation Mechanisms,The Journal of Physical Chemistry Letters,2024,10.1021/acs.jpclett.3c03317,OLED; Degradation (telecommunications); Computer science; Materials science; Nanotechnology; Telecommunications
SEM_118,Semiconductors,Device performance and reliability,Influence of PEDOT:PSS crystallinity and composition on electrochemical transistor performance and long-term stability,Nature Communications,2018,10.1038/s41467-018-06084-6,Bioelectronics; Crystallinity; Materials science; PEDOT:PSS; Aqueous solution; Capacitance; Electrochemistry; Chemical engineering; Nanotechnology; Transconductance
SEM_119,Semiconductors,Device performance and reliability,Liquid-Crystalline Semiconducting Copolymers with Intramolecular Donor?Acceptor Building Blocks for High-Stability Polymer Transistors,Journal of the American Chemical Society,2009,10.1021/ja8095569,Chemistry; Intramolecular force; Copolymer; Polymer; Acceptor; Transistor; Polymer chemistry; Stereochemistry; Organic chemistry; Voltage
SEM_120,Semiconductors,Device performance and reliability,2D semiconductors for specific electronic applications: from device to system,npj 2D Materials and Applications,2022,10.1038/s41699-022-00327-3,Semiconductor; Heterojunction; Transistor; Materials science; Computer science; Computation; Electronics; Nanotechnology; Electronic systems; Electronic engineering
SEM_121,Semiconductors,Device performance and reliability,Stability of Perovskite Solar Cells: Degradation Mechanisms and Remedies,Frontiers in Electronics,2021,10.3389/felec.2021.712785,Perovskite (structure); Degradation (telecommunications); Solar cell; Reliability (semiconductor); Nanotechnology; Photovoltaic system; Materials science; Stability (learning theory); Photovoltaics; Engineering physics
SEM_122,Semiconductors,Device performance and reliability,Complete Loss and Thermal Model of Power Semiconductors Including Device Rating Information,IEEE Transactions on Power Electronics,2014,10.1109/tpel.2014.2352341,Semiconductor device; Power semiconductor device; Reliability engineering; Power (physics); Semiconductor; Thermal; Electrical engineering; Electronic engineering; Engineering physics; Computer science
SEM_123,Semiconductors,Device performance and reliability,Recent progress in high performance and reliable n-type transition metal oxide-based thin film transistors,Semiconductor Science and Technology,2015,10.1088/0268-1242/30/2/024002,Materials science; Optoelectronics; Thin-film transistor; Transistor; Ohmic contact; Etching (microfabrication); Oxide; Diode; Nanotechnology; Computer science
SEM_124,Semiconductors,Device performance and reliability,Advanced Accelerated Power Cycling Test for Reliability Investigation of Power Device Modules,IEEE Transactions on Power Electronics,2016,10.1109/tpel.2016.2521899,Power cycling; Reliability (semiconductor); Reliability engineering; Power (physics); Cycling; Temperature cycling; Electrical engineering; Test (biology); Power module; Engineering
SEM_125,Semiconductors,Device performance and reliability,Characterization of interface states in Al2O3/AlGaN/GaN structures for improved performance of high-electron-mobility transistors,Journal of Applied Physics,2013,10.1063/1.4859576,Materials science; Optoelectronics; Transistor; Semiconductor; Wide-bandgap semiconductor; Threshold voltage; Electron mobility; High-electron-mobility transistor; Condensed matter physics; Voltage
SEM_126,Semiconductors,Device performance and reliability,Present status of amorphous In®CGa®CZn®CO thin-film transistors,Science and Technology of Advanced Materials,2010,10.1088/1468-6996/11/4/044305,Materials science; Thin-film transistor; Amorphous solid; Thin film; Optoelectronics; Transistor; Nanotechnology; Engineering physics; Metallurgy; Crystallography
SEM_127,Semiconductors,Device performance and reliability,A high performance wearable strain sensor with advanced thermal management for motion monitoring,Nature Communications,2020,10.1038/s41467-020-17301-6,Wearable computer; Thermal management of electronic devices and systems; Strain (injury); Motion sensors; Wearable technology; Motion (physics); Computer science; Medicine; Embedded system; Mechanical engineering
SEM_128,Semiconductors,Device performance and reliability,High-performance solution-processed polymer ferroelectric field-effect transistors,Nature Materials,2005,10.1038/nmat1329,Materials science; Ferroelectricity; Semiconductor; Optoelectronics; Transistor; Fluoropolymer; Field-effect transistor; Dielectric; Insulator (electricity); Non-volatile memory
SEM_129,Semiconductors,Device performance and reliability,Highly Oriented Low-Dimensional Tin Halide Perovskites with Enhanced Stability and Photovoltaic Performance,Journal of the American Chemical Society,2017,10.1021/jacs.7b01815,Perovskite (structure); Halide; Chemistry; Photovoltaic system; Tin; Energy conversion efficiency; Band gap; Optoelectronics; Electrode; Photovoltaics
SEM_130,Semiconductors,Device performance and reliability,Semiconductors for organic transistors,Materials Today,2007,10.1016/s1369-7021(07)70017-2,Organic field-effect transistor; Organic semiconductor; Transistor; Materials science; Semiconductor; Nanotechnology; Field-effect transistor; Conjugated system; Polymer; Optoelectronics
SEM_131,Semiconductors,Device performance and reliability,Transitioning to Physics-of-Failure as a Reliability Driver in Power Electronics,IEEE Journal of Emerging and Selected Topics in Power Electronics,2013,10.1109/jestpe.2013.2290282,Reliability (semiconductor); Power electronics; Physics of failure; Electronics; Electrical engineering; Reliability engineering; Power (physics); Power semiconductor device; Engineering; Computer science
SEM_132,Semiconductors,Device performance and reliability,Photodecomposition and thermal decomposition in methylammonium halide lead perovskites and inferred design principles to increase photovoltaic device stability,Journal of Materials Chemistry A,2018,10.1039/c8ta03501f,Perovskite (structure); Halide; Photodegradation; Photovoltaic system; Degradation (telecommunications); Thermal stability; Materials science; Decomposition; Lead (geology); Thermal decomposition
SEM_133,Semiconductors,Device performance and reliability,A Survey of EMI Research in Power Electronics Systems With Wide-Bandgap Semiconductor Devices,IEEE Journal of Emerging and Selected Topics in Power Electronics,2019,10.1109/jestpe.2019.2953730,EMI; Electromagnetic interference; Power electronics; Electrical engineering; Electromagnetic compatibility; Electronics; Noise (video); Electronic engineering; Reliability (semiconductor); Conducted electromagnetic interference
SEM_134,Semiconductors,Device performance and reliability,Developments of Plasma Etching Technology for Fabricating Semiconductor Devices,Japanese Journal of Applied Physics,2008,10.1143/jjap.47.1435,Reactive-ion etching; Etching (microfabrication); Materials science; Dry etching; Optoelectronics; Plasma etching; Plasma; Isotropic etching; Deep reactive-ion etching; Shallow trench isolation
SEM_135,Semiconductors,Device performance and reliability,Photovoltaic module reliability model based on field degradation studies,Progress in Photovoltaics Research and Applications,2008,10.1002/pip.825,Warranty; Reliability engineering; Reliability (semiconductor); Photovoltaic system; Degradation (telecommunications); Crystalline silicon; Computer science; Power (physics); Field (mathematics); Physics of failure
SEM_136,Semiconductors,Device performance and reliability,Critical Voltage for Electrical Degradation of GaN High-Electron Mobility Transistors,IEEE Electron Device Letters,2008,10.1109/led.2008.917815,Transistor; Voltage; Materials science; Degradation (telecommunications); Stress (linguistics); Threshold voltage; Optoelectronics; Electrical engineering; Electron mobility; Biasing
SEM_137,Semiconductors,Device performance and reliability,The European Photon Imaging Camera on XMM-Newton: The pn-CCD camera,Astronomy and Astrophysics,2001,10.1051/0004-6361:20000066,Physics; Cardinal point; Spectrometer; Optics; Telescope; Photon
SEM_138,Semiconductors,Device performance and reliability,High dielectric constant gate oxides for metal oxide Si transistors,Reports on Progress in Physics,2005,10.1088/0034-4885/69/2/r02,Metal gate; High-¶  dielectric; Gate dielectric; Dielectric; Equivalent oxide thickness; Gate oxide; Optoelectronics; Oxide; Materials science; Work function
SEM_139,Semiconductors,Device performance and reliability,Investigation of CH 3 NH 3 PbI 3 Degradation Rates and Mechanisms in Controlled Humidity Environments Using in Situ Techniques,ACS Nano,2015,10.1021/nn506864k,Perovskite (structure); Materials science; Relative humidity; Degradation (telecommunications); Humidity; Semiconductor; Solar cell; In situ; Photovoltaic system; Chemical engineering
SEM_140,Semiconductors,Device performance and reliability,Material science and device physics in SiC technology for high-voltage power devices,Japanese Journal of Applied Physics,2015,10.7567/jjap.54.040103,Materials science; Silicon carbide; Power semiconductor device; Optoelectronics; Engineering physics; Schottky diode; Reliability (semiconductor); Diode; Semiconductor device; Power electronics
SEM_141,Semiconductors,Device performance and reliability,Environmental instability of few-layer black phosphorus,2D Materials,2015,10.1088/2053-1583/2/1/011002,Black phosphorus; Instability; Phosphorus; Doping; Etching (microfabrication); Layer (electronics); Moisture
SEM_142,Semiconductors,Device performance and reliability,High Performance and Stable All©\Inorganic Metal Halide Perovskite©\Based Photodetectors for Optical Communication Applications,Advanced Materials,2018,10.1002/adma.201803422,Photodetector; Materials science; Perovskite (structure); Photodetection; Optoelectronics; Halide; Trihalide; Semiconductor; Inorganic chemistry; Chemistry
SEM_143,Semiconductors,Device performance and reliability,Graphene quilts for thermal management of high-power GaN transistors,Nature Communications,2012,10.1038/ncomms1828,Materials science; Graphene; Optoelectronics; Sapphire; Transistor; Gallium nitride; Raman spectroscopy; Nanotechnology; Layer (electronics); Laser
SEM_144,Semiconductors,Device performance and reliability,Tunnel Field-Effect Transistors: Prospects and Challenges,IEEE Journal of the Electron Devices Society,2015,10.1109/jeds.2015.2390591,Transistor; Field (mathematics); CMOS; Field-effect transistor; Computer science; Topology (electrical circuits); Physics; Electrical engineering; Optoelectronics; Voltage
SEM_145,Semiconductors,Device performance and reliability,Aging of Transition Metal Dichalcogenide Monolayers,ACS Nano,2016,10.1021/acsnano.5b07677,Monolayer; Materials science; Tungsten disulfide; X-ray photoelectron spectroscopy; Transition metal; Molybdenum disulfide; Graphene; Grain boundary; Auger electron spectroscopy; Nanotechnology
SEM_146,Semiconductors,Device performance and reliability,Stable mid-infrared polarization imaging based on quasi-2D tellurium at room temperature,Nature Communications,2020,10.1038/s41467-020-16125-8,Infrared; Tellurium; Materials science; Optoelectronics; Polarization (electrochemistry); Anisotropy; Scattering; Optics; Miniaturization; Nanotechnology
SEM_147,Semiconductors,Device performance and reliability,Defect engineering in SiC technology for high-voltage power devices,Applied Physics Express,2020,10.35848/1882-0786/abc787,Materials science; Silicon carbide; Power semiconductor device; Schottky diode; Reliability (semiconductor); Optoelectronics; Transistor; Engineering physics; Diode; Power MOSFET
SEM_148,Semiconductors,Device performance and reliability,Approaches for Long Lifetime Organic Light Emitting Diodes,Advanced Science,2020,10.1002/advs.202002254,OLED; Materials science; Degradation (telecommunications); Optoelectronics; Outgassing; Diode; Luminance; Engineering physics; Nanotechnology; Computer science
SEM_149,Semiconductors,Device performance and reliability,Stability/degradation of polymer solar cells,Solar Energy Materials and Solar Cells,2008,10.1016/j.solmat.2008.01.005,Photovoltaics; Degradation (telecommunications); Solar cell; Organic solar cell; Materials science; Polymer; Hybrid solar cell; Nanotechnology; Silicon; Polymer solar cell
SEM_150,Semiconductors,Device performance and reliability,Three-dimensional monolithic integration in flexible printed organic transistors,Nature Communications,2018,10.1038/s41467-018-07904-5,Transistor; Materials science; Nanotechnology; Lithography; Printed electronics; Electronics; Flexible electronics; Integrated circuit; Stacking; Scalability
SEM_151,Semiconductors,Device performance and reliability,Non-fullerene acceptor organic photovoltaics with intrinsic operational lifetimes over 30 years,Nature Communications,2021,10.1038/s41467-021-25718-w,Suns in alchemy; Organic solar cell; Materials science; Fullerene; Optoelectronics; Sunlight; Ultraviolet; Acceptor; Photovoltaic system; Heterojunction
SEM_152,Semiconductors,Device performance and reliability,Design and Performance Evaluation of Overcurrent Protection Schemes for Silicon Carbide (SiC) Power MOSFETs,IEEE Transactions on Industrial Electronics,2014,10.1109/tie.2013.2297304,Overcurrent; Insulated-gate bipolar transistor; MOSFET; Electrical engineering; Silicon carbide; Electronic engineering; Engineering; Reliability (semiconductor); Power semiconductor device; Voltage
SEM_153,Semiconductors,Device performance and reliability,The Roadmap of 2D Materials and Devices Toward Chips,Nano-Micro Letters,2024,10.1007/s40820-023-01273-5,Transistor; Integrated circuit; Electronic circuit; Computer science; Digital electronics; Process (computing); Electronic engineering; Electronics; Nanotechnology; Electrical engineering
SEM_154,Semiconductors,Device performance and reliability,Dynamics of Threshold Voltage Shifts in Organic and Amorphous Silicon Field©\Effect Transistors,Advanced Materials,2007,10.1002/adma.200602798,Materials science; Threshold voltage; Transistor; Activation energy; Optoelectronics; Trapping; Amorphous silicon; Negative-bias temperature instability; Organic semiconductor; Degradation (telecommunications)
SEM_155,Semiconductors,Device performance and reliability,Interfacial Thermal Conductance across Room-Temperature-Bonded GaN/Diamond Interfaces for GaN-on-Diamond Devices,ACS Applied Materials & Interfaces,2020,10.1021/acsami.9b16959,Materials science; Diamond; Thermal conductivity; Optoelectronics; Wide-bandgap semiconductor; Junction temperature; Interfacial thermal resistance; Joule heating; Gallium nitride; Electron mobility
SEM_156,Semiconductors,Device performance and reliability,Artificial Intelligence Aided Automated Design for Reliability of Power Electronic Systems,IEEE Transactions on Power Electronics,2018,10.1109/tpel.2018.2883947,Reliability (semiconductor); Reliability engineering; Computer science; Electronic systems; Power (physics); Systems engineering; Engineering; Electronic engineering
SEM_157,Semiconductors,Device performance and reliability,A Guideline for Reliability Prediction in Power Electronic Converters,IEEE Transactions on Power Electronics,2020,10.1109/tpel.2020.2981933,Reliability engineering; Reliability (semiconductor); Physics of failure; Converters; Power (physics); Computer science; Power electronics; Engineering; Voltage; Electrical engineering
SEM_158,Semiconductors,Device performance and reliability,Effect of Cation Composition on the Mechanical Stability of Perovskite Solar Cells,Advanced Energy Materials,2017,10.1002/aenm.201702116,Materials science; Perovskite (structure); Formamidinium; Grain boundary; Fracture toughness; Chemical engineering; Caesium; Perovskite solar cell; Composite material; Inorganic chemistry
SEM_159,Semiconductors,Device performance and reliability,Incorporating Power Electronic Converters Reliability Into Modern Power System Reliability Analysis,IEEE Journal of Emerging and Selected Topics in Power Electronics,2020,10.1109/jestpe.2020.2967216,Reliability (semiconductor); Converters; Reliability engineering; Physics of failure; Electric power system; Power electronics; Power (physics); Wind power; Electronic systems; Turbine
SEM_160,Semiconductors,Device performance and reliability,Reversible hysteresis inversion in MoS2 field effect transistors,npj 2D Materials and Applications,2017,10.1038/s41699-017-0038-y,Materials science; Hysteresis; Transistor; Trapping; Negative-bias temperature instability; Threshold voltage; Field-effect transistor; Optoelectronics; Condensed matter physics; Voltage
SEM_161,Semiconductors,Device performance and reliability,Sensing as the key to the safety and sustainability of new energy storage devices,Protection and Control of Modern Power Systems,2023,10.1186/s41601-023-00300-2,Energy storage; Supercapacitor; Reliability engineering; Key (lock); Intrinsic safety; Variety (cybernetics); Risk analysis (engineering); Sustainability; Energy (signal processing); State of health
SEM_162,Semiconductors,Device performance and reliability,Radiation tolerance of two-dimensional material-based devices for space applications,Nature Communications,2019,10.1038/s41467-019-09219-5,Photovoltaics; Photon; Radiation; Electronics; Optoelectronics; Materials science; Electron; Irradiation; Quantum dot; Monolayer
SEM_163,Semiconductors,Device performance and reliability,Light and oxygen induced degradation limits the operational stability of methylammonium lead triiodide perovskite solar cells,Energy & Environmental Science,2016,10.1039/c6ee00409a,Triiodide; Degradation (telecommunications); Perovskite (structure); Oxygen; Relative humidity; Materials science; Humidity; Chemical engineering; Optoelectronics; Chemistry
SEM_164,Semiconductors,Device performance and reliability,High operational and environmental stability of high-mobility conjugated polymer field-effect transistors through the use of molecular additives,Nature Materials,2016,10.1038/nmat4785,Materials science; Transistor; Polymer; Context (archaeology); Flexibility (engineering); Degradation (telecommunications); Nanotechnology; Electronics; Diode; Nanometre
BAT_001,Batteries,Rate capability,Ultrathin MoS2 Nanosheets@Metal Organic Framework©\Derived N©\Doped Carbon Nanowall Arrays as Sodium Ion Battery Anode with Superior Cycling Life and Rate Capability,Advanced Functional Materials,2017,10.1002/adfm.201702116,Materials science; Anode; Electrochemistry; Sodium-ion battery; Electrode; Carbon fibers; Doping; Chemical engineering; Battery (electricity); Nanotechnology
BAT_002,Batteries,Rate capability,Fabrication of NiO Nanowall Electrodes for High Performance Lithium Ion Battery,Chemistry of Materials,2008,10.1021/cm703512k,Non-blocking I/O; Materials science; Fabrication; Electrochemistry; Lithium (medication); Current density; Electrode; Diffusion; Chemical engineering; Ion
BAT_003,Batteries,Rate capability,Quantifying the factors limiting rate performance in battery electrodes,Nature Communications,2019,10.1038/s41467-019-09792-9,Limit (mathematics); Battery (electricity); Electrode; Electrolyte; Limiting; Work (physics); Diffusion; Rate equation
BAT_004,Batteries,Rate capability,Three-Dimensional Graphene Foam Supported Fe3O4 Lithium Battery Anodes with Long Cycle Life and High Rate Capability,Nano Letters,2013,10.1021/nl403461n,Anode; Materials science; Graphene; Electrode; Battery (electricity); Lithium (medication); Atomic layer deposition; Composite number; Nanotechnology; Mesoporous material
BAT_005,Batteries,Rate capability,Hydrogen substituted graphdiyne as carbon-rich flexible electrode for lithium and sodium ion batteries,Nature Communications,2017,10.1038/s41467-017-01202-2,Materials science; Lithium (medication); Electrode; Carbon fibers; Ion; Chemical engineering; Nanotechnology; Electrochemistry; Sodium; Nanoarchitectures for lithium-ion batteries
BAT_006,Batteries,Rate capability,Conductive carbon nanofiber interpenetrated graphene architecture for ultra-stable sodium ion battery,Nature Communications,2019,10.1038/s41467-019-11925-z,Graphene; Materials science; Carbon nanofiber; Sodium-ion battery; Nanofiber; Molybdenum disulfide; Nanotechnology; Electrochemistry; Electrical conductor; Carbon fibers
BAT_007,Batteries,Rate capability,"Sn4+xP3 @ Amorphous Sn©\P Composites as Anodes for Sodium©\Ion Batteries with Low Cost, High Capacity, Long Life, and Superior Rate Capability",Advanced Materials,2014,10.1002/adma.201400794,Anode; Materials science; Amorphous solid; Sodium; Ion; Service life; Chemical engineering; Composite material; Metallurgy; Electrode
BAT_008,Batteries,Rate capability,Crystalline-Amorphous Core?Shell Silicon Nanowires for High Capacity and High Current Battery Electrodes,Nano Letters,2008,10.1021/nl8036323,Anode; Amorphous solid; Materials science; Silicon; Nanowire; Amorphous silicon; Lithium (medication); Lithium-ion battery; Nanotechnology; Battery (electricity)
BAT_009,Batteries,Rate capability,High Capacity and Rate Capability of Amorphous Phosphorus for Sodium Ion Batteries,Angewandte Chemie International Edition,2013,10.1002/anie.201209689,Sodium; Amorphous solid; Anode; Ion; Computer science; Composite number; Phosphorus; Materials science; Chemical engineering; Chemistry
BAT_010,Batteries,Rate capability,H 2 V 3 O 8 Nanowire/Graphene Electrodes for Aqueous Rechargeable Zinc Ion Batteries with High Rate Capability and Large Capacity,Advanced Energy Materials,2018,10.1002/aenm.201800144,Materials science; Graphene; Electrochemistry; Aqueous solution; Energy storage; Composite number; Chemical engineering; Cathode; Nanowire; Electrode
BAT_011,Batteries,Rate capability,Doped Graphene Sheets As Anode Materials with Superhigh Rate and Large Capacity for Lithium Ion Batteries,ACS Nano,2011,10.1021/nn2006249,Graphene; Materials science; Anode; Lithium (medication); Doping; Electrolyte; Chemical engineering; Electrode; Nanotechnology; Optoelectronics
BAT_012,Batteries,Rate capability,Mn3O4?Graphene Hybrid as a High-Capacity Anode Material for Lithium Ion Batteries,Journal of the American Chemical Society,2010,10.1021/ja105296a,Graphene; Anode; Nanoparticle; Lithium (medication); Battery (electricity); Oxide; Nanotechnology; Chemical engineering; Electrode; Chemistry
BAT_013,Batteries,Rate capability,Lithium ion battery applications of molybdenum disulfide (MoS 2 ) nanocomposites,Energy & Environmental Science,2013,10.1039/c3ee42591f,Molybdenum disulfide; Electrochemistry; Materials science; Anode; Battery (electricity); Lithium (medication); Nanocomposite; Nanotechnology; Microstructure; Intercalation (chemistry)
BAT_014,Batteries,Rate capability,A high-performance supercapacitor-battery hybrid energy storage device based on graphene-enhanced electrode materials with ultrahigh energy density,Energy & Environmental Science,2013,10.1039/c3ee40509e,Supercapacitor; Graphene; Materials science; Electrode; Power density; Energy storage; Capacitance; Battery (electricity); Nanocomposite; Electrochemistry
BAT_015,Batteries,Rate capability,Self©\Supported Formation of Needlelike Co3O4 Nanotubes and Their Application as Lithium©\Ion Battery Electrodes,Advanced Materials,2007,10.1002/adma.200702412,Lithium (medication); Materials science; Electrode; Battery (electricity); Nanotechnology; Ion; Lithium-ion battery; Chemical engineering; Chemistry; Physical chemistry
BAT_016,Batteries,Rate capability,Carbon-Encapsulated Fe3O4 Nanoparticles as a High-Rate Lithium Ion Battery Anode Material,ACS Nano,2013,10.1021/nn401059h,Materials science; Anode; Nanoparticle; Electrolyte; Chemical engineering; Carbon fibers; Annealing (glass); Electrode; Lithium (medication); Lithium-ion battery
BAT_017,Batteries,Rate capability,Reconstruction of Conformal Nanoscale MnO on Graphene as a High©\Capacity and Long©\Life Anode Material for Lithium Ion Batteries,Advanced Functional Materials,2012,10.1002/adfm.201202623,Materials science; Graphene; Anode; Lithium (medication); Chemical engineering; Nanostructure; Electrode; Nanotechnology; Nanoparticle; Oxide
BAT_018,Batteries,Rate capability,Electrospun Core®CShell Fibers for Robust Silicon Nanoparticle-Based Lithium Ion Battery Anodes,Nano Letters,2011,10.1021/nl203817r,Anode; Materials science; Battery (electricity); Electrospinning; Electrode; Nanotechnology; Nanoparticle; Lithium-ion battery; Silicon; Electrolyte
BAT_019,Batteries,Rate capability,Advances and challenges of sodium ion batteries as post lithium ion batteries,RSC Advances,2015,10.1039/c5ra08321d,Lithium (medication); Ion; Sodium; Nanoarchitectures for lithium-ion batteries; Materials science; Chemistry; Electrochemistry; Electrode; Medicine; Organic chemistry
BAT_020,Batteries,Rate capability,Graphene-modified LiFePO4 cathode for lithium ion battery beyond theoretical capacity,Nature Communications,2013,10.1038/ncomms2705,Graphene; Materials science; Faraday efficiency; Electrolyte; Lithium (medication); Cathode; Lithium iron phosphate; Chemical engineering; Battery (electricity); Carbon fibers
BAT_021,Batteries,Rate capability,Polymers with Tailored Electronic Structure for High Capacity Lithium Battery Electrodes,Advanced Materials,2011,10.1002/adma.201102421,Materials science; Anode; Lithium (medication); Battery (electricity); Polymer; Electrical conductor; Electrode; Lithium battery; Conductive polymer; Doping
BAT_022,Batteries,Rate capability,High areal capacity battery electrodes enabled by segregated nanotube networks,Nature Energy,2019,10.1038/s41560-019-0398-y,Materials science; Anode; Electrode; Fabrication; Composite number; Battery (electricity); Cathode; Carbon nanotube; Nanotechnology; Lithium (medication)
BAT_023,Batteries,Rate capability,Amorphous TiO2 Nanotube Anode for Rechargeable Sodium Ion Batteries,The Journal of Physical Chemistry Letters,2011,10.1021/jz2012066,Anode; Materials science; Amorphous solid; Electrochemistry; Lithium (medication); Cathode; Sodium; Sodium oxide; Nanoarchitectures for lithium-ion batteries; Oxide
BAT_024,Batteries,Rate capability,Optimizing Areal Capacities through Understanding the Limitations of Lithium-Ion Electrodes,Journal of The Electrochemical Society,2015,10.1149/2.0321602jes,Electrolyte; Electrode; Graphite; Lithium (medication); Battery (electricity); Materials science; Ion; Current density; Lithium-ion battery; Polarization (electrochemistry)
BAT_025,Batteries,Rate capability,Activating C©\Coordinated Iron of Iron Hexacyanoferrate for Zn Hybrid©\Ion Batteries with 10 000©\Cycle Lifespan and Superior Rate Capability,Advanced Materials,2019,10.1002/adma.201901521,Materials science; Cathode; Prussian blue; Electrode; Redox; Zinc; Ion; Metal; Lithium (medication); Chemical engineering
BAT_026,Batteries,Rate capability,Facile Ultrasonic Synthesis of CoO Quantum Dot/Graphene Nanosheet Composites with High Lithium Storage Capacity,ACS Nano,2012,10.1021/nn202888d,Materials science; Nanosheet; Graphene; Anode; Lithium (medication); Faraday efficiency; Quantum dot; Chemical engineering; Nanotechnology; Composite number
BAT_027,Batteries,Rate capability,Electrodes with High Power and High Capacity for Rechargeable Lithium Batteries,Science,2006,10.1126/science.1122152,Battery (electricity); Electrode; Cobalt oxide; Materials science; Lithium (medication); Backup; Energy density; Power density; Oxide; Manganese
BAT_028,Batteries,Rate capability,Graphene Anchored with Co3O4 Nanoparticles as Anode of Lithium Ion Batteries with Enhanced Reversible Capacity and Cyclic Performance,ACS Nano,2010,10.1021/nn100740x,Graphene; Materials science; Anode; Nanoparticle; Lithium (medication); Nanocomposite; Nanotechnology; Chemical engineering; Ion; Battery (electricity)
BAT_029,Batteries,Rate capability,Enhanced Capacity and Rate Capability of Nitrogen/Oxygen Dual©\Doped Hard Carbon in Capacitive Potassium©\Ion Storage,Advanced Materials,2017,10.1002/adma.201700104,Materials science; Heteroatom; Anode; Electrochemistry; Capacitance; Chemical engineering; Carbon fibers; Carbonization; Intercalation (chemistry); Graphene
BAT_030,Batteries,Rate capability,Role of Nitrogen-Doped Graphene for Improved High-Capacity Potassium Ion Battery Anodes,ACS Nano,2016,10.1021/acsnano.6b05998,Anode; Graphene; Materials science; Potassium-ion battery; Lithium (medication); Raman spectroscopy; Graphite; Battery (electricity); Potassium; Dopant
BAT_031,Batteries,Rate capability,Carbon©\Stabilized High©\Capacity Ferroferric Oxide Nanorod Array for Flexible Solid©\State Alkaline Battery®CSupercapacitor Hybrid Device with High Environmental Suitability,Advanced Functional Materials,2015,10.1002/adfm.201502265,Supercapacitor; Materials science; Battery (electricity); Anode; Oxide; Electrolyte; Alkaline battery; Cathode; Electrochemistry; Nanorod
BAT_032,Batteries,Rate capability,Hard Carbon Nanosheets with Uniform Ultramicropores and Accessible Functional Groups Showing High Realistic Capacity and Superior Rate Performance for Sodium©\Ion Storage,Advanced Materials,2020,10.1002/adma.202000447,Materials science; Ion; Sodium; Carbon fibers; Chemical engineering; Nanotechnology; Composite material; Organic chemistry; Composite number; Metallurgy
BAT_033,Batteries,Rate capability,Few©\Layered SnS2 on Few©\Layered Reduced Graphene Oxide as Na©\Ion Battery Anode with Ultralong Cycle Life and Superior Rate Capability,Advanced Functional Materials,2014,10.1002/adfm.201402833,Anode; Materials science; Graphene; Oxide; Battery (electricity); Ion; Chemical engineering; Nanotechnology; Current density; Optoelectronics
BAT_034,Batteries,Rate capability,Stable high-capacity and high-rate silicon-based lithium battery anodes upon two-dimensional covalent encapsulation,Nature Communications,2020,10.1038/s41467-020-17686-4,Silicon; Anode; Materials science; Covalent bond; Nanotechnology; Electrolyte; Lithium (medication); Chemical engineering; Electrode; Optoelectronics
BAT_035,Batteries,Rate capability,Performance study of magnesium®Csulfur battery using a graphene based sulfur composite cathode electrode and a non-nucleophilic Mg electrolyte,Nanoscale,2015,10.1039/c5nr04383b,Sulfur; Electrolyte; Graphene; Cathode; Composite number; Magnesium; Battery (electricity); Electrode; Materials science; Inorganic chemistry
BAT_036,Batteries,Rate capability,l -Cysteine-Assisted Synthesis of Layered MoS2/Graphene Composites with Excellent Electrochemical Performances for Lithium Ion Batteries,ACS Nano,2011,10.1021/nn200659w,Graphene; Materials science; Electrochemistry; Anode; Composite number; Oxide; Scanning electron microscope; Electrode; Lithium (medication); Transmission electron microscopy
BAT_037,Batteries,Rate capability,Nanostructured Reduced Graphene Oxide/Fe 2 O 3 Composite As a High-Performance Anode Material for Lithium Ion Batteries,ACS Nano,2011,10.1021/nn200493r,Graphene; Materials science; Composite number; Anode; Oxide; Nanoparticle; Lithium (medication); Electrochemistry; Chemical engineering; Electrode
BAT_038,Batteries,Rate capability,Identifying surface structural changes in layered Li-excess nickel manganese oxides in high voltage lithium ion batteries: A joint experimental and theoretical study,Energy & Environmental Science,2011,10.1039/c1ee01131f,Spinel; Materials science; Lithium (medication); Cathode; Lithium oxide; Electrochemistry; Phase (matter); Transmission electron microscopy; Analytical Chemistry (journal); Ion
BAT_039,Batteries,Rate capability,A High©\Rate and Stable Quasi©\Solid©\State Zinc©\Ion Battery with Novel 2D Layered Zinc Orthovanadate Array,Advanced Materials,2018,10.1002/adma.201803181,Anode; Materials science; Cathode; Electrolyte; Battery (electricity); Pseudocapacitance; Current density; Chemical engineering; Zinc; Intercalation (chemistry)
BAT_040,Batteries,Rate capability,Rutile-TiO2 Nanocoating for a High-Rate Li4Ti5O12 Anode of a Lithium-Ion Battery,Journal of the American Chemical Society,2012,10.1021/ja301266w,Rutile; Anode; Lithium (medication); Electrochemistry; Electrode; Chemical engineering; Carbon fibers; Ion; Materials science; Chemistry
BAT_041,Batteries,Rate capability,Short©\Range Order in Mesoporous Carbon Boosts Potassium©\Ion Battery Performance,Advanced Energy Materials,2017,10.1002/aenm.201701648,Materials science; Anode; Carbon fibers; Potassium-ion battery; Intercalation (chemistry); Ion; Battery (electricity); Graphite; Amorphous solid; Amorphous carbon
BAT_042,Batteries,Rate capability,Towards high energy density sodium ion batteries through electrolyte optimization,Energy & Environmental Science,2013,10.1039/c3ee41379a,Electrolyte; Faraday efficiency; Electrode; Ion; Polarization (electrochemistry); Sodium; Materials science; Compatibility (geochemistry); Power density; Chemistry
BAT_043,Batteries,Rate capability,MoS2 Nanosheets Vertically Aligned on Carbon Paper: A Freestanding Electrode for Highly Reversible Sodium©\Ion Batteries,Advanced Energy Materials,2015,10.1002/aenm.201502161,Materials science; Electrode; Anode; Electrolyte; Molybdenum disulfide; Faraday efficiency; Carbon fibers; Nanotechnology; Chemical engineering; Intercalation (chemistry)
BAT_044,Batteries,Rate capability,Selenium@Mesoporous Carbon Composite with Superior Lithium and Sodium Storage Capacity,ACS Nano,2013,10.1021/nn403108w,Mesoporous material; Materials science; Lithium (medication); Composite number; Carbon fibers; Electrolyte; Electrochemistry; Chemical engineering; Composite material; Electrode
BAT_045,Batteries,Rate capability,Uniform yolk®Cshell Sn 4 P 3 @C nanospheres as high-capacity and cycle-stable anode materials for sodium-ion batteries,Energy & Environmental Science,2015,10.1039/c5ee02074c,Anode; Materials science; Sodium; Ion; Shell (structure); Chemical engineering; Chemistry; Electrode; Composite material; Metallurgy
BAT_046,Batteries,Rate capability,A high-capacity and long-life aqueous rechargeable zinc battery using a metal oxide intercalation cathode,Nature Energy,2016,10.1038/nenergy.2016.119,Aqueous solution; Materials science; Vanadium oxide; Intercalation (chemistry); Electrode; Cathode; Battery (electricity); Vanadium; Energy storage; Oxide
BAT_047,Batteries,Rate capability,Cobalt Sulfide Quantum Dot Embedded N/S-Doped Carbon Nanosheets with Superior Reversibility and Rate Capability for Sodium-Ion Batteries,ACS Nano,2017,10.1021/acsnano.7b07132,Materials science; Anode; Sulfidation; Quantum dot; Cobalt sulfide; Carbon fibers; Chemical engineering; Electrode; Cobalt; Graphene
BAT_048,Batteries,Rate capability,Anodes for Sodium Ion Batteries Based on Tin®CGermanium®CAntimony Alloys,ACS Nano,2014,10.1021/nn4063598,Materials science; Anode; Amorphous solid; High-resolution transmission electron microscopy; Tin; Ternary operation; Electrochemistry; Current collector; Alloy; Sodium-ion battery
BAT_049,Batteries,Rate capability,Electrospun carbon nanofibers as anode materials for sodium ion batteries with excellent cycle performance,Journal of Materials Chemistry A,2014,10.1039/c3ta14806h,Anode; Electrospinning; Materials science; Graphene; Carbon nanofiber; Nanofiber; Current density; Chemical engineering; Electrochemistry; Carbon fibers
BAT_050,Batteries,Rate capability,"Ti3C2 MXene as a High Capacity Electrode Material for Metal (Li, Na, K, Ca) Ion Batteries",ACS Applied Materials & Interfaces,2014,10.1021/am501144q,Materials science; Ionic radius; Alkali metal; Ion; Adsorption; Ionic bonding; Atomic radius; Anode; Metal; Battery (electricity)
BAT_051,Batteries,Rate capability,MoS2/Graphene Composite Paper for Sodium-Ion Battery Electrodes,ACS Nano,2014,10.1021/nn406156b,Materials science; Graphene; Electrode; Molybdenum disulfide; Faraday efficiency; Electrochemistry; Composite number; Battery (electricity); Composite material; Sodium-ion battery
BAT_052,Batteries,Rate capability,High Capacity Li Ion Battery Anodes Using Ge Nanowires,Nano Letters,2007,10.1021/nl0727157,Nanowire; Materials science; Faraday efficiency; Anode; Current collector; Diffusion; Electrode; Battery (electricity); Optoelectronics; Lithium (medication)
BAT_053,Batteries,Rate capability,Approaching the capacity limit of lithium cobalt oxide in lithium ion batteries via lanthanum and aluminium doping,Nature Energy,2018,10.1038/s41560-018-0180-6,Materials science; Doping; Cobalt; Faraday efficiency; Lithium (medication); Calcination; Dopant; Electrochemistry; Chemical engineering; Cobalt oxide
BAT_054,Batteries,Rate capability,"Layered SnS2©\Reduced Graphene Oxide Composite ®C A High©\Capacity, High©\Rate, and Long©\Cycle Life Sodium©\Ion Battery Anode Material",Advanced Materials,2014,10.1002/adma.201306314,Materials science; Graphene; Anode; Composite number; Electrochemistry; Oxide; Sodium-ion battery; Battery (electricity); Chemical engineering; Sodium
BAT_055,Batteries,Rate capability,Tortuosity Determination of Battery Electrodes and Separators by Impedance Spectroscopy,Journal of The Electrochemical Society,2016,10.1149/2.1141607jes,Electrode; Tortuosity; Electrolyte; Separator (oil production); Materials science; Electrical impedance; Dielectric spectroscopy; Porosity; Analytical Chemistry (journal); Ionic conductivity
BAT_056,Batteries,Cycling stability,The First Report on Excellent Cycling Stability and Superior Rate Capability of Na 3 V 2 (PO 4 ) 3 for Sodium Ion Batteries,Advanced Energy Materials,2012,10.1002/aenm.201200803,Materials science; Faraday efficiency; Energy storage; Battery (electricity); Cathode; Sodium; Renewable energy; Ion; Chemical engineering; Cycling
BAT_057,Batteries,Cycling stability,Enhancing Sodium Ion Battery Performance by Strongly Binding Nanostructured Sb2S3 on Sulfur-Doped Graphene Sheets,ACS Nano,2016,10.1021/acsnano.6b05653,Graphene; Materials science; Sulfur; Doping; Electrochemistry; Composite number; Lithium (medication); Chemical engineering; Ion; Nanotechnology
BAT_058,Batteries,Cycling stability,Na+ intercalation pseudocapacitance in graphene-coupled titanium oxide enabling ultra-fast sodium storage and long-term cycling,Nature Communications,2015,10.1038/ncomms7929,Pseudocapacitance; Graphene; Materials science; Intercalation (chemistry); Anode; Energy storage; Nanotechnology; Chemical engineering; Electrode; Supercapacitor
BAT_059,Batteries,Cycling stability,Tunable Redox Chemistry and Stability of Radical Intermediates in 2D Covalent Organic Frameworks for High Performance Sodium Ion Batteries,Journal of the American Chemical Society,2019,10.1021/jacs.9b03467,Chemistry; Redox; Reactivity (psychology); Radical; Electrochemistry; Radical ion; Covalent bond; Anode; Stacking; Combinatorial chemistry
BAT_060,Batteries,Cycling stability,Arrays of Sealed Silicon Nanotubes As Anodes for Lithium Ion Batteries,Nano Letters,2010,10.1021/nl100086e,Faraday efficiency; Anode; Silicon; Materials science; Electrode; Lithium (medication); Nanotechnology; Battery (electricity); Ion; Nanoscopic scale
BAT_061,Batteries,Cycling stability,Red Phosphorus®CSingle-Walled Carbon Nanotube Composite as a Superior Anode for Sodium Ion Batteries,ACS Nano,2015,10.1021/acsnano.5b00376,Materials science; Anode; Composite number; Lithium (medication); Carbon nanotube; Sodium; Electrolyte; Vaporization; Chemical engineering; Carbon fibers
BAT_062,Batteries,Cycling stability,Sodium Ion Insertion in Hollow Carbon Nanowires for Battery Applications,Nano Letters,2012,10.1021/nl3016957,Anode; Nanowire; Materials science; Ion; Sodium-ion battery; Battery (electricity); Carbon fibers; Electrochemistry; Diffusion; Chemical engineering
BAT_063,Batteries,Cycling stability,Graphene-Wrapped Fe 3 O 4 Anode Material with Improved Reversible Capacity and Cyclic Stability for Lithium Ion Batteries,Chemistry of Materials,2010,10.1021/cm101532x,Graphene; Materials science; Anode; Composite number; Chemical engineering; Lithium (medication); Electrolyte; Electrode; Adsorption; Nanotechnology
BAT_064,Batteries,Cycling stability,Low©\Defect and Low©\Porosity Hard Carbon with High Coulombic Efficiency and High Capacity for Practical Sodium Ion Battery Anode,Advanced Energy Materials,2018,10.1002/aenm.201703238,Faraday efficiency; Materials science; Anode; Carbon fibers; Porosity; Graphite; Battery (electricity); Chemical engineering; Ion; Carbon black
BAT_065,Batteries,Cycling stability,Graphene Networks Anchored with Sn@Graphene as Lithium Ion Battery Anode,ACS Nano,2014,10.1021/nn406105n,Graphene; Materials science; Anode; Chemical vapor deposition; Chemical engineering; Nanoparticle; Electrolyte; Nanotechnology; Lithium-ion battery; Lithium (medication)
BAT_066,Batteries,Cycling stability,Steric Effect Tuned Ion Solvation Enabling Stable Cycling of High-Voltage Lithium Metal Battery,Journal of the American Chemical Society,2021,10.1021/jacs.1c09006,Solvation; Chemistry; Electrolyte; Steric effects; Faraday efficiency; Electrochemistry; Anode; Lithium (medication); Dimethoxyethane; Carbanion
BAT_067,Batteries,Cycling stability,A New High-Energy Cathode for a Na-Ion Battery with Ultrahigh Stability,Journal of the American Chemical Society,2013,10.1021/ja406016j,Chemistry; Cathode; Battery (electricity); Energy storage; Vanadium; Redox; Intercalation (chemistry); Diffusion; Ion; Volume (thermodynamics)
BAT_068,Batteries,Cycling stability,Scalable self-growth of Ni@NiO core-shell electrode with ultrahigh capacitance and super-long cyclic stability for supercapacitors,NPG Asia Materials,2014,10.1038/am.2014.78,Materials science; Supercapacitor; Non-blocking I/O; Electrode; Capacitance; Anode; Electrochemistry; Cathode; Oxide; Power density
BAT_069,Batteries,Cycling stability,Graphene-Wrapped Sulfur Particles as a Rechargeable Lithium®CSulfur Battery Cathode Material with High Capacity and Cycling Stability,Nano Letters,2011,10.1021/nl200658a,Graphene; Polysulfide; Sulfur; Materials science; Lithium®Csulfur battery; Cathode; Nanoparticle; Chemical engineering; Coating; Composite number
BAT_070,Batteries,Cycling stability,Porous Doped Silicon Nanowires for Lithium Ion Battery Anode with Long Cycle Life,Nano Letters,2012,10.1021/nl300206e,Materials science; Porous silicon; Anode; Nanowire; Nanowire battery; Silicon; Porosity; Doping; Chemical engineering; Lithium (medication)
BAT_071,Batteries,Cycling stability,Heuristic solution for achieving long-term cycle stability for Ni-rich layered cathodes at full depth of discharge,Nature Energy,2020,10.1038/s41560-020-00693-6,Cathode; Materials science; Ion; Oxide; Structural stability; Battery (electricity); Depth of discharge; Chemical engineering; Composite material; Engineering physics
BAT_072,Batteries,Cycling stability,Sodium Ion Stabilized Vanadium Oxide Nanowire Cathode for High©\Performance Zinc©\Ion Batteries,Advanced Energy Materials,2018,10.1002/aenm.201702463,Materials science; Cathode; X-ray photoelectron spectroscopy; Intercalation (chemistry); Raman spectroscopy; Vanadium; Electrochemistry; Chemical engineering; Vanadium oxide; Nanowire
BAT_073,Batteries,Cycling stability,Dendritic Nanostructured Waste Copper Wires for High-Energy Alkaline Battery,Nano-Micro Letters,2019,10.1007/s40820-019-0337-2,Materials science; Alkaline battery; Non-blocking I/O; Electrode; Environmentally friendly; Battery (electricity); Nanowire; Energy storage; Electrochemistry; Hydroxide
BAT_074,Batteries,Cycling stability,The state of understanding of the lithium-ion-battery graphite solid electrolyte interphase (SEI) and its relationship to formation cycling,Carbon,2016,10.1016/j.carbon.2016.04.008,Electrolyte; Anode; Graphite; Electrochemistry; Battery (electricity); Interphase; Lithium (medication); Chemical engineering; Materials science; Lithium-ion battery
BAT_075,Batteries,Cycling stability,Oxygen Release and Its Effect on the Cycling Stability of LiNi x Mn y Co z O 2 (NMC) Cathode Materials for Li-Ion Batteries,Journal of The Electrochemical Society,2017,10.1149/2.0021707jes,Electrolyte; Cathode; Electrochemistry; Polarization (electrochemistry); Graphite; Ion; Oxygen; Analytical Chemistry (journal); Cycling; Materials science
BAT_076,Batteries,Cycling stability,¶¡-Fe 2 O 3 multi-shelled hollow microspheres for lithium ion battery anodes with superior capacity and charge retention,Energy & Environmental Science,2013,10.1039/c3ee43319f,Anode; Materials science; Porosity; Electrochemistry; Lithium (medication); Microsphere; Battery (electricity); Electrode; Chemical engineering; Lithium-ion battery
BAT_077,Batteries,Cycling stability,Graphitic Carbon Conformal Coating of Mesoporous TiO2 Hollow Spheres for High-Performance Lithium Ion Battery Anodes,Journal of the American Chemical Society,2015,10.1021/jacs.5b08743,Mesoporous material; Anatase; Anode; Lithium (medication); Electrochemistry; Chemical engineering; Lithium-ion battery; Microstructure; Carbon fibers; Nanotechnology
BAT_078,Batteries,Cycling stability,The Effect of Insertion Species on Nanostructured Open Framework Hexacyanoferrate Battery Electrodes,Journal of The Electrochemical Society,2011,10.1149/2.060202jes,Prussian blue; Battery (electricity); Materials science; Energy storage; Lithium (medication); Chemical engineering; Nickel; Electrode; Electrochemistry; Chemistry
BAT_079,Batteries,Cycling stability,Synthesis of Single Crystalline Spinel LiMn2O4 Nanowires for a Lithium Ion Battery with High Power Density,Nano Letters,2009,10.1021/nl803394v,Spinel; Materials science; Lithium (medication); Ion; Lithium-ion battery; Nanowire; Battery (electricity); Chemical engineering; Inorganic chemistry; Nanotechnology
BAT_080,Batteries,Cycling stability,Surface Fluorination of Reactive Battery Anode Materials for Enhanced Stability,Journal of the American Chemical Society,2017,10.1021/jacs.7b05251,Chemistry; Anode; Battery (electricity); Chemical engineering; Electrode; Physical chemistry; Thermodynamics
BAT_081,Batteries,Cycling stability,Improved Cycling Stability of Li[Ni 0.90 Co 0.05 Mn 0.05 ]O 2 Through Microstructure Modification by Boron Doping for Li©\Ion Batteries,Advanced Energy Materials,2018,10.1002/aenm.201801202,Microstructure; Materials science; Boron; Cathode; Doping; Hydroxide; Analytical Chemistry (journal); Chemical engineering; Metallurgy; Physical chemistry
BAT_082,Batteries,Cycling stability,Synergetic Effects of Inorganic Components in Solid Electrolyte Interphase on High Cycle Efficiency of Lithium Ion Batteries,Nano Letters,2016,10.1021/acs.nanolett.5b05283,Electrolyte; Lithium fluoride; Passivation; Lithium (medication); Lithium carbonate; Ionic conductivity; Materials science; Inorganic chemistry; Chemical engineering; Electrode
BAT_083,Batteries,Cycling stability,A Phosphonate©\Functionalized Quinone Redox Flow Battery at Near©\Neutral pH with Record Capacity Retention Rate,Advanced Energy Materials,2019,10.1002/aenm.201900039,Phosphonate; Redox; Flow battery; Electrolyte; Aqueous solution; Solubility; Materials science; Electrochemistry; Chemical stability; Potassium ferrocyanide
BAT_084,Batteries,Cycling stability,Copper hexacyanoferrate battery electrodes with long cycle life and high power,Nature Communications,2011,10.1038/ncomms1563,Battery (electricity); Energy storage; Materials science; Copper; Electrode; Electrolyte; Depth of discharge; Nanoparticle; Grid energy storage; Computer science
BAT_085,Batteries,Cycling stability,Cation-Deficient Spinel ZnMn 2 O 4 Cathode in Zn(CF 3 SO 3 ) 2 Electrolyte for Rechargeable Aqueous Zn-Ion Battery,Journal of the American Chemical Society,2016,10.1021/jacs.6b05958,Chemistry; Spinel; Aqueous solution; Electrolyte; Cathode; Inorganic chemistry; Ion; Battery (electricity); Metallurgy; Physical chemistry
BAT_086,Batteries,Cycling stability,Highly Durable Na 2 V 6 O 16 °§1.63H 2 O Nanowire Cathode for Aqueous Zinc-Ion Battery,Nano Letters,2018,10.1021/acs.nanolett.7b04889,Cathode; Nanowire; Aqueous solution; Materials science; Ion; Electrochemistry; Battery (electricity); Zinc; Inorganic chemistry; Nanotechnology
BAT_087,Batteries,Cycling stability,Sb®CC nanofibers with long cycle life as an anode material for high-performance sodium-ion batteries,Energy & Environmental Science,2013,10.1039/c3ee42944j,Nanofiber; Materials science; Anode; Carbon nanofiber; Electrospinning; Calcination; Nanoparticle; Electrochemistry; Chemical engineering; Electrode
BAT_088,Batteries,Cycling stability,Direct regeneration of degraded lithium-ion battery cathodes with a multifunctional organic lithium salt,Nature Communications,2023,10.1038/s41467-023-36197-6,Lithium (medication); Materials science; Cathode; Battery (electricity); Chemical engineering; Salt (chemistry); Lithium vanadium phosphate battery; Energy storage; Lithium-ion battery; Electrode
BAT_089,Batteries,Cycling stability,Bulk Bismuth as a High©\Capacity and Ultralong Cycle©\Life Anode for Sodium©\Ion Batteries by Coupling with Glyme©\Based Electrolytes,Advanced Materials,2017,10.1002/adma.201702212,Electrolyte; Anode; Materials science; Electrode; Chemical engineering; Energy storage; Electrochemistry; Chemistry; Thermodynamics; Physical chemistry
BAT_090,Batteries,Cycling stability,Porous Fe 2 O 3 Nanoframeworks Encapsulated within Three-Dimensional Graphene as High-Performance Flexible Anode for Lithium-Ion Battery,ACS Nano,2017,10.1021/acsnano.7b02198,Materials science; Anode; Graphene; Aerogel; Electrochemistry; Battery (electricity); Lithium (medication); Electrode; Nanotechnology; Ostwald ripening
BAT_091,Batteries,Cycling stability,One-pot hydrothermal synthesis of Nitrogen-doped graphene as high-performance anode materials for lithium ion batteries,Scientific Reports,2016,10.1038/srep26146,Graphene; Materials science; Hexamethylenetetramine; Hydrothermal circulation; Anode; Doping; Nanotechnology; Electrolyte; Chemical engineering; Lithium (medication)
BAT_092,Batteries,Cycling stability,Prussian Blue@C Composite as an Ultrahigh©\Rate and Long©\Life Sodium©\Ion Battery Cathode,Advanced Functional Materials,2016,10.1002/adfm.201600747,Prussian blue; Materials science; Electrochemistry; Cathode; Sodium-ion battery; Redox; Composite number; Battery (electricity); Vacancy defect; Chemical engineering
BAT_093,Batteries,Cycling stability,Air©\Stable Copper©\Based P2©\Na7/9Cu2/9Fe1/9Mn2/3O2 as a New Positive Electrode Material for Sodium©\Ion Batteries,Advanced Science,2015,10.1002/advs.201500031,Copper; Manganese; Materials science; Analytical Chemistry (journal); Mineralogy; Chemistry; Metallurgy; Environmental chemistry
BAT_094,Batteries,Cycling stability,"High-performance hollow sulfur nanostructured battery cathode through a scalable, room temperature, one-step, bottom-up approach",Proceedings of the National Academy of Sciences,2013,10.1073/pnas.1220992110,Cathode; Sulfur; Faraday efficiency; Materials science; Lithium®Csulfur battery; Polysulfide; Polyvinylpyrrolidone; Chemical engineering; Nanotechnology; Dissolution
BAT_095,Batteries,Cycling stability,Nitrogen©\Doped Mesoporous Carbon Promoted Chemical Adsorption of Sulfur and Fabrication of High©\Areal©\Capacity Sulfur Cathode with Exceptional Cycling Stability for Lithium©\Sulfur Batteries,Advanced Functional Materials,2013,10.1002/adfm.201302631,Sulfur; Materials science; Cathode; Carbon fibers; Mesoporous material; Lithium (medication); Chemical engineering; Nitrogen; Inorganic chemistry; Electrochemistry
BAT_096,Batteries,Cycling stability,Raising the cycling stability of aqueous lithium-ion batteries by eliminating oxygen in the electrolyte,Nature Chemistry,2010,10.1038/nchem.763,Electrolyte; Chemistry; Lithium (medication); Aqueous solution; Battery (electricity); Electrochemistry; Inorganic chemistry; Electrode; Oxygen; Chemical engineering
BAT_097,Batteries,Cycling stability,Graphene-like MoS2/amorphous carbon composites with high capacity and excellent stability as anode materials for lithium ion batteries,Journal of Materials Chemistry,2011,10.1039/c1jm10174a,Graphene; Materials science; Composite material; Amorphous solid; Anode; Amorphous carbon; Hydrothermal circulation; Composite number; Electrochemistry; Lithium (medication)
BAT_098,Batteries,Cycling stability,Free©\Standing Nitrogen©\Doped Carbon Nanofiber Films: Integrated Electrodes for Sodium©\Ion Batteries with Ultralong Cycle Life and Superior Rate Capability,Advanced Energy Materials,2015,10.1002/aenm.201502217,Materials science; Carbon fibers; Electrode; Doping; Electrical conductor; Fabrication; Nanotechnology; Service life; Nitrogen; Carbon nanofiber
BAT_099,Batteries,Cycling stability,Crumpled Graphene-Encapsulated Si Nanoparticles for Lithium Ion Battery Anodes,The Journal of Physical Chemistry Letters,2012,10.1021/jz3006892,Graphene; Materials science; Nanoparticle; Anode; Nanotechnology; Oxide; Coating; Chemical engineering; Lithium (medication); Electrolyte
BAT_100,Batteries,Cycling stability,Unique Cobalt Sulfide/Reduced Graphene Oxide Composite as an Anode for Sodium©\Ion Batteries with Superior Rate Capability and Long Cycling Stability,Small,2016,10.1002/smll.201502788,Anode; Graphene; Materials science; Composite number; Cobalt sulfide; Electrochemistry; Oxide; Chemical engineering; Cobalt; Sulfide
BAT_101,Batteries,Cycling stability,A Commercial Conducting Polymer as Both Binder and Conductive Additive for Silicon Nanoparticle-Based Lithium-Ion Battery Negative Electrodes,ACS Nano,2016,10.1021/acsnano.6b00218,Materials science; Electrode; Lithium (medication); Silicon; Nanoparticle; Chemical engineering; Lithium-ion battery; Battery (electricity); Electrical conductor; Slurry
BAT_102,Batteries,Cycling stability,Silicon oxycarbide glass-graphene composite paper electrode for long-cycle lithium-ion batteries,Nature Communications,2016,10.1038/ncomms10998,Materials science; Graphene; Anode; Faraday efficiency; Current collector; Electrode; Lithium (medication); Silicon; Oxide; Chemical engineering
BAT_103,Batteries,Cycling stability,Phosphate Framework Electrode Materials for Sodium Ion Batteries,Advanced Science,2017,10.1002/advs.201600392,Phosphate; Electrode; Sodium; Ion; Materials science; Iron phosphate; Inorganic chemistry; Chemistry; Metallurgy; Organic chemistry
BAT_104,Batteries,Cycling stability,Is Cobalt Needed in Ni-Rich Positive Electrode Materials for Lithium Ion Batteries?,Journal of The Electrochemical Society,2019,10.1149/2.1381902jes,Lithium (medication); Substituent; Cobalt; Materials science; Differential scanning calorimetry; Transition metal; Phase transition; Electrode; Ion; Phase (matter)
BAT_105,Batteries,Cycling stability,Capacity Fading of Ni-Rich Li[Ni x Co y Mn 1®C x ®C y ]O 2 (0.6 °‹ x °‹ 0.95) Cathodes for High-Energy-Density Lithium-Ion Batteries: Bulk or Surface Degradation?,Chemistry of Materials,2018,10.1021/acs.chemmater.7b05269,Materials science; Cathode; Electrolyte; Capacity loss; Analytical Chemistry (journal); Cycling; Metallurgy; Mineralogy; Chemistry; Electrode
BAT_106,Batteries,Cycling stability,High capacity Na-storage and superior cyclability of nanocomposite Sb/C anode for Na-ion batteries,Chemical Communications,2012,10.1039/c2cc32730a,Anode; Nanocomposite; Materials science; Cycling; Ion; Chemical engineering; Nanotechnology; Electrode; Chemistry; Organic chemistry
BAT_107,Batteries,Cycling stability,Hierarchical Carbon Framework Wrapped Na 3 V 2 (PO 4 ) 3 as a Superior High©\Rate and Extended Lifespan Cathode for Sodium©\Ion Batteries,Advanced Materials,2015,10.1002/adma.201502018,Materials science; Electrochemistry; Cathode; Carbon fibers; Electrode; Chemical vapor deposition; Chemical engineering; Sodium; Ion; Nanotechnology
BAT_108,Batteries,Cycling stability,Enhancing electrochemical reaction sites in nickel®Ccobalt layered double hydroxides on zinc tin oxide nanowires: a hybrid material for an asymmetric supercapacitor device,Nanoscale,2012,10.1039/c2nr31590d,Supercapacitor; Materials science; Layered double hydroxides; Electrochemistry; Nanowire; Electrode; Capacitance; Power density; Anode; Nickel
BAT_109,Batteries,Cycling stability,Addition of Dioxane in Electrolyte Promotes (002)-Textured Zinc Growth and Suppressed Side Reactions in Zinc-Ion Batteries,ACS Nano,2023,10.1021/acsnano.2c11516,Zinc; Electrolyte; Materials science; Inorganic chemistry; Ion; Zinc compounds; Chemistry; Organic chemistry; Metallurgy; Electrode
BAT_110,Batteries,Cycling stability,Carbon-Reinforced Nb 2 CT x MXene/MoS 2 Nanosheets as a Superior Rate and High-Capacity Anode for Sodium-Ion Batteries,ACS Nano,2021,10.1021/acsnano.1c00849,Anode; Materials science; Chemical engineering; Intercalation (chemistry); Energy storage; Ion; Coating; Carbon fibers; Lithium (medication); Sodium
BAT_111,Batteries,Degradation mechanisms,The failure mechanism of nano-sized Si-based negative electrodes for lithium ion batteries,Journal of Materials Chemistry,2011,10.1039/c1jm10213c,Electrode; Electrolyte; Materials science; Dielectric spectroscopy; Faraday efficiency; Electrochemistry; Lithium (medication); Chemical engineering; Polarization (electrochemistry); Chemistry
BAT_112,Batteries,Degradation mechanisms,Lithium Ion Battery Anode Aging Mechanisms,Materials,2013,10.3390/ma6041310,Anode; Degradation (telecommunications); Materials science; Electrode; Lithium (medication); Battery (electricity); Ion; Lithium-ion battery; Plating (geology); Layer (electronics)
BAT_113,Batteries,Degradation mechanisms,Degradation Mechanisms at the Li 10 GeP 2 S 12 /LiCoO 2 Cathode Interface in an All-Solid-State Lithium-Ion Battery,ACS Applied Materials & Interfaces,2018,10.1021/acsami.8b05132,Materials science; Cathode; Electrolyte; Anode; Battery (electricity); Lithium (medication); X-ray photoelectron spectroscopy; Fast ion conductor; Lithium-ion battery; Chemical engineering
BAT_114,Batteries,Degradation mechanisms,"Theory of SEI Formation in Rechargeable Batteries: Capacity Fade, Accelerated Aging and Lifetime Prediction",Journal of The Electrochemical Society,2012,10.1149/2.044302jes,Fade; Anode; Electrolyte; Capacity loss; Materials science; Lithium (medication); Ion; Electrode; Silicon; Graphite
BAT_115,Batteries,Degradation mechanisms,"Degradation of lithium ion batteries employing graphite negatives and nickel®Ccobalt®Cmanganese oxide + spinel manganese oxide positives: Part 1, aging mechanisms and life estimation",Journal of Power Sources,2014,10.1016/j.jpowsour.2014.07.030,Capacity loss; Manganese; Depth of discharge; Spinel; Lithium (medication); Materials science; Arrhenius equation; Electrochemistry; Chemistry; Analytical Chemistry (journal)
BAT_116,Batteries,Degradation mechanisms,Battery Cycle Life Prediction with Coupled Chemical Degradation and Fatigue Mechanics,Journal of The Electrochemical Society,2012,10.1149/2.049210jes,Capacity loss; Electrolyte; Degradation (telecommunications); Electrode; Battery (electricity); Lithium (medication); Electrochemistry; Materials science; Graphite; Diffusion
BAT_117,Batteries,Degradation mechanisms,Study of the Failure Mechanisms of LiNi0.8Mn0.1Co0.1O2Cathode Material for Lithium Ion Batteries,Journal of The Electrochemical Society,2015,10.1149/2.1011507jes,Electrolyte; Lithium (medication); Cathode; Electrochemistry; Materials science; Scanning electron microscope; Electrode; Ion; Chemical engineering; Isothermal microcalorimetry
BAT_118,Batteries,Degradation mechanisms,"Fundamental degradation mechanisms of layered oxide Li-ion battery cathode materials: Methodology, insights and novel approaches",Materials Science and Engineering B,2014,10.1016/j.mseb.2014.11.014,Cathode; Anode; Electrolyte; Overcharge; Materials science; Degradation (telecommunications); Battery (electricity); Oxide; Electrode; Lithium (medication)
BAT_119,Batteries,Degradation mechanisms,Failure mechanisms of single-crystal silicon electrodes in lithium-ion batteries,Nature Communications,2016,10.1038/ncomms11886,Materials science; Electrode; Silicon; Composite material; Fracture mechanics; Electrolyte; Forensic engineering; Optoelectronics
BAT_120,Batteries,Degradation mechanisms,Understanding the Degradation Mechanisms of LiNi0.5Co0.2Mn0.3O2 Cathode Material in Lithium Ion Batteries,Advanced Energy Materials,2013,10.1002/aenm.201300787,Materials science; Spinel; Cathode; Degradation (telecommunications); Phase (matter); Lithium (medication); Ion; Chemical engineering; Analytical Chemistry (journal); Metallurgy
BAT_121,Batteries,Degradation mechanisms,Low temperature aging mechanism identification and lithium deposition in a large format lithium iron phosphate battery for different charge profiles,Journal of Power Sources,2015,10.1016/j.jpowsour.2015.03.178,Lithium iron phosphate; Lithium (medication); Battery (electricity); Deposition (geology); Electrode; Capacity loss; Lithium-ion battery; Accelerated aging; Degradation (telecommunications); Materials science
BAT_122,Batteries,Degradation mechanisms,"Electrolyte Degradation During Aging Process of Lithium©\Ion Batteries: Mechanisms, Characterization, and Quantitative Analysis",Advanced Energy Materials,2024,10.1002/aenm.202304295,Electrolyte; Battery (electricity); Degradation (telecommunications); Anode; Materials science; Cathode; Characterization (materials science); Lithium (medication); Lithium-ion battery; Decomposition
BAT_123,Batteries,Degradation mechanisms,Surface/Interface Structure Degradation of Ni©\Rich Layered Oxide Cathodes toward Lithium©\Ion Batteries: Fundamental Mechanisms and Remedying Strategies,Advanced Materials Interfaces,2019,10.1002/admi.201901749,Materials science; Cathode; Electrolyte; Surface modification; Lithium (medication); Coating; Nanotechnology; Interface (matter); Oxide; Degradation (telecommunications)
BAT_124,Batteries,Degradation mechanisms,"Aging Analysis of Graphite/LiNi 1/3 Mn 1/3 Co 1/3 O 2 Cells Using XRD, PGAA, and AC Impedance",Journal of The Electrochemical Society,2015,10.1149/2.0721514jes,Lithium (medication); Graphite; Materials science; Analytical Chemistry (journal); Neutron diffraction; Electrochemistry; Lithium borate; Electrode; Boron; Chemistry
BAT_125,Batteries,Degradation mechanisms,XPS on Li-Battery-Related Compounds: Analysis of Inorganic SEI Phases and a Methodology for Charge Correction,ACS Applied Energy Materials,2018,10.1021/acsaem.8b00406,X-ray photoelectron spectroscopy; Battery (electricity); Electrolyte; Lithium (medication); Valence (chemistry); Lithium battery; Materials science; Chemistry; Analytical Chemistry (journal); Electrode
BAT_126,Batteries,Degradation mechanisms,"The Many Deaths of Supercapacitors: Degradation, Aging, and Performance Fading",Advanced Energy Materials,2023,10.1002/aenm.202301008,Supercapacitor; Materials science; Pseudocapacitor; Degradation (telecommunications); Electrolyte; Electrode; Capacitor; Electrochemistry; Nanotechnology; Computer science
BAT_127,Batteries,Degradation mechanisms,A Simplified Electrochemical and Thermal Aging Model of LiFePO4-Graphite Li-ion Batteries: Power and Capacity Fade Simulations,Journal of The Electrochemical Society,2013,10.1149/2.053304jes,Fade; Electrolyte; Materials science; Isothermal process; Battery (electricity); Dielectric spectroscopy; Electrode; Graphite; Electrochemistry; Porosity
BAT_128,Batteries,Degradation mechanisms,Nanoscale Imaging of Fundamental Li Battery Chemistry: Solid-Electrolyte Interphase Formation and Preferential Growth of Lithium Metal Nanoclusters,Nano Letters,2015,10.1021/nl5048626,Electrolyte; Electrochemistry; Nucleation; Nanoclusters; Electrochemical cell; Scanning transmission electron microscopy; Lithium (medication); Glassy carbon; Nanoscopic scale; Battery (electricity)
BAT_129,Batteries,Degradation mechanisms,"Electrode Side Reactions, Capacity Loss and Mechanical Degradation in Lithium-Ion Batteries",Journal of The Electrochemical Society,2015,10.1149/2.0291510jes,Anode; Electrolyte; Cathode; Capacity loss; Fade; Electrochemistry; Degradation (telecommunications); Battery (electricity); Electrode; Lithium (medication)
BAT_130,Batteries,Degradation mechanisms,A Model for Predicting Capacity Fade due to SEI Formation in a Commercial Graphite/LiFePO4Cell,Journal of The Electrochemical Society,2015,10.1149/2.0641506jes,Fade; Graphite; Microporous material; Electrolyte; Electrode; Battery (electricity); Materials science; Lithium (medication); Lithium-ion battery; Chemical engineering
BAT_131,Batteries,Degradation mechanisms,Lithium ion battery degradation: what you need to know,Physical Chemistry Chemical Physics,2021,10.1039/d1cp00359c,Degradation (telecommunications); Battery (electricity); Ion; Lithium (medication); Lithium-ion battery; Chemistry; Materials science; Computer science; Psychology; Physics
BAT_132,Batteries,Degradation mechanisms,Oxygen Release Degradation in Li©\Ion Battery Cathode Materials: Mechanisms and Mitigating Approaches,Advanced Energy Materials,2019,10.1002/aenm.201900551,Thermal runaway; Cathode; Materials science; Spinel; Battery (electricity); Degradation (telecommunications); Oxygen; Oxygen evolution; Chemical engineering; Electrode
BAT_133,Batteries,Degradation mechanisms,Lithium-ion battery aging mechanisms and life model under different charging stresses,Journal of Power Sources,2017,10.1016/j.jpowsour.2017.04.084,Trickle charging; Battery (electricity); Voltage; Charge cycle; Degradation (telecommunications); Capacity loss; Lithium-ion battery; Electrical engineering; Bottleneck; Accelerated aging
BAT_134,Batteries,Degradation mechanisms,MIL-101(Fe) as a lithium-ion battery electrode material: a relaxation and intercalation mechanism during lithium insertion,Journal of Materials Chemistry A,2015,10.1039/c4ta06694d,Lithium (medication); Electrode; Intercalation (chemistry); Electrochemistry; Battery (electricity); Materials science; Lithium vanadium phosphate battery; Mechanism (biology); Ion; Lithium-ion battery
BAT_135,Batteries,Degradation mechanisms,Degradation diagnostics for lithium ion cells,Journal of Power Sources,2016,10.1016/j.jpowsour.2016.12.011,Degradation (telecommunications); Lithium (medication); Electrode; Ion; Open-circuit voltage; Materials science; Chemistry; Lithium-ion battery; Battery (electricity); Biological system
BAT_136,Batteries,Degradation mechanisms,Main aging mechanisms in Li ion batteries,Journal of Power Sources,2005,10.1016/j.jpowsour.2005.03.172,Electrolyte; Capacity loss; Lithium (medication); Electrode; Half-cell; Degradation (telecommunications); Lithium carbonate; Materials science; Chemistry; Corrosion
BAT_137,Batteries,Degradation mechanisms,Failure Mechanism for Fast©\Charged Lithium Metal Batteries with Liquid Electrolytes,Advanced Energy Materials,2014,10.1002/aenm.201400993,Electrolyte; Materials science; Separator (oil production); Anode; Interphase; Lithium metal; Metal; Context (archaeology); Chemical engineering; Liquid metal
BAT_138,Batteries,Degradation mechanisms,Research Progress towards Understanding the Unique Interfaces between Concentrated Electrolytes and Electrodes for Energy Storage Applications,Advanced Science,2017,10.1002/advs.201700032,Electrolyte; Anode; Electrochemistry; Cathode; Battery (electricity); Energy storage; Materials science; Electrode; Chemical engineering; Nanotechnology
BAT_139,Batteries,Degradation mechanisms,Application of Electrochemical Impedance Spectroscopy to Degradation and Aging Research of Lithium-Ion Batteries,The Journal of Physical Chemistry C,2023,10.1021/acs.jpcc.3c00033,Dielectric spectroscopy; Battery (electricity); Materials science; Degradation (telecommunications); Lithium (medication); Electrical impedance; Lithium-ion battery; Electrochemistry; Accelerated aging; Nanotechnology
BAT_140,Batteries,Degradation mechanisms,Solubility of Lithium Salts Formed on the Lithium-Ion Battery Negative Electrode Surface in Organic Solvents,Journal of The Electrochemical Society,2009,10.1149/1.3239850,Ethylene carbonate; Lithium hydroxide; Inorganic chemistry; Chemistry; Dimethyl carbonate; Lithium (medication); Lithium carbonate; Electrolyte; Salt (chemistry); Solubility
BAT_141,Batteries,Degradation mechanisms,Chemo-mechanical failure mechanisms of the silicon anode in solid-state batteries,Nature Materials,2024,10.1038/s41563-023-01792-x,Anode; Materials science; Silicon; Electrolyte; Interphase; Microscale chemistry; Composite number; Lithium (medication); Void (composites); Electrochemistry
BAT_142,Batteries,Degradation mechanisms,Mechanism of Zn Insertion into Nanostructured ¶ƒ-MnO 2 : A Nonaqueous Rechargeable Zn Metal Battery,Chemistry of Materials,2017,10.1021/acs.chemmater.7b00852,Electrolyte; Intercalation (chemistry); Cathode; Anode; Battery (electricity); Inorganic chemistry; Dissolution; Electrochemistry; Chemistry; Metal
BAT_143,Batteries,Degradation mechanisms,A single particle model with chemical/mechanical degradation physics for lithium ion battery State of Health (SOH) estimation,Applied Energy,2018,10.1016/j.apenergy.2018.01.011,Fade; Battery (electricity); State of health; Capacity loss; Lithium-ion battery; Electrolyte; Lithium (medication); State of charge; Internal resistance; Computer science
BAT_144,Batteries,Degradation mechanisms,Investigation of lithium-ion battery degradation mechanisms by combining differential voltage analysis and alternating current impedance,Journal of Power Sources,2019,10.1016/j.jpowsour.2019.227575,Cathode; Capacity loss; Constant current; Electrical impedance; Materials science; Battery (electricity); Analytical Chemistry (journal); Alternating current; Chemistry; Lithium-ion battery
BAT_145,Batteries,Degradation mechanisms,Are Polymer©\Based Electrolytes Ready for High©\Voltage Lithium Battery Applications? An Overview of Degradation Mechanisms and Battery Performance,Advanced Energy Materials,2022,10.1002/aenm.202201264,Materials science; Battery (electricity); Electrolyte; Degradation (telecommunications); Lithium (medication); Cathode; Energy density; Polymer; High voltage; Energy storage
BAT_146,Batteries,Degradation mechanisms,Effect of electrode manufacturing defects on electrochemical performance of lithium-ion batteries: Cognizance of the battery failure sources,Journal of Power Sources,2016,10.1016/j.jpowsour.2016.02.007,Materials science; Electrode; Coating; Electrochemistry; Cathode; Battery (electricity); Composite material; Particle (ecology); Lithium (medication); Lithium-ion battery
BAT_147,Batteries,Degradation mechanisms,Lithium battery aging model based on Dakin°Øs degradation approach,Journal of Power Sources,2016,10.1016/j.jpowsour.2016.06.036,Fade; Battery (electricity); Lithium-ion battery; Degradation (telecommunications); Battery capacity; Internal resistance; Lithium (medication); Logarithm; Power (physics); State of charge
BAT_148,Batteries,Degradation mechanisms,°∞Electrochemical Shock°± of Intercalation Electrodes: A Fracture Mechanics Analysis,Journal of The Electrochemical Society,2010,10.1149/1.3464773,Materials science; Fracture mechanics; Fracture toughness; Fracture (geology); Shock (circulatory); Brittleness; Electrode; Composite material; Intercalation (chemistry); Stress (linguistics)
BAT_149,Batteries,Degradation mechanisms,Stable silicon-ionic liquid interface for next-generation lithium-ion batteries,Nature Communications,2015,10.1038/ncomms7230,Electrolyte; Ionic liquid; Materials science; Anode; Lithium (medication); Faraday efficiency; Silicon; Electrode; Battery (electricity); Electrochemistry
BAT_150,Batteries,Degradation mechanisms,High-Density Sodium and Lithium Ion Battery Anodes from Banana Peels,ACS Nano,2014,10.1021/nn502045y,Gravimetric analysis; Materials science; Faraday efficiency; Anode; Battery (electricity); Sodium-ion battery; Electrode; Lithium (medication); Electrochemistry; Graphite
BAT_151,Batteries,Degradation mechanisms,Electrode Degradation in Lithium-Ion Batteries,ACS Nano,2020,10.1021/acsnano.9b04365,Electrode; Lithium (medication); Degradation (telecommunications); Materials science; Ion; Nanoarchitectures for lithium-ion batteries; Nanotechnology; Chemical engineering; Inorganic chemistry; Electrochemistry
BAT_152,Batteries,Degradation mechanisms,Effect of Temperature on the Aging rate of Li Ion Battery Operating above Room Temperature,Scientific Reports,2015,10.1038/srep12967,Battery (electricity); Materials science; Anode; Atmospheric temperature range; Electrode; Electrochemistry; Degradation (telecommunications); Ion; Cycling; Operating temperature
BAT_153,Batteries,Degradation mechanisms,Strongly Coupled Interfaces between a Heterogeneous Carbon Host and a Sulfur©\Containing Guest for Highly Stable Lithium©\Sulfur Batteries: Mechanistic Insight into Capacity Degradation,Advanced Materials Interfaces,2014,10.1002/admi.201400227,Materials science; Electrochemistry; Cathode; Sulfur; Graphene; Redox; Chemical engineering; Electrode; Carbon fibers; Adsorption
BAT_154,Batteries,Degradation mechanisms,Lithium-ion battery degradation: how to model it,Physical Chemistry Chemical Physics,2022,10.1039/d2cp00417h,Degradation (telecommunications); Battery (electricity); Warranty; Computer science; Automotive industry; Lithium (medication); Reliability engineering; Capacity loss; Lithium-ion battery; Engineering
BAT_155,Batteries,Degradation mechanisms,"Theory of battery ageing in a lithium-ion battery: Capacity fade, nonlinear ageing and lifetime prediction",Journal of Power Sources,2020,10.1016/j.jpowsour.2020.229026,Fade; Battery (electricity); Capacity loss; Nonlinear system; Lithium-ion battery; Ageing; Computer science; Materials science; Power (physics); Thermodynamics
BAT_156,Batteries,Degradation mechanisms,Progress in electrolyte and interface of hard carbon and graphite anode for sodium©\ion battery,Carbon Energy,2022,10.1002/cey2.120,Electrolyte; Anode; Graphite; Materials science; Carbon fibers; Battery (electricity); Chemical engineering; Lithium (medication); Electrochemistry; Intercalation (chemistry)
BAT_157,Batteries,Degradation mechanisms,Comprehensive Modeling of Temperature-Dependent Degradation Mechanisms in Lithium Iron Phosphate Batteries,Journal of The Electrochemical Society,2018,10.1149/2.1181714jes,Lithium iron phosphate; Degradation (telecommunications); Lithium (medication); Capacity loss; Cycling; Fade; Materials science; Biological system; Reliability engineering; Nuclear engineering
BAT_158,Batteries,Degradation mechanisms,Model based identification of aging parameters in lithium ion batteries,Journal of Power Sources,2013,10.1016/j.jpowsour.2013.01.041,Fade; Lithium (medication); Battery (electricity); Electrolyte; Lithium-ion battery; Ion; Degradation (telecommunications); Electrochemistry; Diffusion; State of health
BAT_159,Batteries,Degradation mechanisms,"Layered ternary metal oxides: Performance degradation mechanisms as cathodes, and design strategies for high-performance batteries",Progress in Materials Science,2020,10.1016/j.pmatsci.2020.100655,Materials science; Cathode; Ternary operation; Electrolyte; Electrochemistry; Degradation (telecommunications); Nanotechnology; Battery (electricity); Electrode; Lithium (medication)
BAT_160,Batteries,Degradation mechanisms,Failure Mechanism and Improvement of the Elevated Temperature Cycling of LiMn[sub 2]O[sub 4] Compounds Through the Use of the LiAl[sub x]Mn[sub 2?x]O[sub 4?z]F[sub z] Solid Solution,Journal of The Electrochemical Society,2001,10.1149/1.1342168,Spinel; Lithium (medication); Manganese; Cycling; Electrochemistry; Materials science; Manganese oxide; Electrode; Chemical engineering; Chemistry
BAT_161,Batteries,Degradation mechanisms,Progress in Rechargeable Aqueous Zinc©\ and Aluminum©\Ion Battery Electrodes: Challenges and Outlook,Advanced Sustainable Systems,2018,10.1002/adsu.201800111,Electrolyte; Battery (electricity); Electrochemistry; Energy storage; Aqueous solution; Materials science; Electrode; Ion; Renewable energy; Computer science
BAT_162,Batteries,Degradation mechanisms,Impedance change and capacity fade of lithium nickel manganese cobalt oxide-based batteries during calendar aging,Journal of Power Sources,2017,10.1016/j.jpowsour.2017.03.090,Dielectric spectroscopy; Anode; Materials science; Cobalt; Lithium cobalt oxide; Nickel; Electrochemistry; Battery (electricity); Analytical Chemistry (journal); Electrode
BAT_163,Batteries,Degradation mechanisms,Lithium Batteries and the Solid Electrolyte Interphase (SEI)°™Progress and Outlook,Advanced Energy Materials,2023,10.1002/aenm.202203307,Electrolyte; Anode; Materials science; Lithium (medication); Electrochemistry; Nanotechnology; Electrode; Chemical engineering; Chemistry; Physical chemistry
BAT_164,Batteries,Degradation mechanisms,Anisotropic Lattice Strain and Mechanical Degradation of High- and Low-Nickel NCM Cathode Materials for Li-Ion Batteries,The Journal of Physical Chemistry C,2017,10.1021/acs.jpcc.6b12885,Materials science; Crystallite; Scanning electron microscope; Cathode; Nickel; Diffraction; Lithium (medication); Ion; Composite material; Chemical engineering
BAT_165,Batteries,Degradation mechanisms,Improved Performance of the Silicon Anode for Li-Ion Batteries: Understanding the Surface Modification Mechanism of Fluoroethylene Carbonate as an Effective Electrolyte Additive,Chemistry of Materials,2015,10.1021/acs.chemmater.5b00339,Electrolyte; Ethylene carbonate; Silicon; Anode; Diethyl carbonate; Materials science; Carbonate; Chemical engineering; Lithium (medication); X-ray photoelectron spectroscopy
