query_id,domain,question_type,run,gold_count,tp,fp,fn,predicted_count,precision,recall,f1
SUP_EXT_0001,Superalloys,single,1,7,7,2,0,9,0.78,1,0.88
SUP_EXT_0002,Superalloys,single,1,6,6,2,0,8,0.75,1,0.86
SUP_EXT_0003,Superalloys,single,1,7,6,1,1,7,0.86,0.86,0.86
SUP_EXT_0004,Superalloys,single,1,7,6,3,1,9,0.67,0.86,0.75
SUP_EXT_0005,Superalloys,multi,1,35,27,12,8,39,0.69,0.77,0.73
SUP_EXT_0006,Superalloys,single,1,9,7,3,2,10,0.7,0.78,0.74
SUP_EXT_0007,Superalloys,single,1,6,5,1,1,6,0.83,0.83,0.83
SUP_EXT_0008,Superalloys,single,1,7,6,1,1,7,0.86,0.86,0.86
SUP_EXT_0009,Superalloys,single,1,6,4,1,2,5,0.8,0.67,0.73
SUP_EXT_0010,Superalloys,multi,1,29,25,4,4,29,0.86,0.86,0.86
SUP_EXT_0011,Superalloys,single,1,6,3,1,3,4,0.75,0.5,0.6
SUP_EXT_0012,Superalloys,single,1,10,8,3,2,11,0.73,0.8,0.76
SUP_EXT_0013,Superalloys,single,1,6,6,0,0,6,1,1,1
SUP_EXT_0014,Superalloys,single,1,10,8,3,2,11,0.73,0.8,0.76
SUP_EXT_0015,Superalloys,single,1,11,9,1,2,10,0.9,0.82,0.86
SUP_EXT_0016,Superalloys,single,1,8,7,1,1,8,0.88,0.88,0.88
SUP_EXT_0017,Superalloys,multi,1,27,22,4,5,26,0.85,0.81,0.83
SUP_EXT_0018,Superalloys,single,1,9,8,1,1,9,0.89,0.89,0.89
SUP_EXT_0019,Superalloys,single,1,11,11,1,0,12,0.92,1,0.96
SUP_EXT_0020,Superalloys,single,1,12,10,4,2,14,0.71,0.83,0.77
SUP_EXT_0021,Superalloys,single,1,9,8,3,1,11,0.73,0.89,0.8
SUP_EXT_0022,Superalloys,single,1,9,7,2,2,9,0.78,0.78,0.78
SUP_EXT_0023,Superalloys,single,1,11,8,2,3,10,0.8,0.73,0.76
SUP_EXT_0024,Superalloys,single,1,7,6,0,1,6,1,0.86,0.92
SUP_EXT_0025,Superalloys,single,1,6,5,1,1,6,0.83,0.83,0.83
SUP_EXT_0026,Superalloys,multi,1,28,21,8,7,29,0.72,0.75,0.73
SUP_EXT_0027,Superalloys,single,1,7,7,2,0,9,0.78,1,0.88
SUP_EXT_0028,Superalloys,multi,1,38,30,7,8,37,0.81,0.79,0.8
SUP_EXT_0029,Superalloys,multi,1,21,16,5,5,21,0.76,0.76,0.76
SUP_EXT_0030,Superalloys,single,1,8,6,1,2,7,0.86,0.75,0.8
SUP_EXT_0031,Superalloys,single,1,8,7,2,1,9,0.78,0.88,0.83
SUP_EXT_0032,Superalloys,single,1,10,6,2,4,8,0.75,0.6,0.67
SUP_EXT_0033,Superalloys,multi,1,21,15,8,6,23,0.65,0.71,0.68
SUP_EXT_0034,Superalloys,single,1,4,4,1,0,5,0.8,1,0.89
SUP_EXT_0035,Superalloys,single,1,10,7,3,3,10,0.7,0.7,0.7
SUP_EXT_0036,Superalloys,single,1,7,7,1,0,8,0.88,1,0.94
SUP_EXT_0037,Superalloys,single,1,7,5,1,2,6,0.83,0.71,0.77
SUP_EXT_0038,Superalloys,single,1,9,8,2,1,10,0.8,0.89,0.84
SUP_EXT_0039,Superalloys,single,1,6,5,2,1,7,0.71,0.83,0.77
SUP_EXT_0040,Superalloys,single,1,7,6,1,1,7,0.86,0.86,0.86
SUP_EXT_0041,Superalloys,single,1,12,10,2,2,12,0.83,0.83,0.83
SUP_EXT_0042,Superalloys,single,1,10,9,3,1,12,0.75,0.9,0.82
SUP_EXT_0043,Superalloys,single,1,7,4,1,3,5,0.8,0.57,0.67
SUP_EXT_0044,Superalloys,single,1,6,3,1,3,4,0.75,0.5,0.6
SUP_EXT_0045,Superalloys,single,1,6,6,1,0,7,0.86,1,0.92
SUP_EXT_0046,Superalloys,single,1,8,7,2,1,9,0.78,0.88,0.83
SUP_EXT_0047,Superalloys,single,1,9,7,2,2,9,0.78,0.78,0.78
SUP_EXT_0048,Superalloys,single,1,6,4,1,2,5,0.8,0.67,0.73
SUP_EXT_0049,Superalloys,single,1,7,6,1,1,7,0.86,0.86,0.86
SUP_EXT_0050,Superalloys,single,1,6,5,1,1,6,0.83,0.83,0.83
SUP_EXT_0051,Superalloys,single,1,7,6,0,1,6,1,0.86,0.92
SUP_EXT_0052,Superalloys,single,1,11,8,5,3,13,0.62,0.73,0.67
SUP_EXT_0053,Superalloys,single,1,6,6,1,0,7,0.86,1,0.92
SUP_EXT_0054,Superalloys,single,1,11,11,0,0,11,1,1,1
SUP_EXT_0055,Superalloys,single,1,15,13,2,2,15,0.87,0.87,0.87
SUP_EXT_0056,Superalloys,single,1,11,11,0,0,11,1,1,1
SUP_EXT_0057,Superalloys,single,1,9,9,0,0,9,1,1,1
SUP_EXT_0058,Superalloys,single,1,9,7,2,2,9,0.78,0.78,0.78
SUP_EXT_0059,Superalloys,single,1,8,7,1,1,8,0.88,0.88,0.88
SUP_EXT_0060,Superalloys,single,1,12,10,2,2,12,0.83,0.83,0.83
SUP_EXT_0061,Superalloys,single,1,11,8,1,3,9,0.89,0.73,0.8
SUP_EXT_0062,Superalloys,single,1,9,7,4,2,11,0.64,0.78,0.7
SUP_EXT_0063,Superalloys,single,1,7,6,2,1,8,0.75,0.86,0.8
SUP_EXT_0064,Superalloys,single,1,8,5,3,3,8,0.62,0.62,0.62
SUP_EXT_0065,Superalloys,single,1,7,6,1,1,7,0.86,0.86,0.86
SUP_EXT_0066,Superalloys,single,1,6,6,1,0,7,0.86,1,0.92
SUP_EXT_0067,Superalloys,single,1,10,8,1,2,9,0.89,0.8,0.84
SUP_EXT_0068,Superalloys,multi,1,27,22,4,5,26,0.85,0.81,0.83
SUP_EXT_0069,Superalloys,single,1,8,7,0,1,7,1,0.88,0.94
SUP_EXT_0070,Superalloys,single,1,12,8,2,4,10,0.8,0.67,0.73
SUP_EXT_0071,Superalloys,single,1,10,8,2,2,10,0.8,0.8,0.8
SUP_EXT_0072,Superalloys,single,1,11,8,1,3,9,0.89,0.73,0.8
SUP_EXT_0073,Superalloys,single,1,8,8,1,0,9,0.89,1,0.94
SUP_EXT_0074,Superalloys,single,1,13,10,2,3,12,0.83,0.77,0.8
SUP_EXT_0075,Superalloys,single,1,9,8,0,1,8,1,0.89,0.94
SUP_EXT_0076,Superalloys,single,1,9,8,1,1,9,0.89,0.89,0.89
SUP_EXT_0077,Superalloys,single,1,12,10,1,2,11,0.91,0.83,0.87
SUP_EXT_0078,Superalloys,single,1,6,2,2,4,4,0.5,0.33,0.4
SUP_EXT_0079,Superalloys,single,1,9,8,1,1,9,0.89,0.89,0.89
SUP_EXT_0080,Superalloys,single,1,8,8,1,0,9,0.89,1,0.94
SUP_EXT_0081,Superalloys,single,1,13,5,1,8,6,0.83,0.38,0.52
SUP_EXT_0082,Superalloys,single,1,9,7,3,2,10,0.7,0.78,0.74
SUP_EXT_0083,Superalloys,single,1,10,9,0,1,9,1,0.9,0.95
SUP_EXT_0084,Superalloys,single,1,14,13,1,1,14,0.93,0.93,0.93
SUP_EXT_0085,Superalloys,single,1,10,8,1,2,9,0.89,0.8,0.84
SUP_EXT_0086,Superalloys,multi,1,22,16,4,6,20,0.8,0.73,0.76
SUP_EXT_0087,Superalloys,single,1,8,6,1,2,7,0.86,0.75,0.8
SUP_EXT_0088,Superalloys,single,1,10,7,1,3,8,0.88,0.7,0.78
SUP_EXT_0089,Superalloys,single,1,7,5,2,2,7,0.71,0.71,0.71
SUP_EXT_0090,Superalloys,multi,1,31,29,6,2,35,0.83,0.94,0.88
SUP_EXT_0091,Superalloys,single,1,6,6,1,0,7,0.86,1,0.92
SUP_EXT_0092,Superalloys,single,1,11,8,2,3,10,0.8,0.73,0.76
SUP_EXT_0093,Superalloys,multi,1,23,17,8,6,25,0.68,0.74,0.71
SUP_EXT_0094,Superalloys,single,1,12,12,0,0,12,1,1,1
SUP_EXT_0095,Superalloys,single,1,11,10,1,1,11,0.91,0.91,0.91
SUP_EXT_0096,Superalloys,single,1,13,10,4,3,14,0.71,0.77,0.74
SUP_EXT_0097,Superalloys,single,1,6,6,1,0,7,0.86,1,0.92
SUP_EXT_0098,Superalloys,multi,1,21,16,5,5,21,0.76,0.76,0.76
SUP_EXT_0099,Superalloys,single,1,11,7,3,4,10,0.7,0.64,0.67
SUP_EXT_0100,Superalloys,single,1,12,12,2,0,14,0.86,1,0.92
SUP_EXT_0101,Superalloys,single,1,6,3,1,3,4,0.75,0.5,0.6
SUP_EXT_0102,Superalloys,single,1,14,11,3,3,14,0.79,0.79,0.79
SUP_EXT_0103,Superalloys,single,1,9,8,0,1,8,1,0.89,0.94
SUP_EXT_0104,Superalloys,single,1,12,9,3,3,12,0.75,0.75,0.75
SUP_EXT_0105,Superalloys,single,1,12,8,5,4,13,0.62,0.67,0.64
SUP_EXT_0106,Superalloys,single,1,11,9,1,2,10,0.9,0.82,0.86
SUP_EXT_0107,Superalloys,single,1,11,8,2,3,10,0.8,0.73,0.76
SUP_EXT_0108,Superalloys,single,1,12,11,1,1,12,0.92,0.92,0.92
SUP_EXT_0109,Superalloys,single,1,12,8,4,4,12,0.67,0.67,0.67
SUP_EXT_0110,Superalloys,single,1,9,8,2,1,10,0.8,0.89,0.84
SUP_EXT_0111,Superalloys,single,1,6,5,1,1,6,0.83,0.83,0.83
SUP_EXT_0112,Superalloys,single,1,6,5,1,1,6,0.83,0.83,0.83
SUP_EXT_0113,Superalloys,multi,1,23,19,7,4,26,0.73,0.83,0.78
SUP_EXT_0114,Superalloys,single,1,11,9,2,2,11,0.82,0.82,0.82
SUP_EXT_0115,Superalloys,single,1,10,9,2,1,11,0.82,0.9,0.86
SUP_EXT_0116,Superalloys,single,1,7,6,3,1,9,0.67,0.86,0.75
SUP_EXT_0117,Superalloys,single,1,11,10,0,1,10,1,0.91,0.95
SUP_EXT_0118,Superalloys,single,1,11,10,2,1,12,0.83,0.91,0.87
SUP_EXT_0119,Superalloys,single,1,6,6,2,0,8,0.75,1,0.86
SUP_EXT_0120,Superalloys,single,1,11,9,1,2,10,0.9,0.82,0.86
SUP_EXT_0121,Superalloys,multi,1,25,20,4,5,24,0.83,0.8,0.81
SUP_EXT_0122,Superalloys,single,1,11,9,0,2,9,1,0.82,0.9
SUP_EXT_0123,Superalloys,single,1,11,10,2,1,12,0.83,0.91,0.87
SUP_EXT_0124,Superalloys,single,1,12,10,5,2,15,0.67,0.83,0.74
SUP_EXT_0125,Superalloys,multi,1,24,21,6,3,27,0.78,0.88,0.83
SUP_EXT_0126,Superalloys,single,1,10,8,4,2,12,0.67,0.8,0.73
SUP_EXT_0127,Superalloys,single,1,9,8,0,1,8,1,0.89,0.94
SUP_EXT_0128,Superalloys,single,1,6,6,0,0,6,1,1,1
SUP_EXT_0129,Superalloys,single,1,11,0,2,11,2,0,0,0
SUP_EXT_0130,Superalloys,multi,1,27,23,7,4,30,0.77,0.85,0.81
SUP_EXT_0131,Superalloys,single,1,8,7,2,1,9,0.78,0.88,0.83
SUP_EXT_0132,Superalloys,single,1,11,10,0,1,10,1,0.91,0.95
SUP_EXT_0133,Superalloys,single,1,10,9,1,1,10,0.9,0.9,0.9
SUP_EXT_0134,Superalloys,single,1,11,10,2,1,12,0.83,0.91,0.87
SUP_EXT_0135,Superalloys,single,1,8,7,0,1,7,1,0.88,0.94
SUP_EXT_0136,Superalloys,single,1,12,10,3,2,13,0.77,0.83,0.8
SUP_EXT_0137,Superalloys,single,1,8,6,2,2,8,0.75,0.75,0.75
SUP_EXT_0138,Superalloys,multi,1,21,19,5,2,24,0.79,0.9,0.84
SUP_EXT_0139,Superalloys,single,1,9,8,2,1,10,0.8,0.89,0.84
SUP_EXT_0140,Superalloys,single,1,6,6,1,0,7,0.86,1,0.92
SUP_EXT_0141,Superalloys,single,1,11,9,1,2,10,0.9,0.82,0.86
SUP_EXT_0142,Superalloys,multi,1,24,19,6,5,25,0.76,0.79,0.77
SUP_EXT_0143,Superalloys,single,1,12,9,2,3,11,0.82,0.75,0.78
SUP_EXT_0144,Superalloys,single,1,12,10,0,2,10,1,0.83,0.91
SUP_EXT_0145,Superalloys,single,1,6,6,0,0,6,1,1,1
SUP_EXT_0146,Superalloys,multi,1,21,20,2,1,22,0.91,0.95,0.93
SUP_EXT_0147,Superalloys,single,1,8,5,1,3,6,0.83,0.62,0.71
SUP_EXT_0148,Superalloys,multi,1,18,15,2,3,17,0.88,0.83,0.85
SUP_EXT_0149,Superalloys,single,1,9,7,2,2,9,0.78,0.78,0.78
SUP_EXT_0150,Superalloys,single,1,8,7,0,1,7,1,0.88,0.94
SUP_EXT_0151,Superalloys,single,1,11,11,6,0,17,0.65,1,0.79
SUP_EXT_0152,Superalloys,single,1,10,9,1,1,10,0.9,0.9,0.9
SUP_EXT_0153,Superalloys,single,1,8,8,3,0,11,0.73,1,0.84
SUP_EXT_0154,Superalloys,single,1,8,7,2,1,9,0.78,0.88,0.83
SUP_EXT_0155,Superalloys,single,1,10,6,1,4,7,0.86,0.6,0.71
SUP_EXT_0156,Superalloys,single,1,10,7,2,3,9,0.78,0.7,0.74
SUP_EXT_0157,Superalloys,single,1,8,8,2,0,10,0.8,1,0.89
SUP_EXT_0158,Superalloys,single,1,10,10,1,0,11,0.91,1,0.95
SUP_EXT_0159,Superalloys,single,1,12,10,4,2,14,0.71,0.83,0.77
SUP_EXT_0160,Superalloys,single,1,11,10,1,1,11,0.91,0.91,0.91
SUP_EXT_0161,Superalloys,single,1,7,7,0,0,7,1,1,1
SUP_EXT_0162,Superalloys,single,1,9,9,0,0,9,1,1,1
SUP_EXT_0163,Superalloys,single,1,12,9,1,3,10,0.9,0.75,0.82
SUP_EXT_0164,Superalloys,single,1,7,5,1,2,6,0.83,0.71,0.77
SUP_EXT_0165,Superalloys,single,1,11,10,1,1,11,0.91,0.91,0.91
SUP_EXT_0166,Superalloys,single,1,10,9,3,1,12,0.75,0.9,0.82
SUP_EXT_0167,Superalloys,single,1,11,10,1,1,11,0.91,0.91,0.91
SUP_EXT_0168,Superalloys,single,1,6,1,2,5,3,0.33,0.17,0.22
SUP_EXT_0169,Superalloys,single,1,6,3,1,3,4,0.75,0.5,0.6
SUP_EXT_0170,Superalloys,single,1,6,4,1,2,5,0.8,0.67,0.73
SUP_EXT_0171,Superalloys,single,1,11,10,1,1,11,0.91,0.91,0.91
SUP_EXT_0172,Superalloys,multi,1,24,6,1,18,7,0.86,0.25,0.39
SUP_EXT_0173,Superalloys,single,1,7,5,3,2,8,0.62,0.71,0.66
SUP_EXT_0174,Superalloys,single,1,12,9,3,3,12,0.75,0.75,0.75
SUP_EXT_0175,Superalloys,single,1,10,8,2,2,10,0.8,0.8,0.8
SUP_EXT_0176,Superalloys,single,1,6,4,3,2,7,0.57,0.67,0.62
SUP_EXT_0177,Superalloys,multi,1,20,16,3,4,19,0.84,0.8,0.82
SUP_EXT_0178,Superalloys,single,1,6,5,4,1,9,0.56,0.83,0.67
SUP_EXT_0179,Superalloys,single,1,11,9,4,2,13,0.69,0.82,0.75
SUP_EXT_0180,Superalloys,multi,1,18,14,2,4,16,0.88,0.78,0.83
SUP_EXT_0181,Superalloys,single,1,10,8,2,2,10,0.8,0.8,0.8
SUP_EXT_0182,Superalloys,single,1,11,11,2,0,13,0.85,1,0.92
SUP_EXT_0183,Superalloys,single,1,11,9,1,2,10,0.9,0.82,0.86
SUP_EXT_0184,Superalloys,single,1,6,5,2,1,7,0.71,0.83,0.77
SUP_EXT_0185,Superalloys,single,1,8,5,2,3,7,0.71,0.62,0.66
SUP_EXT_0186,Superalloys,single,1,13,2,2,11,4,0.5,0.15,0.23
SUP_EXT_0187,Superalloys,single,1,11,11,2,0,13,0.85,1,0.92
SUP_EXT_0188,Superalloys,single,1,9,8,3,1,11,0.73,0.89,0.8
SUP_EXT_0189,Superalloys,single,1,5,5,1,0,6,0.83,1,0.91
SUP_EXT_0190,Superalloys,single,1,15,13,3,2,16,0.81,0.87,0.84
SUP_EXT_0191,Superalloys,single,1,7,6,0,1,6,1,0.86,0.92
SUP_EXT_0192,Superalloys,single,1,10,7,1,3,8,0.88,0.7,0.78
SUP_EXT_0193,Superalloys,single,1,9,7,3,2,10,0.7,0.78,0.74
SUP_EXT_0194,Superalloys,single,1,12,9,2,3,11,0.82,0.75,0.78
SUP_EXT_0195,Superalloys,single,1,7,6,1,1,7,0.86,0.86,0.86
SUP_EXT_0196,Superalloys,single,1,11,9,3,2,12,0.75,0.82,0.78
SUP_EXT_0197,Superalloys,single,1,10,10,0,0,10,1,1,1
SUP_EXT_0198,Superalloys,single,1,11,8,2,3,10,0.8,0.73,0.76
SUP_EXT_0199,Superalloys,single,1,8,6,1,2,7,0.86,0.75,0.8
SUP_EXT_0200,Superalloys,single,1,8,7,0,1,7,1,0.88,0.94
SUP_EXT_0201,Superalloys,multi,1,21,18,3,3,21,0.86,0.86,0.86
SUP_EXT_0202,Superalloys,single,1,9,7,0,2,7,1,0.78,0.88
SUP_EXT_0203,Superalloys,single,1,10,7,2,3,9,0.78,0.7,0.74
SUP_EXT_0204,Superalloys,single,1,10,7,4,3,11,0.64,0.7,0.67
SUP_EXT_0205,Superalloys,single,1,8,7,2,1,9,0.78,0.88,0.83
SUP_EXT_0206,Superalloys,single,1,10,8,5,2,13,0.62,0.8,0.7
SUP_EXT_0207,Superalloys,single,1,9,7,0,2,7,1,0.78,0.88
SUP_EXT_0208,Superalloys,single,1,12,11,1,1,12,0.92,0.92,0.92
SUP_EXT_0209,Superalloys,single,1,10,9,1,1,10,0.9,0.9,0.9
SUP_EXT_0210,Superalloys,single,1,10,9,0,1,9,1,0.9,0.95
SUP_EXT_0211,Superalloys,single,1,10,8,2,2,10,0.8,0.8,0.8
SUP_EXT_0212,Superalloys,single,1,8,7,1,1,8,0.88,0.88,0.88
SUP_EXT_0213,Superalloys,single,1,12,8,3,4,11,0.73,0.67,0.7
SUP_EXT_0214,Superalloys,single,1,4,4,1,0,5,0.8,1,0.89
SEM_EXT_0001,Semiconductors,single,1,6,4,1,2,5,0.8,0.67,0.73
SEM_EXT_0002,Semiconductors,single,1,8,4,3,4,7,0.57,0.5,0.53
SEM_EXT_0003,Semiconductors,single,1,9,7,3,2,10,0.7,0.78,0.74
SEM_EXT_0004,Semiconductors,single,1,11,9,2,2,11,0.82,0.82,0.82
SEM_EXT_0005,Semiconductors,single,1,10,10,1,0,11,0.91,1,0.95
SEM_EXT_0006,Semiconductors,single,1,8,6,2,2,8,0.75,0.75,0.75
SEM_EXT_0007,Semiconductors,single,1,12,2,2,10,4,0.5,0.17,0.25
SEM_EXT_0008,Semiconductors,single,1,9,7,1,2,8,0.88,0.78,0.83
SEM_EXT_0009,Semiconductors,single,1,10,6,1,4,7,0.86,0.6,0.71
SEM_EXT_0010,Semiconductors,single,1,9,8,2,1,10,0.8,0.89,0.84
SEM_EXT_0011,Semiconductors,single,1,12,12,0,0,12,1,1,1
SEM_EXT_0012,Semiconductors,single,1,7,6,0,1,6,1,0.86,0.92
SEM_EXT_0013,Semiconductors,single,1,12,10,1,2,11,0.91,0.83,0.87
SEM_EXT_0014,Semiconductors,single,1,11,9,1,2,10,0.9,0.82,0.86
SEM_EXT_0015,Semiconductors,single,1,12,11,2,1,13,0.85,0.92,0.88
SEM_EXT_0016,Semiconductors,multi,1,29,26,5,3,31,0.84,0.9,0.87
SEM_EXT_0017,Semiconductors,single,1,8,6,1,2,7,0.86,0.75,0.8
SEM_EXT_0018,Semiconductors,single,1,11,10,3,1,13,0.77,0.91,0.83
SEM_EXT_0019,Semiconductors,single,1,15,13,2,2,15,0.87,0.87,0.87
SEM_EXT_0020,Semiconductors,single,1,12,8,2,4,10,0.8,0.67,0.73
SEM_EXT_0021,Semiconductors,single,1,8,8,1,0,9,0.89,1,0.94
SEM_EXT_0022,Semiconductors,multi,1,22,16,7,6,23,0.7,0.73,0.71
SEM_EXT_0023,Semiconductors,single,1,13,10,1,3,11,0.91,0.77,0.83
SEM_EXT_0024,Semiconductors,single,1,6,5,1,1,6,0.83,0.83,0.83
SEM_EXT_0025,Semiconductors,single,1,6,5,1,1,6,0.83,0.83,0.83
SEM_EXT_0026,Semiconductors,single,1,6,2,2,4,4,0.5,0.33,0.4
SEM_EXT_0027,Semiconductors,single,1,10,7,1,3,8,0.88,0.7,0.78
SEM_EXT_0028,Semiconductors,single,1,10,9,3,1,12,0.75,0.9,0.82
SEM_EXT_0029,Semiconductors,single,1,15,11,5,4,16,0.69,0.73,0.71
SEM_EXT_0030,Semiconductors,multi,1,33,26,8,7,34,0.76,0.79,0.77
SEM_EXT_0031,Semiconductors,single,1,7,6,3,1,9,0.67,0.86,0.75
SEM_EXT_0032,Semiconductors,single,1,9,8,1,1,9,0.89,0.89,0.89
SEM_EXT_0033,Semiconductors,single,1,9,7,2,2,9,0.78,0.78,0.78
SEM_EXT_0034,Semiconductors,single,1,12,10,2,2,12,0.83,0.83,0.83
SEM_EXT_0035,Semiconductors,single,1,12,8,2,4,10,0.8,0.67,0.73
SEM_EXT_0036,Semiconductors,single,1,8,7,2,1,9,0.78,0.88,0.83
SEM_EXT_0037,Semiconductors,single,1,12,10,1,2,11,0.91,0.83,0.87
SEM_EXT_0038,Semiconductors,single,1,12,12,0,0,12,1,1,1
SEM_EXT_0039,Semiconductors,single,1,9,7,1,2,8,0.88,0.78,0.83
SEM_EXT_0040,Semiconductors,single,1,12,10,2,2,12,0.83,0.83,0.83
SEM_EXT_0041,Semiconductors,multi,1,36,24,9,12,33,0.73,0.67,0.7
SEM_EXT_0042,Semiconductors,single,1,6,6,0,0,6,1,1,1
SEM_EXT_0043,Semiconductors,single,1,11,10,2,1,12,0.83,0.91,0.87
SEM_EXT_0044,Semiconductors,single,1,12,9,3,3,12,0.75,0.75,0.75
SEM_EXT_0045,Semiconductors,single,1,8,6,1,2,7,0.86,0.75,0.8
SEM_EXT_0046,Semiconductors,multi,1,24,22,7,2,29,0.76,0.92,0.83
SEM_EXT_0047,Semiconductors,single,1,7,6,2,1,8,0.75,0.86,0.8
SEM_EXT_0048,Semiconductors,single,1,8,7,0,1,7,1,0.88,0.94
SEM_EXT_0049,Semiconductors,single,1,12,10,2,2,12,0.83,0.83,0.83
SEM_EXT_0050,Semiconductors,single,1,6,6,0,0,6,1,1,1
SEM_EXT_0051,Semiconductors,single,1,11,9,2,2,11,0.82,0.82,0.82
SEM_EXT_0052,Semiconductors,single,1,8,6,0,2,6,1,0.75,0.86
SEM_EXT_0053,Semiconductors,single,1,9,7,1,2,8,0.88,0.78,0.83
SEM_EXT_0054,Semiconductors,multi,1,30,26,7,4,33,0.79,0.87,0.83
SEM_EXT_0055,Semiconductors,multi,1,31,23,5,8,28,0.82,0.74,0.78
SEM_EXT_0056,Semiconductors,single,1,6,6,2,0,8,0.75,1,0.86
SEM_EXT_0057,Semiconductors,single,1,10,9,2,1,11,0.82,0.9,0.86
SEM_EXT_0058,Semiconductors,single,1,9,9,0,0,9,1,1,1
SEM_EXT_0059,Semiconductors,single,1,9,8,1,1,9,0.89,0.89,0.89
SEM_EXT_0060,Semiconductors,single,1,11,9,2,2,11,0.82,0.82,0.82
SEM_EXT_0061,Semiconductors,single,1,12,10,1,2,11,0.91,0.83,0.87
SEM_EXT_0062,Semiconductors,single,1,6,6,0,0,6,1,1,1
SEM_EXT_0063,Semiconductors,single,1,8,6,1,2,7,0.86,0.75,0.8
SEM_EXT_0064,Semiconductors,single,1,7,7,0,0,7,1,1,1
SEM_EXT_0065,Semiconductors,single,1,9,7,1,2,8,0.88,0.78,0.83
SEM_EXT_0066,Semiconductors,single,1,11,9,4,2,13,0.69,0.82,0.75
SEM_EXT_0067,Semiconductors,single,1,10,9,2,1,11,0.82,0.9,0.86
SEM_EXT_0068,Semiconductors,single,1,7,5,2,2,7,0.71,0.71,0.71
SEM_EXT_0069,Semiconductors,single,1,8,8,0,0,8,1,1,1
SEM_EXT_0070,Semiconductors,single,1,6,6,1,0,7,0.86,1,0.92
SEM_EXT_0071,Semiconductors,single,1,12,12,2,0,14,0.86,1,0.92
SEM_EXT_0072,Semiconductors,single,1,10,8,2,2,10,0.8,0.8,0.8
SEM_EXT_0073,Semiconductors,single,1,8,8,2,0,10,0.8,1,0.89
SEM_EXT_0074,Semiconductors,single,1,6,6,0,0,6,1,1,1
SEM_EXT_0075,Semiconductors,single,1,8,8,1,0,9,0.89,1,0.94
SEM_EXT_0076,Semiconductors,single,1,10,9,1,1,10,0.9,0.9,0.9
SEM_EXT_0077,Semiconductors,multi,1,25,18,3,7,21,0.86,0.72,0.78
SEM_EXT_0078,Semiconductors,single,1,9,9,2,0,11,0.82,1,0.9
SEM_EXT_0079,Semiconductors,single,1,10,10,1,0,11,0.91,1,0.95
SEM_EXT_0080,Semiconductors,single,1,9,7,1,2,8,0.88,0.78,0.83
SEM_EXT_0081,Semiconductors,single,1,14,13,3,1,16,0.81,0.93,0.87
SEM_EXT_0082,Semiconductors,multi,1,28,19,5,9,24,0.79,0.68,0.73
SEM_EXT_0083,Semiconductors,single,1,9,7,2,2,9,0.78,0.78,0.78
SEM_EXT_0084,Semiconductors,single,1,6,4,1,2,5,0.8,0.67,0.73
SEM_EXT_0085,Semiconductors,single,1,11,10,0,1,10,1,0.91,0.95
SEM_EXT_0086,Semiconductors,single,1,9,7,2,2,9,0.78,0.78,0.78
SEM_EXT_0087,Semiconductors,single,1,8,7,1,1,8,0.88,0.88,0.88
SEM_EXT_0088,Semiconductors,single,1,11,11,1,0,12,0.92,1,0.96
SEM_EXT_0089,Semiconductors,single,1,8,7,1,1,8,0.88,0.88,0.88
SEM_EXT_0090,Semiconductors,single,1,9,6,2,3,8,0.75,0.67,0.71
SEM_EXT_0091,Semiconductors,single,1,12,9,4,3,13,0.69,0.75,0.72
SEM_EXT_0092,Semiconductors,single,1,9,8,1,1,9,0.89,0.89,0.89
SEM_EXT_0093,Semiconductors,single,1,8,7,1,1,8,0.88,0.88,0.88
SEM_EXT_0094,Semiconductors,multi,1,19,14,5,5,19,0.74,0.74,0.74
SEM_EXT_0095,Semiconductors,single,1,10,7,4,3,11,0.64,0.7,0.67
SEM_EXT_0096,Semiconductors,single,1,11,10,1,1,11,0.91,0.91,0.91
SEM_EXT_0097,Semiconductors,multi,1,25,22,5,3,27,0.81,0.88,0.84
SEM_EXT_0098,Semiconductors,single,1,10,7,0,3,7,1,0.7,0.82
SEM_EXT_0099,Semiconductors,single,1,11,9,1,2,10,0.9,0.82,0.86
SEM_EXT_0100,Semiconductors,single,1,13,11,0,2,11,1,0.85,0.92
SEM_EXT_0101,Semiconductors,single,1,7,6,2,1,8,0.75,0.86,0.8
SEM_EXT_0102,Semiconductors,single,1,8,6,1,2,7,0.86,0.75,0.8
SEM_EXT_0103,Semiconductors,single,1,8,8,2,0,10,0.8,1,0.89
SEM_EXT_0104,Semiconductors,single,1,7,6,2,1,8,0.75,0.86,0.8
SEM_EXT_0105,Semiconductors,single,1,10,10,2,0,12,0.83,1,0.91
SEM_EXT_0106,Semiconductors,single,1,9,8,2,1,10,0.8,0.89,0.84
SEM_EXT_0107,Semiconductors,single,1,6,6,3,0,9,0.67,1,0.8
SEM_EXT_0108,Semiconductors,single,1,12,11,1,1,12,0.92,0.92,0.92
SEM_EXT_0109,Semiconductors,single,1,10,9,1,1,10,0.9,0.9,0.9
SEM_EXT_0110,Semiconductors,single,1,11,9,1,2,10,0.9,0.82,0.86
SEM_EXT_0111,Semiconductors,single,1,12,10,2,2,12,0.83,0.83,0.83
SEM_EXT_0112,Semiconductors,multi,1,28,22,5,6,27,0.81,0.79,0.8
SEM_EXT_0113,Semiconductors,single,1,9,6,1,3,7,0.86,0.67,0.75
SEM_EXT_0114,Semiconductors,single,1,12,11,1,1,12,0.92,0.92,0.92
SEM_EXT_0115,Semiconductors,multi,1,28,23,1,5,24,0.96,0.82,0.88
SEM_EXT_0116,Semiconductors,single,1,11,10,1,1,11,0.91,0.91,0.91
SEM_EXT_0117,Semiconductors,single,1,10,9,3,1,12,0.75,0.9,0.82
SEM_EXT_0118,Semiconductors,single,1,12,11,2,1,13,0.85,0.92,0.88
SEM_EXT_0119,Semiconductors,single,1,12,10,3,2,13,0.77,0.83,0.8
SEM_EXT_0120,Semiconductors,single,1,11,10,1,1,11,0.91,0.91,0.91
SEM_EXT_0121,Semiconductors,single,1,11,7,2,4,9,0.78,0.64,0.7
SEM_EXT_0122,Semiconductors,single,1,10,9,0,1,9,1,0.9,0.95
SEM_EXT_0123,Semiconductors,single,1,6,3,2,3,5,0.6,0.5,0.55
SEM_EXT_0124,Semiconductors,multi,1,26,22,3,4,25,0.88,0.85,0.86
SEM_EXT_0125,Semiconductors,single,1,12,9,2,3,11,0.82,0.75,0.78
SEM_EXT_0126,Semiconductors,single,1,8,6,1,2,7,0.86,0.75,0.8
SEM_EXT_0127,Semiconductors,single,1,4,0,0,4,0,0,0,0
SEM_EXT_0128,Semiconductors,single,1,8,7,2,1,9,0.78,0.88,0.83
SEM_EXT_0129,Semiconductors,single,1,13,11,2,2,13,0.85,0.85,0.85
SEM_EXT_0130,Semiconductors,single,1,12,10,2,2,12,0.83,0.83,0.83
SEM_EXT_0131,Semiconductors,single,1,10,9,2,1,11,0.82,0.9,0.86
SEM_EXT_0132,Semiconductors,single,1,14,10,1,4,11,0.91,0.71,0.8
SEM_EXT_0133,Semiconductors,single,1,8,6,2,2,8,0.75,0.75,0.75
SEM_EXT_0134,Semiconductors,single,1,9,7,3,2,10,0.7,0.78,0.74
SEM_EXT_0135,Semiconductors,single,1,12,10,0,2,10,1,0.83,0.91
SEM_EXT_0136,Semiconductors,multi,1,38,31,4,7,35,0.89,0.82,0.85
SEM_EXT_0137,Semiconductors,single,1,9,8,1,1,9,0.89,0.89,0.89
SEM_EXT_0138,Semiconductors,single,1,7,6,2,1,8,0.75,0.86,0.8
SEM_EXT_0139,Semiconductors,single,1,8,7,2,1,9,0.78,0.88,0.83
SEM_EXT_0140,Semiconductors,single,1,10,10,1,0,11,0.91,1,0.95
SEM_EXT_0141,Semiconductors,multi,1,28,26,4,2,30,0.87,0.93,0.9
SEM_EXT_0142,Semiconductors,single,1,6,5,1,1,6,0.83,0.83,0.83
SEM_EXT_0143,Semiconductors,single,1,9,7,2,2,9,0.78,0.78,0.78
SEM_EXT_0144,Semiconductors,single,1,8,6,2,2,8,0.75,0.75,0.75
SEM_EXT_0145,Semiconductors,single,1,10,9,2,1,11,0.82,0.9,0.86
SEM_EXT_0146,Semiconductors,single,1,11,10,1,1,11,0.91,0.91,0.91
SEM_EXT_0147,Semiconductors,single,1,12,10,5,2,15,0.67,0.83,0.74
SEM_EXT_0148,Semiconductors,single,1,10,7,2,3,9,0.78,0.7,0.74
SEM_EXT_0149,Semiconductors,single,1,6,6,0,0,6,1,1,1
SEM_EXT_0150,Semiconductors,single,1,11,6,2,5,8,0.75,0.55,0.63
SEM_EXT_0151,Semiconductors,single,1,7,5,1,2,6,0.83,0.71,0.77
SEM_EXT_0152,Semiconductors,single,1,9,6,0,3,6,1,0.67,0.8
SEM_EXT_0153,Semiconductors,single,1,11,10,1,1,11,0.91,0.91,0.91
SEM_EXT_0154,Semiconductors,multi,1,23,20,2,3,22,0.91,0.87,0.89
SEM_EXT_0155,Semiconductors,single,1,11,0,1,11,1,0,0,0
SEM_EXT_0156,Semiconductors,single,1,11,9,1,2,10,0.9,0.82,0.86
SEM_EXT_0157,Semiconductors,single,1,9,9,1,0,10,0.9,1,0.95
SEM_EXT_0158,Semiconductors,single,1,6,6,3,0,9,0.67,1,0.8
SEM_EXT_0159,Semiconductors,single,1,12,9,3,3,12,0.75,0.75,0.75
SEM_EXT_0160,Semiconductors,single,1,9,7,3,2,10,0.7,0.78,0.74
SEM_EXT_0161,Semiconductors,single,1,12,10,3,2,13,0.77,0.83,0.8
SEM_EXT_0162,Semiconductors,multi,1,32,27,7,5,34,0.79,0.84,0.81
SEM_EXT_0163,Semiconductors,single,1,7,7,0,0,7,1,1,1
SEM_EXT_0164,Semiconductors,single,1,7,5,1,2,6,0.83,0.71,0.77
SEM_EXT_0165,Semiconductors,single,1,6,3,2,3,5,0.6,0.5,0.55
SEM_EXT_0166,Semiconductors,single,1,10,2,2,8,4,0.5,0.2,0.29
SEM_EXT_0167,Semiconductors,single,1,7,5,1,2,6,0.83,0.71,0.77
SEM_EXT_0168,Semiconductors,single,1,12,9,4,3,13,0.69,0.75,0.72
SEM_EXT_0169,Semiconductors,single,1,11,8,3,3,11,0.73,0.73,0.73
SEM_EXT_0170,Semiconductors,single,1,6,6,1,0,7,0.86,1,0.92
SEM_EXT_0171,Semiconductors,single,1,8,7,1,1,8,0.88,0.88,0.88
SEM_EXT_0172,Semiconductors,single,1,12,11,2,1,13,0.85,0.92,0.88
SEM_EXT_0173,Semiconductors,single,1,6,5,3,1,8,0.62,0.83,0.71
SEM_EXT_0174,Semiconductors,multi,1,24,20,4,4,24,0.83,0.83,0.83
SEM_EXT_0175,Semiconductors,single,1,8,7,0,1,7,1,0.88,0.94
SEM_EXT_0176,Semiconductors,single,1,8,6,1,2,7,0.86,0.75,0.8
SEM_EXT_0177,Semiconductors,multi,1,36,28,7,8,35,0.8,0.78,0.79
SEM_EXT_0178,Semiconductors,single,1,12,10,0,2,10,1,0.83,0.91
SEM_EXT_0179,Semiconductors,single,1,9,7,2,2,9,0.78,0.78,0.78
SEM_EXT_0180,Semiconductors,single,1,11,9,3,2,12,0.75,0.82,0.78
SEM_EXT_0181,Semiconductors,single,1,10,9,1,1,10,0.9,0.9,0.9
SEM_EXT_0182,Semiconductors,multi,1,25,21,9,4,30,0.7,0.84,0.76
SEM_EXT_0183,Semiconductors,single,1,15,0,1,15,1,0,0,0
SEM_EXT_0184,Semiconductors,multi,1,20,13,4,7,17,0.76,0.65,0.7
SEM_EXT_0185,Semiconductors,single,1,6,6,0,0,6,1,1,1
SEM_EXT_0186,Semiconductors,single,1,8,8,0,0,8,1,1,1
SEM_EXT_0187,Semiconductors,single,1,7,5,1,2,6,0.83,0.71,0.77
SEM_EXT_0188,Semiconductors,single,1,7,6,1,1,7,0.86,0.86,0.86
SEM_EXT_0189,Semiconductors,single,1,6,5,2,1,7,0.71,0.83,0.77
SEM_EXT_0190,Semiconductors,single,1,7,7,1,0,8,0.88,1,0.94
SEM_EXT_0191,Semiconductors,single,1,6,6,1,0,7,0.86,1,0.92
SEM_EXT_0192,Semiconductors,single,1,15,12,2,3,14,0.86,0.8,0.83
SEM_EXT_0193,Semiconductors,single,1,10,9,1,1,10,0.9,0.9,0.9
SEM_EXT_0194,Semiconductors,single,1,6,6,0,0,6,1,1,1
SEM_EXT_0195,Semiconductors,single,1,10,8,2,2,10,0.8,0.8,0.8
SEM_EXT_0196,Semiconductors,single,1,11,9,5,2,14,0.64,0.82,0.72
SEM_EXT_0197,Semiconductors,single,1,8,6,1,2,7,0.86,0.75,0.8
SEM_EXT_0198,Semiconductors,single,1,6,6,1,0,7,0.86,1,0.92
BAT_EXT_0001,Batteries,single,1,8,8,1,0,9,0.89,1,0.94
BAT_EXT_0002,Batteries,single,1,11,10,1,1,11,0.91,0.91,0.91
BAT_EXT_0003,Batteries,single,1,12,9,2,3,11,0.82,0.75,0.78
BAT_EXT_0004,Batteries,single,1,10,8,3,2,11,0.73,0.8,0.76
BAT_EXT_0005,Batteries,single,1,6,4,1,2,5,0.8,0.67,0.73
BAT_EXT_0006,Batteries,single,1,6,6,0,0,6,1,1,1
BAT_EXT_0007,Batteries,single,1,12,11,1,1,12,0.92,0.92,0.92
BAT_EXT_0008,Batteries,single,1,12,10,4,2,14,0.71,0.83,0.77
BAT_EXT_0009,Batteries,single,1,7,7,1,0,8,0.88,1,0.94
BAT_EXT_0010,Batteries,single,1,9,6,0,3,6,1,0.67,0.8
BAT_EXT_0011,Batteries,single,1,10,9,1,1,10,0.9,0.9,0.9
BAT_EXT_0012,Batteries,single,1,6,4,5,2,9,0.44,0.67,0.53
BAT_EXT_0013,Batteries,single,1,8,7,1,1,8,0.88,0.88,0.88
BAT_EXT_0014,Batteries,single,1,9,7,1,2,8,0.88,0.78,0.83
BAT_EXT_0015,Batteries,single,1,6,4,2,2,6,0.67,0.67,0.67
BAT_EXT_0016,Batteries,multi,1,18,14,3,4,17,0.82,0.78,0.8
BAT_EXT_0017,Batteries,single,1,9,9,2,0,11,0.82,1,0.9
BAT_EXT_0018,Batteries,single,1,11,7,1,4,8,0.88,0.64,0.74
BAT_EXT_0019,Batteries,multi,1,22,18,5,4,23,0.78,0.82,0.8
BAT_EXT_0020,Batteries,single,1,12,12,1,0,13,0.92,1,0.96
BAT_EXT_0021,Batteries,single,1,8,6,3,2,9,0.67,0.75,0.71
BAT_EXT_0022,Batteries,single,1,12,11,0,1,11,1,0.92,0.96
BAT_EXT_0023,Batteries,single,1,9,8,0,1,8,1,0.89,0.94
BAT_EXT_0024,Batteries,single,1,6,5,1,1,6,0.83,0.83,0.83
BAT_EXT_0025,Batteries,single,1,13,11,2,2,13,0.85,0.85,0.85
BAT_EXT_0026,Batteries,single,1,11,10,2,1,12,0.83,0.91,0.87
BAT_EXT_0027,Batteries,single,1,11,10,2,1,12,0.83,0.91,0.87
BAT_EXT_0028,Batteries,single,1,11,8,0,3,8,1,0.73,0.84
BAT_EXT_0029,Batteries,single,1,9,8,2,1,10,0.8,0.89,0.84
BAT_EXT_0030,Batteries,single,1,7,7,2,0,9,0.78,1,0.88
BAT_EXT_0031,Batteries,single,1,7,6,1,1,7,0.86,0.86,0.86
BAT_EXT_0032,Batteries,single,1,12,11,1,1,12,0.92,0.92,0.92
BAT_EXT_0033,Batteries,single,1,6,6,0,0,6,1,1,1
BAT_EXT_0034,Batteries,single,1,6,6,2,0,8,0.75,1,0.86
BAT_EXT_0035,Batteries,single,1,12,11,2,1,13,0.85,0.92,0.88
BAT_EXT_0036,Batteries,single,1,7,6,2,1,8,0.75,0.86,0.8
BAT_EXT_0037,Batteries,single,1,8,6,1,2,7,0.86,0.75,0.8
BAT_EXT_0038,Batteries,single,1,12,12,3,0,15,0.8,1,0.89
BAT_EXT_0039,Batteries,single,1,12,10,1,2,11,0.91,0.83,0.87
BAT_EXT_0040,Batteries,single,1,6,5,2,1,7,0.71,0.83,0.77
BAT_EXT_0041,Batteries,single,1,6,5,1,1,6,0.83,0.83,0.83
BAT_EXT_0042,Batteries,single,1,11,9,1,2,10,0.9,0.82,0.86
BAT_EXT_0043,Batteries,single,1,10,10,1,0,11,0.91,1,0.95
BAT_EXT_0044,Batteries,single,1,10,10,0,0,10,1,1,1
BAT_EXT_0045,Batteries,single,1,8,7,1,1,8,0.88,0.88,0.88
BAT_EXT_0046,Batteries,single,1,11,9,3,2,12,0.75,0.82,0.78
BAT_EXT_0047,Batteries,single,1,10,8,2,2,10,0.8,0.8,0.8
BAT_EXT_0048,Batteries,multi,1,21,19,7,2,26,0.73,0.9,0.81
BAT_EXT_0049,Batteries,single,1,12,11,1,1,12,0.92,0.92,0.92
BAT_EXT_0050,Batteries,multi,1,33,31,3,2,34,0.91,0.94,0.92
BAT_EXT_0051,Batteries,single,1,13,12,3,1,15,0.8,0.92,0.86
BAT_EXT_0052,Batteries,single,1,11,10,0,1,10,1,0.91,0.95
BAT_EXT_0053,Batteries,single,1,4,4,1,0,5,0.8,1,0.89
BAT_EXT_0054,Batteries,multi,1,25,22,4,3,26,0.85,0.88,0.86
BAT_EXT_0055,Batteries,single,1,8,5,2,3,7,0.71,0.62,0.66
BAT_EXT_0056,Batteries,single,1,9,7,2,2,9,0.78,0.78,0.78
BAT_EXT_0057,Batteries,multi,1,22,19,3,3,22,0.86,0.86,0.86
BAT_EXT_0058,Batteries,single,1,9,7,0,2,7,1,0.78,0.88
BAT_EXT_0059,Batteries,single,1,11,9,3,2,12,0.75,0.82,0.78
BAT_EXT_0060,Batteries,single,1,6,6,0,0,6,1,1,1
BAT_EXT_0061,Batteries,single,1,12,11,0,1,11,1,0.92,0.96
BAT_EXT_0062,Batteries,multi,1,27,0,1,27,1,0,0,0
BAT_EXT_0063,Batteries,single,1,8,6,3,2,9,0.67,0.75,0.71
BAT_EXT_0064,Batteries,single,1,6,4,1,2,5,0.8,0.67,0.73
BAT_EXT_0065,Batteries,single,1,10,8,3,2,11,0.73,0.8,0.76
BAT_EXT_0066,Batteries,single,1,8,7,1,1,8,0.88,0.88,0.88
BAT_EXT_0067,Batteries,single,1,10,9,1,1,10,0.9,0.9,0.9
BAT_EXT_0068,Batteries,single,1,9,8,3,1,11,0.73,0.89,0.8
BAT_EXT_0069,Batteries,single,1,10,8,3,2,11,0.73,0.8,0.76
BAT_EXT_0070,Batteries,single,1,10,10,1,0,11,0.91,1,0.95
BAT_EXT_0071,Batteries,single,1,12,11,1,1,12,0.92,0.92,0.92
BAT_EXT_0072,Batteries,single,1,12,9,4,3,13,0.69,0.75,0.72
BAT_EXT_0073,Batteries,single,1,7,6,2,1,8,0.75,0.86,0.8
BAT_EXT_0074,Batteries,single,1,13,11,3,2,14,0.79,0.85,0.82
BAT_EXT_0075,Batteries,single,1,6,6,0,0,6,1,1,1
BAT_EXT_0076,Batteries,single,1,8,6,3,2,9,0.67,0.75,0.71
BAT_EXT_0077,Batteries,single,1,11,11,4,0,15,0.73,1,0.84
BAT_EXT_0078,Batteries,single,1,8,5,1,3,6,0.83,0.62,0.71
BAT_EXT_0079,Batteries,single,1,9,7,3,2,10,0.7,0.78,0.74
BAT_EXT_0080,Batteries,single,1,8,7,2,1,9,0.78,0.88,0.83
BAT_EXT_0081,Batteries,single,1,6,4,1,2,5,0.8,0.67,0.73
BAT_EXT_0082,Batteries,single,1,6,5,2,1,7,0.71,0.83,0.77
BAT_EXT_0083,Batteries,single,1,9,7,1,2,8,0.88,0.78,0.83
BAT_EXT_0084,Batteries,single,1,8,7,2,1,9,0.78,0.88,0.83
BAT_EXT_0085,Batteries,single,1,8,8,1,0,9,0.89,1,0.94
BAT_EXT_0086,Batteries,multi,1,18,16,6,2,22,0.73,0.89,0.8
BAT_EXT_0087,Batteries,single,1,9,7,2,2,9,0.78,0.78,0.78
BAT_EXT_0088,Batteries,single,1,7,0,0,7,0,0,0,0
BAT_EXT_0089,Batteries,single,1,10,8,3,2,11,0.73,0.8,0.76
BAT_EXT_0090,Batteries,single,1,12,12,3,0,15,0.8,1,0.89
BAT_EXT_0091,Batteries,single,1,7,6,1,1,7,0.86,0.86,0.86
BAT_EXT_0092,Batteries,single,1,9,7,1,2,8,0.88,0.78,0.83
BAT_EXT_0093,Batteries,single,1,12,11,1,1,12,0.92,0.92,0.92
BAT_EXT_0094,Batteries,single,1,7,6,2,1,8,0.75,0.86,0.8
BAT_EXT_0095,Batteries,single,1,9,4,1,5,5,0.8,0.44,0.57
BAT_EXT_0096,Batteries,single,1,8,8,1,0,9,0.89,1,0.94
BAT_EXT_0097,Batteries,multi,1,21,15,5,6,20,0.75,0.71,0.73
BAT_EXT_0098,Batteries,single,1,7,6,2,1,8,0.75,0.86,0.8
BAT_EXT_0099,Batteries,single,1,9,8,0,1,8,1,0.89,0.94
BAT_EXT_0100,Batteries,multi,1,24,20,5,4,25,0.8,0.83,0.81
BAT_EXT_0101,Batteries,single,1,12,10,4,2,14,0.71,0.83,0.77
BAT_EXT_0102,Batteries,single,1,9,7,1,2,8,0.88,0.78,0.83
BAT_EXT_0103,Batteries,single,1,7,7,2,0,9,0.78,1,0.88
BAT_EXT_0104,Batteries,single,1,7,6,1,1,7,0.86,0.86,0.86
BAT_EXT_0105,Batteries,single,1,6,6,2,0,8,0.75,1,0.86
BAT_EXT_0106,Batteries,single,1,10,10,1,0,11,0.91,1,0.95
BAT_EXT_0107,Batteries,multi,1,20,18,5,2,23,0.78,0.9,0.84
BAT_EXT_0108,Batteries,single,1,12,11,4,1,15,0.73,0.92,0.81
BAT_EXT_0109,Batteries,single,1,8,6,0,2,6,1,0.75,0.86
BAT_EXT_0110,Batteries,multi,1,25,18,4,7,22,0.82,0.72,0.77
BAT_EXT_0111,Batteries,single,1,10,8,2,2,10,0.8,0.8,0.8
BAT_EXT_0112,Batteries,single,1,9,9,2,0,11,0.82,1,0.9
BAT_EXT_0113,Batteries,single,1,8,8,1,0,9,0.89,1,0.94
BAT_EXT_0114,Batteries,single,1,9,8,2,1,10,0.8,0.89,0.84
BAT_EXT_0115,Batteries,single,1,10,10,2,0,12,0.83,1,0.91
BAT_EXT_0116,Batteries,single,1,10,8,2,2,10,0.8,0.8,0.8
BAT_EXT_0117,Batteries,multi,1,24,20,4,4,24,0.83,0.83,0.83
BAT_EXT_0118,Batteries,single,1,11,10,2,1,12,0.83,0.91,0.87
BAT_EXT_0119,Batteries,single,1,12,11,1,1,12,0.92,0.92,0.92
BAT_EXT_0120,Batteries,multi,1,22,19,1,3,20,0.95,0.86,0.9
BAT_EXT_0121,Batteries,single,1,8,7,0,1,7,1,0.88,0.94
BAT_EXT_0122,Batteries,single,1,9,8,1,1,9,0.89,0.89,0.89
BAT_EXT_0123,Batteries,single,1,6,4,3,2,7,0.57,0.67,0.62
BAT_EXT_0124,Batteries,single,1,11,9,3,2,12,0.75,0.82,0.78
BAT_EXT_0125,Batteries,single,1,9,8,1,1,9,0.89,0.89,0.89
BAT_EXT_0126,Batteries,single,1,6,6,1,0,7,0.86,1,0.92
BAT_EXT_0127,Batteries,single,1,9,7,1,2,8,0.88,0.78,0.83
BAT_EXT_0128,Batteries,multi,1,32,23,4,9,27,0.85,0.72,0.78
BAT_EXT_0129,Batteries,multi,1,28,24,4,4,28,0.86,0.86,0.86
BAT_EXT_0130,Batteries,single,1,12,10,2,2,12,0.83,0.83,0.83
BAT_EXT_0131,Batteries,single,1,9,7,2,2,9,0.78,0.78,0.78
BAT_EXT_0132,Batteries,single,1,9,8,3,1,11,0.73,0.89,0.8
BAT_EXT_0133,Batteries,single,1,4,0,0,4,0,0,0,0
BAT_EXT_0134,Batteries,single,1,7,7,1,0,8,0.88,1,0.94
BAT_EXT_0135,Batteries,single,1,8,7,6,1,13,0.54,0.88,0.67
BAT_EXT_0136,Batteries,single,1,7,6,1,1,7,0.86,0.86,0.86
BAT_EXT_0137,Batteries,single,1,6,5,1,1,6,0.83,0.83,0.83
BAT_EXT_0138,Batteries,multi,1,24,18,0,6,18,1,0.75,0.86
BAT_EXT_0139,Batteries,single,1,9,7,2,2,9,0.78,0.78,0.78
BAT_EXT_0140,Batteries,single,1,9,7,1,2,8,0.88,0.78,0.83
BAT_EXT_0141,Batteries,single,1,14,12,3,2,15,0.8,0.86,0.83
BAT_EXT_0142,Batteries,single,1,8,8,0,0,8,1,1,1
BAT_EXT_0143,Batteries,single,1,9,7,4,2,11,0.64,0.78,0.7
BAT_EXT_0144,Batteries,single,1,6,6,3,0,9,0.67,1,0.8
BAT_EXT_0145,Batteries,single,1,6,6,0,0,6,1,1,1
BAT_EXT_0146,Batteries,single,1,11,8,2,3,10,0.8,0.73,0.76
BAT_EXT_0147,Batteries,single,1,6,6,1,0,7,0.86,1,0.92
BAT_EXT_0148,Batteries,single,1,7,5,1,2,6,0.83,0.71,0.77
BAT_EXT_0149,Batteries,single,1,7,7,0,0,7,1,1,1
BAT_EXT_0150,Batteries,single,1,12,10,1,2,11,0.91,0.83,0.87
BAT_EXT_0151,Batteries,single,1,4,4,1,0,5,0.8,1,0.89
BAT_EXT_0152,Batteries,single,1,12,10,2,2,12,0.83,0.83,0.83
BAT_EXT_0153,Batteries,single,1,6,4,1,2,5,0.8,0.67,0.73
BAT_EXT_0154,Batteries,single,1,6,5,2,1,7,0.71,0.83,0.77
BAT_EXT_0155,Batteries,single,1,11,10,1,1,11,0.91,0.91,0.91
BAT_EXT_0156,Batteries,single,1,6,5,3,1,8,0.62,0.83,0.71
BAT_EXT_0157,Batteries,multi,1,24,20,6,4,26,0.77,0.83,0.8
BAT_EXT_0158,Batteries,single,1,7,6,0,1,6,1,0.86,0.92
BAT_EXT_0159,Batteries,single,1,11,9,4,2,13,0.69,0.82,0.75
BAT_EXT_0160,Batteries,single,1,8,8,2,0,10,0.8,1,0.89
BAT_EXT_0161,Batteries,single,1,10,8,4,2,12,0.67,0.8,0.73
BAT_EXT_0162,Batteries,single,1,8,8,1,0,9,0.89,1,0.94
BAT_EXT_0163,Batteries,multi,1,23,17,7,6,24,0.71,0.74,0.72
BAT_EXT_0164,Batteries,single,1,11,8,2,3,10,0.8,0.73,0.76
BAT_EXT_0165,Batteries,single,1,8,6,2,2,8,0.75,0.75,0.75
BAT_EXT_0166,Batteries,single,1,12,12,2,0,14,0.86,1,0.92
BAT_EXT_0167,Batteries,single,1,9,7,2,2,9,0.78,0.78,0.78
BAT_EXT_0168,Batteries,single,1,6,5,1,1,6,0.83,0.83,0.83
BAT_EXT_0169,Batteries,multi,1,25,22,5,3,27,0.81,0.88,0.84
BAT_EXT_0170,Batteries,single,1,6,6,1,0,7,0.86,1,0.92
BAT_EXT_0171,Batteries,single,1,10,8,2,2,10,0.8,0.8,0.8
BAT_EXT_0172,Batteries,multi,1,26,22,5,4,27,0.81,0.85,0.83
BAT_EXT_0173,Batteries,single,1,9,8,1,1,9,0.89,0.89,0.89
BAT_EXT_0174,Batteries,single,1,11,9,3,2,12,0.75,0.82,0.78
BAT_EXT_0175,Batteries,single,1,8,6,0,2,6,1,0.75,0.86
BAT_EXT_0176,Batteries,single,1,12,10,2,2,12,0.83,0.83,0.83
BAT_EXT_0177,Batteries,single,1,12,9,4,3,13,0.69,0.75,0.72
BAT_EXT_0178,Batteries,single,1,6,6,0,0,6,1,1,1
BAT_EXT_0179,Batteries,single,1,11,9,2,2,11,0.82,0.82,0.82
BAT_EXT_0180,Batteries,single,1,12,10,3,2,13,0.77,0.83,0.8
BAT_EXT_0181,Batteries,multi,1,22,16,7,6,23,0.7,0.73,0.71
BAT_EXT_0182,Batteries,single,1,10,9,4,1,13,0.69,0.9,0.78
BAT_EXT_0183,Batteries,single,1,9,6,0,3,6,1,0.67,0.8
BAT_EXT_0184,Batteries,single,1,7,5,1,2,6,0.83,0.71,0.77
BAT_EXT_0185,Batteries,single,1,10,9,1,1,10,0.9,0.9,0.9
BAT_EXT_0186,Batteries,single,1,11,11,1,0,12,0.92,1,0.96
BAT_EXT_0187,Batteries,single,1,12,11,2,1,13,0.85,0.92,0.88
BAT_EXT_0188,Batteries,single,1,7,7,0,0,7,1,1,1
BAT_EXT_0189,Batteries,single,1,8,8,1,0,9,0.89,1,0.94
BAT_EXT_0190,Batteries,single,1,8,5,2,3,7,0.71,0.62,0.66
BAT_EXT_0191,Batteries,single,1,12,10,2,2,12,0.83,0.83,0.83
BAT_EXT_0192,Batteries,single,1,12,12,1,0,13,0.92,1,0.96
BAT_EXT_0193,Batteries,single,1,11,10,3,1,13,0.77,0.91,0.83
BAT_EXT_0194,Batteries,single,1,6,6,0,0,6,1,1,1
BAT_EXT_0195,Batteries,single,1,10,9,1,1,10,0.9,0.9,0.9
BAT_EXT_0196,Batteries,single,1,11,9,2,2,11,0.82,0.82,0.82
BAT_EXT_0197,Batteries,single,1,9,8,0,1,8,1,0.89,0.94
BAT_EXT_0198,Batteries,multi,1,19,13,7,6,20,0.65,0.68,0.66
BAT_EXT_0199,Batteries,single,1,11,9,1,2,10,0.9,0.82,0.86
BAT_EXT_0200,Batteries,single,1,7,0,0,7,0,0,0,0
BAT_EXT_0201,Batteries,single,1,10,6,2,4,8,0.75,0.6,0.67
BAT_EXT_0202,Batteries,single,1,8,7,2,1,9,0.78,0.88,0.83
BAT_EXT_0203,Batteries,single,1,12,9,4,3,13,0.69,0.75,0.72
BAT_EXT_0204,Batteries,single,1,12,11,4,1,15,0.73,0.92,0.81
BAT_EXT_0205,Batteries,single,1,6,5,2,1,7,0.71,0.83,0.77
BAT_EXT_0206,Batteries,single,1,8,6,1,2,7,0.86,0.75,0.8
SUP_EXT_0001,Superalloys,single,2,7,5,1,2,6,0.83,0.71,0.77
SUP_EXT_0002,Superalloys,single,2,6,3,2,3,5,0.6,0.5,0.55
SUP_EXT_0003,Superalloys,single,2,7,6,1,1,7,0.86,0.86,0.86
SUP_EXT_0004,Superalloys,single,2,7,6,1,1,7,0.86,0.86,0.86
SUP_EXT_0005,Superalloys,multi,2,35,25,10,10,35,0.71,0.71,0.71
SUP_EXT_0006,Superalloys,single,2,9,7,3,2,10,0.7,0.78,0.74
SUP_EXT_0007,Superalloys,single,2,6,0,0,6,0,0,0,0
SUP_EXT_0008,Superalloys,single,2,7,7,0,0,7,1,1,1
SUP_EXT_0009,Superalloys,single,2,6,3,2,3,5,0.6,0.5,0.55
SUP_EXT_0010,Superalloys,multi,2,29,24,5,5,29,0.83,0.83,0.83
SUP_EXT_0011,Superalloys,single,2,6,6,5,0,11,0.55,1,0.71
SUP_EXT_0012,Superalloys,single,2,10,8,3,2,11,0.73,0.8,0.76
SUP_EXT_0013,Superalloys,single,2,6,6,1,0,7,0.86,1,0.92
SUP_EXT_0014,Superalloys,single,2,10,8,1,2,9,0.89,0.8,0.84
SUP_EXT_0015,Superalloys,single,2,11,10,4,1,14,0.71,0.91,0.8
SUP_EXT_0016,Superalloys,single,2,8,7,2,1,9,0.78,0.88,0.83
SUP_EXT_0017,Superalloys,multi,2,27,19,10,8,29,0.66,0.7,0.68
SUP_EXT_0018,Superalloys,single,2,9,7,0,2,7,1,0.78,0.88
SUP_EXT_0019,Superalloys,single,2,11,10,3,1,13,0.77,0.91,0.83
SUP_EXT_0020,Superalloys,single,2,12,10,1,2,11,0.91,0.83,0.87
SUP_EXT_0021,Superalloys,single,2,9,7,2,2,9,0.78,0.78,0.78
SUP_EXT_0022,Superalloys,single,2,9,8,1,1,9,0.89,0.89,0.89
SUP_EXT_0023,Superalloys,single,2,11,7,2,4,9,0.78,0.64,0.7
SUP_EXT_0024,Superalloys,single,2,7,7,0,0,7,1,1,1
SUP_EXT_0025,Superalloys,single,2,6,5,1,1,6,0.83,0.83,0.83
SUP_EXT_0026,Superalloys,multi,2,28,19,8,9,27,0.7,0.68,0.69
SUP_EXT_0027,Superalloys,single,2,7,6,1,1,7,0.86,0.86,0.86
SUP_EXT_0028,Superalloys,multi,2,38,32,6,6,38,0.84,0.84,0.84
SUP_EXT_0029,Superalloys,multi,2,21,16,2,5,18,0.89,0.76,0.82
SUP_EXT_0030,Superalloys,single,2,8,7,0,1,7,1,0.88,0.94
SUP_EXT_0031,Superalloys,single,2,8,6,2,2,8,0.75,0.75,0.75
SUP_EXT_0032,Superalloys,single,2,10,2,2,8,4,0.5,0.2,0.29
SUP_EXT_0033,Superalloys,multi,2,21,13,7,8,20,0.65,0.62,0.63
SUP_EXT_0034,Superalloys,single,2,4,0,0,4,0,0,0,0
SUP_EXT_0035,Superalloys,single,2,10,9,5,1,14,0.64,0.9,0.75
SUP_EXT_0036,Superalloys,single,2,7,6,2,1,8,0.75,0.86,0.8
SUP_EXT_0037,Superalloys,single,2,7,5,1,2,6,0.83,0.71,0.77
SUP_EXT_0038,Superalloys,single,2,9,8,2,1,10,0.8,0.89,0.84
SUP_EXT_0039,Superalloys,single,2,6,6,2,0,8,0.75,1,0.86
SUP_EXT_0040,Superalloys,single,2,7,7,0,0,7,1,1,1
SUP_EXT_0041,Superalloys,single,2,12,10,2,2,12,0.83,0.83,0.83
SUP_EXT_0042,Superalloys,single,2,10,9,2,1,11,0.82,0.9,0.86
SUP_EXT_0043,Superalloys,single,2,7,5,2,2,7,0.71,0.71,0.71
SUP_EXT_0044,Superalloys,single,2,6,6,2,0,8,0.75,1,0.86
SUP_EXT_0045,Superalloys,single,2,6,5,2,1,7,0.71,0.83,0.77
SUP_EXT_0046,Superalloys,single,2,8,5,2,3,7,0.71,0.62,0.66
SUP_EXT_0047,Superalloys,single,2,9,8,0,1,8,1,0.89,0.94
SUP_EXT_0048,Superalloys,single,2,6,4,2,2,6,0.67,0.67,0.67
SUP_EXT_0049,Superalloys,single,2,7,5,2,2,7,0.71,0.71,0.71
SUP_EXT_0050,Superalloys,single,2,6,6,1,0,7,0.86,1,0.92
SUP_EXT_0051,Superalloys,single,2,7,7,0,0,7,1,1,1
SUP_EXT_0052,Superalloys,single,2,11,10,3,1,13,0.77,0.91,0.83
SUP_EXT_0053,Superalloys,single,2,6,5,1,1,6,0.83,0.83,0.83
SUP_EXT_0054,Superalloys,single,2,11,10,3,1,13,0.77,0.91,0.83
SUP_EXT_0055,Superalloys,single,2,15,12,3,3,15,0.8,0.8,0.8
SUP_EXT_0056,Superalloys,single,2,11,10,2,1,12,0.83,0.91,0.87
SUP_EXT_0057,Superalloys,single,2,9,8,2,1,10,0.8,0.89,0.84
SUP_EXT_0058,Superalloys,single,2,9,6,3,3,9,0.67,0.67,0.67
SUP_EXT_0059,Superalloys,single,2,8,8,1,0,9,0.89,1,0.94
SUP_EXT_0060,Superalloys,single,2,12,10,2,2,12,0.83,0.83,0.83
SUP_EXT_0061,Superalloys,single,2,11,10,3,1,13,0.77,0.91,0.83
SUP_EXT_0062,Superalloys,single,2,9,7,0,2,7,1,0.78,0.88
SUP_EXT_0063,Superalloys,single,2,7,7,1,0,8,0.88,1,0.94
SUP_EXT_0064,Superalloys,single,2,8,7,1,1,8,0.88,0.88,0.88
SUP_EXT_0065,Superalloys,single,2,7,6,3,1,9,0.67,0.86,0.75
SUP_EXT_0066,Superalloys,single,2,6,5,1,1,6,0.83,0.83,0.83
SUP_EXT_0067,Superalloys,single,2,10,7,1,3,8,0.88,0.7,0.78
SUP_EXT_0068,Superalloys,multi,2,27,24,2,3,26,0.92,0.89,0.9
SUP_EXT_0069,Superalloys,single,2,8,6,3,2,9,0.67,0.75,0.71
SUP_EXT_0070,Superalloys,single,2,12,11,5,1,16,0.69,0.92,0.79
SUP_EXT_0071,Superalloys,single,2,10,10,1,0,11,0.91,1,0.95
SUP_EXT_0072,Superalloys,single,2,11,10,1,1,11,0.91,0.91,0.91
SUP_EXT_0073,Superalloys,single,2,8,6,1,2,7,0.86,0.75,0.8
SUP_EXT_0074,Superalloys,single,2,13,11,4,2,15,0.73,0.85,0.79
SUP_EXT_0075,Superalloys,single,2,9,8,1,1,9,0.89,0.89,0.89
SUP_EXT_0076,Superalloys,single,2,9,8,1,1,9,0.89,0.89,0.89
SUP_EXT_0077,Superalloys,single,2,12,9,4,3,13,0.69,0.75,0.72
SUP_EXT_0078,Superalloys,single,2,6,5,1,1,6,0.83,0.83,0.83
SUP_EXT_0079,Superalloys,single,2,9,9,2,0,11,0.82,1,0.9
SUP_EXT_0080,Superalloys,single,2,8,6,2,2,8,0.75,0.75,0.75
SUP_EXT_0081,Superalloys,single,2,13,4,2,9,6,0.67,0.31,0.42
SUP_EXT_0082,Superalloys,single,2,9,9,1,0,10,0.9,1,0.95
SUP_EXT_0083,Superalloys,single,2,10,9,1,1,10,0.9,0.9,0.9
SUP_EXT_0084,Superalloys,single,2,14,14,0,0,14,1,1,1
SUP_EXT_0085,Superalloys,single,2,10,9,1,1,10,0.9,0.9,0.9
SUP_EXT_0086,Superalloys,multi,2,22,16,5,6,21,0.76,0.73,0.74
SUP_EXT_0087,Superalloys,single,2,8,6,1,2,7,0.86,0.75,0.8
SUP_EXT_0088,Superalloys,single,2,10,8,2,2,10,0.8,0.8,0.8
SUP_EXT_0089,Superalloys,single,2,7,6,1,1,7,0.86,0.86,0.86
SUP_EXT_0090,Superalloys,multi,2,31,26,4,5,30,0.87,0.84,0.85
SUP_EXT_0091,Superalloys,single,2,6,6,0,0,6,1,1,1
SUP_EXT_0092,Superalloys,single,2,11,10,1,1,11,0.91,0.91,0.91
SUP_EXT_0093,Superalloys,multi,2,23,19,8,4,27,0.7,0.83,0.76
SUP_EXT_0094,Superalloys,single,2,12,10,1,2,11,0.91,0.83,0.87
SUP_EXT_0095,Superalloys,single,2,11,7,2,4,9,0.78,0.64,0.7
SUP_EXT_0096,Superalloys,single,2,13,13,1,0,14,0.93,1,0.96
SUP_EXT_0097,Superalloys,single,2,6,4,2,2,6,0.67,0.67,0.67
SUP_EXT_0098,Superalloys,multi,2,21,18,6,3,24,0.75,0.86,0.8
SUP_EXT_0099,Superalloys,single,2,11,9,6,2,15,0.6,0.82,0.69
SUP_EXT_0100,Superalloys,single,2,12,11,3,1,14,0.79,0.92,0.85
SUP_EXT_0101,Superalloys,single,2,6,6,0,0,6,1,1,1
SUP_EXT_0102,Superalloys,single,2,14,13,1,1,14,0.93,0.93,0.93
SUP_EXT_0103,Superalloys,single,2,9,7,1,2,8,0.88,0.78,0.83
SUP_EXT_0104,Superalloys,single,2,12,11,0,1,11,1,0.92,0.96
SUP_EXT_0105,Superalloys,single,2,12,11,6,1,17,0.65,0.92,0.76
SUP_EXT_0106,Superalloys,single,2,11,9,4,2,13,0.69,0.82,0.75
SUP_EXT_0107,Superalloys,single,2,11,8,4,3,12,0.67,0.73,0.7
SUP_EXT_0108,Superalloys,single,2,12,11,1,1,12,0.92,0.92,0.92
SUP_EXT_0109,Superalloys,single,2,12,9,3,3,12,0.75,0.75,0.75
SUP_EXT_0110,Superalloys,single,2,9,7,1,2,8,0.88,0.78,0.83
SUP_EXT_0111,Superalloys,single,2,6,5,1,1,6,0.83,0.83,0.83
SUP_EXT_0112,Superalloys,single,2,6,4,1,2,5,0.8,0.67,0.73
SUP_EXT_0113,Superalloys,multi,2,23,15,8,8,23,0.65,0.65,0.65
SUP_EXT_0114,Superalloys,single,2,11,9,2,2,11,0.82,0.82,0.82
SUP_EXT_0115,Superalloys,single,2,10,10,1,0,11,0.91,1,0.95
SUP_EXT_0116,Superalloys,single,2,7,7,2,0,9,0.78,1,0.88
SUP_EXT_0117,Superalloys,single,2,11,9,1,2,10,0.9,0.82,0.86
SUP_EXT_0118,Superalloys,single,2,11,9,2,2,11,0.82,0.82,0.82
SUP_EXT_0119,Superalloys,single,2,6,4,2,2,6,0.67,0.67,0.67
SUP_EXT_0120,Superalloys,single,2,11,11,3,0,14,0.79,1,0.88
SUP_EXT_0121,Superalloys,multi,2,25,23,2,2,25,0.92,0.92,0.92
SUP_EXT_0122,Superalloys,single,2,11,9,3,2,12,0.75,0.82,0.78
SUP_EXT_0123,Superalloys,single,2,11,10,2,1,12,0.83,0.91,0.87
SUP_EXT_0124,Superalloys,single,2,12,9,7,3,16,0.56,0.75,0.64
SUP_EXT_0125,Superalloys,multi,2,24,20,3,4,23,0.87,0.83,0.85
SUP_EXT_0126,Superalloys,single,2,10,9,0,1,9,1,0.9,0.95
SUP_EXT_0127,Superalloys,single,2,9,9,0,0,9,1,1,1
SUP_EXT_0128,Superalloys,single,2,6,5,1,1,6,0.83,0.83,0.83
SUP_EXT_0129,Superalloys,single,2,11,3,2,8,5,0.6,0.27,0.37
SUP_EXT_0130,Superalloys,multi,2,27,26,0,1,26,1,0.96,0.98
SUP_EXT_0131,Superalloys,single,2,8,6,1,2,7,0.86,0.75,0.8
SUP_EXT_0132,Superalloys,single,2,11,10,1,1,11,0.91,0.91,0.91
SUP_EXT_0133,Superalloys,single,2,10,10,1,0,11,0.91,1,0.95
SUP_EXT_0134,Superalloys,single,2,11,8,2,3,10,0.8,0.73,0.76
SUP_EXT_0135,Superalloys,single,2,8,8,2,0,10,0.8,1,0.89
SUP_EXT_0136,Superalloys,single,2,12,12,2,0,14,0.86,1,0.92
SUP_EXT_0137,Superalloys,single,2,8,7,1,1,8,0.88,0.88,0.88
SUP_EXT_0138,Superalloys,multi,2,21,11,7,10,18,0.61,0.52,0.56
SUP_EXT_0139,Superalloys,single,2,9,7,2,2,9,0.78,0.78,0.78
SUP_EXT_0140,Superalloys,single,2,6,4,2,2,6,0.67,0.67,0.67
SUP_EXT_0141,Superalloys,single,2,11,7,2,4,9,0.78,0.64,0.7
SUP_EXT_0142,Superalloys,multi,2,24,19,7,5,26,0.73,0.79,0.76
SUP_EXT_0143,Superalloys,single,2,12,10,2,2,12,0.83,0.83,0.83
SUP_EXT_0144,Superalloys,single,2,12,9,1,3,10,0.9,0.75,0.82
SUP_EXT_0145,Superalloys,single,2,6,6,1,0,7,0.86,1,0.92
SUP_EXT_0146,Superalloys,multi,2,21,17,2,4,19,0.89,0.81,0.85
SUP_EXT_0147,Superalloys,single,2,8,7,4,1,11,0.64,0.88,0.74
SUP_EXT_0148,Superalloys,multi,2,18,17,1,1,18,0.94,0.94,0.94
SUP_EXT_0149,Superalloys,single,2,9,7,3,2,10,0.7,0.78,0.74
SUP_EXT_0150,Superalloys,single,2,8,7,0,1,7,1,0.88,0.94
SUP_EXT_0151,Superalloys,single,2,11,10,3,1,13,0.77,0.91,0.83
SUP_EXT_0152,Superalloys,single,2,10,8,1,2,9,0.89,0.8,0.84
SUP_EXT_0153,Superalloys,single,2,8,6,2,2,8,0.75,0.75,0.75
SUP_EXT_0154,Superalloys,single,2,8,7,1,1,8,0.88,0.88,0.88
SUP_EXT_0155,Superalloys,single,2,10,7,3,3,10,0.7,0.7,0.7
SUP_EXT_0156,Superalloys,single,2,10,9,0,1,9,1,0.9,0.95
SUP_EXT_0157,Superalloys,single,2,8,8,2,0,10,0.8,1,0.89
SUP_EXT_0158,Superalloys,single,2,10,10,1,0,11,0.91,1,0.95
SUP_EXT_0159,Superalloys,single,2,12,9,1,3,10,0.9,0.75,0.82
SUP_EXT_0160,Superalloys,single,2,11,10,1,1,11,0.91,0.91,0.91
SUP_EXT_0161,Superalloys,single,2,7,5,1,2,6,0.83,0.71,0.77
SUP_EXT_0162,Superalloys,single,2,9,8,2,1,10,0.8,0.89,0.84
SUP_EXT_0163,Superalloys,single,2,12,10,1,2,11,0.91,0.83,0.87
SUP_EXT_0164,Superalloys,single,2,7,5,1,2,6,0.83,0.71,0.77
SUP_EXT_0165,Superalloys,single,2,11,10,1,1,11,0.91,0.91,0.91
SUP_EXT_0166,Superalloys,single,2,10,8,3,2,11,0.73,0.8,0.76
SUP_EXT_0167,Superalloys,single,2,11,8,1,3,9,0.89,0.73,0.8
SUP_EXT_0168,Superalloys,single,2,6,6,2,0,8,0.75,1,0.86
SUP_EXT_0169,Superalloys,single,2,6,5,2,1,7,0.71,0.83,0.77
SUP_EXT_0170,Superalloys,single,2,6,3,2,3,5,0.6,0.5,0.55
SUP_EXT_0171,Superalloys,single,2,11,10,2,1,12,0.83,0.91,0.87
SUP_EXT_0172,Superalloys,multi,2,24,4,2,20,6,0.67,0.17,0.27
SUP_EXT_0173,Superalloys,single,2,7,6,3,1,9,0.67,0.86,0.75
SUP_EXT_0174,Superalloys,single,2,12,10,3,2,13,0.77,0.83,0.8
SUP_EXT_0175,Superalloys,single,2,10,6,2,4,8,0.75,0.6,0.67
SUP_EXT_0176,Superalloys,single,2,6,6,1,0,7,0.86,1,0.92
SUP_EXT_0177,Superalloys,multi,2,20,19,1,1,20,0.95,0.95,0.95
SUP_EXT_0178,Superalloys,single,2,6,4,2,2,6,0.67,0.67,0.67
SUP_EXT_0179,Superalloys,single,2,11,8,3,3,11,0.73,0.73,0.73
SUP_EXT_0180,Superalloys,multi,2,18,17,3,1,20,0.85,0.94,0.89
SUP_EXT_0181,Superalloys,single,2,10,7,2,3,9,0.78,0.7,0.74
SUP_EXT_0182,Superalloys,single,2,11,10,1,1,11,0.91,0.91,0.91
SUP_EXT_0183,Superalloys,single,2,11,9,2,2,11,0.82,0.82,0.82
SUP_EXT_0184,Superalloys,single,2,6,4,2,2,6,0.67,0.67,0.67
SUP_EXT_0185,Superalloys,single,2,8,0,2,8,2,0,0,0
SUP_EXT_0186,Superalloys,single,2,13,9,5,4,14,0.64,0.69,0.66
SUP_EXT_0187,Superalloys,single,2,11,10,1,1,11,0.91,0.91,0.91
SUP_EXT_0188,Superalloys,single,2,9,6,2,3,8,0.75,0.67,0.71
SUP_EXT_0189,Superalloys,single,2,5,5,1,0,6,0.83,1,0.91
SUP_EXT_0190,Superalloys,single,2,15,11,3,4,14,0.79,0.73,0.76
SUP_EXT_0191,Superalloys,single,2,7,5,1,2,6,0.83,0.71,0.77
SUP_EXT_0192,Superalloys,single,2,10,9,0,1,9,1,0.9,0.95
SUP_EXT_0193,Superalloys,single,2,9,7,2,2,9,0.78,0.78,0.78
SUP_EXT_0194,Superalloys,single,2,12,10,5,2,15,0.67,0.83,0.74
SUP_EXT_0195,Superalloys,single,2,7,5,1,2,6,0.83,0.71,0.77
SUP_EXT_0196,Superalloys,single,2,11,9,0,2,9,1,0.82,0.9
SUP_EXT_0197,Superalloys,single,2,10,10,1,0,11,0.91,1,0.95
SUP_EXT_0198,Superalloys,single,2,11,10,1,1,11,0.91,0.91,0.91
SUP_EXT_0199,Superalloys,single,2,8,6,4,2,10,0.6,0.75,0.67
SUP_EXT_0200,Superalloys,single,2,8,6,3,2,9,0.67,0.75,0.71
SUP_EXT_0201,Superalloys,multi,2,21,19,2,2,21,0.9,0.9,0.9
SUP_EXT_0202,Superalloys,single,2,9,6,1,3,7,0.86,0.67,0.75
SUP_EXT_0203,Superalloys,single,2,10,8,3,2,11,0.73,0.8,0.76
SUP_EXT_0204,Superalloys,single,2,10,7,2,3,9,0.78,0.7,0.74
SUP_EXT_0205,Superalloys,single,2,8,7,4,1,11,0.64,0.88,0.74
SUP_EXT_0206,Superalloys,single,2,10,8,2,2,10,0.8,0.8,0.8
SUP_EXT_0207,Superalloys,single,2,9,8,1,1,9,0.89,0.89,0.89
SUP_EXT_0208,Superalloys,single,2,12,9,1,3,10,0.9,0.75,0.82
SUP_EXT_0209,Superalloys,single,2,10,7,1,3,8,0.88,0.7,0.78
SUP_EXT_0210,Superalloys,single,2,10,8,2,2,10,0.8,0.8,0.8
SUP_EXT_0211,Superalloys,single,2,10,8,1,2,9,0.89,0.8,0.84
SUP_EXT_0212,Superalloys,single,2,8,8,0,0,8,1,1,1
SUP_EXT_0213,Superalloys,single,2,12,10,4,2,14,0.71,0.83,0.77
SUP_EXT_0214,Superalloys,single,2,4,4,1,0,5,0.8,1,0.89
SEM_EXT_0001,Semiconductors,single,2,6,5,1,1,6,0.83,0.83,0.83
SEM_EXT_0002,Semiconductors,single,2,8,7,2,1,9,0.78,0.88,0.83
SEM_EXT_0003,Semiconductors,single,2,9,9,1,0,10,0.9,1,0.95
SEM_EXT_0004,Semiconductors,single,2,11,10,3,1,13,0.77,0.91,0.83
SEM_EXT_0005,Semiconductors,single,2,10,9,0,1,9,1,0.9,0.95
SEM_EXT_0006,Semiconductors,single,2,8,6,3,2,9,0.67,0.75,0.71
SEM_EXT_0007,Semiconductors,single,2,12,0,0,12,0,0,0,0
SEM_EXT_0008,Semiconductors,single,2,9,8,1,1,9,0.89,0.89,0.89
SEM_EXT_0009,Semiconductors,single,2,10,8,2,2,10,0.8,0.8,0.8
SEM_EXT_0010,Semiconductors,single,2,9,7,1,2,8,0.88,0.78,0.83
SEM_EXT_0011,Semiconductors,single,2,12,11,0,1,11,1,0.92,0.96
SEM_EXT_0012,Semiconductors,single,2,7,6,1,1,7,0.86,0.86,0.86
SEM_EXT_0013,Semiconductors,single,2,12,12,1,0,13,0.92,1,0.96
SEM_EXT_0014,Semiconductors,single,2,11,9,3,2,12,0.75,0.82,0.78
SEM_EXT_0015,Semiconductors,single,2,12,9,0,3,9,1,0.75,0.86
SEM_EXT_0016,Semiconductors,multi,2,29,26,3,3,29,0.9,0.9,0.9
SEM_EXT_0017,Semiconductors,single,2,8,5,1,3,6,0.83,0.62,0.71
SEM_EXT_0018,Semiconductors,single,2,11,7,4,4,11,0.64,0.64,0.64
SEM_EXT_0019,Semiconductors,single,2,15,15,1,0,16,0.94,1,0.97
SEM_EXT_0020,Semiconductors,single,2,12,9,5,3,14,0.64,0.75,0.69
SEM_EXT_0021,Semiconductors,single,2,8,8,0,0,8,1,1,1
SEM_EXT_0022,Semiconductors,multi,2,22,16,3,6,19,0.84,0.73,0.78
SEM_EXT_0023,Semiconductors,single,2,13,12,1,1,13,0.92,0.92,0.92
SEM_EXT_0024,Semiconductors,single,2,6,4,2,2,6,0.67,0.67,0.67
SEM_EXT_0025,Semiconductors,single,2,6,5,2,1,7,0.71,0.83,0.77
SEM_EXT_0026,Semiconductors,single,2,6,6,1,0,7,0.86,1,0.92
SEM_EXT_0027,Semiconductors,single,2,10,8,2,2,10,0.8,0.8,0.8
SEM_EXT_0028,Semiconductors,single,2,10,7,1,3,8,0.88,0.7,0.78
SEM_EXT_0029,Semiconductors,single,2,15,13,5,2,18,0.72,0.87,0.79
SEM_EXT_0030,Semiconductors,multi,2,33,24,8,9,32,0.75,0.73,0.74
SEM_EXT_0031,Semiconductors,single,2,7,7,1,0,8,0.88,1,0.94
SEM_EXT_0032,Semiconductors,single,2,9,7,0,2,7,1,0.78,0.88
SEM_EXT_0033,Semiconductors,single,2,9,7,3,2,10,0.7,0.78,0.74
SEM_EXT_0034,Semiconductors,single,2,12,10,3,2,13,0.77,0.83,0.8
SEM_EXT_0035,Semiconductors,single,2,12,9,2,3,11,0.82,0.75,0.78
SEM_EXT_0036,Semiconductors,single,2,8,7,1,1,8,0.88,0.88,0.88
SEM_EXT_0037,Semiconductors,single,2,12,11,0,1,11,1,0.92,0.96
SEM_EXT_0038,Semiconductors,single,2,12,11,1,1,12,0.92,0.92,0.92
SEM_EXT_0039,Semiconductors,single,2,9,8,1,1,9,0.89,0.89,0.89
SEM_EXT_0040,Semiconductors,single,2,12,11,3,1,14,0.79,0.92,0.85
SEM_EXT_0041,Semiconductors,multi,2,36,26,5,10,31,0.84,0.72,0.78
SEM_EXT_0042,Semiconductors,single,2,6,5,1,1,6,0.83,0.83,0.83
SEM_EXT_0043,Semiconductors,single,2,11,10,2,1,12,0.83,0.91,0.87
SEM_EXT_0044,Semiconductors,single,2,12,9,2,3,11,0.82,0.75,0.78
SEM_EXT_0045,Semiconductors,single,2,8,6,2,2,8,0.75,0.75,0.75
SEM_EXT_0046,Semiconductors,multi,2,24,22,3,2,25,0.88,0.92,0.9
SEM_EXT_0047,Semiconductors,single,2,7,6,1,1,7,0.86,0.86,0.86
SEM_EXT_0048,Semiconductors,single,2,8,8,0,0,8,1,1,1
SEM_EXT_0049,Semiconductors,single,2,12,10,1,2,11,0.91,0.83,0.87
SEM_EXT_0050,Semiconductors,single,2,6,5,1,1,6,0.83,0.83,0.83
SEM_EXT_0051,Semiconductors,single,2,11,8,1,3,9,0.89,0.73,0.8
SEM_EXT_0052,Semiconductors,single,2,8,7,1,1,8,0.88,0.88,0.88
SEM_EXT_0053,Semiconductors,single,2,9,7,2,2,9,0.78,0.78,0.78
SEM_EXT_0054,Semiconductors,multi,2,30,24,8,6,32,0.75,0.8,0.77
SEM_EXT_0055,Semiconductors,multi,2,31,25,6,6,31,0.81,0.81,0.81
SEM_EXT_0056,Semiconductors,single,2,6,5,1,1,6,0.83,0.83,0.83
SEM_EXT_0057,Semiconductors,single,2,10,10,1,0,11,0.91,1,0.95
SEM_EXT_0058,Semiconductors,single,2,9,9,0,0,9,1,1,1
SEM_EXT_0059,Semiconductors,single,2,9,8,2,1,10,0.8,0.89,0.84
SEM_EXT_0060,Semiconductors,single,2,11,9,1,2,10,0.9,0.82,0.86
SEM_EXT_0061,Semiconductors,single,2,12,10,0,2,10,1,0.83,0.91
SEM_EXT_0062,Semiconductors,single,2,6,4,2,2,6,0.67,0.67,0.67
SEM_EXT_0063,Semiconductors,single,2,8,7,2,1,9,0.78,0.88,0.83
SEM_EXT_0064,Semiconductors,single,2,7,7,0,0,7,1,1,1
SEM_EXT_0065,Semiconductors,single,2,9,6,1,3,7,0.86,0.67,0.75
SEM_EXT_0066,Semiconductors,single,2,11,9,0,2,9,1,0.82,0.9
SEM_EXT_0067,Semiconductors,single,2,10,9,1,1,10,0.9,0.9,0.9
SEM_EXT_0068,Semiconductors,single,2,7,6,1,1,7,0.86,0.86,0.86
SEM_EXT_0069,Semiconductors,single,2,8,7,0,1,7,1,0.88,0.94
SEM_EXT_0070,Semiconductors,single,2,6,6,2,0,8,0.75,1,0.86
SEM_EXT_0071,Semiconductors,single,2,12,9,1,3,10,0.9,0.75,0.82
SEM_EXT_0072,Semiconductors,single,2,10,9,4,1,13,0.69,0.9,0.78
SEM_EXT_0073,Semiconductors,single,2,8,7,0,1,7,1,0.88,0.94
SEM_EXT_0074,Semiconductors,single,2,6,6,1,0,7,0.86,1,0.92
SEM_EXT_0075,Semiconductors,single,2,8,8,2,0,10,0.8,1,0.89
SEM_EXT_0076,Semiconductors,single,2,10,9,0,1,9,1,0.9,0.95
SEM_EXT_0077,Semiconductors,multi,2,25,21,5,4,26,0.81,0.84,0.82
SEM_EXT_0078,Semiconductors,single,2,9,7,1,2,8,0.88,0.78,0.83
SEM_EXT_0079,Semiconductors,single,2,10,10,1,0,11,0.91,1,0.95
SEM_EXT_0080,Semiconductors,single,2,9,8,0,1,8,1,0.89,0.94
SEM_EXT_0081,Semiconductors,single,2,14,12,2,2,14,0.86,0.86,0.86
SEM_EXT_0082,Semiconductors,multi,2,28,23,4,5,27,0.85,0.82,0.83
SEM_EXT_0083,Semiconductors,single,2,9,7,2,2,9,0.78,0.78,0.78
SEM_EXT_0084,Semiconductors,single,2,6,4,2,2,6,0.67,0.67,0.67
SEM_EXT_0085,Semiconductors,single,2,11,10,1,1,11,0.91,0.91,0.91
SEM_EXT_0086,Semiconductors,single,2,9,6,1,3,7,0.86,0.67,0.75
SEM_EXT_0087,Semiconductors,single,2,8,7,0,1,7,1,0.88,0.94
SEM_EXT_0088,Semiconductors,single,2,11,9,2,2,11,0.82,0.82,0.82
SEM_EXT_0089,Semiconductors,single,2,8,7,0,1,7,1,0.88,0.94
SEM_EXT_0090,Semiconductors,single,2,9,7,2,2,9,0.78,0.78,0.78
SEM_EXT_0091,Semiconductors,single,2,12,10,1,2,11,0.91,0.83,0.87
SEM_EXT_0092,Semiconductors,single,2,9,7,1,2,8,0.88,0.78,0.83
SEM_EXT_0093,Semiconductors,single,2,8,7,1,1,8,0.88,0.88,0.88
SEM_EXT_0094,Semiconductors,multi,2,19,19,1,0,20,0.95,1,0.97
SEM_EXT_0095,Semiconductors,single,2,10,7,3,3,10,0.7,0.7,0.7
SEM_EXT_0096,Semiconductors,single,2,11,9,2,2,11,0.82,0.82,0.82
SEM_EXT_0097,Semiconductors,multi,2,25,22,4,3,26,0.85,0.88,0.86
SEM_EXT_0098,Semiconductors,single,2,10,9,1,1,10,0.9,0.9,0.9
SEM_EXT_0099,Semiconductors,single,2,11,10,3,1,13,0.77,0.91,0.83
SEM_EXT_0100,Semiconductors,single,2,13,11,2,2,13,0.85,0.85,0.85
SEM_EXT_0101,Semiconductors,single,2,7,7,2,0,9,0.78,1,0.88
SEM_EXT_0102,Semiconductors,single,2,8,6,3,2,9,0.67,0.75,0.71
SEM_EXT_0103,Semiconductors,single,2,8,7,0,1,7,1,0.88,0.94
SEM_EXT_0104,Semiconductors,single,2,7,6,1,1,7,0.86,0.86,0.86
SEM_EXT_0105,Semiconductors,single,2,10,10,1,0,11,0.91,1,0.95
SEM_EXT_0106,Semiconductors,single,2,9,6,3,3,9,0.67,0.67,0.67
SEM_EXT_0107,Semiconductors,single,2,6,3,2,3,5,0.6,0.5,0.55
SEM_EXT_0108,Semiconductors,single,2,12,10,1,2,11,0.91,0.83,0.87
SEM_EXT_0109,Semiconductors,single,2,10,10,1,0,11,0.91,1,0.95
SEM_EXT_0110,Semiconductors,single,2,11,10,2,1,12,0.83,0.91,0.87
SEM_EXT_0111,Semiconductors,single,2,12,9,0,3,9,1,0.75,0.86
SEM_EXT_0112,Semiconductors,multi,2,28,23,3,5,26,0.88,0.82,0.85
SEM_EXT_0113,Semiconductors,single,2,9,9,0,0,9,1,1,1
SEM_EXT_0114,Semiconductors,single,2,12,11,0,1,11,1,0.92,0.96
SEM_EXT_0115,Semiconductors,multi,2,28,22,4,6,26,0.85,0.79,0.82
SEM_EXT_0116,Semiconductors,single,2,11,10,1,1,11,0.91,0.91,0.91
SEM_EXT_0117,Semiconductors,single,2,10,8,2,2,10,0.8,0.8,0.8
SEM_EXT_0118,Semiconductors,single,2,12,11,2,1,13,0.85,0.92,0.88
SEM_EXT_0119,Semiconductors,single,2,12,10,0,2,10,1,0.83,0.91
SEM_EXT_0120,Semiconductors,single,2,11,8,2,3,10,0.8,0.73,0.76
SEM_EXT_0121,Semiconductors,single,2,11,9,2,2,11,0.82,0.82,0.82
SEM_EXT_0122,Semiconductors,single,2,10,8,2,2,10,0.8,0.8,0.8
SEM_EXT_0123,Semiconductors,single,2,6,4,1,2,5,0.8,0.67,0.73
SEM_EXT_0124,Semiconductors,multi,2,26,21,2,5,23,0.91,0.81,0.86
SEM_EXT_0125,Semiconductors,single,2,12,10,5,2,15,0.67,0.83,0.74
SEM_EXT_0126,Semiconductors,single,2,8,6,1,2,7,0.86,0.75,0.8
SEM_EXT_0127,Semiconductors,single,2,4,4,2,0,6,0.67,1,0.8
SEM_EXT_0128,Semiconductors,single,2,8,6,1,2,7,0.86,0.75,0.8
SEM_EXT_0129,Semiconductors,single,2,13,13,3,0,16,0.81,1,0.9
SEM_EXT_0130,Semiconductors,single,2,12,10,0,2,10,1,0.83,0.91
SEM_EXT_0131,Semiconductors,single,2,10,8,3,2,11,0.73,0.8,0.76
SEM_EXT_0132,Semiconductors,single,2,14,12,2,2,14,0.86,0.86,0.86
SEM_EXT_0133,Semiconductors,single,2,8,7,1,1,8,0.88,0.88,0.88
SEM_EXT_0134,Semiconductors,single,2,9,7,1,2,8,0.88,0.78,0.83
SEM_EXT_0135,Semiconductors,single,2,12,11,1,1,12,0.92,0.92,0.92
SEM_EXT_0136,Semiconductors,multi,2,38,33,5,5,38,0.87,0.87,0.87
SEM_EXT_0137,Semiconductors,single,2,9,7,2,2,9,0.78,0.78,0.78
SEM_EXT_0138,Semiconductors,single,2,7,6,1,1,7,0.86,0.86,0.86
SEM_EXT_0139,Semiconductors,single,2,8,5,1,3,6,0.83,0.62,0.71
SEM_EXT_0140,Semiconductors,single,2,10,8,1,2,9,0.89,0.8,0.84
SEM_EXT_0141,Semiconductors,multi,2,28,24,9,4,33,0.73,0.86,0.79
SEM_EXT_0142,Semiconductors,single,2,6,4,2,2,6,0.67,0.67,0.67
SEM_EXT_0143,Semiconductors,single,2,9,6,3,3,9,0.67,0.67,0.67
SEM_EXT_0144,Semiconductors,single,2,8,6,1,2,7,0.86,0.75,0.8
SEM_EXT_0145,Semiconductors,single,2,10,10,2,0,12,0.83,1,0.91
SEM_EXT_0146,Semiconductors,single,2,11,8,1,3,9,0.89,0.73,0.8
SEM_EXT_0147,Semiconductors,single,2,12,9,2,3,11,0.82,0.75,0.78
SEM_EXT_0148,Semiconductors,single,2,10,8,1,2,9,0.89,0.8,0.84
SEM_EXT_0149,Semiconductors,single,2,6,5,1,1,6,0.83,0.83,0.83
SEM_EXT_0150,Semiconductors,single,2,11,9,4,2,13,0.69,0.82,0.75
SEM_EXT_0151,Semiconductors,single,2,7,7,1,0,8,0.88,1,0.94
SEM_EXT_0152,Semiconductors,single,2,9,8,2,1,10,0.8,0.89,0.84
SEM_EXT_0153,Semiconductors,single,2,11,9,3,2,12,0.75,0.82,0.78
SEM_EXT_0154,Semiconductors,multi,2,23,20,2,3,22,0.91,0.87,0.89
SEM_EXT_0155,Semiconductors,single,2,11,2,2,9,4,0.5,0.18,0.26
SEM_EXT_0156,Semiconductors,single,2,11,10,0,1,10,1,0.91,0.95
SEM_EXT_0157,Semiconductors,single,2,9,8,1,1,9,0.89,0.89,0.89
SEM_EXT_0158,Semiconductors,single,2,6,4,2,2,6,0.67,0.67,0.67
SEM_EXT_0159,Semiconductors,single,2,12,10,0,2,10,1,0.83,0.91
SEM_EXT_0160,Semiconductors,single,2,9,5,1,4,6,0.83,0.56,0.67
SEM_EXT_0161,Semiconductors,single,2,12,11,1,1,12,0.92,0.92,0.92
SEM_EXT_0162,Semiconductors,multi,2,32,23,6,9,29,0.79,0.72,0.75
SEM_EXT_0163,Semiconductors,single,2,7,7,2,0,9,0.78,1,0.88
SEM_EXT_0164,Semiconductors,single,2,7,6,1,1,7,0.86,0.86,0.86
SEM_EXT_0165,Semiconductors,single,2,6,6,1,0,7,0.86,1,0.92
SEM_EXT_0166,Semiconductors,single,2,10,1,2,9,3,0.33,0.1,0.15
SEM_EXT_0167,Semiconductors,single,2,7,6,1,1,7,0.86,0.86,0.86
SEM_EXT_0168,Semiconductors,single,2,12,10,3,2,13,0.77,0.83,0.8
SEM_EXT_0169,Semiconductors,single,2,11,9,2,2,11,0.82,0.82,0.82
SEM_EXT_0170,Semiconductors,single,2,6,5,1,1,6,0.83,0.83,0.83
SEM_EXT_0171,Semiconductors,single,2,8,7,0,1,7,1,0.88,0.94
SEM_EXT_0172,Semiconductors,single,2,12,11,6,1,17,0.65,0.92,0.76
SEM_EXT_0173,Semiconductors,single,2,6,6,1,0,7,0.86,1,0.92
SEM_EXT_0174,Semiconductors,multi,2,24,19,4,5,23,0.83,0.79,0.81
SEM_EXT_0175,Semiconductors,single,2,8,5,1,3,6,0.83,0.62,0.71
SEM_EXT_0176,Semiconductors,single,2,8,8,0,0,8,1,1,1
SEM_EXT_0177,Semiconductors,multi,2,36,33,5,3,38,0.87,0.92,0.89
SEM_EXT_0178,Semiconductors,single,2,12,11,4,1,15,0.73,0.92,0.81
SEM_EXT_0179,Semiconductors,single,2,9,7,0,2,7,1,0.78,0.88
SEM_EXT_0180,Semiconductors,single,2,11,11,0,0,11,1,1,1
SEM_EXT_0181,Semiconductors,single,2,10,9,1,1,10,0.9,0.9,0.9
SEM_EXT_0182,Semiconductors,multi,2,25,20,3,5,23,0.87,0.8,0.83
SEM_EXT_0183,Semiconductors,single,2,15,11,4,4,15,0.73,0.73,0.73
SEM_EXT_0184,Semiconductors,multi,2,20,15,6,5,21,0.71,0.75,0.73
SEM_EXT_0185,Semiconductors,single,2,6,6,1,0,7,0.86,1,0.92
SEM_EXT_0186,Semiconductors,single,2,8,7,1,1,8,0.88,0.88,0.88
SEM_EXT_0187,Semiconductors,single,2,7,7,1,0,8,0.88,1,0.94
SEM_EXT_0188,Semiconductors,single,2,7,6,1,1,7,0.86,0.86,0.86
SEM_EXT_0189,Semiconductors,single,2,6,5,1,1,6,0.83,0.83,0.83
SEM_EXT_0190,Semiconductors,single,2,7,6,1,1,7,0.86,0.86,0.86
SEM_EXT_0191,Semiconductors,single,2,6,3,2,3,5,0.6,0.5,0.55
SEM_EXT_0192,Semiconductors,single,2,15,14,2,1,16,0.88,0.93,0.9
SEM_EXT_0193,Semiconductors,single,2,10,8,1,2,9,0.89,0.8,0.84
SEM_EXT_0194,Semiconductors,single,2,6,4,1,2,5,0.8,0.67,0.73
SEM_EXT_0195,Semiconductors,single,2,10,8,0,2,8,1,0.8,0.89
SEM_EXT_0196,Semiconductors,single,2,11,8,2,3,10,0.8,0.73,0.76
SEM_EXT_0197,Semiconductors,single,2,8,7,1,1,8,0.88,0.88,0.88
SEM_EXT_0198,Semiconductors,single,2,6,5,1,1,6,0.83,0.83,0.83
BAT_EXT_0001,Batteries,single,2,8,8,1,0,9,0.89,1,0.94
BAT_EXT_0002,Batteries,single,2,11,10,2,1,12,0.83,0.91,0.87
BAT_EXT_0003,Batteries,single,2,12,11,3,1,14,0.79,0.92,0.85
BAT_EXT_0004,Batteries,single,2,10,9,2,1,11,0.82,0.9,0.86
BAT_EXT_0005,Batteries,single,2,6,5,1,1,6,0.83,0.83,0.83
BAT_EXT_0006,Batteries,single,2,6,5,1,1,6,0.83,0.83,0.83
BAT_EXT_0007,Batteries,single,2,12,12,0,0,12,1,1,1
BAT_EXT_0008,Batteries,single,2,12,10,4,2,14,0.71,0.83,0.77
BAT_EXT_0009,Batteries,single,2,7,6,1,1,7,0.86,0.86,0.86
BAT_EXT_0010,Batteries,single,2,9,7,1,2,8,0.88,0.78,0.83
BAT_EXT_0011,Batteries,single,2,10,9,2,1,11,0.82,0.9,0.86
BAT_EXT_0012,Batteries,single,2,6,6,1,0,7,0.86,1,0.92
BAT_EXT_0013,Batteries,single,2,8,7,1,1,8,0.88,0.88,0.88
BAT_EXT_0014,Batteries,single,2,9,7,0,2,7,1,0.78,0.88
BAT_EXT_0015,Batteries,single,2,6,5,1,1,6,0.83,0.83,0.83
BAT_EXT_0016,Batteries,multi,2,18,15,5,3,20,0.75,0.83,0.79
BAT_EXT_0017,Batteries,single,2,9,8,1,1,9,0.89,0.89,0.89
BAT_EXT_0018,Batteries,single,2,11,9,5,2,14,0.64,0.82,0.72
BAT_EXT_0019,Batteries,multi,2,22,0,1,22,1,0,0,0
BAT_EXT_0020,Batteries,single,2,12,10,2,2,12,0.83,0.83,0.83
BAT_EXT_0021,Batteries,single,2,8,6,2,2,8,0.75,0.75,0.75
BAT_EXT_0022,Batteries,single,2,12,11,0,1,11,1,0.92,0.96
BAT_EXT_0023,Batteries,single,2,9,8,2,1,10,0.8,0.89,0.84
BAT_EXT_0024,Batteries,single,2,6,5,1,1,6,0.83,0.83,0.83
BAT_EXT_0025,Batteries,single,2,13,13,1,0,14,0.93,1,0.96
BAT_EXT_0026,Batteries,single,2,11,9,1,2,10,0.9,0.82,0.86
BAT_EXT_0027,Batteries,single,2,11,9,2,2,11,0.82,0.82,0.82
BAT_EXT_0028,Batteries,single,2,11,10,1,1,11,0.91,0.91,0.91
BAT_EXT_0029,Batteries,single,2,9,7,2,2,9,0.78,0.78,0.78
BAT_EXT_0030,Batteries,single,2,7,7,3,0,10,0.7,1,0.82
BAT_EXT_0031,Batteries,single,2,7,5,2,2,7,0.71,0.71,0.71
BAT_EXT_0032,Batteries,single,2,12,12,0,0,12,1,1,1
BAT_EXT_0033,Batteries,single,2,6,6,1,0,7,0.86,1,0.92
BAT_EXT_0034,Batteries,single,2,6,4,2,2,6,0.67,0.67,0.67
BAT_EXT_0035,Batteries,single,2,12,10,3,2,13,0.77,0.83,0.8
BAT_EXT_0036,Batteries,single,2,7,5,2,2,7,0.71,0.71,0.71
BAT_EXT_0037,Batteries,single,2,8,8,1,0,9,0.89,1,0.94
BAT_EXT_0038,Batteries,single,2,12,11,0,1,11,1,0.92,0.96
BAT_EXT_0039,Batteries,single,2,12,12,1,0,13,0.92,1,0.96
BAT_EXT_0040,Batteries,single,2,6,6,2,0,8,0.75,1,0.86
BAT_EXT_0041,Batteries,single,2,6,5,1,1,6,0.83,0.83,0.83
BAT_EXT_0042,Batteries,single,2,11,10,1,1,11,0.91,0.91,0.91
BAT_EXT_0043,Batteries,single,2,10,8,2,2,10,0.8,0.8,0.8
BAT_EXT_0044,Batteries,single,2,10,9,2,1,11,0.82,0.9,0.86
BAT_EXT_0045,Batteries,single,2,8,8,2,0,10,0.8,1,0.89
BAT_EXT_0046,Batteries,single,2,11,9,1,2,10,0.9,0.82,0.86
BAT_EXT_0047,Batteries,single,2,10,10,1,0,11,0.91,1,0.95
BAT_EXT_0048,Batteries,multi,2,21,17,4,4,21,0.81,0.81,0.81
BAT_EXT_0049,Batteries,single,2,12,11,2,1,13,0.85,0.92,0.88
BAT_EXT_0050,Batteries,multi,2,33,31,3,2,34,0.91,0.94,0.92
BAT_EXT_0051,Batteries,single,2,13,11,3,2,14,0.79,0.85,0.82
BAT_EXT_0052,Batteries,single,2,11,11,0,0,11,1,1,1
BAT_EXT_0053,Batteries,single,2,4,4,1,0,5,0.8,1,0.89
BAT_EXT_0054,Batteries,multi,2,25,23,7,2,30,0.77,0.92,0.84
BAT_EXT_0055,Batteries,single,2,8,7,3,1,10,0.7,0.88,0.78
BAT_EXT_0056,Batteries,single,2,9,8,1,1,9,0.89,0.89,0.89
BAT_EXT_0057,Batteries,multi,2,22,17,4,5,21,0.81,0.77,0.79
BAT_EXT_0058,Batteries,single,2,9,9,0,0,9,1,1,1
BAT_EXT_0059,Batteries,single,2,11,9,2,2,11,0.82,0.82,0.82
BAT_EXT_0060,Batteries,single,2,6,6,1,0,7,0.86,1,0.92
BAT_EXT_0061,Batteries,single,2,12,11,2,1,13,0.85,0.92,0.88
BAT_EXT_0062,Batteries,multi,2,27,18,4,9,22,0.82,0.67,0.74
BAT_EXT_0063,Batteries,single,2,8,6,1,2,7,0.86,0.75,0.8
BAT_EXT_0064,Batteries,single,2,6,6,1,0,7,0.86,1,0.92
BAT_EXT_0065,Batteries,single,2,10,6,1,4,7,0.86,0.6,0.71
BAT_EXT_0066,Batteries,single,2,8,7,0,1,7,1,0.88,0.94
BAT_EXT_0067,Batteries,single,2,10,10,1,0,11,0.91,1,0.95
BAT_EXT_0068,Batteries,single,2,9,8,2,1,10,0.8,0.89,0.84
BAT_EXT_0069,Batteries,single,2,10,9,1,1,10,0.9,0.9,0.9
BAT_EXT_0070,Batteries,single,2,10,8,1,2,9,0.89,0.8,0.84
BAT_EXT_0071,Batteries,single,2,12,11,0,1,11,1,0.92,0.96
BAT_EXT_0072,Batteries,single,2,12,10,3,2,13,0.77,0.83,0.8
BAT_EXT_0073,Batteries,single,2,7,7,1,0,8,0.88,1,0.94
BAT_EXT_0074,Batteries,single,2,13,10,3,3,13,0.77,0.77,0.77
BAT_EXT_0075,Batteries,single,2,6,5,1,1,6,0.83,0.83,0.83
BAT_EXT_0076,Batteries,single,2,8,7,1,1,8,0.88,0.88,0.88
BAT_EXT_0077,Batteries,single,2,11,9,0,2,9,1,0.82,0.9
BAT_EXT_0078,Batteries,single,2,8,7,3,1,10,0.7,0.88,0.78
BAT_EXT_0079,Batteries,single,2,9,8,4,1,12,0.67,0.89,0.76
BAT_EXT_0080,Batteries,single,2,8,5,1,3,6,0.83,0.62,0.71
BAT_EXT_0081,Batteries,single,2,6,3,2,3,5,0.6,0.5,0.55
BAT_EXT_0082,Batteries,single,2,6,5,1,1,6,0.83,0.83,0.83
BAT_EXT_0083,Batteries,single,2,9,8,1,1,9,0.89,0.89,0.89
BAT_EXT_0084,Batteries,single,2,8,6,2,2,8,0.75,0.75,0.75
BAT_EXT_0085,Batteries,single,2,8,6,1,2,7,0.86,0.75,0.8
BAT_EXT_0086,Batteries,multi,2,18,13,5,5,18,0.72,0.72,0.72
BAT_EXT_0087,Batteries,single,2,9,7,0,2,7,1,0.78,0.88
BAT_EXT_0088,Batteries,single,2,7,2,2,5,4,0.5,0.29,0.37
BAT_EXT_0089,Batteries,single,2,10,9,2,1,11,0.82,0.9,0.86
BAT_EXT_0090,Batteries,single,2,12,11,0,1,11,1,0.92,0.96
BAT_EXT_0091,Batteries,single,2,7,7,2,0,9,0.78,1,0.88
BAT_EXT_0092,Batteries,single,2,9,8,2,1,10,0.8,0.89,0.84
BAT_EXT_0093,Batteries,single,2,12,11,1,1,12,0.92,0.92,0.92
BAT_EXT_0094,Batteries,single,2,7,6,1,1,7,0.86,0.86,0.86
BAT_EXT_0095,Batteries,single,2,9,7,5,2,12,0.58,0.78,0.67
BAT_EXT_0096,Batteries,single,2,8,7,2,1,9,0.78,0.88,0.83
BAT_EXT_0097,Batteries,multi,2,21,16,5,5,21,0.76,0.76,0.76
BAT_EXT_0098,Batteries,single,2,7,6,2,1,8,0.75,0.86,0.8
BAT_EXT_0099,Batteries,single,2,9,9,0,0,9,1,1,1
BAT_EXT_0100,Batteries,multi,2,24,20,7,4,27,0.74,0.83,0.78
BAT_EXT_0101,Batteries,single,2,12,12,1,0,13,0.92,1,0.96
BAT_EXT_0102,Batteries,single,2,9,8,0,1,8,1,0.89,0.94
BAT_EXT_0103,Batteries,single,2,7,6,1,1,7,0.86,0.86,0.86
BAT_EXT_0104,Batteries,single,2,7,7,1,0,8,0.88,1,0.94
BAT_EXT_0105,Batteries,single,2,6,6,1,0,7,0.86,1,0.92
BAT_EXT_0106,Batteries,single,2,10,7,2,3,9,0.78,0.7,0.74
BAT_EXT_0107,Batteries,multi,2,20,16,3,4,19,0.84,0.8,0.82
BAT_EXT_0108,Batteries,single,2,12,10,3,2,13,0.77,0.83,0.8
BAT_EXT_0109,Batteries,single,2,8,8,2,0,10,0.8,1,0.89
BAT_EXT_0110,Batteries,multi,2,25,21,3,4,24,0.88,0.84,0.86
BAT_EXT_0111,Batteries,single,2,10,7,1,3,8,0.88,0.7,0.78
BAT_EXT_0112,Batteries,single,2,9,9,1,0,10,0.9,1,0.95
BAT_EXT_0113,Batteries,single,2,8,6,1,2,7,0.86,0.75,0.8
BAT_EXT_0114,Batteries,single,2,9,6,1,3,7,0.86,0.67,0.75
BAT_EXT_0115,Batteries,single,2,10,10,0,0,10,1,1,1
BAT_EXT_0116,Batteries,single,2,10,9,1,1,10,0.9,0.9,0.9
BAT_EXT_0117,Batteries,multi,2,24,19,2,5,21,0.9,0.79,0.84
BAT_EXT_0118,Batteries,single,2,11,10,1,1,11,0.91,0.91,0.91
BAT_EXT_0119,Batteries,single,2,12,10,2,2,12,0.83,0.83,0.83
BAT_EXT_0120,Batteries,multi,2,22,20,2,2,22,0.91,0.91,0.91
BAT_EXT_0121,Batteries,single,2,8,6,1,2,7,0.86,0.75,0.8
BAT_EXT_0122,Batteries,single,2,9,7,3,2,10,0.7,0.78,0.74
BAT_EXT_0123,Batteries,single,2,6,6,1,0,7,0.86,1,0.92
BAT_EXT_0124,Batteries,single,2,11,9,1,2,10,0.9,0.82,0.86
BAT_EXT_0125,Batteries,single,2,9,8,1,1,9,0.89,0.89,0.89
BAT_EXT_0126,Batteries,single,2,6,4,2,2,6,0.67,0.67,0.67
BAT_EXT_0127,Batteries,single,2,9,7,2,2,9,0.78,0.78,0.78
BAT_EXT_0128,Batteries,multi,2,32,24,9,8,33,0.73,0.75,0.74
BAT_EXT_0129,Batteries,multi,2,28,24,8,4,32,0.75,0.86,0.8
BAT_EXT_0130,Batteries,single,2,12,11,2,1,13,0.85,0.92,0.88
BAT_EXT_0131,Batteries,single,2,9,8,3,1,11,0.73,0.89,0.8
BAT_EXT_0132,Batteries,single,2,9,8,1,1,9,0.89,0.89,0.89
BAT_EXT_0133,Batteries,single,2,4,0,2,4,2,0,0,0
BAT_EXT_0134,Batteries,single,2,7,6,2,1,8,0.75,0.86,0.8
BAT_EXT_0135,Batteries,single,2,8,8,1,0,9,0.89,1,0.94
BAT_EXT_0136,Batteries,single,2,7,7,1,0,8,0.88,1,0.94
BAT_EXT_0137,Batteries,single,2,6,4,2,2,6,0.67,0.67,0.67
BAT_EXT_0138,Batteries,multi,2,24,19,7,5,26,0.73,0.79,0.76
BAT_EXT_0139,Batteries,single,2,9,9,1,0,10,0.9,1,0.95
BAT_EXT_0140,Batteries,single,2,9,7,3,2,10,0.7,0.78,0.74
BAT_EXT_0141,Batteries,single,2,14,3,2,11,5,0.6,0.21,0.31
BAT_EXT_0142,Batteries,single,2,8,7,1,1,8,0.88,0.88,0.88
BAT_EXT_0143,Batteries,single,2,9,8,2,1,10,0.8,0.89,0.84
BAT_EXT_0144,Batteries,single,2,6,6,1,0,7,0.86,1,0.92
BAT_EXT_0145,Batteries,single,2,6,4,1,2,5,0.8,0.67,0.73
BAT_EXT_0146,Batteries,single,2,11,9,3,2,12,0.75,0.82,0.78
BAT_EXT_0147,Batteries,single,2,6,5,1,1,6,0.83,0.83,0.83
BAT_EXT_0148,Batteries,single,2,7,7,2,0,9,0.78,1,0.88
BAT_EXT_0149,Batteries,single,2,7,6,2,1,8,0.75,0.86,0.8
BAT_EXT_0150,Batteries,single,2,12,10,2,2,12,0.83,0.83,0.83
BAT_EXT_0151,Batteries,single,2,4,0,1,4,1,0,0,0
BAT_EXT_0152,Batteries,single,2,12,10,4,2,14,0.71,0.83,0.77
BAT_EXT_0153,Batteries,single,2,6,4,2,2,6,0.67,0.67,0.67
BAT_EXT_0154,Batteries,single,2,6,5,1,1,6,0.83,0.83,0.83
BAT_EXT_0155,Batteries,single,2,11,11,2,0,13,0.85,1,0.92
BAT_EXT_0156,Batteries,single,2,6,5,1,1,6,0.83,0.83,0.83
BAT_EXT_0157,Batteries,multi,2,24,18,6,6,24,0.75,0.75,0.75
BAT_EXT_0158,Batteries,single,2,7,6,2,1,8,0.75,0.86,0.8
BAT_EXT_0159,Batteries,single,2,11,11,1,0,12,0.92,1,0.96
BAT_EXT_0160,Batteries,single,2,8,7,2,1,9,0.78,0.88,0.83
BAT_EXT_0161,Batteries,single,2,10,7,1,3,8,0.88,0.7,0.78
BAT_EXT_0162,Batteries,single,2,8,7,2,1,9,0.78,0.88,0.83
BAT_EXT_0163,Batteries,multi,2,23,23,3,0,26,0.88,1,0.94
BAT_EXT_0164,Batteries,single,2,11,9,2,2,11,0.82,0.82,0.82
BAT_EXT_0165,Batteries,single,2,8,7,1,1,8,0.88,0.88,0.88
BAT_EXT_0166,Batteries,single,2,12,10,2,2,12,0.83,0.83,0.83
BAT_EXT_0167,Batteries,single,2,9,7,1,2,8,0.88,0.78,0.83
BAT_EXT_0168,Batteries,single,2,6,3,2,3,5,0.6,0.5,0.55
BAT_EXT_0169,Batteries,multi,2,25,22,4,3,26,0.85,0.88,0.86
BAT_EXT_0170,Batteries,single,2,6,0,0,6,0,0,0,0
BAT_EXT_0171,Batteries,single,2,10,8,2,2,10,0.8,0.8,0.8
BAT_EXT_0172,Batteries,multi,2,26,22,9,4,31,0.71,0.85,0.77
BAT_EXT_0173,Batteries,single,2,9,8,1,1,9,0.89,0.89,0.89
BAT_EXT_0174,Batteries,single,2,11,10,1,1,11,0.91,0.91,0.91
BAT_EXT_0175,Batteries,single,2,8,7,0,1,7,1,0.88,0.94
BAT_EXT_0176,Batteries,single,2,12,9,3,3,12,0.75,0.75,0.75
BAT_EXT_0177,Batteries,single,2,12,10,2,2,12,0.83,0.83,0.83
BAT_EXT_0178,Batteries,single,2,6,5,1,1,6,0.83,0.83,0.83
BAT_EXT_0179,Batteries,single,2,11,10,1,1,11,0.91,0.91,0.91
BAT_EXT_0180,Batteries,single,2,12,9,1,3,10,0.9,0.75,0.82
BAT_EXT_0181,Batteries,multi,2,22,18,5,4,23,0.78,0.82,0.8
BAT_EXT_0182,Batteries,single,2,10,7,2,3,9,0.78,0.7,0.74
BAT_EXT_0183,Batteries,single,2,9,8,0,1,8,1,0.89,0.94
BAT_EXT_0184,Batteries,single,2,7,5,2,2,7,0.71,0.71,0.71
BAT_EXT_0185,Batteries,single,2,10,10,3,0,13,0.77,1,0.87
BAT_EXT_0186,Batteries,single,2,11,10,1,1,11,0.91,0.91,0.91
BAT_EXT_0187,Batteries,single,2,12,11,3,1,14,0.79,0.92,0.85
BAT_EXT_0188,Batteries,single,2,7,7,0,0,7,1,1,1
BAT_EXT_0189,Batteries,single,2,8,8,0,0,8,1,1,1
BAT_EXT_0190,Batteries,single,2,8,6,2,2,8,0.75,0.75,0.75
BAT_EXT_0191,Batteries,single,2,12,11,2,1,13,0.85,0.92,0.88
BAT_EXT_0192,Batteries,single,2,12,10,1,2,11,0.91,0.83,0.87
BAT_EXT_0193,Batteries,single,2,11,8,1,3,9,0.89,0.73,0.8
BAT_EXT_0194,Batteries,single,2,6,4,2,2,6,0.67,0.67,0.67
BAT_EXT_0195,Batteries,single,2,10,8,0,2,8,1,0.8,0.89
BAT_EXT_0196,Batteries,single,2,11,8,4,3,12,0.67,0.73,0.7
BAT_EXT_0197,Batteries,single,2,9,7,3,2,10,0.7,0.78,0.74
BAT_EXT_0198,Batteries,multi,2,19,13,6,6,19,0.68,0.68,0.68
BAT_EXT_0199,Batteries,single,2,11,7,2,4,9,0.78,0.64,0.7
BAT_EXT_0200,Batteries,single,2,7,7,4,0,11,0.64,1,0.78
BAT_EXT_0201,Batteries,single,2,10,9,1,1,10,0.9,0.9,0.9
BAT_EXT_0202,Batteries,single,2,8,7,1,1,8,0.88,0.88,0.88
BAT_EXT_0203,Batteries,single,2,12,9,2,3,11,0.82,0.75,0.78
BAT_EXT_0204,Batteries,single,2,12,9,1,3,10,0.9,0.75,0.82
BAT_EXT_0205,Batteries,single,2,6,6,1,0,7,0.86,1,0.92
BAT_EXT_0206,Batteries,single,2,8,6,3,2,9,0.67,0.75,0.71
SUP_EXT_0001,Superalloys,single,3,7,7,1,0,8,0.88,1,0.94
SUP_EXT_0002,Superalloys,single,3,6,6,3,0,9,0.67,1,0.8
SUP_EXT_0003,Superalloys,single,3,7,5,1,2,6,0.83,0.71,0.77
SUP_EXT_0004,Superalloys,single,3,7,6,2,1,8,0.75,0.86,0.8
SUP_EXT_0005,Superalloys,multi,3,35,28,14,7,42,0.67,0.8,0.73
SUP_EXT_0006,Superalloys,single,3,9,6,2,3,8,0.75,0.67,0.71
SUP_EXT_0007,Superalloys,single,3,6,5,1,1,6,0.83,0.83,0.83
SUP_EXT_0008,Superalloys,single,3,7,6,1,1,7,0.86,0.86,0.86
SUP_EXT_0009,Superalloys,single,3,6,4,1,2,5,0.8,0.67,0.73
SUP_EXT_0010,Superalloys,multi,3,29,25,3,4,28,0.89,0.86,0.87
SUP_EXT_0011,Superalloys,single,3,6,0,0,6,0,0,0,0
SUP_EXT_0012,Superalloys,single,3,10,7,0,3,7,1,0.7,0.82
SUP_EXT_0013,Superalloys,single,3,6,6,1,0,7,0.86,1,0.92
SUP_EXT_0014,Superalloys,single,3,10,8,2,2,10,0.8,0.8,0.8
SUP_EXT_0015,Superalloys,single,3,11,9,3,2,12,0.75,0.82,0.78
SUP_EXT_0016,Superalloys,single,3,8,7,1,1,8,0.88,0.88,0.88
SUP_EXT_0017,Superalloys,multi,3,27,20,6,7,26,0.77,0.74,0.75
SUP_EXT_0018,Superalloys,single,3,9,8,0,1,8,1,0.89,0.94
SUP_EXT_0019,Superalloys,single,3,11,11,2,0,13,0.85,1,0.92
SUP_EXT_0020,Superalloys,single,3,12,11,1,1,12,0.92,0.92,0.92
SUP_EXT_0021,Superalloys,single,3,9,7,2,2,9,0.78,0.78,0.78
SUP_EXT_0022,Superalloys,single,3,9,7,1,2,8,0.88,0.78,0.83
SUP_EXT_0023,Superalloys,single,3,11,9,0,2,9,1,0.82,0.9
SUP_EXT_0024,Superalloys,single,3,7,6,1,1,7,0.86,0.86,0.86
SUP_EXT_0025,Superalloys,single,3,6,5,2,1,7,0.71,0.83,0.77
SUP_EXT_0026,Superalloys,multi,3,28,20,8,8,28,0.71,0.71,0.71
SUP_EXT_0027,Superalloys,single,3,7,7,1,0,8,0.88,1,0.94
SUP_EXT_0028,Superalloys,multi,3,38,25,6,13,31,0.81,0.66,0.73
SUP_EXT_0029,Superalloys,multi,3,21,17,5,4,22,0.77,0.81,0.79
SUP_EXT_0030,Superalloys,single,3,8,7,0,1,7,1,0.88,0.94
SUP_EXT_0031,Superalloys,single,3,8,6,1,2,7,0.86,0.75,0.8
SUP_EXT_0032,Superalloys,single,3,10,7,1,3,8,0.88,0.7,0.78
SUP_EXT_0033,Superalloys,multi,3,21,0,1,21,1,0,0,0
SUP_EXT_0034,Superalloys,single,3,4,0,1,4,1,0,0,0
SUP_EXT_0035,Superalloys,single,3,10,8,3,2,11,0.73,0.8,0.76
SUP_EXT_0036,Superalloys,single,3,7,7,1,0,8,0.88,1,0.94
SUP_EXT_0037,Superalloys,single,3,7,5,2,2,7,0.71,0.71,0.71
SUP_EXT_0038,Superalloys,single,3,9,9,0,0,9,1,1,1
SUP_EXT_0039,Superalloys,single,3,6,6,1,0,7,0.86,1,0.92
SUP_EXT_0040,Superalloys,single,3,7,6,1,1,7,0.86,0.86,0.86
SUP_EXT_0041,Superalloys,single,3,12,9,1,3,10,0.9,0.75,0.82
SUP_EXT_0042,Superalloys,single,3,10,7,2,3,9,0.78,0.7,0.74
SUP_EXT_0043,Superalloys,single,3,7,5,3,2,8,0.62,0.71,0.66
SUP_EXT_0044,Superalloys,single,3,6,3,2,3,5,0.6,0.5,0.55
SUP_EXT_0045,Superalloys,single,3,6,5,1,1,6,0.83,0.83,0.83
SUP_EXT_0046,Superalloys,single,3,8,6,3,2,9,0.67,0.75,0.71
SUP_EXT_0047,Superalloys,single,3,9,7,2,2,9,0.78,0.78,0.78
SUP_EXT_0048,Superalloys,single,3,6,6,2,0,8,0.75,1,0.86
SUP_EXT_0049,Superalloys,single,3,7,5,1,2,6,0.83,0.71,0.77
SUP_EXT_0050,Superalloys,single,3,6,4,1,2,5,0.8,0.67,0.73
SUP_EXT_0051,Superalloys,single,3,7,7,1,0,8,0.88,1,0.94
SUP_EXT_0052,Superalloys,single,3,11,9,3,2,12,0.75,0.82,0.78
SUP_EXT_0053,Superalloys,single,3,6,6,0,0,6,1,1,1
SUP_EXT_0054,Superalloys,single,3,11,9,1,2,10,0.9,0.82,0.86
SUP_EXT_0055,Superalloys,single,3,15,13,1,2,14,0.93,0.87,0.9
SUP_EXT_0056,Superalloys,single,3,11,11,2,0,13,0.85,1,0.92
SUP_EXT_0057,Superalloys,single,3,9,7,2,2,9,0.78,0.78,0.78
SUP_EXT_0058,Superalloys,single,3,9,8,2,1,10,0.8,0.89,0.84
SUP_EXT_0059,Superalloys,single,3,8,7,1,1,8,0.88,0.88,0.88
SUP_EXT_0060,Superalloys,single,3,12,10,2,2,12,0.83,0.83,0.83
SUP_EXT_0061,Superalloys,single,3,11,10,2,1,12,0.83,0.91,0.87
SUP_EXT_0062,Superalloys,single,3,9,8,2,1,10,0.8,0.89,0.84
SUP_EXT_0063,Superalloys,single,3,7,6,1,1,7,0.86,0.86,0.86
SUP_EXT_0064,Superalloys,single,3,8,7,2,1,9,0.78,0.88,0.83
SUP_EXT_0065,Superalloys,single,3,7,5,2,2,7,0.71,0.71,0.71
SUP_EXT_0066,Superalloys,single,3,6,4,2,2,6,0.67,0.67,0.67
SUP_EXT_0067,Superalloys,single,3,10,9,1,1,10,0.9,0.9,0.9
SUP_EXT_0068,Superalloys,multi,3,27,24,1,3,25,0.96,0.89,0.92
SUP_EXT_0069,Superalloys,single,3,8,8,3,0,11,0.73,1,0.84
SUP_EXT_0070,Superalloys,single,3,12,9,3,3,12,0.75,0.75,0.75
SUP_EXT_0071,Superalloys,single,3,10,9,1,1,10,0.9,0.9,0.9
SUP_EXT_0072,Superalloys,single,3,11,11,0,0,11,1,1,1
SUP_EXT_0073,Superalloys,single,3,8,7,0,1,7,1,0.88,0.94
SUP_EXT_0074,Superalloys,single,3,13,12,0,1,12,1,0.92,0.96
SUP_EXT_0075,Superalloys,single,3,9,8,1,1,9,0.89,0.89,0.89
SUP_EXT_0076,Superalloys,single,3,9,7,0,2,7,1,0.78,0.88
SUP_EXT_0077,Superalloys,single,3,12,9,3,3,12,0.75,0.75,0.75
SUP_EXT_0078,Superalloys,single,3,6,6,3,0,9,0.67,1,0.8
SUP_EXT_0079,Superalloys,single,3,9,7,1,2,8,0.88,0.78,0.83
SUP_EXT_0080,Superalloys,single,3,8,6,1,2,7,0.86,0.75,0.8
SUP_EXT_0081,Superalloys,single,3,13,2,2,11,4,0.5,0.15,0.23
SUP_EXT_0082,Superalloys,single,3,9,7,1,2,8,0.88,0.78,0.83
SUP_EXT_0083,Superalloys,single,3,10,9,1,1,10,0.9,0.9,0.9
SUP_EXT_0084,Superalloys,single,3,14,13,2,1,15,0.87,0.93,0.9
SUP_EXT_0085,Superalloys,single,3,10,9,2,1,11,0.82,0.9,0.86
SUP_EXT_0086,Superalloys,multi,3,22,15,5,7,20,0.75,0.68,0.71
SUP_EXT_0087,Superalloys,single,3,8,7,1,1,8,0.88,0.88,0.88
SUP_EXT_0088,Superalloys,single,3,10,9,1,1,10,0.9,0.9,0.9
SUP_EXT_0089,Superalloys,single,3,7,6,2,1,8,0.75,0.86,0.8
SUP_EXT_0090,Superalloys,multi,3,31,25,6,6,31,0.81,0.81,0.81
SUP_EXT_0091,Superalloys,single,3,6,4,1,2,5,0.8,0.67,0.73
SUP_EXT_0092,Superalloys,single,3,11,10,1,1,11,0.91,0.91,0.91
SUP_EXT_0093,Superalloys,multi,3,23,17,8,6,25,0.68,0.74,0.71
SUP_EXT_0094,Superalloys,single,3,12,11,1,1,12,0.92,0.92,0.92
SUP_EXT_0095,Superalloys,single,3,11,10,1,1,11,0.91,0.91,0.91
SUP_EXT_0096,Superalloys,single,3,13,11,4,2,15,0.73,0.85,0.79
SUP_EXT_0097,Superalloys,single,3,6,6,1,0,7,0.86,1,0.92
SUP_EXT_0098,Superalloys,multi,3,21,17,2,4,19,0.89,0.81,0.85
SUP_EXT_0099,Superalloys,single,3,11,8,2,3,10,0.8,0.73,0.76
SUP_EXT_0100,Superalloys,single,3,12,10,2,2,12,0.83,0.83,0.83
SUP_EXT_0101,Superalloys,single,3,6,4,1,2,5,0.8,0.67,0.73
SUP_EXT_0102,Superalloys,single,3,14,11,2,3,13,0.85,0.79,0.82
SUP_EXT_0103,Superalloys,single,3,9,7,1,2,8,0.88,0.78,0.83
SUP_EXT_0104,Superalloys,single,3,12,11,2,1,13,0.85,0.92,0.88
SUP_EXT_0105,Superalloys,single,3,12,9,5,3,14,0.64,0.75,0.69
SUP_EXT_0106,Superalloys,single,3,11,10,1,1,11,0.91,0.91,0.91
SUP_EXT_0107,Superalloys,single,3,11,8,3,3,11,0.73,0.73,0.73
SUP_EXT_0108,Superalloys,single,3,12,11,2,1,13,0.85,0.92,0.88
SUP_EXT_0109,Superalloys,single,3,12,8,3,4,11,0.73,0.67,0.7
SUP_EXT_0110,Superalloys,single,3,9,8,1,1,9,0.89,0.89,0.89
SUP_EXT_0111,Superalloys,single,3,6,6,1,0,7,0.86,1,0.92
SUP_EXT_0112,Superalloys,single,3,6,5,1,1,6,0.83,0.83,0.83
SUP_EXT_0113,Superalloys,multi,3,23,16,6,7,22,0.73,0.7,0.71
SUP_EXT_0114,Superalloys,single,3,11,11,2,0,13,0.85,1,0.92
SUP_EXT_0115,Superalloys,single,3,10,10,0,0,10,1,1,1
SUP_EXT_0116,Superalloys,single,3,7,6,1,1,7,0.86,0.86,0.86
SUP_EXT_0117,Superalloys,single,3,11,10,3,1,13,0.77,0.91,0.83
SUP_EXT_0118,Superalloys,single,3,11,9,4,2,13,0.69,0.82,0.75
SUP_EXT_0119,Superalloys,single,3,6,6,2,0,8,0.75,1,0.86
SUP_EXT_0120,Superalloys,single,3,11,10,1,1,11,0.91,0.91,0.91
SUP_EXT_0121,Superalloys,multi,3,25,24,3,1,27,0.89,0.96,0.92
SUP_EXT_0122,Superalloys,single,3,11,8,2,3,10,0.8,0.73,0.76
SUP_EXT_0123,Superalloys,single,3,11,9,1,2,10,0.9,0.82,0.86
SUP_EXT_0124,Superalloys,single,3,12,9,3,3,12,0.75,0.75,0.75
SUP_EXT_0125,Superalloys,multi,3,24,23,6,1,29,0.79,0.96,0.87
SUP_EXT_0126,Superalloys,single,3,10,6,0,4,6,1,0.6,0.75
SUP_EXT_0127,Superalloys,single,3,9,8,2,1,10,0.8,0.89,0.84
SUP_EXT_0128,Superalloys,single,3,6,6,2,0,8,0.75,1,0.86
SUP_EXT_0129,Superalloys,single,3,11,9,4,2,13,0.69,0.82,0.75
SUP_EXT_0130,Superalloys,multi,3,27,27,0,0,27,1,1,1
SUP_EXT_0131,Superalloys,single,3,8,6,2,2,8,0.75,0.75,0.75
SUP_EXT_0132,Superalloys,single,3,11,9,1,2,10,0.9,0.82,0.86
SUP_EXT_0133,Superalloys,single,3,10,8,1,2,9,0.89,0.8,0.84
SUP_EXT_0134,Superalloys,single,3,11,11,0,0,11,1,1,1
SUP_EXT_0135,Superalloys,single,3,8,7,1,1,8,0.88,0.88,0.88
SUP_EXT_0136,Superalloys,single,3,12,10,1,2,11,0.91,0.83,0.87
SUP_EXT_0137,Superalloys,single,3,8,7,0,1,7,1,0.88,0.94
SUP_EXT_0138,Superalloys,multi,3,21,15,5,6,20,0.75,0.71,0.73
SUP_EXT_0139,Superalloys,single,3,9,8,1,1,9,0.89,0.89,0.89
SUP_EXT_0140,Superalloys,single,3,6,3,2,3,5,0.6,0.5,0.55
SUP_EXT_0141,Superalloys,single,3,11,8,2,3,10,0.8,0.73,0.76
SUP_EXT_0142,Superalloys,multi,3,24,18,6,6,24,0.75,0.75,0.75
SUP_EXT_0143,Superalloys,single,3,12,9,3,3,12,0.75,0.75,0.75
SUP_EXT_0144,Superalloys,single,3,12,9,1,3,10,0.9,0.75,0.82
SUP_EXT_0145,Superalloys,single,3,6,2,2,4,4,0.5,0.33,0.4
SUP_EXT_0146,Superalloys,multi,3,21,18,3,3,21,0.86,0.86,0.86
SUP_EXT_0147,Superalloys,single,3,8,6,2,2,8,0.75,0.75,0.75
SUP_EXT_0148,Superalloys,multi,3,18,15,1,3,16,0.94,0.83,0.88
SUP_EXT_0149,Superalloys,single,3,9,7,2,2,9,0.78,0.78,0.78
SUP_EXT_0150,Superalloys,single,3,8,6,1,2,7,0.86,0.75,0.8
SUP_EXT_0151,Superalloys,single,3,11,7,2,4,9,0.78,0.64,0.7
SUP_EXT_0152,Superalloys,single,3,10,7,2,3,9,0.78,0.7,0.74
SUP_EXT_0153,Superalloys,single,3,8,7,2,1,9,0.78,0.88,0.83
SUP_EXT_0154,Superalloys,single,3,8,7,1,1,8,0.88,0.88,0.88
SUP_EXT_0155,Superalloys,single,3,10,8,2,2,10,0.8,0.8,0.8
SUP_EXT_0156,Superalloys,single,3,10,8,2,2,10,0.8,0.8,0.8
SUP_EXT_0157,Superalloys,single,3,8,7,0,1,7,1,0.88,0.94
SUP_EXT_0158,Superalloys,single,3,10,10,3,0,13,0.77,1,0.87
SUP_EXT_0159,Superalloys,single,3,12,9,4,3,13,0.69,0.75,0.72
SUP_EXT_0160,Superalloys,single,3,11,9,2,2,11,0.82,0.82,0.82
SUP_EXT_0161,Superalloys,single,3,7,5,3,2,8,0.62,0.71,0.66
SUP_EXT_0162,Superalloys,single,3,9,8,0,1,8,1,0.89,0.94
SUP_EXT_0163,Superalloys,single,3,12,11,2,1,13,0.85,0.92,0.88
SUP_EXT_0164,Superalloys,single,3,7,5,1,2,6,0.83,0.71,0.77
SUP_EXT_0165,Superalloys,single,3,11,10,0,1,10,1,0.91,0.95
SUP_EXT_0166,Superalloys,single,3,10,9,3,1,12,0.75,0.9,0.82
SUP_EXT_0167,Superalloys,single,3,11,9,3,2,12,0.75,0.82,0.78
SUP_EXT_0168,Superalloys,single,3,6,5,3,1,8,0.62,0.83,0.71
SUP_EXT_0169,Superalloys,single,3,6,4,1,2,5,0.8,0.67,0.73
SUP_EXT_0170,Superalloys,single,3,6,5,1,1,6,0.83,0.83,0.83
SUP_EXT_0171,Superalloys,single,3,11,10,2,1,12,0.83,0.91,0.87
SUP_EXT_0172,Superalloys,multi,3,24,10,0,14,10,1,0.42,0.59
SUP_EXT_0173,Superalloys,single,3,7,5,1,2,6,0.83,0.71,0.77
SUP_EXT_0174,Superalloys,single,3,12,10,1,2,11,0.91,0.83,0.87
SUP_EXT_0175,Superalloys,single,3,10,10,2,0,12,0.83,1,0.91
SUP_EXT_0176,Superalloys,single,3,6,6,1,0,7,0.86,1,0.92
SUP_EXT_0177,Superalloys,multi,3,20,17,3,3,20,0.85,0.85,0.85
SUP_EXT_0178,Superalloys,single,3,6,5,2,1,7,0.71,0.83,0.77
SUP_EXT_0179,Superalloys,single,3,11,8,1,3,9,0.89,0.73,0.8
SUP_EXT_0180,Superalloys,multi,3,18,15,1,3,16,0.94,0.83,0.88
SUP_EXT_0181,Superalloys,single,3,10,7,1,3,8,0.88,0.7,0.78
SUP_EXT_0182,Superalloys,single,3,11,9,0,2,9,1,0.82,0.9
SUP_EXT_0183,Superalloys,single,3,11,10,2,1,12,0.83,0.91,0.87
SUP_EXT_0184,Superalloys,single,3,6,6,2,0,8,0.75,1,0.86
SUP_EXT_0185,Superalloys,single,3,8,2,2,6,4,0.5,0.25,0.33
SUP_EXT_0186,Superalloys,single,3,13,9,3,4,12,0.75,0.69,0.72
SUP_EXT_0187,Superalloys,single,3,11,9,3,2,12,0.75,0.82,0.78
SUP_EXT_0188,Superalloys,single,3,9,7,3,2,10,0.7,0.78,0.74
SUP_EXT_0189,Superalloys,single,3,5,5,1,0,6,0.83,1,0.91
SUP_EXT_0190,Superalloys,single,3,15,12,3,3,15,0.8,0.8,0.8
SUP_EXT_0191,Superalloys,single,3,7,6,2,1,8,0.75,0.86,0.8
SUP_EXT_0192,Superalloys,single,3,10,9,1,1,10,0.9,0.9,0.9
SUP_EXT_0193,Superalloys,single,3,9,8,2,1,10,0.8,0.89,0.84
SUP_EXT_0194,Superalloys,single,3,12,9,2,3,11,0.82,0.75,0.78
SUP_EXT_0195,Superalloys,single,3,7,5,1,2,6,0.83,0.71,0.77
SUP_EXT_0196,Superalloys,single,3,11,9,2,2,11,0.82,0.82,0.82
SUP_EXT_0197,Superalloys,single,3,10,10,0,0,10,1,1,1
SUP_EXT_0198,Superalloys,single,3,11,9,2,2,11,0.82,0.82,0.82
SUP_EXT_0199,Superalloys,single,3,8,5,4,3,9,0.56,0.62,0.59
SUP_EXT_0200,Superalloys,single,3,8,7,3,1,10,0.7,0.88,0.78
SUP_EXT_0201,Superalloys,multi,3,21,19,4,2,23,0.83,0.9,0.86
SUP_EXT_0202,Superalloys,single,3,9,7,1,2,8,0.88,0.78,0.83
SUP_EXT_0203,Superalloys,single,3,10,8,3,2,11,0.73,0.8,0.76
SUP_EXT_0204,Superalloys,single,3,10,7,1,3,8,0.88,0.7,0.78
SUP_EXT_0205,Superalloys,single,3,8,7,3,1,10,0.7,0.88,0.78
SUP_EXT_0206,Superalloys,single,3,10,7,1,3,8,0.88,0.7,0.78
SUP_EXT_0207,Superalloys,single,3,9,8,1,1,9,0.89,0.89,0.89
SUP_EXT_0208,Superalloys,single,3,12,10,3,2,13,0.77,0.83,0.8
SUP_EXT_0209,Superalloys,single,3,10,8,2,2,10,0.8,0.8,0.8
SUP_EXT_0210,Superalloys,single,3,10,7,0,3,7,1,0.7,0.82
SUP_EXT_0211,Superalloys,single,3,10,10,2,0,12,0.83,1,0.91
SUP_EXT_0212,Superalloys,single,3,8,6,1,2,7,0.86,0.75,0.8
SUP_EXT_0213,Superalloys,single,3,12,10,4,2,14,0.71,0.83,0.77
SUP_EXT_0214,Superalloys,single,3,4,4,1,0,5,0.8,1,0.89
SEM_EXT_0001,Semiconductors,single,3,6,6,1,0,7,0.86,1,0.92
SEM_EXT_0002,Semiconductors,single,3,8,7,3,1,10,0.7,0.88,0.78
SEM_EXT_0003,Semiconductors,single,3,9,9,1,0,10,0.9,1,0.95
SEM_EXT_0004,Semiconductors,single,3,11,9,3,2,12,0.75,0.82,0.78
SEM_EXT_0005,Semiconductors,single,3,10,9,2,1,11,0.82,0.9,0.86
SEM_EXT_0006,Semiconductors,single,3,8,6,3,2,9,0.67,0.75,0.71
SEM_EXT_0007,Semiconductors,single,3,12,9,3,3,12,0.75,0.75,0.75
SEM_EXT_0008,Semiconductors,single,3,9,7,3,2,10,0.7,0.78,0.74
SEM_EXT_0009,Semiconductors,single,3,10,7,2,3,9,0.78,0.7,0.74
SEM_EXT_0010,Semiconductors,single,3,9,7,1,2,8,0.88,0.78,0.83
SEM_EXT_0011,Semiconductors,single,3,12,11,0,1,11,1,0.92,0.96
SEM_EXT_0012,Semiconductors,single,3,7,7,1,0,8,0.88,1,0.94
SEM_EXT_0013,Semiconductors,single,3,12,11,3,1,14,0.79,0.92,0.85
SEM_EXT_0014,Semiconductors,single,3,11,10,5,1,15,0.67,0.91,0.77
SEM_EXT_0015,Semiconductors,single,3,12,9,2,3,11,0.82,0.75,0.78
SEM_EXT_0016,Semiconductors,multi,3,29,23,2,6,25,0.92,0.79,0.85
SEM_EXT_0017,Semiconductors,single,3,8,7,2,1,9,0.78,0.88,0.83
SEM_EXT_0018,Semiconductors,single,3,11,9,2,2,11,0.82,0.82,0.82
SEM_EXT_0019,Semiconductors,single,3,15,12,0,3,12,1,0.8,0.89
SEM_EXT_0020,Semiconductors,single,3,12,8,3,4,11,0.73,0.67,0.7
SEM_EXT_0021,Semiconductors,single,3,8,7,0,1,7,1,0.88,0.94
SEM_EXT_0022,Semiconductors,multi,3,22,17,9,5,26,0.65,0.77,0.7
SEM_EXT_0023,Semiconductors,single,3,13,11,1,2,12,0.92,0.85,0.88
SEM_EXT_0024,Semiconductors,single,3,6,4,1,2,5,0.8,0.67,0.73
SEM_EXT_0025,Semiconductors,single,3,6,6,1,0,7,0.86,1,0.92
SEM_EXT_0026,Semiconductors,single,3,6,4,1,2,5,0.8,0.67,0.73
SEM_EXT_0027,Semiconductors,single,3,10,9,0,1,9,1,0.9,0.95
SEM_EXT_0028,Semiconductors,single,3,10,8,1,2,9,0.89,0.8,0.84
SEM_EXT_0029,Semiconductors,single,3,15,9,4,6,13,0.69,0.6,0.64
SEM_EXT_0030,Semiconductors,multi,3,33,25,7,8,32,0.78,0.76,0.77
SEM_EXT_0031,Semiconductors,single,3,7,5,1,2,6,0.83,0.71,0.77
SEM_EXT_0032,Semiconductors,single,3,9,8,1,1,9,0.89,0.89,0.89
SEM_EXT_0033,Semiconductors,single,3,9,8,3,1,11,0.73,0.89,0.8
SEM_EXT_0034,Semiconductors,single,3,12,11,3,1,14,0.79,0.92,0.85
SEM_EXT_0035,Semiconductors,single,3,12,9,2,3,11,0.82,0.75,0.78
SEM_EXT_0036,Semiconductors,single,3,8,7,1,1,8,0.88,0.88,0.88
SEM_EXT_0037,Semiconductors,single,3,12,11,2,1,13,0.85,0.92,0.88
SEM_EXT_0038,Semiconductors,single,3,12,10,0,2,10,1,0.83,0.91
SEM_EXT_0039,Semiconductors,single,3,9,9,0,0,9,1,1,1
SEM_EXT_0040,Semiconductors,single,3,12,12,1,0,13,0.92,1,0.96
SEM_EXT_0041,Semiconductors,multi,3,36,29,12,7,41,0.71,0.81,0.76
SEM_EXT_0042,Semiconductors,single,3,6,5,1,1,6,0.83,0.83,0.83
SEM_EXT_0043,Semiconductors,single,3,11,11,0,0,11,1,1,1
SEM_EXT_0044,Semiconductors,single,3,12,10,5,2,15,0.67,0.83,0.74
SEM_EXT_0045,Semiconductors,single,3,8,6,2,2,8,0.75,0.75,0.75
SEM_EXT_0046,Semiconductors,multi,3,24,21,2,3,23,0.91,0.88,0.89
SEM_EXT_0047,Semiconductors,single,3,7,4,1,3,5,0.8,0.57,0.67
SEM_EXT_0048,Semiconductors,single,3,8,7,2,1,9,0.78,0.88,0.83
SEM_EXT_0049,Semiconductors,single,3,12,9,3,3,12,0.75,0.75,0.75
SEM_EXT_0050,Semiconductors,single,3,6,5,1,1,6,0.83,0.83,0.83
SEM_EXT_0051,Semiconductors,single,3,11,9,2,2,11,0.82,0.82,0.82
SEM_EXT_0052,Semiconductors,single,3,8,7,1,1,8,0.88,0.88,0.88
SEM_EXT_0053,Semiconductors,single,3,9,8,0,1,8,1,0.89,0.94
SEM_EXT_0054,Semiconductors,multi,3,30,23,10,7,33,0.7,0.77,0.73
SEM_EXT_0055,Semiconductors,multi,3,31,26,5,5,31,0.84,0.84,0.84
SEM_EXT_0056,Semiconductors,single,3,6,5,1,1,6,0.83,0.83,0.83
SEM_EXT_0057,Semiconductors,single,3,10,9,2,1,11,0.82,0.9,0.86
SEM_EXT_0058,Semiconductors,single,3,9,8,1,1,9,0.89,0.89,0.89
SEM_EXT_0059,Semiconductors,single,3,9,9,2,0,11,0.82,1,0.9
SEM_EXT_0060,Semiconductors,single,3,11,10,2,1,12,0.83,0.91,0.87
SEM_EXT_0061,Semiconductors,single,3,12,10,1,2,11,0.91,0.83,0.87
SEM_EXT_0062,Semiconductors,single,3,6,5,1,1,6,0.83,0.83,0.83
SEM_EXT_0063,Semiconductors,single,3,8,7,1,1,8,0.88,0.88,0.88
SEM_EXT_0064,Semiconductors,single,3,7,7,0,0,7,1,1,1
SEM_EXT_0065,Semiconductors,single,3,9,9,1,0,10,0.9,1,0.95
SEM_EXT_0066,Semiconductors,single,3,11,11,0,0,11,1,1,1
SEM_EXT_0067,Semiconductors,single,3,10,10,2,0,12,0.83,1,0.91
SEM_EXT_0068,Semiconductors,single,3,7,6,1,1,7,0.86,0.86,0.86
SEM_EXT_0069,Semiconductors,single,3,8,5,1,3,6,0.83,0.62,0.71
SEM_EXT_0070,Semiconductors,single,3,6,3,2,3,5,0.6,0.5,0.55
SEM_EXT_0071,Semiconductors,single,3,12,11,1,1,12,0.92,0.92,0.92
SEM_EXT_0072,Semiconductors,single,3,10,8,2,2,10,0.8,0.8,0.8
SEM_EXT_0073,Semiconductors,single,3,8,8,3,0,11,0.73,1,0.84
SEM_EXT_0074,Semiconductors,single,3,6,5,1,1,6,0.83,0.83,0.83
SEM_EXT_0075,Semiconductors,single,3,8,8,1,0,9,0.89,1,0.94
SEM_EXT_0076,Semiconductors,single,3,10,8,1,2,9,0.89,0.8,0.84
SEM_EXT_0077,Semiconductors,multi,3,25,23,5,2,28,0.82,0.92,0.87
SEM_EXT_0078,Semiconductors,single,3,9,9,2,0,11,0.82,1,0.9
SEM_EXT_0079,Semiconductors,single,3,10,9,1,1,10,0.9,0.9,0.9
SEM_EXT_0080,Semiconductors,single,3,9,9,2,0,11,0.82,1,0.9
SEM_EXT_0081,Semiconductors,single,3,14,13,3,1,16,0.81,0.93,0.87
SEM_EXT_0082,Semiconductors,multi,3,28,23,6,5,29,0.79,0.82,0.8
SEM_EXT_0083,Semiconductors,single,3,9,7,1,2,8,0.88,0.78,0.83
SEM_EXT_0084,Semiconductors,single,3,6,6,1,0,7,0.86,1,0.92
SEM_EXT_0085,Semiconductors,single,3,11,10,3,1,13,0.77,0.91,0.83
SEM_EXT_0086,Semiconductors,single,3,9,8,2,1,10,0.8,0.89,0.84
SEM_EXT_0087,Semiconductors,single,3,8,6,2,2,8,0.75,0.75,0.75
SEM_EXT_0088,Semiconductors,single,3,11,10,1,1,11,0.91,0.91,0.91
SEM_EXT_0089,Semiconductors,single,3,8,7,1,1,8,0.88,0.88,0.88
SEM_EXT_0090,Semiconductors,single,3,9,7,3,2,10,0.7,0.78,0.74
SEM_EXT_0091,Semiconductors,single,3,12,10,2,2,12,0.83,0.83,0.83
SEM_EXT_0092,Semiconductors,single,3,9,8,2,1,10,0.8,0.89,0.84
SEM_EXT_0093,Semiconductors,single,3,8,8,0,0,8,1,1,1
SEM_EXT_0094,Semiconductors,multi,3,19,15,4,4,19,0.79,0.79,0.79
SEM_EXT_0095,Semiconductors,single,3,10,3,2,7,5,0.6,0.3,0.4
SEM_EXT_0096,Semiconductors,single,3,11,8,1,3,9,0.89,0.73,0.8
SEM_EXT_0097,Semiconductors,multi,3,25,21,5,4,26,0.81,0.84,0.82
SEM_EXT_0098,Semiconductors,single,3,10,8,1,2,9,0.89,0.8,0.84
SEM_EXT_0099,Semiconductors,single,3,11,8,0,3,8,1,0.73,0.84
SEM_EXT_0100,Semiconductors,single,3,13,8,2,5,10,0.8,0.62,0.7
SEM_EXT_0101,Semiconductors,single,3,7,6,1,1,7,0.86,0.86,0.86
SEM_EXT_0102,Semiconductors,single,3,8,6,2,2,8,0.75,0.75,0.75
SEM_EXT_0103,Semiconductors,single,3,8,7,0,1,7,1,0.88,0.94
SEM_EXT_0104,Semiconductors,single,3,7,7,0,0,7,1,1,1
SEM_EXT_0105,Semiconductors,single,3,10,10,2,0,12,0.83,1,0.91
SEM_EXT_0106,Semiconductors,single,3,9,6,2,3,8,0.75,0.67,0.71
SEM_EXT_0107,Semiconductors,single,3,6,5,3,1,8,0.62,0.83,0.71
SEM_EXT_0108,Semiconductors,single,3,12,11,2,1,13,0.85,0.92,0.88
SEM_EXT_0109,Semiconductors,single,3,10,8,1,2,9,0.89,0.8,0.84
SEM_EXT_0110,Semiconductors,single,3,11,11,0,0,11,1,1,1
SEM_EXT_0111,Semiconductors,single,3,12,10,1,2,11,0.91,0.83,0.87
SEM_EXT_0112,Semiconductors,multi,3,28,24,5,4,29,0.83,0.86,0.84
SEM_EXT_0113,Semiconductors,single,3,9,8,2,1,10,0.8,0.89,0.84
SEM_EXT_0114,Semiconductors,single,3,12,10,3,2,13,0.77,0.83,0.8
SEM_EXT_0115,Semiconductors,multi,3,28,26,1,2,27,0.96,0.93,0.94
SEM_EXT_0116,Semiconductors,single,3,11,11,1,0,12,0.92,1,0.96
SEM_EXT_0117,Semiconductors,single,3,10,8,2,2,10,0.8,0.8,0.8
SEM_EXT_0118,Semiconductors,single,3,12,9,4,3,13,0.69,0.75,0.72
SEM_EXT_0119,Semiconductors,single,3,12,11,3,1,14,0.79,0.92,0.85
SEM_EXT_0120,Semiconductors,single,3,11,9,2,2,11,0.82,0.82,0.82
SEM_EXT_0121,Semiconductors,single,3,11,9,1,2,10,0.9,0.82,0.86
SEM_EXT_0122,Semiconductors,single,3,10,8,1,2,9,0.89,0.8,0.84
SEM_EXT_0123,Semiconductors,single,3,6,2,2,4,4,0.5,0.33,0.4
SEM_EXT_0124,Semiconductors,multi,3,26,24,2,2,26,0.92,0.92,0.92
SEM_EXT_0125,Semiconductors,single,3,12,10,4,2,14,0.71,0.83,0.77
SEM_EXT_0126,Semiconductors,single,3,8,6,1,2,7,0.86,0.75,0.8
SEM_EXT_0127,Semiconductors,single,3,4,0,1,4,1,0,0,0
SEM_EXT_0128,Semiconductors,single,3,8,7,1,1,8,0.88,0.88,0.88
SEM_EXT_0129,Semiconductors,single,3,13,11,2,2,13,0.85,0.85,0.85
SEM_EXT_0130,Semiconductors,single,3,12,11,1,1,12,0.92,0.92,0.92
SEM_EXT_0131,Semiconductors,single,3,10,9,2,1,11,0.82,0.9,0.86
SEM_EXT_0132,Semiconductors,single,3,14,12,4,2,16,0.75,0.86,0.8
SEM_EXT_0133,Semiconductors,single,3,8,6,1,2,7,0.86,0.75,0.8
SEM_EXT_0134,Semiconductors,single,3,9,7,2,2,9,0.78,0.78,0.78
SEM_EXT_0135,Semiconductors,single,3,12,10,0,2,10,1,0.83,0.91
SEM_EXT_0136,Semiconductors,multi,3,38,32,4,6,36,0.89,0.84,0.86
SEM_EXT_0137,Semiconductors,single,3,9,7,1,2,8,0.88,0.78,0.83
SEM_EXT_0138,Semiconductors,single,3,7,5,1,2,6,0.83,0.71,0.77
SEM_EXT_0139,Semiconductors,single,3,8,7,3,1,10,0.7,0.88,0.78
SEM_EXT_0140,Semiconductors,single,3,10,10,1,0,11,0.91,1,0.95
SEM_EXT_0141,Semiconductors,multi,3,28,25,10,3,35,0.71,0.89,0.79
SEM_EXT_0142,Semiconductors,single,3,6,5,2,1,7,0.71,0.83,0.77
SEM_EXT_0143,Semiconductors,single,3,9,8,1,1,9,0.89,0.89,0.89
SEM_EXT_0144,Semiconductors,single,3,8,6,1,2,7,0.86,0.75,0.8
SEM_EXT_0145,Semiconductors,single,3,10,9,1,1,10,0.9,0.9,0.9
SEM_EXT_0146,Semiconductors,single,3,11,10,2,1,12,0.83,0.91,0.87
SEM_EXT_0147,Semiconductors,single,3,12,10,3,2,13,0.77,0.83,0.8
SEM_EXT_0148,Semiconductors,single,3,10,10,1,0,11,0.91,1,0.95
SEM_EXT_0149,Semiconductors,single,3,6,5,1,1,6,0.83,0.83,0.83
SEM_EXT_0150,Semiconductors,single,3,11,8,4,3,12,0.67,0.73,0.7
SEM_EXT_0151,Semiconductors,single,3,7,5,1,2,6,0.83,0.71,0.77
SEM_EXT_0152,Semiconductors,single,3,9,8,1,1,9,0.89,0.89,0.89
SEM_EXT_0153,Semiconductors,single,3,11,10,1,1,11,0.91,0.91,0.91
SEM_EXT_0154,Semiconductors,multi,3,23,19,2,4,21,0.9,0.83,0.86
SEM_EXT_0155,Semiconductors,single,3,11,1,2,10,3,0.33,0.09,0.14
SEM_EXT_0156,Semiconductors,single,3,11,10,1,1,11,0.91,0.91,0.91
SEM_EXT_0157,Semiconductors,single,3,9,8,0,1,8,1,0.89,0.94
SEM_EXT_0158,Semiconductors,single,3,6,5,1,1,6,0.83,0.83,0.83
SEM_EXT_0159,Semiconductors,single,3,12,9,2,3,11,0.82,0.75,0.78
SEM_EXT_0160,Semiconductors,single,3,9,8,3,1,11,0.73,0.89,0.8
SEM_EXT_0161,Semiconductors,single,3,12,11,3,1,14,0.79,0.92,0.85
SEM_EXT_0162,Semiconductors,multi,3,32,27,9,5,36,0.75,0.84,0.79
SEM_EXT_0163,Semiconductors,single,3,7,7,1,0,8,0.88,1,0.94
SEM_EXT_0164,Semiconductors,single,3,7,7,1,0,8,0.88,1,0.94
SEM_EXT_0165,Semiconductors,single,3,6,4,1,2,5,0.8,0.67,0.73
SEM_EXT_0166,Semiconductors,single,3,10,8,4,2,12,0.67,0.8,0.73
SEM_EXT_0167,Semiconductors,single,3,7,7,1,0,8,0.88,1,0.94
SEM_EXT_0168,Semiconductors,single,3,12,9,2,3,11,0.82,0.75,0.78
SEM_EXT_0169,Semiconductors,single,3,11,8,5,3,13,0.62,0.73,0.67
SEM_EXT_0170,Semiconductors,single,3,6,5,1,1,6,0.83,0.83,0.83
SEM_EXT_0171,Semiconductors,single,3,8,6,3,2,9,0.67,0.75,0.71
SEM_EXT_0172,Semiconductors,single,3,12,10,3,2,13,0.77,0.83,0.8
SEM_EXT_0173,Semiconductors,single,3,6,5,1,1,6,0.83,0.83,0.83
SEM_EXT_0174,Semiconductors,multi,3,24,21,1,3,22,0.95,0.88,0.91
SEM_EXT_0175,Semiconductors,single,3,8,5,2,3,7,0.71,0.62,0.66
SEM_EXT_0176,Semiconductors,single,3,8,7,0,1,7,1,0.88,0.94
SEM_EXT_0177,Semiconductors,multi,3,36,27,8,9,35,0.77,0.75,0.76
SEM_EXT_0178,Semiconductors,single,3,12,10,3,2,13,0.77,0.83,0.8
SEM_EXT_0179,Semiconductors,single,3,9,6,3,3,9,0.67,0.67,0.67
SEM_EXT_0180,Semiconductors,single,3,11,10,2,1,12,0.83,0.91,0.87
SEM_EXT_0181,Semiconductors,single,3,10,8,1,2,9,0.89,0.8,0.84
SEM_EXT_0182,Semiconductors,multi,3,25,22,3,3,25,0.88,0.88,0.88
SEM_EXT_0183,Semiconductors,single,3,15,12,2,3,14,0.86,0.8,0.83
SEM_EXT_0184,Semiconductors,multi,3,20,5,1,15,6,0.83,0.25,0.38
SEM_EXT_0185,Semiconductors,single,3,6,5,1,1,6,0.83,0.83,0.83
SEM_EXT_0186,Semiconductors,single,3,8,8,0,0,8,1,1,1
SEM_EXT_0187,Semiconductors,single,3,7,6,1,1,7,0.86,0.86,0.86
SEM_EXT_0188,Semiconductors,single,3,7,7,0,0,7,1,1,1
SEM_EXT_0189,Semiconductors,single,3,6,6,1,0,7,0.86,1,0.92
SEM_EXT_0190,Semiconductors,single,3,7,6,1,1,7,0.86,0.86,0.86
SEM_EXT_0191,Semiconductors,single,3,6,4,1,2,5,0.8,0.67,0.73
SEM_EXT_0192,Semiconductors,single,3,15,14,0,1,14,1,0.93,0.96
SEM_EXT_0193,Semiconductors,single,3,10,8,1,2,9,0.89,0.8,0.84
SEM_EXT_0194,Semiconductors,single,3,6,6,1,0,7,0.86,1,0.92
SEM_EXT_0195,Semiconductors,single,3,10,8,1,2,9,0.89,0.8,0.84
SEM_EXT_0196,Semiconductors,single,3,11,9,3,2,12,0.75,0.82,0.78
SEM_EXT_0197,Semiconductors,single,3,8,7,0,1,7,1,0.88,0.94
SEM_EXT_0198,Semiconductors,single,3,6,4,1,2,5,0.8,0.67,0.73
BAT_EXT_0001,Batteries,single,3,8,7,2,1,9,0.78,0.88,0.83
BAT_EXT_0002,Batteries,single,3,11,9,3,2,12,0.75,0.82,0.78
BAT_EXT_0003,Batteries,single,3,12,10,5,2,15,0.67,0.83,0.74
BAT_EXT_0004,Batteries,single,3,10,9,3,1,12,0.75,0.9,0.82
BAT_EXT_0005,Batteries,single,3,6,6,0,0,6,1,1,1
BAT_EXT_0006,Batteries,single,3,6,5,1,1,6,0.83,0.83,0.83
BAT_EXT_0007,Batteries,single,3,12,11,3,1,14,0.79,0.92,0.85
BAT_EXT_0008,Batteries,single,3,12,10,3,2,13,0.77,0.83,0.8
BAT_EXT_0009,Batteries,single,3,7,6,1,1,7,0.86,0.86,0.86
BAT_EXT_0010,Batteries,single,3,9,8,0,1,8,1,0.89,0.94
BAT_EXT_0011,Batteries,single,3,10,8,1,2,9,0.89,0.8,0.84
BAT_EXT_0012,Batteries,single,3,6,4,2,2,6,0.67,0.67,0.67
BAT_EXT_0013,Batteries,single,3,8,7,2,1,9,0.78,0.88,0.83
BAT_EXT_0014,Batteries,single,3,9,7,2,2,9,0.78,0.78,0.78
BAT_EXT_0015,Batteries,single,3,6,6,1,0,7,0.86,1,0.92
BAT_EXT_0016,Batteries,multi,3,18,13,3,5,16,0.81,0.72,0.76
BAT_EXT_0017,Batteries,single,3,9,9,0,0,9,1,1,1
BAT_EXT_0018,Batteries,single,3,11,9,4,2,13,0.69,0.82,0.75
BAT_EXT_0019,Batteries,multi,3,22,19,6,3,25,0.76,0.86,0.81
BAT_EXT_0020,Batteries,single,3,12,11,2,1,13,0.85,0.92,0.88
BAT_EXT_0021,Batteries,single,3,8,6,1,2,7,0.86,0.75,0.8
BAT_EXT_0022,Batteries,single,3,12,11,3,1,14,0.79,0.92,0.85
BAT_EXT_0023,Batteries,single,3,9,8,1,1,9,0.89,0.89,0.89
BAT_EXT_0024,Batteries,single,3,6,6,2,0,8,0.75,1,0.86
BAT_EXT_0025,Batteries,single,3,13,11,5,2,16,0.69,0.85,0.76
BAT_EXT_0026,Batteries,single,3,11,10,1,1,11,0.91,0.91,0.91
BAT_EXT_0027,Batteries,single,3,11,10,3,1,13,0.77,0.91,0.83
BAT_EXT_0028,Batteries,single,3,11,10,0,1,10,1,0.91,0.95
BAT_EXT_0029,Batteries,single,3,9,8,1,1,9,0.89,0.89,0.89
BAT_EXT_0030,Batteries,single,3,7,5,1,2,6,0.83,0.71,0.77
BAT_EXT_0031,Batteries,single,3,7,6,1,1,7,0.86,0.86,0.86
BAT_EXT_0032,Batteries,single,3,12,12,1,0,13,0.92,1,0.96
BAT_EXT_0033,Batteries,single,3,6,5,1,1,6,0.83,0.83,0.83
BAT_EXT_0034,Batteries,single,3,6,6,1,0,7,0.86,1,0.92
BAT_EXT_0035,Batteries,single,3,12,10,2,2,12,0.83,0.83,0.83
BAT_EXT_0036,Batteries,single,3,7,4,1,3,5,0.8,0.57,0.67
BAT_EXT_0037,Batteries,single,3,8,6,2,2,8,0.75,0.75,0.75
BAT_EXT_0038,Batteries,single,3,12,12,4,0,16,0.75,1,0.86
BAT_EXT_0039,Batteries,single,3,12,10,2,2,12,0.83,0.83,0.83
BAT_EXT_0040,Batteries,single,3,6,6,2,0,8,0.75,1,0.86
BAT_EXT_0041,Batteries,single,3,6,4,2,2,6,0.67,0.67,0.67
BAT_EXT_0042,Batteries,single,3,11,10,0,1,10,1,0.91,0.95
BAT_EXT_0043,Batteries,single,3,10,9,0,1,9,1,0.9,0.95
BAT_EXT_0044,Batteries,single,3,10,9,0,1,9,1,0.9,0.95
BAT_EXT_0045,Batteries,single,3,8,7,1,1,8,0.88,0.88,0.88
BAT_EXT_0046,Batteries,single,3,11,9,3,2,12,0.75,0.82,0.78
BAT_EXT_0047,Batteries,single,3,10,8,2,2,10,0.8,0.8,0.8
BAT_EXT_0048,Batteries,multi,3,21,16,1,5,17,0.94,0.76,0.84
BAT_EXT_0049,Batteries,single,3,12,11,2,1,13,0.85,0.92,0.88
BAT_EXT_0050,Batteries,multi,3,33,27,2,6,29,0.93,0.82,0.87
BAT_EXT_0051,Batteries,single,3,13,10,2,3,12,0.83,0.77,0.8
BAT_EXT_0052,Batteries,single,3,11,11,3,0,14,0.79,1,0.88
BAT_EXT_0053,Batteries,single,3,4,4,1,0,5,0.8,1,0.89
BAT_EXT_0054,Batteries,multi,3,25,21,9,4,30,0.7,0.84,0.76
BAT_EXT_0055,Batteries,single,3,8,6,1,2,7,0.86,0.75,0.8
BAT_EXT_0056,Batteries,single,3,9,8,1,1,9,0.89,0.89,0.89
BAT_EXT_0057,Batteries,multi,3,22,19,3,3,22,0.86,0.86,0.86
BAT_EXT_0058,Batteries,single,3,9,8,3,1,11,0.73,0.89,0.8
BAT_EXT_0059,Batteries,single,3,11,9,3,2,12,0.75,0.82,0.78
BAT_EXT_0060,Batteries,single,3,6,5,1,1,6,0.83,0.83,0.83
BAT_EXT_0061,Batteries,single,3,12,11,1,1,12,0.92,0.92,0.92
BAT_EXT_0062,Batteries,multi,3,27,3,2,24,5,0.6,0.11,0.19
BAT_EXT_0063,Batteries,single,3,8,7,1,1,8,0.88,0.88,0.88
BAT_EXT_0064,Batteries,single,3,6,5,1,1,6,0.83,0.83,0.83
BAT_EXT_0065,Batteries,single,3,10,8,2,2,10,0.8,0.8,0.8
BAT_EXT_0066,Batteries,single,3,8,8,0,0,8,1,1,1
BAT_EXT_0067,Batteries,single,3,10,8,1,2,9,0.89,0.8,0.84
BAT_EXT_0068,Batteries,single,3,9,7,1,2,8,0.88,0.78,0.83
BAT_EXT_0069,Batteries,single,3,10,9,2,1,11,0.82,0.9,0.86
BAT_EXT_0070,Batteries,single,3,10,9,0,1,9,1,0.9,0.95
BAT_EXT_0071,Batteries,single,3,12,11,0,1,11,1,0.92,0.96
BAT_EXT_0072,Batteries,single,3,12,9,1,3,10,0.9,0.75,0.82
BAT_EXT_0073,Batteries,single,3,7,6,2,1,8,0.75,0.86,0.8
BAT_EXT_0074,Batteries,single,3,13,12,2,1,14,0.86,0.92,0.89
BAT_EXT_0075,Batteries,single,3,6,6,1,0,7,0.86,1,0.92
BAT_EXT_0076,Batteries,single,3,8,6,3,2,9,0.67,0.75,0.71
BAT_EXT_0077,Batteries,single,3,11,9,1,2,10,0.9,0.82,0.86
BAT_EXT_0078,Batteries,single,3,8,7,3,1,10,0.7,0.88,0.78
BAT_EXT_0079,Batteries,single,3,9,7,1,2,8,0.88,0.78,0.83
BAT_EXT_0080,Batteries,single,3,8,7,1,1,8,0.88,0.88,0.88
BAT_EXT_0081,Batteries,single,3,6,5,1,1,6,0.83,0.83,0.83
BAT_EXT_0082,Batteries,single,3,6,5,1,1,6,0.83,0.83,0.83
BAT_EXT_0083,Batteries,single,3,9,8,0,1,8,1,0.89,0.94
BAT_EXT_0084,Batteries,single,3,8,8,0,0,8,1,1,1
BAT_EXT_0085,Batteries,single,3,8,7,0,1,7,1,0.88,0.94
BAT_EXT_0086,Batteries,multi,3,18,15,5,3,20,0.75,0.83,0.79
BAT_EXT_0087,Batteries,single,3,9,7,2,2,9,0.78,0.78,0.78
BAT_EXT_0088,Batteries,single,3,7,2,2,5,4,0.5,0.29,0.37
BAT_EXT_0089,Batteries,single,3,10,8,3,2,11,0.73,0.8,0.76
BAT_EXT_0090,Batteries,single,3,12,11,5,1,16,0.69,0.92,0.79
BAT_EXT_0091,Batteries,single,3,7,7,1,0,8,0.88,1,0.94
BAT_EXT_0092,Batteries,single,3,9,8,1,1,9,0.89,0.89,0.89
BAT_EXT_0093,Batteries,single,3,12,12,0,0,12,1,1,1
BAT_EXT_0094,Batteries,single,3,7,5,1,2,6,0.83,0.71,0.77
BAT_EXT_0095,Batteries,single,3,9,6,4,3,10,0.6,0.67,0.63
BAT_EXT_0096,Batteries,single,3,8,8,0,0,8,1,1,1
BAT_EXT_0097,Batteries,multi,3,21,15,3,6,18,0.83,0.71,0.77
BAT_EXT_0098,Batteries,single,3,7,5,1,2,6,0.83,0.71,0.77
BAT_EXT_0099,Batteries,single,3,9,8,1,1,9,0.89,0.89,0.89
BAT_EXT_0100,Batteries,multi,3,24,24,4,0,28,0.86,1,0.92
BAT_EXT_0101,Batteries,single,3,12,12,1,0,13,0.92,1,0.96
BAT_EXT_0102,Batteries,single,3,9,8,2,1,10,0.8,0.89,0.84
BAT_EXT_0103,Batteries,single,3,7,6,1,1,7,0.86,0.86,0.86
BAT_EXT_0104,Batteries,single,3,7,5,1,2,6,0.83,0.71,0.77
BAT_EXT_0105,Batteries,single,3,6,4,1,2,5,0.8,0.67,0.73
BAT_EXT_0106,Batteries,single,3,10,7,1,3,8,0.88,0.7,0.78
BAT_EXT_0107,Batteries,multi,3,20,18,4,2,22,0.82,0.9,0.86
BAT_EXT_0108,Batteries,single,3,12,10,2,2,12,0.83,0.83,0.83
BAT_EXT_0109,Batteries,single,3,8,7,2,1,9,0.78,0.88,0.83
BAT_EXT_0110,Batteries,multi,3,25,22,6,3,28,0.79,0.88,0.83
BAT_EXT_0111,Batteries,single,3,10,7,3,3,10,0.7,0.7,0.7
BAT_EXT_0112,Batteries,single,3,9,7,2,2,9,0.78,0.78,0.78
BAT_EXT_0113,Batteries,single,3,8,7,0,1,7,1,0.88,0.94
BAT_EXT_0114,Batteries,single,3,9,8,2,1,10,0.8,0.89,0.84
BAT_EXT_0115,Batteries,single,3,10,8,2,2,10,0.8,0.8,0.8
BAT_EXT_0116,Batteries,single,3,10,9,2,1,11,0.82,0.9,0.86
BAT_EXT_0117,Batteries,multi,3,24,18,6,6,24,0.75,0.75,0.75
BAT_EXT_0118,Batteries,single,3,11,10,1,1,11,0.91,0.91,0.91
BAT_EXT_0119,Batteries,single,3,12,11,1,1,12,0.92,0.92,0.92
BAT_EXT_0120,Batteries,multi,3,22,20,2,2,22,0.91,0.91,0.91
BAT_EXT_0121,Batteries,single,3,8,8,3,0,11,0.73,1,0.84
BAT_EXT_0122,Batteries,single,3,9,8,1,1,9,0.89,0.89,0.89
BAT_EXT_0123,Batteries,single,3,6,5,2,1,7,0.71,0.83,0.77
BAT_EXT_0124,Batteries,single,3,11,9,2,2,11,0.82,0.82,0.82
BAT_EXT_0125,Batteries,single,3,9,8,1,1,9,0.89,0.89,0.89
BAT_EXT_0126,Batteries,single,3,6,5,1,1,6,0.83,0.83,0.83
BAT_EXT_0127,Batteries,single,3,9,0,2,9,2,0,0,0
BAT_EXT_0128,Batteries,multi,3,32,24,7,8,31,0.77,0.75,0.76
BAT_EXT_0129,Batteries,multi,3,28,23,7,5,30,0.77,0.82,0.79
BAT_EXT_0130,Batteries,single,3,12,9,3,3,12,0.75,0.75,0.75
BAT_EXT_0131,Batteries,single,3,9,7,2,2,9,0.78,0.78,0.78
BAT_EXT_0132,Batteries,single,3,9,7,1,2,8,0.88,0.78,0.83
BAT_EXT_0133,Batteries,single,3,4,4,1,0,5,0.8,1,0.89
BAT_EXT_0134,Batteries,single,3,7,7,0,0,7,1,1,1
BAT_EXT_0135,Batteries,single,3,8,8,1,0,9,0.89,1,0.94
BAT_EXT_0136,Batteries,single,3,7,6,1,1,7,0.86,0.86,0.86
BAT_EXT_0137,Batteries,single,3,6,5,3,1,8,0.62,0.83,0.71
BAT_EXT_0138,Batteries,multi,3,24,20,3,4,23,0.87,0.83,0.85
BAT_EXT_0139,Batteries,single,3,9,8,2,1,10,0.8,0.89,0.84
BAT_EXT_0140,Batteries,single,3,9,7,3,2,10,0.7,0.78,0.74
BAT_EXT_0141,Batteries,single,3,14,11,5,3,16,0.69,0.79,0.74
BAT_EXT_0142,Batteries,single,3,8,7,2,1,9,0.78,0.88,0.83
BAT_EXT_0143,Batteries,single,3,9,6,3,3,9,0.67,0.67,0.67
BAT_EXT_0144,Batteries,single,3,6,6,1,0,7,0.86,1,0.92
BAT_EXT_0145,Batteries,single,3,6,6,1,0,7,0.86,1,0.92
BAT_EXT_0146,Batteries,single,3,11,8,3,3,11,0.73,0.73,0.73
BAT_EXT_0147,Batteries,single,3,6,5,2,1,7,0.71,0.83,0.77
BAT_EXT_0148,Batteries,single,3,7,5,2,2,7,0.71,0.71,0.71
BAT_EXT_0149,Batteries,single,3,7,6,1,1,7,0.86,0.86,0.86
BAT_EXT_0150,Batteries,single,3,12,10,3,2,13,0.77,0.83,0.8
BAT_EXT_0151,Batteries,single,3,4,0,0,4,0,0,0,0
BAT_EXT_0152,Batteries,single,3,12,8,0,4,8,1,0.67,0.8
BAT_EXT_0153,Batteries,single,3,6,2,2,4,4,0.5,0.33,0.4
BAT_EXT_0154,Batteries,single,3,6,6,2,0,8,0.75,1,0.86
BAT_EXT_0155,Batteries,single,3,11,11,1,0,12,0.92,1,0.96
BAT_EXT_0156,Batteries,single,3,6,5,1,1,6,0.83,0.83,0.83
BAT_EXT_0157,Batteries,multi,3,24,18,6,6,24,0.75,0.75,0.75
BAT_EXT_0158,Batteries,single,3,7,7,0,0,7,1,1,1
BAT_EXT_0159,Batteries,single,3,11,9,3,2,12,0.75,0.82,0.78
BAT_EXT_0160,Batteries,single,3,8,8,1,0,9,0.89,1,0.94
BAT_EXT_0161,Batteries,single,3,10,8,4,2,12,0.67,0.8,0.73
BAT_EXT_0162,Batteries,single,3,8,6,3,2,9,0.67,0.75,0.71
BAT_EXT_0163,Batteries,multi,3,23,19,6,4,25,0.76,0.83,0.79
BAT_EXT_0164,Batteries,single,3,11,9,3,2,12,0.75,0.82,0.78
BAT_EXT_0165,Batteries,single,3,8,7,2,1,9,0.78,0.88,0.83
BAT_EXT_0166,Batteries,single,3,12,12,2,0,14,0.86,1,0.92
BAT_EXT_0167,Batteries,single,3,9,6,2,3,8,0.75,0.67,0.71
BAT_EXT_0168,Batteries,single,3,6,4,1,2,5,0.8,0.67,0.73
BAT_EXT_0169,Batteries,multi,3,25,21,5,4,26,0.81,0.84,0.82
BAT_EXT_0170,Batteries,single,3,6,0,0,6,0,0,0,0
BAT_EXT_0171,Batteries,single,3,10,7,2,3,9,0.78,0.7,0.74
BAT_EXT_0172,Batteries,multi,3,26,19,4,7,23,0.83,0.73,0.78
BAT_EXT_0173,Batteries,single,3,9,8,2,1,10,0.8,0.89,0.84
BAT_EXT_0174,Batteries,single,3,11,11,0,0,11,1,1,1
BAT_EXT_0175,Batteries,single,3,8,7,1,1,8,0.88,0.88,0.88
BAT_EXT_0176,Batteries,single,3,12,11,3,1,14,0.79,0.92,0.85
BAT_EXT_0177,Batteries,single,3,12,9,3,3,12,0.75,0.75,0.75
BAT_EXT_0178,Batteries,single,3,6,6,0,0,6,1,1,1
BAT_EXT_0179,Batteries,single,3,11,10,0,1,10,1,0.91,0.95
BAT_EXT_0180,Batteries,single,3,12,12,2,0,14,0.86,1,0.92
BAT_EXT_0181,Batteries,multi,3,22,19,9,3,28,0.68,0.86,0.76
BAT_EXT_0182,Batteries,single,3,10,8,3,2,11,0.73,0.8,0.76
BAT_EXT_0183,Batteries,single,3,9,8,1,1,9,0.89,0.89,0.89
BAT_EXT_0184,Batteries,single,3,7,5,1,2,6,0.83,0.71,0.77
BAT_EXT_0185,Batteries,single,3,10,9,1,1,10,0.9,0.9,0.9
BAT_EXT_0186,Batteries,single,3,11,9,1,2,10,0.9,0.82,0.86
BAT_EXT_0187,Batteries,single,3,12,9,2,3,11,0.82,0.75,0.78
BAT_EXT_0188,Batteries,single,3,7,5,1,2,6,0.83,0.71,0.77
BAT_EXT_0189,Batteries,single,3,8,7,0,1,7,1,0.88,0.94
BAT_EXT_0190,Batteries,single,3,8,6,4,2,10,0.6,0.75,0.67
BAT_EXT_0191,Batteries,single,3,12,9,2,3,11,0.82,0.75,0.78
BAT_EXT_0192,Batteries,single,3,12,11,2,1,13,0.85,0.92,0.88
BAT_EXT_0193,Batteries,single,3,11,10,3,1,13,0.77,0.91,0.83
BAT_EXT_0194,Batteries,single,3,6,5,1,1,6,0.83,0.83,0.83
BAT_EXT_0195,Batteries,single,3,10,9,1,1,10,0.9,0.9,0.9
BAT_EXT_0196,Batteries,single,3,11,9,0,2,9,1,0.82,0.9
BAT_EXT_0197,Batteries,single,3,9,9,1,0,10,0.9,1,0.95
BAT_EXT_0198,Batteries,multi,3,19,14,6,5,20,0.7,0.74,0.72
BAT_EXT_0199,Batteries,single,3,11,8,4,3,12,0.67,0.73,0.7
BAT_EXT_0200,Batteries,single,3,7,6,2,1,8,0.75,0.86,0.8
BAT_EXT_0201,Batteries,single,3,10,8,3,2,11,0.73,0.8,0.76
BAT_EXT_0202,Batteries,single,3,8,7,2,1,9,0.78,0.88,0.83
BAT_EXT_0203,Batteries,single,3,12,11,3,1,14,0.79,0.92,0.85
BAT_EXT_0204,Batteries,single,3,12,11,2,1,13,0.85,0.92,0.88
BAT_EXT_0205,Batteries,single,3,6,5,2,1,7,0.71,0.83,0.77
BAT_EXT_0206,Batteries,single,3,8,6,1,2,7,0.86,0.75,0.8
